creator;data de nascimento;data de morte;country of citizenship;educated at;lat_educated_at;lon_educated_at;place of birth;place of death;sex or gender;fonte_educated_at;confianca_educated_at;observacoes_pesquisa;fonte_place_of_birth;confianca_place_of_birth;acervo;confianca_preenchimento;lat_birth;lon_birth;score_birth;lat_death;lon_death;score_death;fonte_place_of_death;observacoes_place_of_death;confianca_place_of_death;fonte_data_de_nascimento;fonte_data_de_morte;observacoes_datas_biograficas;confianca_datas_biograficas
Jordão de Oliveira;1900;1980;Brazil;early drawing studies with Quintino Marques > Escola Nacional de Belas Artes;-10.9093538 > -22.8625055;-37.0743967 > -43.2256622;Aracaju;Rio de Janeiro;male;https://www.ufrgs.br/acervopbsa/autor_/oliveira-jordao/;high;As fontes abertas disponíveis sustentam os estudos iniciais com Quintino Marques> não localizei nesta rodada fonte aberta robusta para a etapa posterior no Rio.;Wikidata;high;Museu Histórico Nacional;medium;-10.9093538;-37.0743967;100.0;-22.9111111111;-43.2055555556;100.0;https://pge.se.gov.br/artista-do-mes-de-abril-jordao-de-oliveira/;Local de morte refinado de nível de país para cidade com base em fonte biográfica oficial.;high;PGE Sergipe | Arremate Arte > Wikidata;PGE Sergipe | Arremate Arte > Wikidata;datas confirmadas em fontes biográficas convergentes;high
José Vieira Ottoni;;;;;;;;;;;;pesquisa deste lote não localizou fonte auditável suficiente sobre formação;;;;;;;;;;;;Não localizei fonte auditável suficiente sobre local de morte nesta rodada.;;;;"não localizadas datas biográficas em fonte auditável; possível homônimo";
A. Bierry;;;;;;;;;;;;assinatura abreviada> não foi possível desambiguar com segurança;;;Museu da Inconfidência;;;;;;;;;"Assinatura abreviada; identidade não desambiguada com segurança.";;;;"assinatura abreviada; identidade não desambiguada com segurança";
A. Bill Miller;1962;;United States;University of Wisconsin-Milwaukee;43.07503;-87.882915;Cleveland, Ohio, United States;;male;University of Wisconsin-Whitewater / Transfer Gallery;high;;dieFirma / Wikipedia;medium;FILE;;41.5051414;-81.6914575;100.0;;;;;Não localizei fonte auditável suficiente sobre local de morte nesta rodada.;;dieFirma | FILE > Ulan;;nascimento corrigido de 1920 para 1962 com base em biografia consistente;high
A. Correa Costa;;;;;;;;;;;;"assinatura/nome parcial; não foi possível desambiguar com segurança";;;Museu Histórico Nacional;;;;;;;;;"Nome parcial; identidade não desambiguada com segurança.";;;;"autor identificado no acervo; datas biográficas não localizadas em fonte auditável";
A. Tinoco;;;;;;;;;;;;"assinatura/nome parcial; não foi possível desambiguar com segurança";;;Museu Histórico Nacional;;;;;;;;;"Nome parcial; identidade não desambiguada com segurança.";;;;"assinatura abreviada; identidade não desambiguada com segurança";
A.Guedes;;;;;;;;;;;;"The work A Velha Sé de Diamantina is signed “A. Guedes” and dated 1932; the artist's biographical identity could not be disambiguated.";;;Museu do Diamante;;;;;;;;;"Assinatura abreviada; identidade não desambiguada com segurança.";;;;registro localizado em fonte consultada, sem datas biográficas explícitas;
A.L. Crego;;;Spain;self-taught;43.3707332;-8.3958532;A Coruña, Spain;;male;FILE Festival | La Voz de Galicia / entrevista em Tumblr;medium;autodidata> coordenadas atribuídas à cidade biográfica associada (A Coruña/Galícia) como proxy de formação;La Voz de Galicia / ARTEINFORMADO;medium;FILE;low;43.3707332;-8.3958532;100.0;;;;;Não localizei fonte auditável suficiente sobre local de morte nesta rodada.;;;;identificação provável, mas sem datas biográficas explícitas em fonte auditável;
Aaron Bradbury;;;Republic of Abkhazia;;;;;;male;;;metadado de país de origem no FILE inconsistente com a biografia> não preenchido> pesquisa sem fonte robusta para local de nascimento | formação identificada, mas a fonte não nomeia a instituição;;;FILE;medium;;;;;;;;Não localizei fonte auditável suficiente sobre local de morte nesta rodada.;;;;"valor pré-existente de nascimento não confirmado em FILE/MUTEK; campo deixado em branco";
Abe Abraham;1970;;United States;Tisch School of the Arts, New York University;40.73;-73.995;United States;;male;https://currentsnewmedia.org/artist/abe-abraham/;high;FILE explicita “País de Origem: United States”> preenchido em nível de país.;FILE Festival (País de Origem);high;FILE;high;39.398703156;-99.41461919;100.0;;;;;Não localizei fonte auditável suficiente sobre local de morte nesta rodada.;;CURRENTS New Media | Artsy > Ulan;;nascimento corrigido de 1946 para 1970 com base em biografia consistente;high
Abel-Dominique Boyé;1864;1934;France;École des beaux-arts de Bordeaux > École des Beaux-Arts de Paris;44.83111111111111 > 48.853997;-0.5611111111111111 > 2.333500;Marmande;Marmande;male;https://pt.wikipedia.org/wiki/Abel-Dominique_Boy%C3%A9 | https://franco.wiki/fr/Abel-Dominique_Boy%C3%A9.html;medium;;Wikidata;high;MASP;high;44.499151322;0.166416496;100.0;44.5;0.1652777778;100.0;https://pt.wikipedia.org/wiki/Abel-Dominique_Boy%C3%A9 | https://www.wikidata.org/wiki/Q944872;"Morte indicada em Marmande; coordenadas referem-se à comuna.";medium;BnF Autorités > Wikidata > Ulan;BnF Autorités > Wikidata > Ulan;"fonte secundária consultada indica óbito em 1933; mantido 1934 conforme autoridade BnF";high
Abelardo Zaluar;1924;1987;Brazil;Escola Nacional de Belas Artes;-22.8625055;-43.2256622;Niterói, Rio de Janeiro, Brazil;Rio de Janeiro;male;https://enciclopedia.itaucultural.org.br/pessoas/2112-zaluar | https://www.guiadasartes.com.br/abelardo-zaluar/obras-e-biografia;high;;Galeria Ipanema;medium;MAC USP;medium;-22.8898227;-43.1220775;;-22.9111111111;-43.2055555556;100.0;https://enciclopedia.itaucultural.org.br/pessoas/2112-zaluar;Local de morte preenchido a partir de verbete biográfico institucional.;high;Cultura Niterói | Arremate Arte > Ulan;Cultura Niterói | Arremate Arte > Ulan;"Itaú Cultural e MARGS confirmam o intervalo 1924-1987; usada fonte biográfica com datas completas";high
Abraham Brueghel;1631;1690;Spanish Netherlands;training with Jan Brueghel the Younger (father);51.2234;4.4069;Antwerp;Naples;male;https://en.wikipedia.org/wiki/Abraham_Brueghel | https://www.christies.com/en/lot/lot-4836790;medium;Fontes indicam formação com o pai, sem instituição formal nomeada.;Wikidata;high;Museu Nacional de Belas Artes;medium;51.25942418;4.371799938;100.0;40.8358333333;14.2486111111;100.0;https://www.wikidata.org/wiki/Q1824525;"Local de morte mantido; coordenadas ajustadas para a cidade de Naples.";high;Art UK > Wikidata > Ulan;Wikidata > Ulan;"fontes consultadas divergem sobre o ano de morte (c.1690 / 1697); óbito deixado em branco";high
Abraham Naton;1906;1959;Israel;Bucharest Art Academy;44.44366667;26.09016667;Bessarabka, Russia;Israel;male;https://www.beloosesky.com/artists/avraham-naton/biography | https://www.dangallery.co.il/artists/avraham-naton/;low;As fontes consultadas usam a forma Avraham Naton.;https://acervo.mac.usp.br/acervo/index.php/Detail/entities/5771;high;MAC USP;high;;;100.0;;;100.0;https://acervo.mac.usp.br/acervo/index.php/Detail/entities/5771;"Local de morte mantido; coordenadas ajustadas para a cidade de Givatayim.";high;https://acervo.mac.usp.br/acervo/index.php/Detail/entities/5771;https://acervo.mac.usp.br/acervo/index.php/Detail/entities/5771;anos confirmados em fontes institucionais israelenses;high
Abreu;;;;;;;;;;;;identificação incompleta> não foi possível desambiguar com segurança;;;;;;;;;;;;"Identificação incompleta; não desambiguada com segurança.";;;;"sobrenome isolado; identidade não desambiguada";
Achille Funi;1890;1972;Italy;Accademia di Belle Arti di Brera > Art School “Dosso Dossi” >;45.47222222 > 44.83916666666666 >;9.18888889 > 11.6175 >;Ferrara;Appiano Gentile;male;https://it.wikipedia.org/wiki/Achille_Funi;medium;A data da etapa inicial em Ferrara não aparece com precisão no trecho consultado.;Wikidata;high;MAC USP;high;44.8378378;11.6203994;100.0;45.7383333333;8.9797222222;100.0;https://en.wikipedia.org/wiki/Achille_Funi;"Local de morte mantido; coordenadas ajustadas para o comune de Appiano Gentile.";medium;Accademia Nazionale di San Luca > Wikidata > Ulan;Accademia Nazionale di San Luca > Wikidata > Ulan;datas completas confirmadas em fonte institucional;high
Adam Martinakis;1972;;Poland;studied Interior Architecture, Decorative Arts and Industrial Design in Athens;37.98416666666667;23.72805555555556;Lubań, Poland;;male;site oficial do artista;high;;site oficial do artista;high;FILE;;51.119999978;15.289444427;100.0;;;;;Não localizei fonte auditável suficiente sobre local de morte nesta rodada.;;site oficial de Adam Martinakis | FILE > Wikidata;;fonte oficial explicita apenas o ano de nascimento;high
Adam Pizurny;;;Slovakia;;;;Slovakia;;male;;;biografias localizadas neste lote não informam formação;FILE Festival;high;FILE;;48.708702094;19.487749196;100.0;;;;;Não localizei fonte auditável suficiente sobre local de morte nesta rodada.;;;;não localizadas datas biográficas em fonte auditável;
Adam Winkels;;;Canada;;;;Canada;;male;;;biografias localizadas neste lote informam atuação profissional, sem formação explícita;FILE Festival (País de Origem);high;FILE;;60.10867;-113.64258;100.0;;;;;Não localizei fonte auditável suficiente sobre local de morte nesta rodada.;;;;não localizadas datas biográficas em fonte auditável;
Ademar Shimabukuro;1962;;;Pontifícia Universidade Católica de Campinas (PUC-Campinas);-22.8346;-47.0476;Campinas, SP, Brazil;;male;https://www.escavador.com/sobre/1882197/ademar-kazumi-shimabukuro;medium;graduação em arquitetura e urbanismo;MAC USP;high;MAC USP;medium;-22.9073702;-47.0628996;;;;;;Não localizei fonte auditável suficiente sobre local de morte nesta rodada.;;Itaú Cultural;;data de nascimento explicitada em enciclopédia institucional;high
Adir Sodré de Souza;1962;2020;Brazil;Ateliê Livre da Fundação Cultural de Mato Grosso;-20.468611111111;-54.622222222222;Rondonópolis, Mato Grosso, Brazil;Cuiabá;male;https://museudeartesacra.org.br/2021/09/15/adir-sodre/;high;formação em ateliê> escola formal não localizada;Enciclopédia Itaú Cultural;high;MAC USP;high;-16.470833;-54.635556;;-15.5958333333;-56.0969444444;;Prefeitura de Cuiabá;;high;Itaú Cultural > Wikidata;Itaú Cultural > Wikidata;mantidos apenas os anos, confirmados em fonte institucional;high
Adolf Methfessel;1836;1909;Switzerland;apprenticeship as a gardener > first drawing classes in Brussels > studies in garden architecture in Berlin >; > 50.84666666666666 > 52.516666666667 >; > 4.351666666666667 > 13.383333333333 >;Bern;Bern;male;https://www.askart.com/bio/Adolf_Methfessel/11054168/Adolf_Methfessel | https://www.swissinfo.ch/por/cultura/o-artista-su%C3%AD%C3%A7o-que-documentou-a-guerra-da-tr%C3%ADplice-alian%C3%A7a/87475847> https://www.askart.com/bio/Adolf_Methfessel/11054168/Adolf_Methfessel;high;A fonte aberta mais específica informa aulas de desenho em Bruxelas em 1856 e estudos de arquitetura de jardins em Berlim> registrei a aprendizagem inicial de jardineiro como etapa formativa documentada.;Wikidata;high;Museu Paulista;medium;46.948998594;7.437170775;100.0;46.9479805556;7.4474305556;100.0;DSI / Univ. Stuttgart;;high;Schweizerisches Kunstarchiv (SIK-ISEA) > Ulan;Schweizerisches Kunstarchiv (SIK-ISEA) > Ulan;datas completas confirmadas em autoridade suíça;high
Adolfo Matarelli;1832;1887;Kingdom of Italy;;;;Florence, Italy;Cisano Bergamasco;male;;;No academic education or documented training was reliably located for Adolfo Matarelli.;Gonnelli Casa d’Aste;medium;Museu da Inconfidência;medium;43.7696;11.2558;;45.7430555556;9.4708333333;100.0;"Wikipedia it; Italia Turrita";"fonte secundária convergente; sem fonte institucional direta localizada";medium;The Morgan Library & Museum > Wikidata;The Morgan Library & Museum > Wikidata;fonte consultada explicita apenas os anos;high
Adolphe Martial-Potémont;1828;1883;France;École des Beaux-Arts de Paris;48.853997;2.333500;Paris;Paris;male;https://en.wikipedia.org/wiki/Adolphe_Martial_Pot%C3%A9mont;medium;;Wikidata;high;Museu Nacional de Belas Artes;medium;48.856372814;2.352529617;100.0;48.8566666667;2.3522222222;100.0;Musée Léon Dierx;;high;Wikidata;Google Arts & Culture | Wikipédia (fr) > Wikidata;"fontes consultadas divergem sobre o ano de nascimento (1827/1828); nascimento deixado em branco";high
Adrian Dexter;;;United States;European Film College > The Animation Workshop;56.1937 > 56.4561;10.6913 > 9.40611;;;male;https://animafest.hr/en/2022/authors/read/adrian_dexter;high;local de nascimento não localizado com segurança> pesquisa sem fonte robusta para local de nascimento;;;FILE;;;;;;;;;"perfil oficial/FILE recente; sem óbito identificado";;;;não localizadas datas biográficas em fonte auditável;
Adrian Flury;1978;;Switzerland;Lucerne University of Applied Sciences and Arts;47.014;8.306;Zug, Switzerland;;male;https://archive.file.org.br/participantes/adrian-flury/ | https://www.swissfilms.ch/en/person/adrian-flury/3c0eb1779d0746c8b0d3fd7755415d9f;high;;HSLU / videokunst.ch;high;FILE;;47.177534475;8.508559443;100.0;;;;;"perfil recente de artista em atividade; sem óbito identificado";;Google Arts & Culture | FILE;;"ano confirmado por múltiplas fontes; data completa obtida em metadado de obra";medium
Adriano Monteiro;;;Brazil;Universidade Estadual de Campinas (UNICAMP);-22.817222222222;-47.069444444444;Brazil;;male;FILE Festival;high;FILE explicita “País de Origem: Brazil”> preenchido em nível de país.;FILE Festival (País de Origem);high;FILE;high;-10.769946429;-53.073466889;100.0;;;;;"site pessoal recente; sem óbito identificado";;;;não localizadas datas biográficas em fonte auditável;
Adrien Cuvit;;;France;ARIES School of Graphic and Motion Design;48.856667;2.352222;France;;male;FILE Festival;high;;FILE Festival (País de Origem);high;FILE;;46.559417044;2.550539953;100.0;;;;;perfil FILE sem referência de óbito;;;;não localizadas datas biográficas em fonte auditável;
Adrien Henri Vital van Emelen;1868;1943;Belgium;Escola de Belas Artes de Lovaina > studies with Constantin Meunier > advanced training with Auguste Rodin;50.8775 >  >;4.704444 >  >;Leuven;São Paulo;male;https://pt.wikipedia.org/wiki/Adrien_Henri_Vital_van_Emelen;medium;;Wikidata;high;Museu Paulista;high;50.882173608;4.705906182;100.0;-23.5503944444;-46.6339472222;100.0;Biblioteca Nacional / Sophia;"autoridade secundária; local de morte convergente";medium;Google Arts & Culture | Biblioteca Nacional > Wikidata > Ulan;Google Arts & Culture | Biblioteca Nacional > Wikidata > Ulan;datas completas confirmadas em metadado institucional e autoridade;high
Adrián Regnier;1989;;Mexico;"Escuela Nacional de Escultura, Pintura y Grabado ""La Esmeralda"" > Universidad Veracruzana";19.353773 > 19.5293;-99.13589 > -96.9247;Mexico City;;male;site oficial de Adrián Regnier;high;alto;Wikidata;high;;;19.430457906;-99.141684761;100.0;;;;;"biografia oficial recente; sem óbito identificado";;site oficial de Adrián Regnier | Fundación CERGUI;;fonte oficial explicita apenas o ano de nascimento;high
Afro Basaldella;1912;1976;Italy;Liceo Artistico Di Porta Romana E S.F. > Accademia di Belle Arti di Venezia;43.7599 > 45.4286;11.24626 > 12.3305;Udine;Zurich;male;https://en.wikipedia.org/wiki/Afro_Basaldella;medium;formação artística registrada de modo geral> datas aproximadas;Wikidata;high;MAC USP;medium;46.0649418;13.2307247;100.0;47.3744444444;8.5411111111;100.0;Peggy Guggenheim Collection;;high;Wikidata > Ulan;Wikidata > Ulan;;high
Aggie Pak Yee Lee;1989;;Hong Kong;Estonian Academy of Arts;59;26;Hong Kong;;female;Estonian Academy of Arts | FILE Festival;high;;Wikidata;high;FILE;;22.351958323;114.119385987;100.0;;;;;"biografia FILE indica artista nascida em 1989 e atuante; sem óbito identificado";;;;;
Agostinho José da Mota;1824;1878;Brazil;Academia Imperial de Belas Artes > Accademia di San Luca;-22.9071 > 41.90166;-43.1829 > 12.483586;Rio de Janeiro;Rio de Janeiro;male;https://pt.wikipedia.org/wiki/Agostinho_Jos%C3%A9_da_Mota | https://www.brasilianaiconografica.art.br/autores/19862/agostinho-da-motta;medium;datas aproximadas;Wikidata;high;Museu Nacional de Belas Artes;medium;-22.9014475;-43.1789159;100.0;-22.9014475;-43.1789159;100.0;Enciclopédia Itaú Cultural;;high;Wikidata > Ulan;Wikidata > Ulan;;high
Agostino Masucci;1691;1758;Papal States;training with Benedetto Luti and Carlo Maratta;41.893055555556;12.482777777778;Rome;Rome;male;https://en.wikipedia.org/wiki/Agostino_Masucci | https://www.britannica.com/biography/Agostino-Masucci;high;;Wikidata;high;Museu Nacional de Belas Artes;medium;41.8905568;12.4942679;100.0;41.8930555556;12.4827777778;100.0;National Galleries of Scotland;;high;Wikidata > Ulan;Wikidata > Ulan;;high
Agustín Abreu;1980;;Mexico;Universidad Modelo > University of Texas at El Paso > University of Pittsburgh;21.0285 > 31.77 > 40.444565;-89.5678 > -106.505 > -79.953274;Mexico City, Mexico;;male;https://orcid.org/0000-0003-2299-4555;high;identificação alinhada pela formação> fonte indica nascimento em Ciudad de México> metadado de cidadania na planilha diverge;Biblioteca Virtual Sedeculta / Wikipedia;medium;FILE> Museu da Inconfidência;;19.430457906;-99.141684761;;;;;;"ORCID e fontes recentes indicam autor em atividade; sem óbito identificado";;Enciclopedia de la Literatura en México (FLM) — https://www.elem.mx/autor/datos/121872;;"nascimento localizado; sem data de morte em fonte consultada";high
Agustín Salinas Teruel;1861;1915;Spain;Escuelas de Comercio, Artes y Oficios de Madrid > Escuela Superior de Bellas Artes > Academia Española de Roma;40.41694444444445 > 41.893055555556 > 41.9106;-3.703333333333333 > 12.482777777778 > 12.4781;Zaragoza;Rome;male;https://www.epdlp.com/pintor.php?id=8747 | https://pt.wikipedia.org/wiki/Augustin_Salinas_y_Teruel> https://www.epdlp.com/pintor.php?id=8747 | https://galeriandre.com.br/artistas-interna/375/augustin-salinas/;medium;A grafia do creator foi mantida> as fontes também usam Augustin/Agostyn Salinas.;Wikidata;high;Museu Nacional de Belas Artes;high;41.656837;-0.8794245;100.0;41.8930555556;12.4827777778;100.0;"Wikipedia es; Galeria André";"fontes divergentes sobre o ano de morte; local convergente: Roma";medium;Wikidata > Ulan;Wikidata > Ulan;;high
Ahron Giladi;1907;1993;Israel;Leningrad Academy of Art;59.9375;30.29;Gomel, Belarus;;male;https://museum.imj.org.il/artcenter/newsite/en/?artist=Giladi%2C+Aharon;high;;Israel Museum / galeria;high;MAC USP;medium;52.425163;31.015039;;;;;;fonte institucional localizada para trajetória e data, mas local de morte não confirmado com segurança;;Israel Museum, Information Center for Israeli Art — https://museum.imj.org.il/artcenter/newsite/en/?artist=Giladi%2C+Aharon%2C+Israeli%2C+born+Russia%2C+1907-1993;Israel Museum, Information Center for Israeli Art — https://museum.imj.org.il/artcenter/newsite/en/?artist=Giladi%2C+Aharon%2C+Israeli%2C+born+Russia%2C+1907-1993;;high
Aieda Freitas;;;Brazil;Universidade Municipal de São Caetano do Sul;-23.6131956;-46.5712354;Brazil;;female;Lar Galeria | Intercom Sudeste;low;;FILE Festival (País de Origem);high;FILE;;-10.769946429;-53.073466889;100.0;;;;;site oficial e FILE sem referência de óbito;;;;não localizei ano de nascimento em fonte pública consultada;
Ailadi;;;Italy;Politecnico di Milano > ENSCI, Les Ateliers > Köln International School of Design;45.478031 > 48.8584 > 50.948;9.227319 > 2.3693 > 6.956;Italian Alps, Italy;;female;site oficial da artista;high;;Kinomural;medium;FILE;;45.013;6.9418;100.0;;;;;"perfil autoral recente; sem óbito identificado";;;;não localizei ano de nascimento em fonte pública consultada;
Aimée;;;;;;;Argentina;;;;;fonte institucional informa apenas país de nascimento | nome monônimo e fontes abertas insuficientes para desambiguar a trajetória educacional;MAC USP;high;MAC USP;;-38.416097;-63.616672;;;;;;"nome monônimo; identidade não desambiguada com segurança";;;;nome artístico/pseudônimo sem desambiguação segura;
Akihito Ito;1976;;Japan;Nagoya University of Arts;35.256;136.881056;Nagoya, Japan;;male;https://www.isea-symposium-archives.org/person/akihito-ito/ | https://archive.file.org.br/participantes/akihito/;high;;site oficial (akihitoito.com);high;FILE;;35.18142047;136.90668338;100.0;;;;;"artista em atividade em fonte recente; sem óbito identificado";;Site oficial do artista (perfil) — https://www.akihitoito.com/akihitoito_prof.html;;"nascimento localizado; sem data de morte em fonte consultada";high
Alaa Omari;;;Palestine;American University of Sharjah;25.309722;55.490556;Palestine;;;American University of Sharjah;high;;Wikidata;high;FILE;;31.912719787;35.204684057;100.0;;;;;"artista em atividade em fonte recente; sem óbito identificado";;;;não localizei ano de nascimento em fonte pública consultada;
Alan Davie;1920;2014;United Kingdom;Edinburgh College of Art;55.9458;-3.19964;Grangemouth;Hertford;male;https://en.wikipedia.org/wiki/Alan_Davie> https://gulbenkian.pt/cam/artist/alan-davie/;medium;As fontes convergem para Edinburgh College of Art.;Wikidata;high;MAC USP;high;56.019555095;-3.721883769;100.0;51.795;-0.078055556;100.0;"Wikipedia; Hertford Arts Hub";;medium;Ulan;Ulan;;high
Albert Bayona i Fernández;1954;;Spain;School of the Circle of Fine Arts;41.614165;0.625803;Lleida;;male;Wikipedia;medium;;Wikidata;high;FILE;;41.6141646;0.6258029;100.0;;;;;"artista em atividade em fonte recente; sem óbito identificado";;Wikidata;;"sem data de morte; artista em atividade em fontes recentes";high
Albert Eckhout;1600;1666;Dutch Republic;training in painting with Gheert Roeleffs (uncle);;;Groningen;Groningen;male;https://pesquisaescolar.fundaj.gov.br/pt-br/artigo/eckhout-albert/ | https://www.guiadasartes.com.br/albert-van-der-eckhout/principais-obras;high;As fontes recuperadas não nomeiam uma academia formal> a formação aparece como aprendizado com o tio pintor.;Wikidata;high;Coleção Brasiliana Itaú;medium;53.219956308;6.564955801;100.0;53.218888889;6.5675;100.0;Enciclopédia Itaú Cultural;;high;Ulan;Ulan;;high
Albert Gleizes;1881;1953;France;self-taught;48.856372814;2.352529617;Paris;Avignon;male;https://en.wikipedia.org/wiki/Albert_Gleizes;medium;Autodidata> não foi localizada instituição formal de ensino artístico.;Wikidata;high;MAC USP;medium;48.856372814;2.352529617;100.0;43.948611111;4.808333333;100.0;"Britannica; The Met";"fontes divergentes: arquivo trazia Saint-Rémy-de-Provence; Britannica e The Met indicam Avignon";high;Ulan;Ulan;;high
Albert Merino;1979;;Spain;Universitat de Barcelona > Kunsthochschule Berlin-Weißensee;41.386666666667 > 52.5606;2.1638888888889 > 13.4572;Barcelona, Spain;;male;https://albertmerino.com/web/?page_id=4 | https://www.cccb.org/en/w/participants/albert-merino | https://file.org.br/videoarte_2019/albert-merino/;high;;FILE Festival / CCCB;high;FILE;;41.387917;2.1699187;100.0;;;;;"artista em atividade em fonte recente; sem óbito identificado";;;;"sem data de morte; artista em atividade em fonte consultada";
Alberto André Feijó Delpino;1864;1942;Brazil;Academia Imperial de Belas Artes > studies with Georg Grimm;-22.9071 > ;-43.1829 > ;Juiz de Fora, Minas Gerais, Brazil;Belo Horizonte;;https://enciclopedia.itaucultural.org.br/pessoas/6435-alberto-delpino;high;education at the Academia Imperial de Belas Artes and studies with Georg Grimm;https://enciclopedia.itaucultural.org.br/pessoas/6435-alberto-delpino;high;Museu da Inconfidência;low;-21.7609;-43.3500;100.0;-19.928055556;-43.941944444;100.0;Enciclopédia Itaú Cultural;;high;Enciclopédia Itaú Cultural — https://enciclopedia.itaucultural.org.br/pessoas/6435-alberto-delpino;Enciclopédia Itaú Cultural — https://enciclopedia.itaucultural.org.br/pessoas/6435-alberto-delpino;;high
Alberto da Veiga Guignard;1896;1962;Brazil;Akademie der Bildenden Künste München > advanced studies in Florence > advanced studies in Paris;48.153196 > 43.7696 > 48.856386;11.580312 > 11.2558 > 2.352222;Nova Friburgo;Belo Horizonte;male;https://enciclopedia.itaucultural.org.br/pessoas/2130-guignard;high;estudos em Florença localizados, mas sem nome formal da instituição no trecho consultado;Wikidata;high;Museu da Inconfidência;medium;-22.2891837;-42.5345547;100.0;-19.928055556;-43.941944444;100.0;"Enciclopédia Itaú Cultural; Secult MG";;high;Ulan;Ulan;;high
Alberto Lima;;;Portugal;;;;Porto;;male;;;A fonte indica início da pintura incentivado por Carlos Scliar, sem escola formal nomeada. | fonte localizada menciona incentivo de Carlos Scliar, sem formação ou instituição explicitada;Wikidata;high;Museu Paulista;medium;41.1501526;-8.610318;100.0;;;;;data de falecimento localizada, mas local de morte não encontrado com segurança;;;;"homônimo não desambiguado; contexto do CSV (Portugal/Porto) conflita com artista brasileiro mais documentado";
Alberto Magnelli;1888;1971;Italy;self-taught;43.7686976;11.2569291;Florence;Meudon;male;https://en.wikipedia.org/wiki/Alberto_Magnelli;medium;Autodidata> fontes consultadas indicam ausência de formação formal em escola de arte.;Wikidata;high;MAC USP;medium;43.7686976;11.2569291;100.0;48.8075;2.240277778;100.0;Centre Pompidou;;high;Ulan;Ulan;;high
Alberto Salietti;1892;1961;Italy;Accademia di Belle Arti di Brera;45.47222222;9.18888889;Ravenna;Chiavari;male;Wikipedia (it)> Pittori Liguri;medium;;Wikidata;high;MAC USP;medium;44.4157367;12.1965892;100.0;44.316411111;9.323736111;100.0;Wikipedia it;;medium;Wikidata > Ulan;Wikidata > Ulan;;high
Alberto Silva;1850;;;Escola Industrial Infante D. Henrique > Escola Superior de Belas-Artes do Porto;41.15068 > 41.15;-8.63128 > -8.610833;Porto, Portugal;;male;https://sigarra.up.pt/up/pt/p/antigos%20estudantes%20ilustres%20-%20alberto%20silva;high;Mantida identificação cautelosa por se tratar de nome relativamente comum.;"U.Porto; Leiloeira Serralves";high;Museu Histórico Nacional;medium;41.1501526;-8.610318;;;;;;homônimo não desambiguado com segurança;;Ulan;;identificação conflitante: fontes localizadas apontam artista do Porto nascido em 1882, mas o CSV traz 1850;high
Alberto Teixeira;1925;2011;Brazil;Sociedade Nacional de Belas Artes > classes with Samson Flexor > Atelier-Abstração;38.7140 >  > -23.550394444444;-9.1390 >  > -46.633947222222;São João do Estoril, Portugal;Campinas;male;https://enciclopedia.itaucultural.org.br/pessoas/2955-alberto-teixeira | https://www.apap.art.br/associados/338/alberto-teixeira-em-memoria/;high;;APAP;high;MAC USP;high;38.697;-9.361;;-22.900833333;-47.057222222;100.0;"Centro de Memória Unicamp; Enciclopédia Itaú Cultural";;high;;;;
Alcindo Da Conceiçao;;;France;ARIES School of Graphic and Motion Design;48.856667;2.352222;France;;male;FILE Festival;high;FILE explicita “País de Origem: France”> preenchido em nível de país.;FILE Festival (País de Origem);high;FILE;high;46.559417044;2.550539953;100.0;;;;;"artista em atividade em fonte recente; sem óbito identificado";;;;não localizei ano de nascimento em fonte pública consultada;
Aldemir Martins;1922;2006;Brazil;Colégio Militar de Fortaleza > Ateneu São José;-3.7275 > -20.82;-38.5275 > -49.378888888889;Aurora;São Paulo;male;https://pt.wikipedia.org/wiki/Aldemir_Martins;medium;;Wikidata;high;MAC USP;medium;-6.9406;-38.9686;100.0;-23.550394444;-46.633947222;100.0;Assembleia Legislativa do Estado de São Paulo;;high;Wikidata > Ulan;Wikidata > Ulan;;high
Aldo Beck;1919;1999;Brazil;"training with Manoel Francisco de Oliveira (""Maneca Margarida"""""""")""""""";-27.60111111;-48.52;Florianópolis;;male;artigo UDESC> site do artista;high;formação artística informal com o mestre Maneca Margarida> escola/instituição não localizada;Wikidata;high;Museu Victor Meirelles;medium;-27.5969123;-48.5495751;100.0;;;;;ano de morte localizado, mas local de morte não aparece de forma explícita nas fontes consultadas;;;Museu de Arte de Santa Catarina (MASC/FCC-SC) — https://aplicacoes.fcc.sc.gov.br/wpmasc/artista/aldo-beck/;;high
Aldo Bonadei;1906;1974;Brazil;studio of Pedro Alexandrino;-23.550394444444;-46.633947222222;São Paulo;São Paulo;male;https://enciclopedia.itaucultural.org.br/pessoas/2775-bonadei;high;também frequentou o ateliê de Antonio Rocco;Wikidata;high;MAC USP;medium;-23.5486657;-46.6382522;100.0;-23.550394444;-46.633947222;100.0;FAPESP;;high;Wikidata > Ulan;Wikidata > Ulan;;high
Aldo João Nunes;1925;2004;Brazil;studies with Estanislau Traple > studies with Martinho de Haro; > ; > ;Florianópolis, SC, Brazil;;male;https://aplicacoes.fcc.sc.gov.br/wpmasc/artista/aldo-nunes/;high;artistic training with Estanislau Traple and Martinho de Haro;MASC;high;Museu Victor Meirelles;high;-27.5969123;-48.5495751;;;;;;ano de morte localizado, mas local de morte não encontrado com segurança;;Wikidata;Wikidata;;high
Alejandro Casales;1801;1911;Mexico;"Escuela Nacional de Música, Universidad Nacional Autónoma de México > Escuela Nacional de Pintura, Escultura y Grabado ""La Esmeralda""""""""""""""";19.328888888889 > 19.4307;-99.187222222222 > -99.1618;Mexico City, Mexico;Axochiapan;male;FILE Festival;high;;site oficial do artista;high;FILE;;19.430457906;-99.141684761;100.0;18.503055556;-98.751944444;100.0;Wikipedia es;;medium;Wikidata;Wikidata;;high
Alejandro Cicarelli;1808;1879;Chile;Instituto de Bellas Artes de Nápoles > studies in Rome;40.8516 > 41.893055555556;14.2512 > 12.482777777778;Naples;Santiago;male;https://es.wikipedia.org/wiki/Alejandro_Cicarelli;medium;;Wikidata;high;Pinacoteca de São Paulo;medium;40.8399833;14.2525421;100.0;-33.4459946;-70.6670569;100.0;Artistas Visuales Chilenos / MNBA;local de morte validado em fonte institucional chilena;high;Wikidata > Ulan;Wikidata > Ulan;;high
Alejandro Thornton;1970;;Argentina;National School of Fine Arts Prilidiano Pueyrredon;-34.59171466023074;-58.39131357322754;Buenos Aires;;male;https://archive.file.org.br/participantes/alejandro-thornton/ | https://www.wikidata.org/wiki/Q5412111;high;;Wikidata;high;FILE;;-34.6090264;-58.3732215;100.0;;;;;"artista em atividade em fonte recente; sem óbito identificado";;Wikidata;;;high
Aleksander Kobzdej;1920;1972;Poland;Jan Matejko Academy of Fine Arts in Kraków;50.066389;19.941667;Olesko;Warsaw;male;https://en.wikipedia.org/wiki/Aleksander_Kobzdej | https://www.galeriafibak.com.pl/en/artists/kobzdej-aleksander/;medium;datas aproximadas;Wikidata;high;MAC USP;medium;49.9625;24.9006;100.0;52.229827082;21.011731518;100.0;Culture.pl;;high;Wikidata > Ulan;Wikidata > Ulan;;high
Alessandra Plaza Saravia;;;Peru;Pontificia Universidad Católica del Perú > Universität der Künste Berlin (UdK Berlin);-12.06944444444444 > 52.50916666666667;-77.07944444444445 > 13.32694444444444;Lima;;female;PUCP (perfil docente)> Decolonize Modul21;high;;Wikidata;high;FILE;;-12.04318;-77.02824;100.0;;;;;"artista em atividade em fonte recente; sem óbito identificado";;;;"células vazias investigadas; biografias consultadas sem ano explícito de nascimento ou morte";
Alessandro Amaducci;1967;;Italy;Università degli Studi di Torino;45.069444444444;7.6888888888889;Turin, Italy;;male;https://unifind.unito.it/resource/person/3195 | https://italianperformers.it/it/il-team/alessandro-amaducci/;medium;;site oficial / FILE Festival;high;FILE;;45.0683751;7.6830662;100.0;;;;;"artista em atividade em fonte recente; sem óbito identificado";;;;;
Alessandro Massobrio;1974;;Italy;Istituto di Musica G. Verdi di Asti > University of Turin > C.I.B.R.A., University of Pavia;44.9 > 45.0708 > 45.1861;8.2069444444444 > 7.6889 > 9.1566;Turin, Italy;;male;site oficial do artista | Symby;high;;Artribune / Sinewaves;medium;FILE;;45.0683751;7.6830662;100.0;;;;;"artista em atividade em fonte recente; sem óbito identificado";;;;;
Alessandro Varotari;1588;1649;Republic of Venice;training with Dario Varotari the Elder;;;Padua;Venice;male;https://en.wikipedia.org/wiki/Alessandro_Varotari | https://www.britannica.com/biography/Padovanino;high;Também conhecido como Padovanino.;Wikidata;high;Museu Nacional de Belas Artes;medium;45.4095409;11.8765508;100.0;45.434608;12.338913;100.0;Treccani;fontes divergem no ano (1648/1649), mas convergem em Veneza;high;Wikidata > Ulan;Wikidata > Ulan;;high
Alessio De Vecchi;;;Italy;Istituto Europeo di Design;45.44625233345661;9.194896909398269;Milan, Italy;;male;FILE Festival;high;;FILE Festival / WUF Magazine;high;FILE;;45.4636183;9.1881156;100.0;;;;;"artista em atividade em fonte recente; sem óbito identificado";;;;"células vazias investigadas; biografias consultadas sem ano explícito de nascimento ou morte";
Alex Flemming;1954;;Brazil;Fundação Armando Álvares Penteado (FAAP) > Faculdade de Arquitetura e Urbanismo e de Design da USP (FAU-USP) > studies in screen printing and printmaking with Regina Silveira, Julio Plaza and Romildo Paiva > Pratt Institute;-23.5450155 > -23.56012 >  > 40.691111;-46.6630802 > -46.72985 >  > -73.963889;São Paulo;;male;https://alexflemming.com.br/alexflemming/> https://www.ieb.usp.br/alex-flemming/> https://pt.wikipedia.org/wiki/Alex_Flemming;medium;Formação combinou curso livre, passagem universitária e estudos técnicos com artistas-professores.;Wikidata;high;MAC USP;high;-23.5486657;-46.6382522;100.0;;;;;"artista em atividade em fonte recente; sem óbito identificado";;Wikidata > Ulan;;;high
Alex Moy;;;United States;DePaul University;41.923558;-87.653542;United States;;male;FILE Festival;high;;FILE Festival (País de Origem);high;FILE;;39.398703156;-99.41461919;100.0;;;;;"artista em atividade em fonte recente; sem óbito identificado";;;;"células vazias investigadas; biografias consultadas sem ano explícito de nascimento ou morte";
Alexandre Cabanel;1823;1889;France;Montpellier School of Fine Arts > École des Beaux-Arts de Paris > Villa Medici;43.6108 > 48.853997 > 41.9099;3.8767 > 2.333500 > 12.4833;Montpellier;Paris;male;https://en.wikipedia.org/wiki/Alexandre_Cabanel;medium;;Wikidata;high;Museu Nacional de Belas Artes;high;43.598499355;3.896845979;100.0;48.856372814;2.352529617;100.0;Musée d'Orsay;;high;Ulan;Ulan;;high
Alexandre Cruz (Sesper);1973;;Brazil;;;;Santos, São Paulo, Brazil;;male;;;biografias localizadas neste lote não informam formação;Itaú Cultural;high;MAC USP;;-23.9562885;-46.3264601;;;;;;"artista em atividade em fonte recente; sem óbito identificado";;;;;
Alexandre Estebanez;;;United States;;;;United States;;male;;;biografias localizadas neste lote informam atuação profissional, sem formação explícita;FILE Festival (País de Origem);high;FILE;;39.398703156;-99.41461919;100.0;;;;;"artista em atividade em fonte recente; sem óbito identificado";;;;"células vazias investigadas; biografias consultadas sem ano explícito de nascimento ou morte";
Alexandre Mário Parko;;;;academic training in São Paulo;-23.550394444444;-46.633947222222;;;male;https://www.catalogodasartes.com.br/;medium;Dados insuficientes para nomear escola oficial> mantido em formulação prudente.;;;Museu Histórico Nacional;low;;;;;;;;não localizei fonte auditável suficiente sobre local de morte nesta rodada;;;;"células vazias investigadas; autor identificado nas fontes de acervo, mas sem datas biográficas explícitas";
Alexandre Veaux;;;France;Supinfocom Rubika;50.35805555555555;3.523333333333333;France;;male;portfólio oficial do artista> FILE Festival;high;;FILE Festival (País de Origem);high;FILE;high;46.559417044;2.550539953;100.0;;;;;"artista em atividade em fonte recente; sem óbito identificado";;;;"células vazias investigadas; biografias consultadas sem ano explícito de nascimento ou morte";
Alexandre Wollner;1928;2018;Brazil;Instituto de Arte Contemporânea do MASP > Hochschule für Gestaltung Ulm (HfG Ulm);-23.561111 > 48.3806;-46.655833 > 9.95278;São Paulo;São Paulo;male;https://pt.wikipedia.org/wiki/Alexandre_Wollner> https://enciclopedia.itaucultural.org.br/instituicoes/75180-hochschule-fur-gestaltung-ulm-hfg;medium;instituições identificadas> datas não localizadas;Wikidata;high;MAC USP;medium;-23.5486657;-46.6382522;100.0;-23.550394;-46.633947;100.0;Enciclopédia Itaú Cultural;;high;Wikidata > Ulan;Wikidata;;high
Alexis Marie Lahaye;1850;1914;France;studio of Carolus-Duran;48.85666666666667;2.333611111111112;Paris;Nîmes;male;https://fr.wikipedia.org/wiki/Alexis_Marie_Lahaye;medium;A formação recuperada é em ateliê, não em academia formal explicitada na fonte consultada.;Wikidata;high;Museu Nacional de Belas Artes;medium;48.856372814;2.352529617;100.0;43.83665;4.35788;100.0;Wikipedia fr;;medium;Wikidata > Ulan;Wikidata > Ulan;;high
Alfonso Pretelt;1987;;Colombia;Universitat de Barcelona;41.386666666667;2.1638888888889;Bogotá, Colombia;;male;site do artista;high;;Sonic Matter / Intermediaciones;high;FILE;;4.6068824;-74.071837;100.0;;;;;"artista em atividade em fonte recente; sem óbito identificado";;;;;
Alfred Leslie;1927;2023;United States;New York University (NYU) > Art Students League of New York > Pratt Institute;40.729591 > 40.766083333333 > 40.691111;-73.996895 > -73.980861111111 > -73.963889;New York;Brooklyn;male;https://ngabiographies.org/biographies/alfredleslie> https://en.wikipedia.org/wiki/Alfred_Leslie;medium;Datas da Pratt Institute não apareceram com precisão nas fontes revisadas.;Wikidata;high;MAC USP;medium;40.7130466;-74.0072301;100.0;40.692529;-73.990996;100.0;"Janet Borden; ArtDaily";;medium;;;;
Alfred Manessier;1911;1993;France;École des Beaux-Arts de Paris > Amiens Higher School of Art and Design;48.853997 > 49.8950;2.333500 > 2.3023;Saint-Ouen;Orléans;male;https://fr.wikipedia.org/wiki/Alfred_Manessier | https://www.galerie-laurentin.com/en/alfred-manessier-biography;medium;dados recuperados de base auxiliar> datas não localizadas;Wikidata;high;MAC USP;high;49.237305387922;-2.21881450916;100.0;47.902857326;1.909331693;100.0;Museo Nacional Thyssen-Bornemisza;;high;Ulan;Ulan;;high
Alfred Sisley;1839;1899;United Kingdom of Great Britain and Ireland;École des Beaux-Arts de Paris > Atelier de Marc-Charles-Gabriel Gleyre, École des Beaux-Arts;48.853997 > 48.853997;2.333500 > 2.333500;former 4th arrondissement of Paris;Moret-sur-Loing;male;Wikipédia;medium;formação no ateliê de Gleyre;Wikidata;high;Museu Nacional de Belas Artes;medium;48.8561982;2.3556748;88.0;48.3738888889;2.815;86.04;"Tate; Musée d’Orsay";local ajustado de cemitério para cidade do óbito;high;Ulan;Ulan;;high
Alfredo Andersen;1860;1935;Brazil;Academia de Belas-Artes de Cristiânia > Royal Danish Academy of Fine Arts;59.9170 > 55.680277777777775;10.7276 > 12.587222222222222;Kristiansand;Curitiba;male;Wikipédia;medium;identificado como artista;Wikidata;high;MASP;high;58.1446946;7.9982841;100.0;-25.4297222222;-49.2719444444;100.0;"Museu Casa Alfredo Andersen; Itaú Cultural";;high;Wikidata > Ulan;Wikidata > Ulan;;high
Alfredo Ardia;1989;;Italy;Bauhaus-Universität Weimar > Sibelius Academy > Conservatorio Rossini;50.9795 > 60.17166666666667 > 43.9102;11.3291 > 24.9325 > 12.9126;Italy;;male;site oficial do artista;high;;site oficial (alfredoardia.com);high;FILE;;42.83333;12.83333;100.0;;;;;"atividade recente em site autoral/FILE; sem fonte auditável de óbito";;;;;
Alfredo Nicolaievsky;1952;;Brazil;Atelier Livre de Porto Alegre > Universidade Federal do Rio Grande do Sul (UFRGS);-30.032777777778 > -30.033611111111;-51.23 > -51.219166666667;Porto Alegre, Rio Grande do Sul, Brazil;;male;https://pt.wikipedia.org/wiki/Alfredo_Nicolaiewsky;medium;;UFRGS / Wikipédia;medium;MAC USP;medium;-30.027679;-51.2286404;;;;;;"atividade/exposições recentes; sem fonte auditável de óbito";;;;;
Alfredo Norfini;1867;1944;Brazil;Istituto di Belle Arti di Lucca;43.85;10.516666666667;Florence;Rio de Janeiro;male;https://enciclopedia.itaucultural.org.br/pessoas/5415-alfredo-norfini;high;;Wikidata;high;Museu Paulista;medium;43.7686976;11.2569291;100.0;-22.9111111111;-43.2055555556;100.0;"Enciclopédia Itaú Cultural; UFRGS Pinacoteca Barão de Santo Ângelo";;high;Wikidata > Ulan;Wikidata > Ulan;;high
Alfredo Volpi;1896;1988;Brazil;Escola Profissional Masculina do Brás;-23.54504;-46.61634;Lucca;São Paulo;male;https://enciclopedia.itaucultural.org.br/pessoas/512-alfredo-volpi;high;instituição identificada> datas não localizadas;Wikidata;high;MAC USP;medium;43.8430139;10.507994;100.0;-23.5503944444;-46.6339472222;100.0;Enciclopédia Itaú Cultural;;high;Ulan;Ulan;;high
Alia Alharmi;;;United Arab Emirates;New York University Abu Dhabi;24.5239;54.4346;Dubai, United Arab Emirates;;female;FILE Festival (biografia do artista);high;;FILE Festival;high;FILE;;25.2674058;55.2926806;100.0;;;;;"bio recente/atividade profissional; sem fonte auditável de óbito";;;;"células vazias investigadas; biografias consultadas sem ano explícito de nascimento ou morte";
Alice Jaunet;1994;;France;Supinfocom Rubika;50.35805555555555;3.523333333333333;France;;female;FILE Festival;high;FILE explicita “País de Origem: France”> preenchido em nível de país.;FILE Festival (País de Origem);high;FILE;high;46.559417044;2.550539953;100.0;;;;;"atividade recente como artista 3D; sem fonte auditável de óbito";;;;;
Alice Saey;;;France;Haute école des arts du Rhin (HEAR);48.5825;7.7591;Paris, France;;female;https://www.hear.fr/agenda/alice-saey/;high;;La Courneuve / MacDowell;medium;FILE;;48.856372814;2.352529617;100.0;;;;;"site autoral ativo; sem fonte auditável de óbito";;;;"células vazias investigadas; biografias consultadas sem ano explícito de nascimento ou morte";
Aligi Sassu;1912;2000;Italy;Accademia di Belle Arti di Brera > Accademia Libera;45.47222222 > 43.771388888889;9.18888889 > 11.254166666667;Milan;Pollença;male;https://sangiorgioarte.it/en/artisti/sassu-aligi/;high;Fontes de biografia indicam passagem por Brera e, depois, pela Accademia Libera, sem datas exatas nesta passada.;Wikidata;high;MAC USP;medium;45.4636183;9.1881156;100.0;39.8767805556;3.0162611111;100.0;Treccani;;high;Wikidata > Ulan;Wikidata > Ulan;;high
Aliénor Vallet;;;France;studies in humanities and social sciences > training in audiovisual production and video creation for live performance;>;>;Paris, France;;female;https://alienorvallet.jimdofree.com/fr/bio-cv/;high;a fonte informa áreas de estudo e formação, mas não nomeia instituições;site oficial / FILE Festival;high;FILE;medium;48.856372814;2.352529617;100.0;;;;;"agenda recente no site autoral; sem fonte auditável de óbito";;;;"células vazias investigadas; biografias consultadas sem ano explícito de nascimento ou morte";
Alois Di Leo;1982;;Peru;National Film and Television School;51.6054;-0.6374;Lima;;male;https://cinemambiente.media/en/directors/alois-di-leo | https://www.semainedelacritique.com/en/articles/interview-with-the-director-alois-di-leo;medium;;Wikidata;high;FILE;;-12.04318;-77.02824;100.0;;;;;"site autoral em atividade; sem fonte auditável de óbito";;;;;
Alonso Pérez;1857;1930;Spain;;;;Zaragoza;;male;;;As fontes abertas apenas indicam que é 'believed that he received some academic training'> mantida formulação extremamente conservadora.;Wikidata;high;Museu Histórico Nacional;low;41.656837;-0.8794245;100.0;;;;;"fontes secundárias divergentes inclusive sobre ano de morte; local não confirmado";;Musée d’Orsay — catálogo de artista;Musée d’Orsay — catálogo de artista;;high
Aloísio Lucas de Siqueira;1938;;Brazil;self-taught;-7.9829;-38.2898;Serra Talhada, Pernambuco, Brazil;;male;https://hroficinadeartes.blogspot.com/2011/07/pintura-aloisio-lucas-siqueira.html;medium;fonte aberta localizada indica percurso autodidata, sem instituição formal nomeada;Google Arts & Culture;high;MAC USP;low;-7.9829;-38.2898;;;;;;sem fonte auditável suficiente para local de morte;;Google Arts & Culture / Museu de Folclore Edison Carneiro — sobre o criador;;"nascimento localizado; sem data de morte em fonte consultada";medium
Aloísio Magalhães;1927;1982;Brazil;Universidade Federal de Pernambuco (UFPE) > Atelier 17;-8.051733 > 48.83972898207762;-34.950716 > 2.3325339;Recife;Padua;male;https://pt.wikipedia.org/wiki/Alo%C3%ADsio_Magalh%C3%A3es> https://portal.iphan.gov.br/noticias/detalhes/3216;medium;O aperfeiçoamento em design gráfico nos EUA aparece sem instituição específica no trecho consultado.;Wikidata;high;MAC USP;high;-8.0551894;-34.871176;100.0;45.4077777778;11.8733333333;100.0;Fundaj;;high;Wikidata > Ulan;Wikidata > Ulan;;high
Alzira Fragoso;1948;;Brazil;;;;São Carlos, São Paulo, Brazil;;female;;;pesquisa deste lote não localizou fonte auditável suficiente sobre formação;MAC USP;high;MAC USP;;-22.0174;-47.8908;;;;;;"site autoral ativo; sem fonte auditável de óbito";;;;;
Alípio Dutra;1892;1964;Brazil;Escola Complementar de Piracicaba > Académie Julian > Real Academia de Belas Artes de Bruxelas > Escola Nacional de Belas Artes de Paris;-22.729159 > 48.871111 > 50.811667 > 48.853997;-47.644382 > 2.341667 > 4.381111 > 2.333500;Jaú;São Paulo;male;https://pt.wikipedia.org/wiki/Al%C3%ADpio_Dutra | https://enciclopedia.itaucultural.org.br/pessoas/6462-alipio-dutra;medium;A cronologia europeia é particularmente clara nas fontes consultadas.;Wikidata;high;Museu Paulista;high;-22.2962115;-48.5575955;100.0;-23.5503944444;-46.6339472222;100.0;Enciclopédia Itaú Cultural;;high;Wikidata > Ulan;Wikidata > Ulan;;high
Amador de Carvalho Perez;1952;;Brazil;MAM Rio de Janeiro (studies with Aloísio Carvão and outros professores);-22.91375;-43.171805555556;Rio de Janeiro, Brazil;;male;https://museuvictormeirelles.museus.gov.br/exposicoes/temporarias/arquivo/2014-2/scliar-e-perez/ | https://www.catalogodasartes.com.br/artista/Amador%20de%20Carvalho%20Perez%20-%20Amador%20Perez/;high;O canal do artista informa também graduação em Projeto Gráfico pela Escola de Belas Artes> mantido o dado mais seguro no campo principal.;Catálogo das Artes;medium;MAC USP;medium;-22.9014475;-43.1789159;;;;;;"atividade expositiva recente; sem fonte auditável de óbito";;Wikidata;;;high
Amanda Varghese;;;India;American University of Sharjah;25.309722;55.490556;India;;female;FILE Festival;high;;FILE Festival (País de Origem);high;FILE;high;20.593684;78.96288;;;;;;"bio recente de estudante/artista; sem fonte auditável de óbito";;;;"células vazias investigadas; biografias consultadas sem ano explícito de nascimento ou morte";
Amber Xu;;;People's Republic of China;Shanghai University;31.316666666666666;121.38888888888889;China;;female;https://www.altiba9.com/artist-interviews/amber-xu-theodore-roosevelt-presidential-library-digital-collage;medium;;FILE Festival (País de Origem);high;FILE;high;36.567348398;103.930027033;100.0;;;;;"site autoral ativo; sem fonte auditável de óbito";;;;"células vazias investigadas; biografias consultadas sem ano explícito de nascimento ou morte";
Amedeo Modigliani;1884;1920;Kingdom of Italy;Accademia delle Arti del Disegno > studies with Guglielmo Micheli > Accademia di Belle Arti di Firenze;43.776907 >  > 43.776907;11.258475 >  > 11.258475;Livorno;Paris;male;https://en.wikipedia.org/wiki/Amedeo_Modigliani> https://www.britannica.com/biography/Amedeo-Modigliani;high;;Wikidata;high;MAC USP;medium;43.5518876;10.3078411;100.0;48.8566666667;2.3522222222;100.0;Britannica;local normalizado de hospital para cidade do óbito;high;Ulan;Ulan;;high
Americo Sposito;1924;2005;Uruguay;escola italiana de Enzo Kabregú > Círculo de Bellas Artes de Montevideo > Taller Torres García;-34.90591666666667 > -34.90591666666667 > -34.9069;-56.19131111111111 > -56.19131111111111 > -56.2018;Montevideo;Montevideo;male;https://es.wikipedia.org/wiki/Am%C3%A9rico_Sp%C3%B3sito;medium;;Wikidata;high;MAC USP;medium;-34.9055557;-56.1852505;100.0;-34.9058333333;-56.1913888889;100.0;Museo Nacional de Artes Visuales (Uruguai);;high;Wikidata;Wikidata;;high
Amy Karle;1980;;United States;Alfred University > Cornell University;42.255555555556 > 42.44916666666666;-77.787527777778 > -76.48388888888888;New York, United States;;female;https://en.wikipedia.org/wiki/Amy_Karle | https://www.amykarle.com/about/;medium;;Wikipedia / AMEI Magazine;medium;FILE;;40.7130466;-74.0072301;100.0;;;;;"site autoral ativo; sem fonte auditável de óbito";;Wikidata;;;high
Amália Pasqualina Fernandes Filha;1950;;Brazil;Instituto de Artes da Universidade Federal do Rio Grande do Sul (UFRGS);-30.0292;-51.2233;São Paulo, SP, Brazil;;female;https://enciclopedia.itaucultural.org.br/pessoas/14221-amalia-pasqualina-zaccara-fernandes-filha;medium;instituição identificada em fontes sumárias;MAC USP;high;MAC USP;low;-23.5486657;-46.6382522;;;;;;sem fonte auditável suficiente para local de morte;;Enciclopédia Itaú Cultural;;"nascimento localizado; sem data de morte em fonte consultada";medium
Amélia Toledo;1926;2017;Brazil;Universidade de Brasília (UnB) > studio of Anita Malfatti > studies with Yoshiya Takaoka > studies with Waldemar da Costa > Central School of Arts and Crafts;-15.76138888888889 >  >  >  > 51.5353;-47.86638888888889 >  >  >  > -0.1253;São Paulo;São Paulo;female;https://www.ameliatoledo.com/biografia> https://pt.wikipedia.org/wiki/Amelia_Toledo;medium;Parte da formação ocorreu em ateliês> a data da escola em Londres não apareceu com precisão nas fontes vistas.;Wikidata;high;MAC USP;medium;-23.5486657;-46.6382522;100.0;-23.5503944444;-46.6339472222;100.0;Enciclopédia Itaú Cultural;corrigido de Cotia para São Paulo conforme fonte institucional;high;Wikidata > Ulan;Wikidata;;high
Amélie Nilles;;;France;Université Paris 8 Saint-Denis;48.944722222222;2.3633333333333;France;;female;https://tamlab.kunstuni-linz.at/events/lecture-nilles/ | https://kunstuni-stage.pro.cyber.house/studium/studienrichtungen/postdigital-lutherie/aktuelles-rueckblicke/news-detail/guest-lecture-amelie-nilles;high;FILE explicita “País de Origem: France”> preenchido em nível de país.;FILE Festival (País de Origem);high;FILE;high;46.559417044;2.550539953;100.0;;;;;"atividade recente/site autoral ativo; sem fonte auditável de óbito";;;;"células vazias investigadas; biografias consultadas sem ano explícito de nascimento ou morte";
Amílcar de Castro;1920;2002;Brazil;Universidade Federal de Minas Gerais (UFMG) > Faculdade de Direito da Universidade Federal de Minas Gerais > Escola de Belas Artes de Belo Horizonte;-19.8690878 > -19.925667 > -19.8690878;-43.9663841 > -43.936686 > -43.9663841;Paraisópolis;Belo Horizonte;male;Instituto Amílcar de Castro> Enciclopédia Itaú Cultural;high;;Wikidata;high;MAC USP;high;-22.5494836;-45.7839767;100.0;-19.9280555556;-43.9419444444;100.0;Enciclopédia Itaú Cultural;;high;Ulan;Ulan;;high
Ana Lagator;;;Serbia;Faculty of Dramatic Arts, Belgrade;44.8146;20.4087;Serbia;;female;FILE Festival;high;FILE explicita “País de Origem: Sérvia”> preenchido em nível de país.;FILE Festival (País de Origem);high;FILE;;44.016521;21.005859;;;;;;"biografia recente; sem fonte auditável de óbito";;;;"células vazias investigadas; biografias consultadas sem ano explícito de nascimento ou morte";
Ana Mouyis;;;Cyprus;Parsons School of Design > Pratt Institute;40.735357 > 40.691111;-73.994533 > -73.963889;New York, United States;;female;site oficial da artista;high;;Millennium Film Workshop (entrevista);medium;FILE;;40.7130466;-74.0072301;100.0;;;;;"site autoral ativo; sem fonte auditável de óbito";;;;"células vazias investigadas; biografias consultadas sem ano explícito de nascimento ou morte";
Ana Teixeira;1957;;Brazil;Escola de Comunicações e Artes da Universidade de São Paulo (ECA-USP);-23.56012;-46.72985;Caçapava, São Paulo, Brazil;;female;https://mam.org.br/exposicao/projeto-parede-cala-a-boca-ja-morreu/;high;"Fonte institucional confirma formação na ECA-USP; o registro anterior em FAU-USP foi corrigido.";currículo / site oficial da artista;high;MAC USP;medium;-23.1002;-45.7064;;;;;;"site autoral ativo; sem fonte auditável de óbito";;;;;
Anabela Costa;1958;;Portugal;Lisbon Fine Arts University;38.70893;-9.14067;Lisbon, Portugal;;female;monografia / Institut Français;medium;;FILE Festival / IFdigital;high;FILE;;38.7070085;-9.1356407;100.0;;;;;"biografia recente; sem fonte auditável de óbito";;;;;
Anaisa Franco;1981;;Brazil;Fundação Armando Álvares Penteado (FAAP) > University of Plymouth;-23.5450155 > 50.374121;-46.6630802 > -4.138512;Minas Gerais;;female;Enciclopédia Itaú Cultural;high;;Wikidata;high;FILE;;-18.456295297924;-44.673412162104;100.0;;;;;"verbete institucional sem óbito; sem fonte auditável de local de morte";;;;;
Anastasia Melikhova;1992;;Russia;Ural State Academy of Architecture and Arts;56.83989;60.61183;Pyt-Yakh, Russia;;female;FILE Festival;high;;FILE Festival / Doha Film Institute;high;FILE;;60.74985;72.85824;100.0;;;;;"biografia recente; sem fonte auditável de óbito";;;;;
Anatol Wladyslaw;1913;2004;Brazil;studied electronic engineering > studied with Lucy Citti Ferreira and Yolanda Mohaly > ateliê Abstração de Samson Flexor;>  > -23.550394444444;>  > -46.633947222222;Warsaw;São Paulo;male;https://enciclopedia.itaucultural.org.br/pessoas/2126-anatol-wladyslaw | https://www.iar.unicamp.br/gaia/a-galeria/exposicoes-anteriores/2015-2/conversas-com-o-acervo-do-mav-anatol-wladyslaw/;high;as fontes consultadas nomeiam a formação e os estudos artísticos, mas não identificam com segurança a instituição do curso de engenharia;https://www.wikidata.org/wiki/Q9381671;high;MAC USP;medium;52.229827082;21.011731518;100.0;-23.5503944444;-46.6339472222;100.0;Enciclopédia Itaú Cultural;;high;Wikidata > Ulan;Wikidata > Ulan;;high
Ander Ugartemendia;;;Spain;self-taught;43.320905;-1.9845145;Spain;;male;FILE Festival | Tabakalera / Hotaru Visual Guerrilla;high;autodidata> coordenadas atribuídas à cidade-base do estúdio e da atuação biográfica;FILE Festival (País de Origem);high;FILE;high;40.22794966;-3.646063105;100.0;;;;;"biografia recente; sem fonte auditável de óbito";;;;"células vazias investigadas; biografias consultadas sem ano explícito de nascimento ou morte";
Andrea Cristini;;;Italy;escola secundária de artes > studies in Fine Arts in Milan > training in Vancouver;> 45.47222222 > 49.26083333333333;> 9.18888889 > -123.1138888888889;;;male;https://archive.file.org.br/participantes/andrea-cristini/;high;local de nascimento não localizado em fonte auditável> biografias consultadas indicam nacionalidade e atuação, não local de nascimento | a fonte não nomeia as instituições específicas;;;FILE;medium;;;;;;;;"biografia recente; sem fonte auditável de óbito";;;;"células vazias investigadas; biografias consultadas sem ano explícito de nascimento ou morte";
Andrea Familari;1987;;Italy;University of Pisa;43.716508333333;10.398458333333;Italy;;male;CV/website oficial;high;;site oficial (famifax.com) / FILE Festival;high;FILE;;42.83333;12.83333;100.0;;;;;"site autoral ativo; sem fonte auditável de óbito";;;;;
Andrea Mantegna;1431;1506;Republic of Venice;school/workshop of Francesco Squarcione;45.4078;11.8733;Isola Mantegna;Mantua;male;https://en.wikipedia.org/wiki/Andrea_Mantegna;medium;;Wikidata;high;MASP;high;45.5706918;11.7335521;100.0;45.1564;10.7911;100.0;"Britannica; Treccani";coordenadas corrigidas para Mantua, Itália;high;;;;
Andreas Lutz;1981;;Germany;Offenburg University of Applied Sciences;48.4589;7.94278;Freiburg im Breisgau, Germany;;male;CURRENTS New Media;high;;CV oficial / Wikipedia;medium;FILE;;47.994785999;7.849876999;100.0;;;;;"site autoral ativo; sem fonte auditável de óbito";;;;;
Andreas Nicolas Fischer;1982;;Germany;Universität der Künste Berlin (UdK Berlin);52.50916666666667;13.32694444444444;Munich, Germany;;male;Studio ANF (site oficial);high;;IDN World / Sedition;medium;FILE;;48.143438999;11.573599;100.0;;;;;"biografia recente; sem fonte auditável de óbito";;;;;
Andressa Hadig Haidar;;;Brazil;Universidade de Fortaleza (UNIFOR);-3.7687753;-38.478061;Brazil;;female;FILE Festival (biografia do artista);high;;FILE Festival (País de Origem);high;FILE;high;-10.769946429;-53.073466889;100.0;;;;;"Fonte recente indica artista em atividade; sem óbito identificado.";;;;biografia consultada sem ano explícito de nascimento ou morte;
Andrew Ellis Johnson;;;United States;State University of New York at Buffalo > School of the Art Institute of Chicago (SAIC) > Carnegie Mellon University;43.0 > 41.879444444444 > 40.4425;-78.789167 > -87.623888888889 > -79.94333333333333;Cortland, New York, United States;;male;Carnegie Mellon University;high;;site oficial / SUNY Cortland;high;FILE;;42.601213;-76.180483;100.0;;;;;"Fonte institucional recente indica artista em atividade; sem óbito identificado.";;;;biografia consultada sem ano explícito de nascimento ou morte;
Andrew Wilson;1780;1848;United States;Ringling College of Art and Design > CG Master Academy;27.3590 > 34.1508;-82.5480 > -118.4480;United States;;male;Zerply;high;FILE explicita “País de Origem: United States”> preenchido em nível de país.;FILE Festival (País de Origem);high;FILE;high;39.398703156;-99.41461919;100.0;;;;;"Fonte recente indica artista em atividade; sem óbito identificado.";;Ulan;Ulan;;high
André Berlemont;;;France;;;;France;;male;;;biografias localizadas neste lote não informam formação;FILE Festival (País de Origem);high;FILE;high;46.559417044;2.550539953;100.0;;;;;"Fonte recente indica artista em atividade; sem óbito identificado.";;;;biografia consultada sem ano explícito de nascimento ou morte;
André Figurey;1874;1929;France;École nationale supérieure des beaux-arts de Lyon > studios of gravura in Paris;45.768055555556 > 48.85666666666667;4.8172222222222 > 2.352222222222222;Lyon;Barbacena;male;https://fr.wikipedia.org/wiki/Andr%C3%A9_Figurey;medium;Formação reconstruída a partir de fontes biográficas abertas francesas.;Wikidata;high;Museu Paulista;medium;45.767634724;4.835037488;100.0;-21.2264611;-43.7740274;100.0;https://pt.wikipedia.org/wiki/Andr%C3%A9_Figurey;"Local de morte mantido com base em obituário citado em verbete biográfico; coordenadas referem-se ao município.";medium;Wikidata;Wikidata;;high
André Lhote;1885;1962;France;École des beaux-arts de Bordeaux;44.83111111111111;-0.5611111111111111;Bordeaux;Paris;male;Wikipédia;medium;identificado como artista;Wikidata;high;MAC USP;high;44.837898313;-0.579380299;100.0;48.856372814;2.352529617;100.0;https://www.britannica.com/biography/Andre-Lhote;;high;Wikidata > Ulan;Wikidata > Ulan;;high
André Masson;1896;1987;France;studied painting in Brussels and in Paris;50.8503 > 48.8566;4.3517 > 2.3522;Balagny-sur-Thérain;Paris;male;https://www.britannica.com/biography/Andre-Masson;high;;https://www.britannica.com/biography/Andre-Masson;high;MAC USP;medium;49.2966;2.3436;;48.856372814;2.352529617;100.0;https://www.centrepompidou.fr/fr/ressources/personne/cpBn6g;;high;Ulan;Ulan;;high
André-Charles Voillemot;1822;1893;France;student of Michel Martin Drolling;48.85666666666667;2.333611111111112;Paris;Paris;male;https://fr.wikipedia.org/wiki/Andr%C3%A9-Charles_Voillemot;medium;A fonte recuperada informa o mestre, mas não detalha cronologia formativa.;Wikidata;high;Museu Nacional de Belas Artes;medium;48.856372814;2.352529617;100.0;48.856372814;2.352529617;100.0;https://www.wikidata.org/wiki/Q16634775;"Local de morte mantido; a autoridade consultada indica Paris/9º arrondissement.";high;Wikidata > Ulan;Wikidata > Ulan;;high
Angela Stempel;1989;;United States;Tufts University > School of the Museum of Fine Arts at Tufts;42.406949 > 42.3386;-71.11982 > -71.0968;São Francisco, California, United States;;female;FILE Festival (biografia do artista);high;;The Bureau / FILE Festival;high;FILE;;37.7800771;-122.4201615;100.0;;;;;"Fonte recente indica artista em atividade; sem óbito identificado.";;;;;
Angelina Agostini;1888;1973;Brazil;Escola Nacional de Belas Artes > studio of Henrique Bernardelli;-22.8625055 > ;-43.2256622 > ;Rio de Janeiro;Rio de Janeiro;female;https://pt.wikipedia.org/wiki/Angelina_Agostini | https://enciclopedia.itaucultural.org.br/pessoas/6491-angelina-agostini;medium;Os estudos iniciais com o pai Angelo Agostini aparecem na fonte complementar.;Wikidata;high;Museu Histórico Nacional;high;-22.9014475;-43.1789159;100.0;-22.9014475;-43.1789159;100.0;https://enciclopedia.itaucultural.org.br/pessoas/6491-angelina-agostini;;high;Wikidata > Ulan;Wikidata > Ulan;;high
Angelo Agostini;1843;1910;Brazil;Escola de Belas Artes;48.85666666666667;2.333611111111112;Vercelli;Rio de Janeiro;male;https://nanquim.com.br/angelo-agostini-1843-1910/> https://nacao.net/2006/01/30/angelo-agostini-1843-1910/;medium;Preenchimento baseado em biografias de referência sobre o caricaturista> falta confirmação institucional mais específica.;Wikidata;high;Museu Histórico Nacional;low;45.3211114;8.4262359;100.0;-22.9014475;-43.1789159;100.0;https://cpdoc.fgv.br/sites/default/files/verbetes/primeira-republica/AGOSTINI%2C%20%C3%82ngelo.pdf;;high;Ulan;Ulan;;high
Angelo da Silva Romão;;;;;;;;;male;;;identificação localizada, mas formação não localizada com segurança | pesquisa deste lote manteve ausência de fonte segura para formação;;;Museu Nacional de Belas Artes;;;;;;;;;Não localizei fonte auditável suficiente sobre local de morte nesta rodada.;;;;autor identificado em acervos, mas datas biográficas não localizadas em fonte explícita;
Angelo Dall'Oca Bianca;1858;1942;Kingdom of Italy;Accademia Cignaroli;45.43479753250506;10.9929983708197;Verona;Verona;male;https://en.wikipedia.org/wiki/Angelo_Dall%27Oca_Bianca;medium;As fontes também associam a formação a Napoleone Nani.;Wikidata;high;Museu Nacional de Belas Artes;medium;45.4383527;10.9917125;100.0;45.4383527;10.9917125;100.0;https://it.wikipedia.org/wiki/Angelo_Dall%27Oca_Bianca;;medium;Wikidata;Wikidata;;high
Anita Malfatti;1896;1964;Brazil;Universidade Presbiteriana Mackenzie > Escola Americana > Academia de Belas Artes de Berlim;-23.547 > -23.54564 > 52.516666666667;-46.652 > -46.652302 > 13.383333333333;São Paulo;São Paulo;female;https://pt.wikipedia.org/wiki/Anita_Malfatti;medium;instituição em Berlim identificada> data precisa não localizada;Wikidata;high;MAC USP;medium;-23.5486657;-46.6382522;100.0;-23.5486657;-46.6382522;100.0;https://enciclopedia.itaucultural.org.br/pessoas/2349-anita-malfatti;;high;Ulan;Ulan;;high
Anna Barros;1931;2013;Brazil;Otis Art Institute > Escola de Comunicações e Artes da USP (ECA-USP);33.956611 > -23.558333;-118.417135 > -46.726944;São Paulo, São Paulo, Brazil;São Paulo;female;https://enciclopedia.itaucultural.org.br/pessoas/8485-anna-barros;high;graduação em artes plásticas e mestrado em artes;Enciclopédia Itaú Cultural;high;MAC USP;high;-23.5486657;-46.6382522;;-23.5486657;-46.6382522;;https://enciclopedia.itaucultural.org.br/pessoas/8485-anna-barros | https://www.ufsm.br/2013/10/02/anna-barros-uma-artista-que-deixa-legado-inestimavel;Local de morte preenchido a partir de fontes institucionais convergentes.;high;Ulan;MAC USP;;high
Anna Beata Baranska;1981;;Poland;Maria Curie-Skłodowska University in Lublin;51.2425;22.5405;Ilza, Poland;;female;FILE Festival;high;;site oficial da artista / FILE Festival;high;FILE;;51.16365665;21.236986846;100.0;;;;;"Fonte recente indica artista em atividade; sem óbito identificado.";;;;;
Anna Eyler;;;Canada;Carleton University > University of Ottawa > Algonquin College > Concordia University;45.346936 > 45.4231 > 45.3499 > 45.496944444444445;-75.759386 > -75.6831 > -75.7553 > -73.57805555555555;Canada;;female;Université du Québec en Outaouais;high;;FILE Festival (País de Origem);high;FILE;high;60.10867;-113.64258;100.0;;;;;"Fonte recente indica artista em atividade; sem óbito identificado.";;;;biografias e CV consultados sem ano explícito de nascimento ou morte;
Anna Leterq;;;France;Lycée René Descartes de Cournon-d’Auvergne;45.744678;3.211759;France;;female;https://archive.file.org.br/participantes/anna-leterq/;high;;FILE Festival (País de Origem);high;FILE;high;46.559417044;2.550539953;100.0;;;;;"Fonte recente indica artista em atividade; sem óbito identificado.";;;;biografia consultada sem ano explícito de nascimento ou morte;
Anna Salvatore;1923;1978;Italy;Accademia di Belle Arti di Firenze > Accademia di Belle Arti di Roma;43.776907 > 41.9075;11.258475 > 12.4756;Rome;Rome;female;https://universitypress.unisob.na.it/materiali/L0000153.pdf | https://www.premiosuzzara.it/opere-autori/salvatore-anna%2C417.html;high;"instituição identificada> datas não localizadas com precisão. Fontes localizadas confirmam estudos em Florença e posteriormente em Roma; Nápoles não foi confirmada.";Wikidata;high;MAC USP;medium;41.8905568;12.4942679;100.0;41.8905568;12.4942679;100.0;https://it.wikipedia.org/wiki/Anna_Salvatore;;medium;Wikidata > Ulan;Wikidata > Ulan;;high
Anna Vasof;1985;;Greece;University of Thessaly;39.3576754;22.9484265;Prague;;female;https://annavasof.net/about/ | https://archive.file.org.br/participantes/anna-vasof/;high;;Wikidata;high;FILE;;50.071199678;14.450977012;100.0;;;;;"Fonte recente indica artista em atividade; sem óbito identificado.";;Wikidata > Ulan;;;high
Annapurna Kumar;;;United States;California Institute of the Arts (CalArts);34.393055555556;-118.56694444444;Seattle, United States;;female;Girls in Film;medium;Fonte institucional usa formulação de origem (“originally from Seattle”), sem afirmar nascimento.;Queen’s Film and Media;low;FILE;;47.603832;-122.330062;;;;;;"atividade recente; sem óbito identificado";;;;biografias institucionais consultadas sem ano explícito de nascimento ou morte;
Anne Beal;;;United States;Rhode Island School of Design;41.825833;-71.407778;United States;;female;site oficial da artista;high;FILE explicita “País de Origem: United States”> preenchido em nível de país.;FILE Festival (País de Origem);high;FILE;high;39.398703156;-99.41461919;100.0;;;;;"atividade recente; sem óbito identificado";;;;biografias consultadas sem ano explícito de nascimento ou morte;
Anne Charlotte Benasouli;;;France;ARIES School of Graphic and Motion Design;48.856667;2.352222;France;;female;FILE Festival;high;FILE explicita “País de Origem: France”> preenchido em nível de país.;FILE Festival (País de Origem);high;FILE;high;46.559417044;2.550539953;100.0;;;;;"atividade recente; sem óbito identificado";;;;"biografia muito sucinta; sem ano explícito de nascimento ou morte";
Anne Ethuin;1921;2009;France;no identified formal training > início do desenho e pintura em Paris > participação no Congrès Cobra em Bregnerød; > 48.85666666666667 > 56.102189; > 2.352222222222222 > 12.339152;Le Cateau-Cambrésis, France;Paris;female;https://www.dorothysgallery.com/2012/03/31/ethuin/ | https://www.appl-lachaise.net/ethuin-simone-jaguer-dite-anne-1921-2009/ | https://www.galerie-lesyeuxfertiles.com/artiste/ethuin-anne-;low;;Dorothy's Gallery / Find a Grave;medium;MAC USP;low;50.105603666;3.542665357;;48.8567;2.3522;;Mélusine Surréalisme;;medium;Wikidata;Wikidata;;high
Annet Dekker;1970;;Kingdom of the Netherlands;Goldsmiths, University of London > Utrecht University;51.474269444444445 > 52.085277777777776;-0.03541111111111111 > 5.175;Vorden, Netherlands;;female;CV oficial da pesquisadora;high;;ZKM;high;FILE;;52.105;6.31;;;;;;"atividade recente; sem óbito identificado";;Wikidata;;;high
Anthony Cavieles;;;United States;Pratt Institute;40.691111;-73.963889;;;male;Pratt Institute / FILE Festival;high;local de nascimento não localizado em fonte auditável;;;FILE;;;;;;;;;"atividade recente; sem óbito identificado";;;;biografia consultada sem ano explícito de nascimento ou morte;
Anthony Rousseau;1972;;France;École des beaux-arts de Rennes > Le Fresnoy – Studio national des arts contemporains;48.114166666667 > 50.7001129;-1.6808333333333 > 3.1547097;Mayenne, France;;male;Le Fresnoy / Atmosphères 53;high;;Light Cone;high;FILE;;48.147284256;-0.657415002;100.0;;;;;"atividade recente; sem óbito identificado";;BnF Catalogue;;;high
Anthony van Dyck;1599;1641;Spanish Netherlands;training with Hendrick van Balen > trabalho no studio of Peter Paul Rubens;>;>;Antwerp;London;male;https://en.wikipedia.org/wiki/Anthony_van_Dyck | https://www.britannica.com/biography/Sir-Anthony-Van-Dyck;high;;Wikidata;high;MASP;high;51.25942418;4.371799938;100.0;51.50722;-0.1275;100.0;Britannica;registro anterior normalizado de Blackfriars para London;high;;;;
Antoine Briot;;;France;ENSATT de Lyon > ESAAix d’Aix-en-Provence;45.7533 > 43.5307;4.81142 > 5.44105;France;;male;Théâtre Ouvert;medium;FILE explicita “País de Origem: França”> preenchido em nível de país.;FILE Festival (País de Origem);high;FILE;;46.559417044;2.550539953;100.0;;;;;"atividade recente; sem óbito identificado";;;;homônimo/artista não desambiguado com segurança;
Antoine Léon Morel-Fatio;1810;1871;France;Lycée Louis-le-Grand > Lycée Pierre-Corneille > Lycée Condorcet;48.848018 > 49.445311 > 48.874803;2.344176 > 1.100213 > 2.326933;Rouen;Paris;male;https://pt.wikipedia.org/wiki/Antoine_L%C3%A9on_Morel-Fatio;medium;As fontes recuperadas indicam escolarização geral, mas não identificam academia artística específica.;Wikidata;high;Museu Nacional de Belas Artes;low;49.44350314;1.100060105;100.0;48.8567;2.3522;100.0;Une Soirée au Louvre;registro anterior normalizado de 1st arrondissement of Paris para Paris;high;Wikidata > Ulan;Wikidata > Ulan;;high
Antoine Mortier;1908;1999;Belgium;Académie royale des Beaux-Arts de Bruxelles;50.844;4.3477;Saint-Gilles;Auderghem;male;https://www.cobraneirynck.be/en/artist/antoine-mortier;medium;instituição identificada> datas não localizadas com precisão;Wikidata;high;MAC USP;low;50.828543192;4.342225635;100.0;50.81667;4.42611;100.0;Tsinghua University Art Museum;coordenadas ajustadas ao município;high;Ulan;MAC USP;;high
Antoine Vestier;1740;1824;France;studio of Jean-Baptiste Pierre;48.85666666666667;2.333611111111112;Avallon;Paris;male;https://en.wikipedia.org/wiki/Antoine_Vestier | https://www.metmuseum.org/art/collection/search/437894?amp%3Boffset=0%3Brpp%3D40%3Bpos%3D11> https://en.wikipedia.org/wiki/Antoine_Vestier | https://artsandculture.google.com/entity/%D8%A3%D9%86%D8%B7%D9%88%D8%A7%D9%86-%D9%81%D9%8A%D8%B3%D8%AA%D9%8A%D8%B1/m04q8cfk;high;;Wikidata;high;Museu Nacional de Belas Artes;medium;47.488286634;3.907628992;100.0;48.8567;2.3522;100.0;Musée d'Orsay;;high;;;;
Antoine Vollon;1833;1900;France;École nationale supérieure des beaux-arts de Lyon > École nationale supérieure des beaux-arts de Lyon;45.768056 > 45.768055555556;4.817222 > 4.8172222222222;Lyon;Paris;male;https://en.wikipedia.org/wiki/Antoine_Vollon | https://www.britannica.com/biography/Antoine-Vollon;high;;Wikidata;high;MASP;medium;45.767634724;4.835037488;100.0;48.8567;2.3522;100.0;Musée d'Orsay;;high;;;;
Antonella Mignone;1980;;Italy;Teatro Nuovo Ballet Academy of Turin > Accademia Isola Danza > Sapienza Università di Roma;45.048762 > 45.42872 > 41.903333333333;7.680982 > 12.34297 > 12.515833333333;Turin, Italy;;female;APOTROPIA (site oficial);high;;APOTROPIA (bio oficial);high;FILE;;45.0683751;7.6830662;100.0;;;;;"atividade recente; sem óbito identificado";;;;;
Antoni Tàpies;1923;2012;Spain;Universitat de Barcelona > self-taught as an artist;41.386666666667 >;2.1638888888889 >;Barcelona;Barcelona;male;https://www.britannica.com/biography/Antoni-Tapies;high;Britannica indica formação universitária em direito e autodidatismo na prática artística.;https://www.britannica.com/biography/Antoni-Tapies;high;MAC USP;high;41.387917;2.1699187;100.0;41.383;2.183;100.0;Museu Tàpies;;high;Ulan;Ulan;;high
Antonio Alice;1886;1943;Argentina;first classes with Decoroso Bonifanti > Accademia Albertina di Belle Arti; > 45.0675; > 7.68944444;Buenos Aires;Buenos Aires;male;https://en.wikipedia.org/wiki/Antonio_Alice;medium;;Wikidata;high;Museu Nacional de Belas Artes;high;-34.6090264;-58.3732215;100.0;-34.60389;-58.38139;100.0;FADU/UBA;;high;Wikidata > Ulan;Wikidata > Ulan;;high
Antonio Bandeira;1922;1967;Brazil;École nationale supérieure des beaux-arts > Académie de la Grande Chaumière;48.853997 > 48.8422;2.333500 > 2.3318;Fortaleza;Paris;male;https://enciclopedia.itaucultural.org.br/pessoas/2555-antonio-bandeira;high;;Wikidata;high;Museu Nacional de Belas Artes;high;-3.7184625;-38.5416698;100.0;48.8567;2.3522;100.0;Enciclopédia Itaú Cultural;;high;Ulan;Ulan;;high
Antonio Corpora;1909;2004;Kingdom of Italy;Tunis Institute of Fine Arts;36.820884;10.180469;Tunis;Rome;male;https://artsandculture.google.com/entity/g120n2xv9;high;Fonte indica formação no instituto de belas-artes de Túnis sob Armand Vergeaud antes da ida a Paris.;Wikidata;high;MAC USP;medium;34.116317988;9.608516496;100.0;41.89333;12.48278;100.0;Banca d'Italia;;high;Wikidata > Ulan;Wikidata > Ulan;;high
Antonio Dias;1944;2018;Brazil;Atelier Livre de Gravura da Escola Nacional de Belas Artes;-22.862506;-43.225662;Campina Grande;Rio de Janeiro;male;https://pt.wikipedia.org/wiki/Antonio_Manuel_Lima_Dias;medium;instituição identificada> datas não localizadas;Wikidata;high;MAC USP;medium;-7.2309326;-35.8818436;100.0;-22.91111;-43.20556;100.0;"Enciclopédia Itaú Cultural; Agência Brasil";"fontes divergentes em bases secundárias; priorizada fonte institucional brasileira";high;;;;
Antonio Fernández Gómez;1882;1970;Spain;training in Brazil > lessons with Karl Ernst Papf;>;>;Goián;Goián;male;https://pt.wikipedia.org/wiki/Antonio_Fern%C3%A1ndez_G%C3%B3mez | https://palavracomum.com/antonio-fernandez-pintor-de-tres-mundos-brasil-italia-e-galiza/> https://pt.wikipedia.org/wiki/Antonio_Fern%C3%A1ndez_G%C3%B3mez;medium;As fontes não especificam instituição formal para a etapa brasileira.;Wikidata;high;Museu Paulista;medium;41.9475;-8.77111111;100.0;41.9475;-8.77111111;100.0;Museo de Belas Artes da Coruña;coordenadas ajustadas para Goián, Tomiño;high;Museo de Belas Artes da Coruña;Museo de Belas Artes da Coruña;;high
Antonio Ferrigno;1863;1940;Kingdom of Italy;Accademia di Belle Arti di Napoli > studies with Giacomo Di Chirico, Teofilo Patini and Domenico Morelli;40.8516 > ;14.2512 > ;Maiori;Salerno;male;https://pt.wikipedia.org/wiki/Antonio_Ferrigno;medium;;Wikidata;high;Museu Paulista;high;40.648443;14.640415;100.0;40.6779181;14.7659539;100.0;Enciclopédia Itaú Cultural;;high;Wikidata > Ulan;Wikidata > Ulan;;high
Antonio Henrique Amaral;1935;2015;Brazil;Escola do Museu de Arte de São Paulo (MASP) > Museu de Arte Moderna de São Paulo (MAM/SP) > Pratt Institute;-23.561111 > -23.588229 > 40.691111;-46.655833 > -46.655328 > -73.963889;São Paulo;São Paulo;male;https://pt.wikipedia.org/wiki/Antonio_Henrique_do_Amaral> https://blombo.com/artistas/antonio-henrique-amaral> https://www.acervo.sp.gov.br/ObrasAudioteca/AntonioAmaral;medium;Fontes convergem para formação no MASP, MAM/SP e Pratt Graphic Institute.;Wikidata;high;MAC USP;high;-23.5486657;-46.6382522;100.0;-23.5486657;-46.6382522;100.0;Enciclopédia Itaú Cultural;;high;Wikidata;Wikidata;;high
Antonio Mancini;1852;1930;Kingdom of Italy;Accademia di Belle Arti di Napoli;40.8516;14.2512;Albano Laziale;Rome;male;https://en.wikipedia.org/wiki/Antonio_Mancini;medium;ingressa aos 12 anos;Wikidata;high;Museu Nacional de Belas Artes;medium;41.7284032;12.6608942;100.0;41.8905568;12.4942679;100.0;Treccani;;high;;;;
Antonio Maria Vassallo;1620;1664;Genoa, Italy;training with Vincent Malo;44.40768333;8.934525;Genoa;Milan;male;https://en.wikipedia.org/wiki/Antonio_Maria_Vassallo;medium;Formação descrita em oficina/atelier.;Wikidata;high;Museu Nacional de Belas Artes;medium;44.4070624;8.9339889;100.0;45.4636183;9.1881156;100.0;NGA Biographies;"local de morte em Milan; data de morte varia entre 1664 e 1672 nas fontes";medium;Wikidata;Wikidata;;high
Antonio Segui;1934;2022;Argentina;Real Academia de Bellas Artes de San Fernando > École nationale supérieure des beaux-arts;40.4178 > 48.853997;-3.7007 > 2.333500;Villa Allende;Buenos Aires;male;https://en.wikipedia.org/wiki/Antonio_Segu%C3%AD;medium;A fonte consultada registra o período das passagens por Madri e Paris como estudante visitante.;Wikidata;high;MAC USP;high;-31.2946118;-64.29924;100.0;-34.6090264;-58.3732215;100.0;La Nación;;high;Wikidata > Ulan;Wikidata;;high
António Carneiro;1872;1930;Portugal;Universidade do Porto > Academia Portuense de Belas Artes > Académie Julian;41.15 > 41.15 > 48.871111;-8.610833 > -8.610833333333334 > 2.341667;Amarante;Porto;male;https://amarantetourism.com/poi/antonio-carneiro/ | https://www.infopedia.pt/artigos/%24antonio-carneiro | https://pt.wikipedia.org/wiki/Ant%C3%B3nio_Carneiro> https://amarantetourism.com/poi/antonio-carneiro/ | https://www.infopedia.pt/artigos/%24antonio-carneiro;medium;A Infopédia menciona ainda Soares dos Reis e Marques de Oliveira como mestres na academia do Porto.;Wikidata;high;Pinacoteca de São Paulo;high;41.2697487;-8.0783357;100.0;41.1501526;-8.610318;100.0;Casa-Oficina António Carneiro;;medium;Ulan;Ulan;;high
António Carvalho de Silva Porto;1850;1893;Kingdom of Portugal;École des Beaux-Arts de Paris > Academia Portuense de Belas Artes;48.853997 > 41.15;2.333500 > -8.610833333333334;Porto;Lisbon;male;https://pt.wikipedia.org/wiki/Ant%C3%B3nio_da_Silva_Porto | https://sigarra.up.pt/up/pt/p/antigos%20estudantes%20ilustres%20-%20ant%C3%B3nio%20silva%20porto;medium;As fontes citam aulas com Adolphe Yvon e Alexandre Cabanel em Paris.;Wikidata;high;Museu Nacional de Belas Artes;high;41.1501526;-8.610318;100.0;38.7070085;-9.1356407;100.0;RAIZ - Museus e Monumentos;;high;Wikidata;Wikidata;;high
Antônio Correa e Castro, “Antonico”;;;;;;;;;;;;formação não localizada com segurança | pesquisa deste lote manteve ausência de fonte segura para formação;;;Museu Casa da Hera;;;;;;;;;identidade/óbito não confirmados com segurança;;;;autor identificado no acervo, sem datas biográficas explícitas localizadas;
Antônio de Souza Lobo;1840;1909;Brazil;Academia Imperial de Belas Artes;-22.9071;-43.1829;Campos dos Goytacazes;Rio de Janeiro;male;https://pt.wikipedia.org/wiki/Ant%C3%B4nio_de_Souza_Lobo;medium;Formação citada sob supervisão de Agostinho da Mota, Augusto Müller e Victor Meirelles.;Wikidata;high;Museu Nacional de Belas Artes;high;-21.75227;-41.33044;100.0;-22.9014475;-43.1789159;100.0;Enciclopédia Itaú Cultural;;high;Wikidata > Ulan;Wikidata > Ulan;;high
Antônio Diogo da Silva Parreiras;1860;1937;Brazil;Liceu Tintori > Colégio Briggs > Academia Imperial de Belas Artes > Accademia di Belle Arti di Venezia;-22.9032307 > -22.9032307 > -22.9071 > 45.4286;-43.1165843 > -43.1165843 > -43.1829 > 12.3305;Niterói, RJ, Brazil;Niterói;male;https://www.parreiras.org/ap-00100.asp | https://enciclopedia.itaucultural.org.br/pessoas/53-antonio-parreiras;high;;Funarte;high;;high;-22.8898227;-43.1220775;;-22.8898227;-43.1220775;100.0;Enciclopédia Itaú Cultural;;high;Wikidata > Ulan;Wikidata > Ulan;;high
Antônio Firmino Monteiro;1855;1888;Brazil;Academia Imperial de Belas Artes;-22.9071;-43.1829;Rio de Janeiro;Niterói;male;https://pt.wikipedia.org/wiki/Ant%C3%B4nio_Firmino_Monteiro | https://enciclopedia.itaucultural.org.br/pessoas/293-antonio-firmino-monteiro;medium;;Wikidata;high;Museu Nacional de Belas Artes;medium;-22.9014475;-43.1789159;100.0;-22.8898227;-43.1220775;100.0;Enciclopédia Itaú Cultural;;high;Wikidata > Ulan;Wikidata > Ulan;;high
Antônio Francisco Lisboa, Aleijadinho (atribuição);1738;1814;;training in Manuel Francisco Lisboa's workshop > studies at the Seminário dos Franciscanos Donatos do Hospício da Terra Santa;-20.385277777778 > -20.3856;-43.503611111111 > -43.5035;Vila Rica (now Ouro Preto), MG, Brazil;;male;BNDigital> Wikipédia;medium;"initial training in his father’s and uncle’s workshop; sources also indicate attendance at the seminary; the collection record remains an attribution";"Enciclopédia Itaú Cultural; IPHAN";high;Museu da Inconfidência;medium;-20.3911;-43.5056;;;;;;"registro com atribuição; local de morte não preenchido por cautela";;;;;
Antônio Frederico de Castro Alves;1847;1871;Brazil;Faculdade de Direito do Recife > ensino primário em São Félix > colégio de Abílio César Borges > curso preparatório anexo à Faculdade de Direito do Recife;-8.0583 > -12.605 > -12.9714 > -8.0583;-34.8811 > -38.971944444444 > -38.5014 > -34.8811;Muritiba;Salvador;male;https://pt.wikipedia.org/wiki/Castro_Alves | https://www.academia.org.br/academicos/castro-alves/biografia;medium;Creator tratado como Castro Alves> a formação recuperada é escolar/literária, não de artes visuais.;Wikidata;high;Museu Histórico Nacional;high;-12.6222124;-38.9898379;100.0;-12.9641527;-38.5058208;100.0;Academia Brasileira de Letras;;high;Wikidata;Wikidata;;high
Antônio Gomide;1895;1967;Brazil;Escola de Comércio de Genebra > Escola de Belas Artes de Genebra;46.224 > 46.2;6.101 > 6.15;Itapetininga;Ubatuba;male;Wikipédia;medium;também praticou afresco com Marcel-Lenoir em Paris> datas não localizadas com segurança;Wikidata;high;MAC USP;medium;-23.5905428;-48.0534686;100.0;-23.4338889;-45.0708333;100.0;Enciclopédia Itaú Cultural;;high;Ulan;Ulan;;high
Antônio Guimarães;1871;;Brazil;Escola de Artes Decorativas António Arroio > Escola Superior de Belas-Artes do Porto;38.73611111 > 41.15;-9.12722222 > -8.610833;Rio de Janeiro;;male;Art Book - Catálogo Internacional de Artes;medium;instituições identificadas, datas não localizadas;Wikidata;high;MAC USP;medium;-22.9014475;-43.1789159;100.0;;;;;homônimo/identidade não desambiguada com segurança;;Ulan;;"homônimo; fontes localizadas conflitam com o nascimento já preenchido";high
Antônio José dos Santos;;2015;;initial training as assistant to the painter Roberto Lúcio;-8.008888888888889;-34.855;;;male;https://www.catalogodasartes.com.br/artista/Antonio%20de%20Olinda%20-%20Ant%EF%BF%BDnio%20de%20Olinda%20-%20Ant%EF%BF%BDnio%20Jos%EF%BF%BD%20dos%20Santos/;medium;A identificação do creator foi associada ao artista 'Antônio de Olinda / Antônio José dos Santos' conforme a fonte disponível.;;;Museu Histórico Nacional;medium;;;;;;;;"nome genérico; óbito não desambiguado com segurança";;;"Diário de Pernambuco; Itaú Cultural (Antonio de Olinda)";nascimento não preenchido por divergência entre fontes sob o nome/alias Antonio de Olinda;medium
Antônio Lizárraga;1924;2009;Argentina;;;;Buenos Aires, Argentina;São Paulo;male;https://livroresumido.com.br/2024/02/18/antonio-lizarraga-quadrados-em-quadrados-maria-jose-spiteri/;medium;formação localizada em fonte secundária> datas não confirmadas em fonte institucional;https://enciclopedia.itaucultural.org.br/pessoas/991-antonio-lizarraga;high;MAC USP;medium;-34.6090264;-58.3732215;100.0;-23.5486657;-46.6382522;100.0;https://enciclopedia.itaucultural.org.br/pessoas/991-antonio-lizarraga;;high;https://enciclopedia.itaucultural.org.br/pessoas/991-antonio-lizarraga;https://enciclopedia.itaucultural.org.br/pessoas/991-antonio-lizarraga;;high
Antônio Parreiras;1860;1937;Brazil;Academia Imperial de Belas Artes > Accademia di Belle Arti di Venezia;-22.9071 > 45.4286;-43.1829 > 12.3305;Niterói;Niterói;male;Wikipédia> InfoEscola;medium;abandonou a Academia Imperial e prosseguiu estudos com Georg Grimm> datas não localizadas com segurança;Wikidata;high;Pinacoteca de São Paulo;medium;-22.8898227;-43.1220775;100.0;-22.8898227;-43.1220775;100.0;Enciclopédia Itaú Cultural;;high;Wikidata;Wikidata;;high
Antônio Pedro;1940;2023;Portugal;University of Lisbon > Liceu Pedro Nunes > Instituto Nuno Álvares > liceu em Santarém > liceu em Coimbra;38.71659 > 38.71659 > 41.3430 > 39.240212 > 40.19935062631279;-9.158899 > -9.158899 > -8.4730 > -8.67913 > -8.43134784215179;Praia;Parish of Moledo;male;https://pt.wikipedia.org/wiki/Ant%C3%B3nio_Pedro;medium;formação escolar geral antes da carreira artística> datas exatas não localizadas;Wikidata;high;MAC USP;medium;14.9167041;-23.5074979;100.0;41.8461111;-8.8561111;82.2;"Wikipédia; Infopédia";"há homônimo brasileiro; mantido o surrealista português pela convergência com Moledo/Caminha";medium;;;;
Antônio Rafael Pinto Bandeira;1863;1896;Brazil;Academia Imperial de Belas Artes;-22.9071;-43.1829;Niterói;Rio de Janeiro;male;https://enciclopedia.itaucultural.org.br/pessoas/7649-rafael-pinto-bandeira;high;;Wikidata;high;;high;-22.8898227;-43.1220775;100.0;-22.9014475;-43.1789159;100.0;Enciclopédia Itaú Cultural;;high;Wikidata;Wikidata;;high
Anuar Elías;1983;;Mexico;self-taught;-16.5;-68.15;Mexico City;;male;Goethe-Institut Bolivien | Goethe-Institut Bolivien / FILE Festival;high;autodidata> coordenadas atribuídas à cidade onde vive e trabalha desde 2005, usada como proxy de formação;Wikidata;high;FILE;low;19.430457906;-99.141684761;100.0;;;;;"atividade recente; sem óbito identificado";;;;;
Anushka Naanayakkara;1981;;Sri Lanka;National Film and Television School;51.6054;-0.6374;Loughborough, United Kingdom;;female;site oficial da artista | FILE Festival;high;;Japan Media Arts Festival;high;FILE;;52.772119611;-1.206157309;100.0;;;;;"atividade recente; sem óbito identificado";;;;;
Aram Sarkisian;;;United States;California Institute of the Arts (CalArts);34.393055555556;-118.56694444444;Russia;;male;FILE Festival;high;;Animators for Armenia;medium;FILE;;61.989526183;96.805371534;100.0;;;;;"atividade recente; sem óbito identificado";;;;biografias consultadas sem ano explícito de nascimento ou morte;
Arcangelo Ianelli;1922;2009;Brazil;Associação Paulista de Belas Artes > studies with Colette Pujol;-23.550394 > ;-46.633947 > ;São Paulo;São Paulo;male;https://www.guiadasartes.com.br/arcangelo-ianelli/biografia> https://blombo.com/artistas/arcangelo-ianelli;low;Formação inicial combinou associação artística e orientação de ateliê.;Wikidata;high;MAC USP;high;-23.5486657;-46.6382522;100.0;-23.5486657;-46.6382522;100.0;Enciclopédia Itaú Cultural;;high;Wikidata > Ulan;Wikidata > Ulan;;high
Ardengo Soffici;1879;1964;Kingdom of Italy;Accademia di Belle Arti di Firenze > Scuola Libera del Nudo;43.776907 > 41.9075;11.258475 > 12.4756;Rignano sull'Arno;Vittoria Apuana;male;https://en.wikipedia.org/wiki/Ardengo_Soffici;medium;Fontes apontam estudos na Academia de Belas Artes de Florença e na escola livre do nu antes da ida a Paris.;Wikidata;high;MAC USP;high;43.72182;11.45342;100.0;43.9755905;10.150689;100.0;"EmporiumArt; Wikipédia";fonte ampla também registra Forte dei Marmi;medium;Ulan;Ulan;;high
Ariana Boaventura;;;Brazil;Universidade Federal de Rondônia (UNIR) > União das Faculdades de Rondônia (UNIRON/UNINTES) > Serviço Nacional de Aprendizagem Comercial - MT (SENAC/MT) > Universidade do Estado de Mato Grosso;-8.8356 > -8.7619444444444 > -15.595833333333 > -15.595833333333;-63.9389 > -63.903888888889 > -56.096944444444 > -56.096944444444;Brazil;;female;Escavador (Lattes);medium;;FILE Festival (País de Origem);high;FILE;high;-10.769946429;-53.073466889;100.0;;;;;"atividade recente; sem óbito identificado";;;;biografia de coletivo consultada sem ano explícito de nascimento ou morte;
Arlindo Daibert;1952;1993;Brazil;Universidade Federal de Juiz de Fora > Atelier Calevaert-Brun;-21.7747 > 48.85666666666667;-43.3683 > 2.352222222222222;Juiz de Fora, MG, Brazil;Juiz de Fora;male;https://www.escritoriodearte.com/artista/arlindo-daibert;low;formação universitária em letras e aperfeiçoamento em gravura em Paris;Wikipédia em português;medium;MAC USP;high;-21.7642;-43.3503;;-21.75;-43.35;100.0;Enciclopédia Itaú Cultural;;high;;;;
Armand Guillaumin;1841;1927;France;Académie Suisse;48.8545;2.3446;Paris;Orly;male;https://www.museothyssen.org/en/collection/artists/guillaumin-armand;high;formação também ligada ao convívio com Pissarro e Cézanne;Wikidata;high;Museu Nacional de Belas Artes;medium;48.856372814;2.352529617;100.0;48.743079252;2.400551222;100.0;"Wikipédia; Museo Thyssen";"fonte museológica ampla indica Paris; mantido Orly por fonte enciclopédica mais específica";medium;Ulan;Ulan;;high
Armando Morales;1927;2011;Nicaragua;School of Plastic Arts in Managua;12.1364;-86.2514;Granada, Nicaragua;Miami;male;https://armandomoralesfoundation.com/biography/;high;;https://armandomoralesfoundation.com/biography/;high;MAC USP;high;11.933;-85.950;100.0;25.775084;-80.194702;100.0;https://armandomoralesfoundation.com/biography/;;high;https://armandomoralesfoundation.com/biography/;https://armandomoralesfoundation.com/biography/;;high
Armando Viana;1897;1991;Brazil;Liceu de Artes e Ofícios > Escola Nacional de Belas Artes;-22.91111111111111 > -22.8625055;-43.20555555555556 > -43.2256622;Rio de Janeiro, RJ, Brazil;Rio de Janeiro;male;https://pt.wikipedia.org/wiki/Armando_Viana | https://www.catalogodasartes.com.br/artista/Armando%20Vianna/;medium;As fontes também citam Rodolfo Amoedo e Rodolfo Chambelland como mestres.;Sala de Arte;medium;Museu Histórico Nacional;high;-22.9014475;-43.1789159;;-22.9014475;-43.1789159;100.0;"Wikipédia; Guia das Artes";;medium;Wikidata;Wikidata;;high
Arnaldo Ferrari;1906;1974;Brazil;Liceu de Artes e Ofícios de São Paulo;-23.5331446;-46.6267577;São Paulo, SP, Brazil;São Paulo;male;https://enciclopedia.itaucultural.org.br/pessoas/2171-arnaldo-ferrari | https://www.escritoriodearte.com/artista/arnaldo-ferrari;high;;Enciclopédia Itaú Cultural;high;MAC USP;high;-23.5486657;-46.6382522;;-23.5486657;-46.6382522;100.0;Enciclopédia Itaú Cultural;;high;Ulan;Ulan;;high
Arnaldo Pedroso D'Horta;1914;1973;Brazil;Faculdade de Direito da Universidade de São Paulo (USP);-23.55;-46.637222;São Paulo;São Paulo;male;https://enciclopedia.itaucultural.org.br/pessoas/2977-arnaldo-pedroso-d-horta | https://www.guiadasartes.com.br/arnaldo-pedroso-dhorta/quem-foi;high;A fonte informa formação em ciências jurídicas e sociais pela USP, sem cronologia detalhada.;Wikidata;high;MAC USP;high;-23.5486657;-46.6382522;100.0;-23.5486657;-46.6382522;100.0;Enciclopédia Itaú Cultural;;high;Wikidata > Ulan;Wikidata > Ulan;;high
Arnaud Julien Pallière;1784;1862;France;study of portraiture and history painting in Paris;48.85666666666667;2.352222222222222;Bordeaux;Bordeaux;male;https://front.master.enciclopedia-ic.org/pessoa22523/arnaud-julien-palliere;high;A fonte confirma a formação em Paris, mas não nomeia a instituição de ensino.;Wikidata;high;Coleção Brasiliana Itaú;low;44.837898313;-0.579380299;100.0;44.837898313;-0.579380299;100.0;Enciclopédia Itaú Cultural;;high;Wikidata;Wikidata;;high
Arnaud Pallière;1784;1862;France;study of portraiture and history painting in Paris;48.85666666666667;2.352222222222222;Bordeaux;Bordeaux;male;https://front.master.enciclopedia-ic.org/pessoa22523/arnaud-julien-palliere;high;A fonte confirma a formação em Paris, mas não nomeia a instituição de ensino.;Wikidata;high;Coleção Brasiliana Itaú;low;44.837898313;-0.579380299;100.0;44.837898313;-0.579380299;100.0;Enciclopédia Itaú Cultural;variante nominal de Arnaud Julien Pallière;high;Wikidata;Wikidata;;high
Arnold Bagasha;;;Kingdom of Denmark;The Animation Workshop;56.4561;9.40611;Denmark;;male;site oficial / portfólio do artista;high;;FILE Festival (País de Origem);high;FILE;high;55.959300779;10.053934054;100.0;;;;;"atividade recente; sem óbito identificado";;;;biografia e portfólio consultados sem ano explícito de nascimento ou morte;
Arsênio da Silva;1833;1883;Brazil;early artistic instruction in Recife > advanced training in Rome and Paris;-8.0538888888889 >;-34.880833333333 >;Recife;Salvador;male;https://pt.wikipedia.org/wiki/Ars%C3%AAnio_da_Silva | https://www.guiadasartes.com.br/arsenio-cintra-da-silva/obras-e-biografia | https://www.escritoriodearte.com/artista/arsenio-da-silva> https://pt.wikipedia.org/wiki/Ars%C3%AAnio_da_Silva | https://www.guiadasartes.com.br/arsenio-cintra-da-silva/obras-e-biografia;medium;As fontes disponíveis não nomeiam instituições específicas em Roma e Paris.;Wikidata;high;Museu Nacional de Belas Artes;medium;-8.0551894;-34.871176;100.0;-12.9641527;-38.5058208;100.0;Enciclopédia Itaú Cultural;;high;Wikidata;Wikidata;;high
Arthur Garfield Dove;1880;1946;United States;Cornell University;42.44916666666666;-76.48388888888888;Canandaigua;Huntington;male;Britannica> biografia institucional;high;formação universitária com posterior migração para artes;Wikidata;high;MAC USP;high;42.887495;-77.282497;100.0;40.8680556;-73.4261111;100.0;Smithsonian American Art Museum;coordenadas corrigidas para Huntington, New York;high;Wikidata > Ulan;Wikidata > Ulan;;high
Arthur Kaufmann;1888;1971;Germany;Kunstakademie Düsseldorf > Akademie der bildenden Künste Wien;51.23054 > 48.201388888889;6.77365 > 16.365277777778;Mülheim an der Ruhr;Nova Friburgo;male;https://de.wikipedia.org/wiki/Arthur_Kaufmann_(Maler);medium;academia identificada> datas não localizadas com precisão;Wikidata;high;MAC USP;medium;51.428106999;6.88505;100.0;-22.2891837;-42.5345547;100.0;MAC USP;;high;Ulan;Ulan;;high
Arthur Luiz Piza;1928;2017;Brazil;studio of Antonio Gomide;-23.5331446;-46.6267577;São Paulo;Paris;male;https://www.guiadasartes.com.br/arthur-luiz-piza/biografia> https://www.arthur-luiz-piza.com/biographie/?lang=pt-br;medium;A formação registrada nas fontes consultadas é de ateliê, não escolar formal.;Wikidata;high;MAC USP;medium;-23.5486657;-46.6382522;100.0;48.8566666667;2.3522222222;100.0;Enciclopédia Itaú Cultural;"fonte secundária francesa indica Neuilly-sur-Seine; priorizado o verbete institucional do Itaú Cultural";high;Wikidata > Ulan;Wikidata > Ulan;;high
Arthur Osver;1912;2006;United States;School of the Art Institute of Chicago (SAIC);41.879444;-87.623889;Chicago;Clayton, Missouri;male;https://www.annexgalleries.com/artists/biography/3594/Osver/Arthur;high;;Wikidata;high;MAC USP;high;41.883229;-87.632398;100.0;38.64255;-90.32373;100.0;https://acervo.mac.usp.br/acervo/index.php/Detail/entities/5809;;high;Wikidata > Ulan;Wikidata > Ulan;;high
Arthur Zeferino;;;Brazil;Ciência da Computação;;;Brazil;;male;https://www.99freelas.com.br/user/arthur-zeferino;medium;"formação identificada em perfil profissional autodeclarado; instituição não informada";FILE Festival (País de Origem);high;FILE;low;-10.769946429;-53.073466889;100.0;;;;;"atividade recente; sem óbito identificado";;;;"pesquisa realizada; não localizei ano explícito de nascimento/morte em fonte confiável";
Artur Barrio;1945;;Portugal;Escola Nacional de Belas Artes > Escola Nacional de Belas Artes;-22.8625055 > -22.8625055;-43.2256622 > -43.2256622;Porto;;male;https://pt.wikipedia.org/wiki/Artur_Barrio;medium;A fonte consultada não especifica no trecho o nome institucional completo da escola.;Wikidata;high;MAC USP;medium;41.1501526;-8.610318;100.0;;;;;"atividade recente; sem óbito identificado";;Wikidata > Ulan;;;high
Artur Timóteo da Costa;1882;1922;Brazil;Escola Nacional de Belas Artes;-22.8625055;-43.2256622;Rio de Janeiro;Rio de Janeiro;male;Wikipédia;medium;instituição formal identificada no Rio> período em Paris sem escola explicitada;Wikidata;high;Museu Nacional de Belas Artes;medium;-22.9014475;-43.1789159;100.0;-22.9014475;-43.1789159;100.0;Enciclopédia Itaú Cultural;;high;Wikidata;Wikidata;;high
Arturo Tosi;1871;1956;Kingdom of Italy;Accademia di Belle Arti di Brera > Brera Academy of Fine Arts (school of nude studies);45.472222 > 45.472222;9.188889 > 9.188889;Busto Arsizio;Milan;male;https://en.wikipedia.org/wiki/Arturo_Tosi;medium;A biografia indica frequência à escola de estudos do nu da Brera entre 1890 e 1891.;Wikidata;high;MAC USP;high;45.6114064;8.8502715;100.0;45.4636183;9.1881156;100.0;Treccani;;high;;;;
Ash Thorp;1983;;United States;self-taught;32.71571;-117.16472;Condado de San Diego;;male;Creative Bloq (entrevista) | Behance / Motionographer;medium;autodidata> coordenadas atribuídas à cidade-base de residência/trabalho mencionada em biografias;Wikidata;high;FILE;low;33.02820215874;-116.770213466758;100.0;;;;;"atividade recente; sem óbito identificado";;Wikidata;;;high
Atanasio Soldati;1896;1953;Italy;architecture studies in Parma;44.8015;10.3279;Parma;Parma;male;https://www.archiviosoldati.it/nota-biografica | https://www.treccani.it/enciclopedia/atanasio-soldati/;high;"formação universitária anterior à atividade artística abstrata. Fontes confirmam formação em arquitetura em Parma; a etapa no Politecnico di Torino foi removida por falta de confirmação.";Wikidata;high;MAC USP;medium;44.8078212;10.3296266;100.0;44.8078212;10.3296266;100.0;MAC USP;;high;Wikidata > Ulan;Wikidata > Ulan;;high
Auguste Petit;1844;1927;France;drawing and painting studies with Eugène Nestle;47.86046539;4.573734591;Châtillon-sur-Seine;Rio de Janeiro;male;https://www.arrematearte.com.br/artistas/auguste-petit-1844;low;A fonte registra formação com o paisagista Eugène Nestle, sem escola formal nomeada.;Wikidata;high;Museu Nacional de Belas Artes;medium;47.86046539;4.573734591;100.0;-22.9014475;-43.1789159;100.0;Enciclopédia Itaú Cultural;;high;;;;
Augusto Bracet;1881;1960;Brazil;Escola Nacional de Belas Artes;-22.8625055;-43.2256622;Rio de Janeiro;Rio de Janeiro;male;https://www.guiadasartes.com.br/augusto-bracet/biografia> https://pt.wikipedia.org/wiki/Augusto_Bracet;medium;na Europa estudou com Morelli e Louis Billoul> as fontes consultadas não especificam instituição formal;Wikidata;high;Museu Histórico Nacional;medium;-22.9014475;-43.1789159;100.0;-22.9014475;-43.1789159;100.0;Enciclopédia Itaú Cultural;;high;Wikidata > Ulan;Wikidata > Ulan;;high
Augusto Müller;1815;1883;Brazil;Academia Imperial de Belas Artes;-22.9071;-43.1829;Baden-Baden;Rio de Janeiro;male;https://pt.wikipedia.org/wiki/Augusto_M%C3%BCller | https://enciclopedia.itaucultural.org.br/pessoas/6590-august-muller;medium;As fontes indicam Debret como mestre.;Wikidata;high;Museu Nacional de Belas Artes;high;48.761793999;8.239951;100.0;-22.9014475;-43.1789159;100.0;Enciclopédia Itaú Cultural;;high;Wikidata;Wikidata;;high
Augusto Rodrigues Duarte;1848;1888;Brazil;Academia Imperial de Belas Artes > Escola Superior de Belas-Artes do Porto;-22.9071 > 41.15;-43.1829 > -8.610833;Portugal;Rio de Janeiro;male;https://pt.wikipedia.org/wiki/Augusto_Rodrigues_Duarte;medium;A fonte indica também estudos com Léon Gérôme em Paris.;Wikidata;high;;high;39.593139046;-8.51981299;100.0;-22.9014475;-43.1789159;100.0;Enciclopédia Itaú Cultural;;high;Wikidata;Wikidata;;high
Aurélie Herbet;1985;;France;Université Paris 1 Panthéon-Sorbonne > EnsadLab;48.85666666666667 > 48.8414;2.352222222222222 > 2.3441;France;;female;Université Paris 1 / bleuOrange;high;;FILE Festival (País de Origem);high;FILE;high;46.559417044;2.550539953;100.0;;;;;"atividade recente; sem óbito identificado";;site oficial da artista (CV);;"ano de nascimento explícito em CV oficial; óbito não localizado";high
Aurélio de Figueiredo;1854;1916;Brazil;Academia Imperial de Belas Artes;-22.9071;-43.1829;Areia;Rio de Janeiro;male;https://enciclopedia.itaucultural.org.br/pessoas/3417-aurelio-de-figueiredo> https://pt.wikipedia.org/wiki/Aur%C3%A9lio_de_Figueiredo;medium;em Florença estudou com Antonio Ciseri, Nicolò Barabino e Stefano Ussi> fontes consultadas não indicam escola formal nesse período;Wikidata;high;Museu Histórico Nacional;medium;-6.9660876;-35.6899708;100.0;-22.9014475;-43.1789159;100.0;Enciclopédia Itaú Cultural;;high;Wikidata;Wikidata;;high
Aurélio Zimmermann;1854;1920;Brazil;Escola de Belas Artes de Berlim > Hochschule für Bildende Künste Dresden;52.50916666666667 > 51.05284167;13.32694444444444 > 13.74244444;Germany;São Paulo;male;https://pt.wikipedia.org/wiki/Aur%C3%A9lio_Zimmermann;medium;;Wikidata;high;Museu Paulista;high;51.110631049;10.392277932;100.0;-23.5486657;-46.6382522;100.0;Catálogo das Artes / Itaú Cultural;;medium;Wikidata;Wikidata;;high
Autoria não identificada;;;;;;;;;;;;autoria não identificada no próprio registro;;;MAC USP;;;;;;;;;"autoria não identificada; sem pesquisa biográfica aplicável";;;;registro sem autoria identificada no campo creator;
Ava I-Wen Huang;;;Taiwan;New York University (NYU);40.729591;-73.996895;Taipei;;female;Cake profile / NYU ITP archive;high;;Wikidata;high;FILE;;25.0384125;121.5637046;100.0;;;;;"atividade recente; sem óbito identificado";;;;"pesquisa realizada; não localizei ano explícito de nascimento/morte em fonte confiável";
Ayanna Duran;;;;Universidade Federal de Goiás - Regional Jataí;-16.604916666667;-49.261138888889;;;female;Escavador;medium;fonte sugere vínculo com contexto indígena, mas sem base suficiente para preencher;;;Museu das Bandeiras;medium;;;;;;;;"atividade recente; sem óbito identificado";;;;"pesquisa realizada; não localizei ano explícito de nascimento/morte em fonte confiável";
Ayao Okamoto;1953;;Brazil;Fundação Armando Álvares Penteado (FAAP) > Escola de Comunicações e Artes da USP (ECA-USP);-23.5450155 > -23.55833333;-46.6630802 > -46.72694444;Assaí;;male;https://www.escavador.com/sobre/355844/ayao-okamoto | https://www.ayaookamoto.art.br/sobre;medium;As fontes indicam graduação em Artes Plásticas, mestrado e doutorado.;Wikidata;high;MAC USP;high;-23.377919;-50.8430309;100.0;;;;;"atividade recente; sem óbito identificado";;Wikidata;;;high
Aysha Abulfateh;;;Bahrain;American University of Sharjah;25.309722;55.490556;;;female;site oficial da artista / CV;high;fontes localizadas informam atuação em Bahrain e formação, sem local de nascimento explícito;;;FILE;;;;;;;;;"atividade recente; sem óbito identificado";;;;"pesquisa realizada; não localizei ano explícito de nascimento/morte em fonte confiável";
Benjamim Constant de Oliveira Neto;;;Brazil;student of Almeida Júnior;;;São Paulo;;male;https://enciclopedia.itaucultural.org.br/pessoas/18757-benjamim-constant-de-oliveira-neto;high;Nome resolvido por correspondência entre a assinatura da obra no MHN/Brasiliana e a autoridade da Enciclopédia Itaú Cultural. A fonte informa nascimento em São Paulo e relação formativa como aluno de Almeida Júnior, sem explicitar local ou instituição da formação.;https://enciclopedia.itaucultural.org.br/pessoas/18757-benjamim-constant-de-oliveira-neto;high;Museu Histórico Nacional;medium;-23.5486657;-46.6382522;100.0;;;;;Não localizei fonte auditável suficiente sobre local de morte nesta rodada.;;;;"pesquisa realizada; não localizei ano explícito de nascimento/morte em fonte confiável";
Barbara Schubert Spanoudis;1927;2023;Germany;studies with João Fahrion > studies with Yolanda Mohalyi and Ernesto Klasing > Academia de Artes de Düsseldorf; >  > 51.2283; >  > 6.7733;Dessau, Germany;;female;https://www.catalogodasartes.com.br/artista/B%EF%BF%BDrbara%20Schubert%20Spanoudis%20-%20Barbara%20Spanoudis/ | https://www.escritoriodearte.com/artista/barbara-schubert-spanoudis;medium;No CSV o creator está sem acento em 'Barbara'> mantida a grafia original do creator.;Museu de Arte do Parlamento de São Paulo;high;MAC USP;high;51.8333;12.25;;;;;;sem fonte auditável suficiente sobre local de morte;;;;;
Barkın Şimşek;;;Turkey;New York University Abu Dhabi;24.5239;54.4346;Ankara, Turkey;;male;FILE Festival;high;;site pessoal;high;FILE;;39.8965202;32.8619738;100.0;;;;;"atividade recente; sem óbito identificado";;;;"pesquisa realizada; não localizei ano explícito de nascimento/morte em fonte confiável";
Baron Lanteigne;1987;;Canada;;;;Canada;;male;;;biografias localizadas neste lote não informam formação;Artsy;medium;FILE;;60.10867;-113.64258;100.0;;;;;"atividade recente; sem óbito identificado";;Wikidata;;;high
Barthélemy Lauvergne;1805;1871;France;studies with Anne-Louis Girodet;48.85666666666667;2.333611111111112;Toulon;Carcès;male;https://en.wikipedia.org/wiki/Barth%C3%A9lemy_Lauvergne;medium;Não foi localizada academia formal específica nas fontes consultadas.;Wikidata;high;Museu Histórico Nacional;medium;43.12442;5.92836;100.0;43.476374453;6.181974647;100.0;Museo Nacional de Artes Visuales;;high;Wikidata > Ulan;Wikidata > Ulan;;high
Bas Jansen;;;Kingdom of the Netherlands;HKU University of the Arts Utrecht > University of Amsterdam;52.093031 > 52.3680;5.121089 > 4.8897;Netherlands;;male;Next Nature interview;medium;;FILE Festival (País de Origem);high;FILE;high;52.249375293;5.616126398;100.0;;;;;"atividade recente; sem óbito identificado";;;;"pesquisa realizada; não localizei ano explícito de nascimento/morte em fonte confiável";
Beat Suter;1962;;Switzerland;Universität Zürich;47.374722222222;8.5483333333333;Baden, Switzerland;;male;Zurich University of the Arts (ZHdK);high;;Kunstradio / Literaturhaus Graz;high;FILE;;47.465543336;8.288254058;100.0;;;;;"atividade recente; sem óbito identificado";;;;;
Bego M Santiago;1980;;Spain;Universitat Politècnica de València;39.48088957948802;-0.3411099306510339;Santiago de Compostela, Spain;;female;https://www.wikidata.org/wiki/Q65275069 | https://gl.wikipedia.org/wiki/Bego_M._Santiago;high;;Wikipedia (gl) / FIC KAKV;medium;FILE;;42.8806228;-8.5466071;100.0;;;;;"atividade recente; sem óbito identificado";;Wikidata;;;high
Belmiro Barbosa de Almeida Junior;1858;1935;Brazil;Liceu de Artes e Ofícios do Rio de Janeiro > Academia Imperial de Belas Artes;-22.91111111111111 > -22.9071;-43.20555555555556 > -43.1829;Serro, Minas Gerais, Brazil;Paris;male;https://enciclopedia.itaucultural.org.br/pessoas/6618-belmiro-de-almeida;high;na França frequentou o ateliê de Jules Joseph Lefebvre> datas não localizadas com segurança Studied at Jules Joseph Lefebvre's studio in Paris.;https://enciclopedia.itaucultural.org.br/pessoas/6618-belmiro-de-almeida;high;Pinacoteca de São Paulo;medium;-18.6047;-43.3794;100.0;48.856372814;2.352529617;100.0;Enciclopédia Itaú Cultural;variante nominal de Belmiro de Almeida;high;Wikidata;Wikidata;;high
Belmiro de Almeida;1858;1935;Brazil;Liceu de Artes e Ofícios do Rio de Janeiro > Academia Imperial de Belas Artes;-22.91111111111111 > -22.9071;-43.20555555555556 > -43.1829;Serro, Minas Gerais, Brazil;Paris;male;https://enciclopedia.itaucultural.org.br/pessoas/6618-belmiro-de-almeida;high;na França frequentou o ateliê de Jules Joseph Lefebvre> datas não localizadas com segurança Studied at Jules Joseph Lefebvre's studio in Paris.;https://enciclopedia.itaucultural.org.br/pessoas/6618-belmiro-de-almeida;high;Pinacoteca de São Paulo;medium;-18.6047;-43.3794;100.0;48.856372814;2.352529617;100.0;Enciclopédia Itaú Cultural;;high;Ulan;Ulan;;high
Ben Chang;;;United States;Walsh School of Foreign Service;38.907222222222;-77.072777777778;United States;;male;https://jcw.georgetown.edu/speaker/ben-chang/ | https://www.cfr.org/bios/ben-chang;high;;FILE Festival (País de Origem);high;FILE;;39.398703156;-99.41461919;100.0;;;;;"atividade recente; sem óbito identificado";;;;"pesquisa realizada; não localizei ano explícito de nascimento/morte em fonte confiável";
Ben Ozeri;;;;The Animation Workshop;56.4561;9.40611;;;male;FBF Animación;medium;fontes localizadas informam formação e atuação, sem local de nascimento explícito;;;FILE;;;;;;;;;"atividade recente; sem óbito identificado";;;;"pesquisa realizada; não localizei ano explícito de nascimento/morte em fonte confiável";
Benedito Calixto;1853;1927;Brazil;Académie des Beaux-Arts > Académie Julian;48.857222 > 48.871111;2.336889 > 2.341667;Itanhaém;São Paulo;male;Wikipédia;medium;fontes consultadas indicam formação inicial autodidata/ateliês em São Paulo;Wikidata;high;MASP;medium;-24.1831686;-46.7895176;100.0;-23.5486657;-46.6382522;100.0;Enciclopédia Itaú Cultural;;high;Ulan;Ulan;;high
Beniamino Parlagreco;1856;1902;Brazil;Accademia di Belle Arti di Napoli;40.8516;14.2512;Caltanissetta;Rio de Janeiro;male;https://pt.wikipedia.org/wiki/Beniamino_Parlagreco;medium;A fonte também menciona estudo com Domenico Morelli e Filippo Palizzi.;Wikidata;high;Pinacoteca de São Paulo;high;37.4899089;14.0632893;100.0;-22.9014475;-43.1789159;100.0;"Wikipédia; Catálogo das Artes";;medium;Wikidata;Wikidata;;high
Benjamin Lebourgeois;;;France;Supinfocom Rubika;50.35805555555555;3.523333333333333;France;;male;FILE Festival;high;;FILE Festival (País de Origem);high;FILE;high;46.559417044;2.550539953;100.0;;;;;"atividade recente; sem óbito identificado";;;;"pesquisa realizada; não localizei ano explícito de nascimento/morte em fonte confiável";
Benjamin Mary;1792;1846;Belgium;treinamento desde a infância com um tio, incluindo fundamentos de desenho e gravura;;;Province of Liège;Bagnères-de-Luchon;male;https://www.brasilianaiconografica.org.br/artigos/20213/o-diplomata-e-desenhista-benjamin-mary | https://pt.wikipedia.org/wiki/Benjamin_Mary> https://www.brasilianaiconografica.org.br/artigos/20213/o-diplomata-e-desenhista-benjamin-mary;medium;A fonte disponível descreve formação inicial familiar, sem escola formal nomeada.;Wikidata;high;Pinacoteca de São Paulo;medium;50.521163361;5.7405201;98.57;42.789181889;0.592557215;100.0;"Wikipédia; Guia das Artes";;medium;;;;
Benno Treidler;1857;1931;German Empire;Academia de Belas Artes de Berlim;52.516667;13.383333;Berlin;Rio de Janeiro;male;https://enciclopedia.itaucultural.org.br/pessoas/6622-benno-treidler;high;A fonte aberta também cita Christian Wilberg e Lechner como mestres.;Wikidata;high;Pinacoteca de São Paulo;high;52.517669999;13.405537999;100.0;-22.9014475;-43.1789159;100.0;Enciclopédia Itaú Cultural;;high;Wikidata > Ulan;Wikidata > Ulan;;high
Benoît Piccolini;;;Canada;studies in product design;;;Canada;;male;https://urbania.live/article/travail-de-vj-combiner-son-et-mouvement;medium;a fonte indica a área de estudo e o país, mas não nomeia a instituição;FILE Festival (País de Origem);high;FILE;low;60.10867;-113.64258;100.0;;;;;"atividade recente; sem óbito identificado";;;;"pesquisa realizada; não localizei ano explícito de nascimento/morte em fonte confiável";
Bento José Rufino Capinam;1791;1874;Brazil;training with Franco Velasco;-12.98305555555556;-38.49277777777777;Salvador;Salvador;male;https://pt.wikipedia.org/wiki/Bento_Jos%C3%A9_Rufino_Capinam;medium;A fonte disponível registra vínculo formativo com Franco Velasco, sem instituição formal nomeada.;Wikidata;high;;medium;-12.9641527;-38.5058208;100.0;-12.9641527;-38.5058208;100.0;Enciclopédia Itaú Cultural;;high;Wikidata;Wikidata;;high
Bernardo Cid;1925;1982;Brazil;self-taught;-23.5486657;-46.6382522;São Paulo, SP, Brazil;São Paulo;male;https://enciclopedia.itaucultural.org.br/pessoas/6148-bernardo-cid;high;;Enciclopédia Itaú Cultural;high;;high;-23.5486657;-46.6382522;;-23.5486657;-46.6382522;;"Bel Galeria; Enciclopédia Itaú Cultural";"Itaú omite local explícito; galeria indica idem";high;Wikidata > Ulan;Wikidata > Ulan;;high
Bernardo Loureiro;1898;1962;Brazil;Universidade de São Paulo (USP) > Parsons School of Design;-23.5596 > 40.7353;-46.7312 > -73.9946;Brazil;;male;https://archive.file.org.br/participantes/bernardo-loureiro/;high;"A biografia institucional do FILE confirma graduação em Arquitetura e Urbanismo pela USP e mestrado em Desenho Urbano pela Parsons; a Escola Superior de Belas-Artes de Lisboa foi removida.";FILE Festival (País de Origem);high;FILE;high;-10.769946429;-53.073466889;100.0;;;;;"atividade recente; sem óbito identificado";;;;;
Bernhard Wiegandt;1851;1918;Kingdom of Prussia;Akademie der Bildenden Künste München;48.153196;11.580312;Cologne;Bremen;male;https://pt.wikipedia.org/wiki/Bernhard_Wiegandt | https://www.brasilianaiconografica.art.br/autores/19894/bernhard-wiegandt> https://pt.wikipedia.org/wiki/Bernhard_Wiegandt;medium;A página também menciona aulas com Julius von Benczúr e Ludwig von Löfftz.;Wikidata;high;Museu Paulista;high;50.938106999;6.957068;100.0;53.075605999;8.809338;100.0;Enciclopédia Itaú Cultural;;high;Wikidata;Wikidata;;high
Bertha Worms;1868;1937;Brazil;École des Beaux-Arts de Paris > Académie Julian;48.853997 > 48.871111;2.333500 > 2.341667;Uckange;São Paulo;female;https://pt.wikipedia.org/wiki/Bertha_Worms> https://static.even3.com/anais/428011.pdf;medium;Datas baseadas em fontes biográficas e trabalho acadêmico sobre a artista.;Wikidata;high;Pinacoteca de São Paulo;medium;49.300628451;6.158524336;100.0;-23.5503944444;-46.6339472222;100.0;https://enciclopedia.itaucultural.org.br/pessoas/6634-bertha-worms;"Local de morte confirmado em verbete institucional; coordenadas ajustadas para o município de São Paulo.";high;Ulan;Ulan;;high
Bettina Vaz Guimarães;1961;;Brazil;Fundação Armando Álvares Penteado (FAAP);-23.5450155;-46.6630802;São Paulo, SP, Brazil;;female;Artsoul> Guia das Artes;medium;formação em Comunicação Visual/Artes Plásticas na FAAP> fontes convergem para 1982;Guia das Artes;medium;Museu Victor Meirelles;high;-23.5486657;-46.6382522;;;;;;"Fonte recente indica artista em atividade; local de morte não se aplica.";;Wikidata;;;high
Bill Domonkos;;;United States;Cleveland Institute of Art;41.5105;-81.6025;Toledo, Ohio;;male;https://vip.nmartproject.net/domonkos-bill/;medium;;VideoChannel Interview Project;medium;FILE;;41.655298;-83.535717;100.0;;;;;"Fonte recente/biografia institucional indica artista em atividade; local de morte não se aplica.";;;;"pesquisa realizada; não localizei ano explícito de nascimento/morte em fonte confiável";
Bill Psarras;1985;;Greece;Goldsmiths, University of London > Ionian University > University of the Arts London (UAL);51.474269444444445 > 39.62055556 > 51.5178;-0.03541111111111111 > 19.91555556 > -0.116389;Greece;;male;FILE Festival (biografia do artista);high;;FILE Festival;medium;FILE;;39.0;22.0;100.0;;;;;"Fonte recente/biografia universitária indica artista em atividade; local de morte não se aplica.";;;;;
Bin Kondo;1937;;;Tokyo University of the Arts;35.719578;139.772686;Anton, China;;male;fontes biográficas de referência;medium;instituição identificada em fontes secundárias;Enciclopédia Itaú Cultural;high;MAC USP;low;40.1292;124.3943;;;;;;Não localizei fonte auditável suficiente sobre local de morte nesta rodada.;;;;;
Binh Minh Herbst;1987;;Vietnam;Burg Giebichenstein Kunsthochschule Halle;51.5027;11.9549;Vietnam;;female;Burg Giebichenstein Kunsthochschule Halle;high;;FILE Festival;medium;FILE;;16.16667;107.83333;100.0;;;;;"Fonte recente indica artista em atividade; local de morte não se aplica.";;;;;
Bird Swarm;;;Portugal;;;;Funchal, Madeira;;male;;;biografia localizada informa pseudônimo e trajetória artística, sem formação explícita;FILE Festival;high;FILE;;32.6475379;-16.9050158;100.0;;;;;"Fonte recente indica atividade artística em curso; local de morte não se aplica.";;;;"pseudônimo identificado; sem ano biográfico explícito localizado";
Birk Von Brockdorff;;;Denmark;The Animation Workshop;56.4561;9.40611;Denmark;;male;MOME;medium;fonte biográfica identifica apenas o país> preenchimento mantido em nível de país.;MOME;medium;FILE;;55.959300779;10.053934054;100.0;;;;;"Fonte recente/site oficial indica artista em atividade; local de morte não se aplica.";;;;"pesquisa realizada; não localizei ano explícito de nascimento/morte em fonte confiável";
Bittler Bernard;;;France;self-taught;;;;;male;Bedetheque;medium;fontes localizadas informam residência e nacionalidade, não nascimento> autodidata mantido sem coordenadas> fontes localizadas indicam residência em Paris, mas também formação técnica formal, o que gera conflito;;;FILE;;;;;;;;;"Fonte recente/site autoral indica artista em atividade; local de morte não se aplica.";;;;"pesquisa realizada; não localizei ano explícito de nascimento/morte em fonte confiável";
Bjørn Svin;1975;;Kingdom of Denmark;;;;Ringsted, Denmark;;male;;;biografias localizadas neste lote não informam formação;Discogs / Wikipedia (fontes convergentes);medium;FILE;;55.457294990286;11.817460156874;100.0;;;;;"Fonte recente indica atividade musical em curso; local de morte não se aplica.";;;;;
Blake Marques Carrington;;;United States;Indiana University Bloomington > Syracuse University;39.167222 > 43.037638888889;-86.521389 > -76.134;Indiana, United States;;male;Pratt Institute (perfil institucional);high;biografia do FILE explicita o local de nascimento.;FILE Festival (biografia do artista);high;FILE;high;39.849426;-86.258278;;;;;;"Fonte recente/biografia universitária indica artista em atividade; local de morte não se aplica.";;;;"pesquisa realizada; não localizei ano explícito de nascimento/morte em fonte confiável";
Bo Mathorne;1986;;Kingdom of Denmark;The Drawing Academy > The Animation Workshop;56.4561 > 56.4561;9.40611 > 9.40611;Denmark;;male;FILE Festival (biografia do artista);high;;FILE Festival (biografia do artista);high;FILE;;55.959300779;10.053934054;100.0;;;;;"Fonte recente indica atividade autoral em curso; local de morte não se aplica.";;;;;
Bohyun Yoon;1976;;South Korea;Tama Art University;35.611933666075636;139.35045408465814;Seoul;;male;https://arts.vcu.edu/directory/bohyun-yoon/ | https://bohyunyoon.com/info.php;high;;Wikidata;high;FILE;;37.566;126.9784;100.0;;;;;"Fonte recente/biografia institucional indica artista em atividade; local de morte não se aplica.";;Wikidata;;;high
Bonnie Mitchell;;;United States;University of Oregon;44.044166666667;-123.07583333333;United States;;female;ACM SIGGRAPH History Archives;high;Ficha FILE explicita País de Origem.;FILE Archive — ficha de participante;high;FILE;high;39.398703156;-99.41461919;;;;;;"Fonte recente/biografia institucional indica artista em atividade; local de morte não se aplica.";;;;"pesquisa realizada; não localizei ano explícito de nascimento/morte em fonte confiável";
Boris du Boullay;1969;;France;Université Paris 8 Saint-Denis > Greta Sud Isère > Institut des Arts de Diffusion (IAD) > Université Paris-Sorbonne;48.944722222222 > 48.848333333333 > 50.6684 > 48.84861111111111;2.3633333333333 > 2.3427777777778 > 4.6114 > 2.343611111111111;France;;male;Viadeo;medium;FILE explicita “País de Origem: France”> preenchido em nível de país.;FILE Festival (País de Origem);high;FILE;high;46.559417044;2.550539953;100.0;;;;;"Fonte recente indica artista em atividade; local de morte não se aplica.";;Wikidata;;;high
Boris Labbé;1987;;France;École Supérieure d’Art et de Céramique de Tarbes > EMCA École des Métiers du Cinéma d’Animation;43.23642 > 45.6484;0.074619 > 0.1562;Lannemezan, France;;male;Cinemambiente | Expanded Animation;high;;Semaine de la Critique / Media Art Festival;high;FILE;;43.125425768;0.384017969;100.0;;;;;"Fonte recente indica produção/exibição recente; local de morte não se aplica.";;;;;
Boris Seewald;;;Germany;Filmarche > Berlin University;52.516666666667 > 52.516667;13.383333333333 > 13.383333;Germany;;male;Numeridanse;medium;;FILE Festival (País de Origem);high;FILE;;51.110631049;10.392277932;100.0;;;;;"Fonte recente/site oficial indica artista em atividade; local de morte não se aplica.";;;;"pesquisa realizada; não localizei ano explícito de nascimento/morte em fonte confiável";
Bramante Buffoni;1912;1989;Italy;Istituto Superiore per le Industrie Artistiche (ISIA), Monza;45.5845;9.2744;Giulianova, Teramo, Italy;São Paulo;male;https://dizionariodartesartori.it/artisti/buffoni-bramante | https://www.scielo.br/j/ars/a/FfXYSkhWtqqJqyXxpnWZVzR/;high;"instituição de formação associada à carreira gráfica em Milão. Fontes convergem para o ISIA de Monza; a Accademia di Belle Arti di Brera não foi confirmada.";Dizionario d’Arte Sartori;medium;MAC USP;medium;42.75;13.95;;-23.5503944444;-46.6339472222;100.0;https://acervos.ims.com.br/index.php/Detail/objects/556654;"Local de morte preenchido com base em registro institucional do acervo IMS; coordenadas ajustadas para o município de São Paulo.";high;Wikidata;Wikidata;;high
Brandon Blommaert;;;Canada;Alberta College of Art and Design;51.062;-114.091;Edmonton, Alberta, Canada;;male;FILE Festival;high;;Animafest / FILE Festival;high;FILE;;53.54545;-113.49014;100.0;;;;;"Fonte recente indica artista em atividade; local de morte não se aplica.";;;;"pesquisa realizada; não localizei ano explícito de nascimento/morte em fonte confiável";
Brandon Morse;1974;;United States;University of Wisconsin–Stevens Point > The Ohio State University;44.523036 > 40.0067;-89.560321 > -83.0305;Arlington, Texas;;male;University of Maryland (perfil institucional);high;;artnet;medium;FILE;;32.735594;-97.10711;100.0;;;;;"Fonte recente/biografia universitária indica artista em atividade; local de morte não se aplica.";;;;;
Brice Roy;;;France;Université de Technologie de Compiègne;49.400272222222;2.799775;France;;male;HAL (tese UTC);medium;;FILE Festival (País de Origem);high;FILE;high;46.559417044;2.550539953;100.0;;;;;"Fonte recente indica atuação artística em coletivo; local de morte não se aplica.";;;;"pesquisa realizada; não localizei ano explícito de nascimento/morte em fonte confiável";
Brit Bunkley;1955;;United States;Macalester College;44.93944444444445;-93.1686111111111;New York;;male;https://www.britbunkley.com/about | https://en.wikipedia.org/wiki/Brit_Bunkley;medium;;Wikidata;high;FILE;;40.7130466;-74.0072301;100.0;;;;;"Fonte recente/site autoral indica artista em atividade; local de morte não se aplica.";;Wikidata;;;high
Bruno Borne;1979;;Brazil;Universidade Federal do Rio Grande do Sul (UFRGS);-30.033611;-51.219167;Porto Alegre, RS;;male;Galeria Mamute / perfil institucional;low;;Fundação Vera Chaves Barcellos;high;FILE;;-30.027679;-51.2286404;100.0;;;;;"Fonte recente/biografia institucional indica artista em atividade; local de morte não se aplica.";;;;;
Bruno Cassinari;1912;1992;Italy;Accademia di Belle Arti di Brera > Istituto Gazzola > Umanitaria > escola do Castello Sforzesco;45.47222222 > 45.05524 > 45.47222222 > 45.47222222;9.18888889 > 9.68822 > 9.18888889 > 9.18888889;Piacenza;Milan;male;https://galleriamichelangelo.it/en/artista/275/bruno-cassinari/bio;high;Biografia de galeria documenta a sequência formativa em Piacenza e Milão e explicita o período da Brera.;Wikidata;high;MAC USP;medium;45.0537735;9.6951421;100.0;45.4669444444;9.19;100.0;https://www.treccani.it/enciclopedia/bruno-cassinari/;"Local de morte mantido com base em verbete Treccani; coordenadas ajustadas para o comune de Milan.";high;Ulan;Ulan;;high
Bruno Dunley;1984;;Brazil;Faculdade Santa Marcelina (FASM) > Senac São Paulo;-23.550394 > -23.669369;-46.633947 > -46.700551;Petrópolis, RJ, Brazil;;male;https://dasartes.com.br/artistas/bruno-dunley/;high;As fontes vistas confirmam as instituições, mas não trazem no trecho datas precisas de frequência.;Editora Cobogó;medium;MAC USP;medium;-22.5097992;-43.1753928;;;;;;"Fonte recente/site oficial indica artista em atividade; local de morte não se aplica.";;;;;
Bruno Martelli;;;United Kingdom;Central Saint Martins;51.5353;-0.1253;United Kingdom;;male;Computer Arts Society;medium;FILE explicita “País de Origem: United Kingdom”> preenchido em nível de país.;FILE Festival (País de Origem);high;FILE;high;53.408386605;-1.969559544;100.0;;;;;"Fonte recente indica artista em atividade; local de morte não se aplica.";;;;"pesquisa realizada; não localizei ano explícito de nascimento/morte em fonte confiável";
Bruno Ministro;1988;;Portugal;Faculdade de Letras da Universidade de Coimbra > Faculdade de Ciências Sociais e Humanas da Universidade Nova de Lisboa;40.2074 > 38.74049;-8.4265 > -9.150902;Portugal;;male;FILE Festival (biografia do artista);high;;A Glimpse Of;medium;FILE;;39.593139046;-8.51981299;100.0;;;;;"Fonte recente/biografia universitária indica pesquisador/artista em atividade; local de morte não se aplica.";;Wikidata;;;high
Bruno Saetti;1902;1984;Italy;Accademia di Belle Arti di Bologna;44.497811111111;11.353188888889;Bologna;Bologna;male;EmporiumArt biography;medium;;Wikidata;high;MAC USP;medium;44.4941903;11.3465185;100.0;44.4938888889;11.3427777778;100.0;https://www.treccani.it/enciclopedia/bruno-saetti/;"Local de morte mantido com base em verbete Treccani; coordenadas ajustadas para o comune de Bologna.";high;Wikidata > Ulan;Wikidata > Ulan;;high
Bryn Oh;;;Canada;Ontario College of Art and Design > Toronto School of Art > Seneca College;43.653056 > 43.670277777778 > 43.79395;-79.391194 > -79.386666666667 > -79.349047222222;Toronto, Canada;;female;FILE Festival (biografia da artista);high;;Patreon oficial da artista;low;FILE;;43.653524;-79.383907;100.0;;;;;"Fonte recente indica artista em atividade; local de morte não se aplica.";;;;"nome artístico; sem ano biográfico explícito localizado";
Burcu Sankur;;;Turkey;Supinfocom Rubika;50.35805555555555;3.523333333333333;Istanbul, Turkey;;female;Acme Filmworks (biografia);medium;;FILE Festival;high;FILE;;41.0129952;28.9747973;100.0;;;;;"Fonte recente indica artista em atividade; local de morte não se aplica.";;;;"pesquisa realizada; não localizei ano explícito de nascimento/morte em fonte confiável";
Byron Browne;1907;1961;United States;National Academy of Design > studies with Hans Hofmann;40.737694 > ;-73.98675 > ;Yonkers;New York;male;https://en.wikipedia.org/wiki/Byron_Browne_%28artist%29> https://www.caldwellgallery.com/artists/byron-browne/biography;medium;Formação combinou academia formal e estudos posteriores com Hofmann.;Wikidata;high;MAC USP;high;40.930794;-73.898294;100.0;40.7127777778;-74.0061111111;100.0;https://americanart.si.edu/artist/byron-browne-621;"Local de morte mantido com base em verbete do Smithsonian; coordenadas ajustadas para New York City.";high;Ulan;Ulan;;high
Bárbara Cani;;;Brazil;Universidade Federal do Espírito Santo > Accademia Europea di Firenze;-20.2766256 > 43.771388888889;-40.3036766 > 11.254166666667;Brazil;;female;site oficial da artista | FILE Festival;high;FILE explicita “País de Origem: Brazil”> preenchido em nível de país.;FILE Festival (País de Origem);high;FILE;high;-10.769946429;-53.073466889;100.0;;;;;"Fonte recente/site autoral indica artista em atividade; local de morte não se aplica.";;;;"pesquisa realizada; biografia e portfólio sem ano explícito de nascimento/morte.";
Béatrice Viguier;;;France;Supinfocom Rubika;50.35805555555555;3.523333333333333;France;;female;FILE Festival (biografia da artista);high;FILE explicita “País de Origem: France”> preenchido em nível de país.;FILE Festival (País de Origem);high;FILE;high;46.559417044;2.550539953;100.0;;;;;"Fonte recente indica artista em atividade; local de morte não se aplica.";;;;"pesquisa realizada; biografia de grupo sem ano biográfico explícito localizado.";
C. Bacchi;;;;;;;;;;;;"assinatura/nome parcial; não foi possível desambiguar com segurança";;;;;;;;;;;;"Nome abreviado; identidade não desambiguada com segurança.";;;;"nome abreviado; sem desambiguação segura do artista.";
C. Castro;;;;;;;;;;;;"assinatura/nome parcial; não foi possível desambiguar com segurança";;;;;;;;;;;;"Nome abreviado; identidade não desambiguada com segurança.";;;;"nome abreviado; sem desambiguação segura do artista.";
Carlos Linde;1830;1873;Germany;;;;Germany;Rio de Janeiro;male;;;Nome resolvido por fonte institucional, que confirma C. Linde como variante de Carlos Linde/Karl Linde. Formação artística não preenchida porque as fontes consultadas não informam escola ou mestre com segurança.;https://enciclopedia.itaucultural.org.br/pessoas/7061-carlos-linde | https://www.brasilianaiconografica.art.br/autores/18537/carlos-linde;high;Museu Casa da Hera;medium;51.110631049;10.392277932;100.0;-22.9111111111;-43.2055555556;100.0;https://enciclopedia.itaucultural.org.br/pessoas/7061-carlos-linde | https://www.brasilianaiconografica.art.br/autores/18537/carlos-linde;Local de morte preenchido a partir de fonte institucional. Local de nascimento preservado em nível de país, pois as fontes indicam Alemanha sem cidade específica.;high;Enciclopédia Itaú Cultural;Enciclopédia Itaú Cultural;fonte institucional indica nascimento ca.1830.;medium
C130;;;;;;;;;male;;;nome artístico ou identidade civil não confirmada com segurança;;;FILE;;;;;;;;;Pseudônimo/assinatura sem identificação biográfica segura.;;;;"pseudônimo/sigla; sem identificação civil segura.";
Caciporé Torres;1935;;Brazil;Université de Paris (Sorbonne);48.848333333333;2.3427777777778;Araçatuba;;male;Wikipédia;medium;cursos de História da Arte e Civilização Francesa;Wikidata;high;MAC USP;medium;-21.2109137;-50.4259918;100.0;;;;;Não localizei fonte auditável suficiente sobre local de morte nesta rodada.;;Wikidata;;;high
Cadmo Fausto de Sousa;1901;1983;Brazil;Escola Nacional de Belas Artes > Académie de la Grande Chaumière;-22.8625055 > 48.842342;-43.2256622 > 2.330848;Rio de Janeiro, RJ, Brazil;Rio de Janeiro;male;https://pt.wikipedia.org/wiki/Cadmo_Fausto_de_Sousa | https://www.diniznumismatica.com/2021/02/cadmo-fausto-o-artista-dos-cruzeiros-1.html;medium;;Pinacoteca Barão de Santo Ângelo/UFRGS;high;Museu Histórico Nacional;high;-22.9014475;-43.1789159;;-22.9111111111;-43.2055555556;100.0;"https://pt.wikipedia.org/wiki/Cadmo_Fausto_de_Sousa ; https://www.escritoriodearte.com/artista/cadmo-fausto";"Local de morte preenchido a partir de fontes secundárias convergentes; coordenadas ajustadas para o município do Rio de Janeiro.";medium;;;;
Caetano de Almeida;1964;;Brazil;Academia Imperial de Belas Artes > Fundação Armando Álvares Penteado (FAAP) > printmaking studios of the Pinacoteca do Estado de São Paulo;-22.9071 > -23.5450155 > -23.5343;-43.1829 > -46.6630802 > -46.6339;Rio de Janeiro;;male;https://www.guiadasartes.com.br/caetano-de-almeida> https://enciclopedia.itaucultural.org.br/pessoas/2090-caetano-de-almeida;high;Formação formal na FAAP e complementação nos ateliês de gravura da Pinacoteca.;Wikidata;high;MAC USP;high;-22.9014475;-43.1789159;100.0;;;;;"Fonte recente/biografia oficial indica artista em atividade; registro prévio de local de morte removido.";;Ulan;;;high
Caetano Luiz de Miranda;1774;1837;;probable training with José Soares de Araújo;;;Arraial do Tijuco (Diamantina, MG), Brazil;;male;Estudo acadêmico sobre Caetano Luiz de Miranda e Andrea Pozzo;medium;"Probable training with José Soares de Araújo; the birth year 1774 is approximate.";Arquivos do Museu de História Natural e Jardim Botânico da UFMG;high;Museu do Diamante;low;-18.2486;-43.6;;;;;;óbito não localizado em fonte auditável;;UFMG / Toponímia Histórica Mineira;UFMG / artigo biográfico;fonte acadêmica trata o nascimento como em torno de 1774.;medium
Caetano Luiz de Miranda (?);1774;1837;;probable training with José Soares de Araújo;;;Arraial do Tijuco (Diamantina, MG), Brazil;;male;Estudo acadêmico sobre Caetano Luiz de Miranda e Andrea Pozzo;medium;"Probable training with José Soares de Araújo; the birth year 1774 is approximate.";Arquivos do Museu de História Natural e Jardim Botânico da UFMG;high;Museu do Diamante;low;-18.2486;-43.6;;;;;;óbito não localizado em fonte auditável;;UFMG / Toponímia Histórica Mineira;UFMG / artigo biográfico;fonte acadêmica trata o nascimento como em torno de 1774.;medium
Camila Kamimura;;;Brazil;graduação em Rádio, TV e Internet;;;São Paulo;;female;https://www.behance.net/camilakamimura;medium;"formação informada em perfil profissional autodeclarado; instituição não identificada";Wikidata;high;FILE;low;-23.5486657;-46.6382522;100.0;;;;;fonte recente indica artista em atividade;;;;"pesquisa realizada; biografia sem ano explícito de nascimento/morte.";
Camille Burdy;;;France;ARIES School of Graphic and Motion Design;48.856667;2.352222;France;;female;Ruffled Crow / créditos do filme escolar;medium;;FILE Festival (País de Origem);high;FILE;high;46.559417044;2.550539953;100.0;;;;;sem óbito identificável em fonte consultada;;;;"pesquisa realizada; biografia sem ano explícito de nascimento/morte.";
Camille Graeser;1892;1980;Switzerland;State Academy of Fine Arts Stuttgart > Königliche Kunstgewerbeschule;48.7775 > 48.1375;9.18 > 11.575;Carouge;Wald;male;https://legacy.vonbartha.com/artists/camille-graeser/;high;Curso identificado como mobiliário e design de interiores.;Wikidata;high;MAC USP;high;46.181758875;6.139965114;100.0;47.275597293;8.911770999;100.0;Camille Graeser Stiftung;;high;Ulan;Ulan;;high
Camille Kachani;1963;;Lebanon > Brazil;training in photography and painting > studies in Economics and History (institutions not identified in the source);>;>;Beirut, Lebanon;;male;https://pt.wikipedia.org/wiki/Camille_Kachani;medium;As áreas de formação aparecem na fonte, mas sem nome de instituição> mantida redação conservadora.;Editora Cobogó;medium;MAC USP;low;33.88863;35.49548;;;;;;fonte recente indica artista em atividade;;Wikidata > Ulan;;;high
Camilo Colmenares;1976;;Colombia;National University of Colombia > Academy of Media Arts Cologne (KHM);4.6355555555556 > 50.93475582568144;-74.082777777778 > 6.962159950772375;Bogotá, Colombia;;male;Animafest | KHM | FILE Festival;high;;ISM ISM ISM / Deutsche Biographie;high;FILE;;4.6068824;-74.071837;100.0;;;;;fonte recente indica artista em atividade;;;;;
Camilo Giraldo Angel;;;Colombia;Instituto Superior de Arte, La Habana;23.088783;-82.446802;Pereira;;male;biografia oficial do artista;medium;;Wikidata;high;FILE;;4.812216;-75.6920466;100.0;;;;;fonte recente indica artista em atividade;;;;"pesquisa realizada; biografia consultada sem ano biográfico explícito.";
Camilo Herminda;1972;;Colombia;Jorge Tadeo Lozano University > National University of Córdoba > University of Caldas;4.606805555555556 > -31.4375 > 5.05611;-74.06755555555556 > -64.18777778 > -75.4928;Colombia;;male;ISEA Symposium Archives;high;FILE explicita “País de Origem”> preenchido em nível de país.;FILE Festival (País de Origem);high;FILE;;3.901115804;-73.075754924;100.0;;;;;"possível variação gráfica; fonte recente indica atividade";;;;;
Campos Ayres;1881;1944;Brazil;initial self-taught training > Pensionato Artístico do Estado de São Paulo > Académie Julian;>  > 48.871111;>  > 2.341667;Itapetininga;São Paulo;male;https://www.ufrgs.br/acervopbsa/autor_/campos-ayres-diogenes/ | https://pt.wikipedia.org/wiki/Campos_Ayres;medium;As fontes também citam aulas com Henry Royer, Robert Fleury/Tony Robert-Fleury e Jean-Paul Laurens em Paris.;Wikidata;high;Museu Paulista;high;-23.5905428;-48.0534686;100.0;-23.5486657;-46.6382522;;Enciclopédia Itaú Cultural;;high;Wikidata > Ulan;Wikidata > Ulan;;high
Candido Portinari;1903;1962;Brazil;Escola Nacional de Belas Artes;-22.862506;-43.225662;Brodowski;Rio de Janeiro;male;Projeto Portinari;medium;;Wikidata;high;MAC USP;high;-20.9904425;-47.6579131;100.0;-22.9014475;-43.1789159;100.0;Enciclopédia Itaú Cultural;;high;Ulan;Ulan;;high
Carl Burton;;;;;;;;;male;;;local de nascimento não localizado em fonte auditável;;;FILE;;;;;;;;;fonte recente indica artista em atividade;;;;"homônimo provável; sem desambiguação segura do artista do FILE.";
Carl Emil Carlsen;1982;;Kingdom of Denmark;Designskolen Kolding;55.4862;9.4803;Denmark;New York;male;Worksome;medium;;cec.dk;medium;FILE;;55.959300779;10.053934054;100.0;40.7130466;-74.0072301;;National Gallery of Art;;high;;;;
Carl Friedrich Philipp von Martius;1794;1868;Kingdom of Bavaria;Friedrich-Alexander-Universität Erlangen-Nürnberg > Royal Bavarian Academy;49.5979 > 48.153196;11.0046 > 11.580312;Erlangen;Munich;male;https://arquivo.acad-ciencias.pt/details?detailsType=Authority&id=20910 | https://www.britannica.com/biography/Karl-Friedrich-Philipp-von-Martius;high;Creator tratado como botânico/ilustrador-viajante> dados de formação acadêmica são bem documentados.;Wikidata;high;Coleção Brasiliana Itaú;high;49.595132999;11.00498;100.0;48.143438999;11.573599;100.0;Britannica;;high;;;;
Carl Morris;1911;1993;United States;School of the Art Institute of Chicago (SAIC) > Chicago Art Institute > Kunstgewerbeschule > Vienna Academy of Fine Art;41.879444 > 41.87944444444445 > 48.201388888889 > 48.201388888889;-87.623889 > -87.62388888888889 > 16.365277777778 > 16.365277777778;Yorba Linda;;male;https://www.usbr.gov/museumproperty/art/biomorri.html;high;datas não localizadas na fonte consultada;Wikidata;high;MAC USP;medium;33.888526;-117.824314;100.0;;;;;local de morte não confirmado em fonte robusta;;Ulan;Ulan;;high
Carla Gannis;1970;;United States;Boston University College of Fine Arts;42.34888888888889;-71.10027777777778;Oxford;;female;https://www.carlagannis.com/html/cv.html | https://en.wikipedia.org/wiki/Carla_Gannis;medium;;Wikidata;high;FILE;;51.751982657;-1.257628623;100.0;;;;;fonte recente indica artista em atividade;;;;;
Carlito Contini;1960;;Brazil;Fundação Armando Álvares Penteado (FAAP) > Escola de Comunicações e Artes da Universidade de São Paulo (ECA-USP);-23.5450155 > -23.56012;-46.6630802 > -46.72985;São Paulo;;male;https://www.iea.usp.br/pessoas/pasta-pessoac/carlito-contini | https://carlitocontini.com/arquivos/cv2.pdf;high;dados recuperados de base auxiliar> datas não localizadas. Fontes confirmam licenciatura na FAAP e mestrado em Poéticas Visuais na ECA-USP.;Wikidata;high;MAC USP;high;-23.5486657;-46.6382522;100.0;;;;;fonte recente indica artista em atividade;;Wikidata > Ulan;;;high
Carlo Carrà;1881;1966;Italy;Accademia di Belle Arti di Brera;45.472222;9.188889;Quargnento;Milan;male;https://www.britannica.com/biography/Carlo-Carra;high;Fontes consultadas indicam estudo breve na academia e forte componente autodidata.;Wikidata;high;MAC USP;medium;44.9459444;8.4881296;100.0;45.4636183;9.1881156;100.0;Treccani;;high;Ulan;Ulan;;high
Carlo De Servi;1871;1947;Brazil;Escola de Belas Artes de Lucca > studies in Rome with Alfredo Norfini;43.85 > ;10.516667 > ;Lucca;Lucca;male;https://pt.wikipedia.org/wiki/Carlo_De_Servi | https://www.catalogodasartes.com.br/artista/Carlo%20de%20Servi/;medium;;Wikidata;high;Museu Paulista;high;43.8430139;10.507994;100.0;43.8430139;10.507994;100.0;Enciclopédia Itaú Cultural;corrigido de Rome para Lucca;high;Wikidata > Ulan;Wikidata > Ulan;;high
Carlos Alberto Carneiro Asp;1949;;Brazil;Universidade Federal do Rio Grande do Sul (UFRGS) > CEART/UDESC (Educação Artística – Artes Plásticas);-30.033611 > -27.60111111;-51.219167 > -48.52;Porto Alegre;;male;MASC> UDESC;high;bacharel em Artes Plásticas pela UFRGS e licenciado em Educação Artística pelo CEART/UDESC> datas não localizadas;Wikidata;high;Museu Victor Meirelles;high;-30.027679;-51.2286404;100.0;;;;;fonte recente indica artista em atividade;;Wikidata;;;high
Carlos Aliseris;1898;1974;Uruguay;Escuela Industrial Nº1 de Montevideo;-34.90591666666667;-56.19131111111111;Montevideo;Montevideo;male;https://arte.parlamento.gub.uy/autor/view/258;medium;frequenta aulas de modelado com Luis Falcini;Wikidata;high;MAC USP;medium;-34.9055557;-56.1852505;100.0;-34.9055557;-56.1852505;100.0;Arte Activo / museos.gub.uy;;high;;;;
Carlos Antônio Botelho;1899;1982;;Liceu Pedro Nunes > violin studies > Faculdade de Belas Artes;38.71659 > 38.708042 > 38.708042;-9.158899 > -9.139016 > -9.139016;;Lisbon;;https://raiz.museusemonumentos.pt/DetalhesAutor?authorId=68129;high;fonte consultada refere-se ao pintor português Carlos Botelho;;;;high;;;;38.7070085;-9.1356407;;RAIZ – Museus e Monumentos de Portugal;;high;;;;
Carlos Balliester;1874;1926;Brazil;studies with Auguste Petit;-22.91111111111111;-43.20555555555556;Rio de Janeiro;Rio de Janeiro;male;https://pt.wikipedia.org/wiki/Carlos_Balliester | https://www.netsaber.com.br/biografias/biografia-3563/biografia-de-carlos-balliester;medium;A formação aberta recuperável é o estudo com Auguste Petit.;Wikidata;high;Museu Histórico Nacional;medium;-22.9014475;-43.1789159;100.0;-22.9014475;-43.1789159;100.0;Enciclopédia Itaú Cultural;;high;Wikidata;Wikidata;;high
Carlos Chambelland;1884;1950;Brazil;Escola Nacional de Belas Artes > Liceu de Artes e Ofícios do Rio de Janeiro;-22.8625055 > -22.91111111111111;-43.2256622 > -43.20555555555556;Rio de Janeiro;Rio de Janeiro;male;https://www.guiadasartes.com.br/carlos-chambelland/biografia> https://pt.wikipedia.org/wiki/Carlos_Chambelland;medium;em Paris frequentou o ateliê de Puvis de Chavannes> a fonte não traz escola formal para esse período;Wikidata;high;Museu Histórico Nacional;medium;-22.9014475;-43.1789159;100.0;-22.9014475;-43.1789159;100.0;Enciclopédia Itaú Cultural;;high;Wikidata > Ulan;Wikidata > Ulan;;high
Carlos Delfino;1964;;Argentina;studio of Carlos Fajardo;-23.5331446;-46.6267577;Santa Fe;;male;https://www.catalogodasartes.com.br/artista/Carlos%20Delfino/;medium;estudo em ateliê> escola formal não localizada;Wikidata;high;MAC USP;medium;-31.6333;-60.7000;100.0;;;;;homônimo não desambiguado com segurança;;;;;
Carlos Franklin;1979;;Colombia;Universidad de los Andes > Le Fresnoy – Studio national des arts contemporains;4.6011 > 50.7001129;-74.0660 > 3.1547097;Colombia;;male;FMSH | FILE Festival;high;;FMSH / FILE Festival;high;FILE;;3.901115804;-73.075754924;100.0;;;;;fonte recente indica artista em atividade;;;;;
Carlos Lima;;;;;;;;;male;;;A fonte indica início da pintura incentivado por Carlos Scliar, sem escola formal nomeada.;;;;medium;;;;;;;;homônimo não desambiguado com segurança;;;;homônimo não desambiguado com segurança.;
Carlos Mendonça;1939;2016;Portugal;Escola Veiga Beirão > dance studies with Ruth Asvin, Anna Mascolo and Isabel Santa Rosa > Estúdios Vaquer > studies with Jacques Van de Veld > Ealing College of Art;38.711944 >  >  >  > 51.5064;-9.140833 >  >  >  > -0.3052;Lisbon;Lisbon;male;https://pt.wikipedia.org/wiki/Carlos_Mendon%C3%A7a | https://www.bertrand.pt/autor/carlos-mendonca/3384784 | https://www.revistadadanca.com/2457/;medium;Formação artística combinada entre teatro, dança clássica e desenho/história do traje.;Wikidata;high;Museu de Arte Religiosa e Tradicional;high;38.7070085;-9.1356407;100.0;38.7070085;-9.1356407;100.0;https://pt.wikipedia.org/wiki/Carlos_Mendon%C3%A7a;Identity confirmed as José Carlos dos Santos Mendonça, a Portuguese artist who died in Lisbon in 2016.;medium;Wikidata;Wikidata;;high
Carlos Mérida;1891;1985;Guatemala;Académie Colarossi;48.842222222222;2.3308333333333;Guatemala City;Mexico City;male;Wikipédia;medium;identificado como artista;Wikidata;high;MAC USP;medium;14.64198;-90.51324;100.0;19.430457906;-99.141684761;100.0;MUNAE / INBAL;fontes divergem no ano, não no local;medium;Ulan;Ulan;;high
Carlos Prado;1908;1992;Brazil;Escola Politécnica de São Paulo;-23.56012;-46.72985;São Paulo;São Paulo;male;https://pt.wikipedia.org/wiki/Carlos_da_Silva_Prado;medium;"instituição identificada em fontes sumárias. A fonte localizada indica formação em engenharia-arquitetura na Escola Politécnica de São Paulo; o Liceu de Artes e Ofícios foi removido.";Wikidata;high;MAC USP;low;-23.5486657;-46.6382522;100.0;-23.5486657;-46.6382522;100.0;Enciclopédia Itaú Cultural;;high;Ulan;Ulan;;high
Carlos Reis;1863;1940;Portugal;Academia de Belas-Artes de Lisboa;38.708042;-9.139016;Torres Novas;Coimbra;male;https://arteweek.blogspot.com/2020/09/o-naturalismo-de-carlos-reis.html | https://pt.wikipedia.org/wiki/Carlos_Ant%C3%B3nio_Rodrigues_dos_Reis> https://arteweek.blogspot.com/2020/09/o-naturalismo-de-carlos-reis.html;medium;A fonte consultada aponta Carlos Reis como discípulo de Silva Porto.;Wikidata;high;Museu Nacional de Belas Artes;medium;39.505553540741;-8.550812193704;100.0;40.211491;-8.4292014;100.0;e-cultura;;high;Ulan;Ulan;;high
Carlos Scliar;1920;2001;Brazil;classes with Gustav Epstein;-30.033611111111;-51.219166666667;Santa Maria;Rio de Janeiro;male;Wikipédia;medium;formação artística inicial por aulas, não por instituição formal;Wikidata;high;MAC USP;low;-29.6842;-53.8069;100.0;-22.9014475;-43.1789159;100.0;Enciclopédia Itaú Cultural;;high;Wikidata > Ulan;Wikidata > Ulan;;high
Carlos Vázquez Úbeda;1869;1944;Spain;initial training with Joaquín Herrer y Rodríguez > Real Academia de Bellas Artes de San Fernando > studies with Léon Bonnat; > 40.4178 > ; > -3.7007 > ;Ciudad Real;Barcelona;male;https://www.museodelprado.es/coleccion/artista/vazquez-ubeda-carlos/a81a11e7-5afa-459b-83af-ea6ef9c8c7c3 | https://en.wikipedia.org/wiki/Carlos_V%C3%A1zquez_%C3%9Abeda;medium;;Wikidata;high;MASP;high;38.9861041;-3.9272645;100.0;41.387917;2.1699187;100.0;Museo del Prado;;high;Wikidata > Ulan;Wikidata > Ulan;;high
Carlos Zilio;1944;;Brazil;Universidade Federal do Rio de Janeiro (UFRJ) > Instituto de Belas Artes do Rio de Janeiro;-22.8625 > -22.91111111111111;-43.223888888889 > -43.20555555555556;Rio de Janeiro;;male;Wikipédia;medium;identificado como artista> período aproximado;Wikidata;high;MAC USP;medium;-22.9014475;-43.1789159;100.0;;;;;fonte recente indica artista em atividade;;Wikidata > Ulan;;;high
Carmela Gross;1946;;Brazil;Fundação Armando Álvares Penteado (FAAP);-23.5450155;-46.6630802;São Paulo;;female;Wikipédia> Enciclopédia Itaú Cultural;high;identificado como artista> data final de graduação localizada;Wikidata;high;MAC USP;high;-23.5486657;-46.6382522;100.0;;;;;fonte recente indica artista em atividade;;Ulan;;;high
Carmen Gil Vrolijk;;;Colombia;Universidad de los Andes > Pontificia Universidad Javeriana;4.62894444 > 4.62894444;-74.06485 > -74.06485;;;female;CvLAC / Voltaje;medium;fontes localizadas informam atuação e residência em Bogotá, não nascimento;;;FILE;;;;;;;;;fonte recente indica artista em atividade;;;;"pesquisa realizada; perfis institucionais sem ano explícito de nascimento/morte.";
Carmélio Cruz;1924;2018;Brazil;training with the master Jacinto de Souza;;;Canindé, CE, Brazil;;male;https://enciclopedia.itaucultural.org.br/pessoas/3411-carmelio-cruz;high;Fonte registra aprendizado com mestre, não instituição formal.;https://enciclopedia.itaucultural.org.br/pessoas/3411-carmelio-cruz;high;MAC USP;medium;-4.3581;-39.3117;;;;;;fonte consultada sem local de morte explícito;;;;;
Carolus Duran;1837;1917;France;École des beaux-arts de Lille > Académie de Lille > studio of François Souchon > Académie Suisse;50.631944 > 50.631944444444 >  > 48.8545;3.0575 > 3.0575 >  > 2.3446;Lille;Paris;male;https://pt.wikipedia.org/wiki/Carolus-Duran> https://iamasf.org/art/artists/carolus-duran/;medium;formação combinando academia local, estudo em ateliê e frequência posterior à Académie Suisse;Wikidata;high;Museu Casa da Hera;medium;50.6304582;3.071339915;100.0;48.8566666667;2.3522222222;100.0;Musée d’Orsay;normalizado de arrondissement para cidade;high;;;;
CaRTe bLaNChe: Tanaami;1936;2024;Japan;Musashino Art University;35.72611111;139.4475;Tokyo, Japan;;male;The National Art Center, Tokyo;medium;;The National Art Center, Tokyo;high;FILE;;35.68945633;139.69171609;100.0;;;;;"registro nominal não padronizado; não desambiguado";;;;;
Carybé;1911;1997;Brazil;Escola Nacional de Belas Artes;-22.862506;-43.225662;Lanús;Salvador;male;Escritório de Arte> Wikipédia;medium;também completou estudos secundários no Rio de Janeiro;Wikidata;high;MAC USP;medium;-34.6955253;-58.4076546;100.0;-12.9641527;-38.5058208;100.0;Libraries Australia authority;;medium;Ulan;Ulan;;high
Castan C.;;;;;;;;;;;;identificação incompleta> não foi possível desambiguar com segurança;;;Museu Casa da Hera;;;;;;;;;registro nominal do acervo não desambiguado com segurança;;;;;
Cedric Yon;;;;Pratt Institute;40.691111;-73.963889;;;male;Saatchi Art;medium;homônimos recorrentes em fontes abertas> local de nascimento não desambiguado com segurança;;;FILE;;;;;;;;;fonte recente indica artista em atividade;;;;"pesquisa realizada; perfil consultado sem ano biográfico explícito.";
Celina Portella;1977;;Brazil;Pontifícia Universidade Católica do Rio de Janeiro (PUC-RJ) > Université Paris 8 Saint-Denis;-22.97868 > 48.944722222222;-43.232819 > 2.3633333333333;Rio de Janeiro, Rio de Janeiro, Brazil;;female;FILE Festival;high;;Itaú Cultural / Zipper Galeria;high;FILE;;-22.9014475;-43.1789159;100.0;;;;;fonte recente indica artista em atividade;;;;;
Chan Stéphie Peang;;;;Supinfocom Rubika;50.35805555555555;3.523333333333333;;;female;FILE Festival;high;fontes localizadas informam formação e atuação, sem local de nascimento explícito;;;FILE;;;;;;;;;fonte consultada sem local de morte explícito;;;;"pesquisa realizada; biografia de grupo sem ano biográfico explícito localizado.";
Charles Frederic Le Brun;1811;1871;Switzerland;;;;Colmar;Veysonnaz;male;;;"The record corresponds to Charles-Frédéric Brun, known as Le Déserteur; no documented academic education or training with identified masters was located.";Wikidata;high;Museu Regional São João Del Rey;medium;48.079343502;7.358139881;100.0;46.193356862;7.337602777;100.0;Deutsche Biographie;registro corresponde a Charles-Frédéric Brun;medium;;;;
Charles Joseph Suares;1892;1976;France;École nationale supérieure des beaux-arts > etching studies with Celestino Celestini;48.853997 > ;2.333500 > ;Alexandria, Egypt;Paris;male;https://en.wikipedia.org/wiki/Carlo_Suar%C3%A8s;medium;formação artística principal em ateliês em Paris;https://en.wikipedia.org/wiki/Carlo_Suar%C3%A8s;medium;MAC USP;medium;31.2001;29.9187;;48.8566666667;2.3522222222;100.0;AGORHA / INHA;registro corresponde a Joseph Charles Suarès [Carlo Suarès];high;https://en.wikipedia.org/wiki/Carlo_Suar%C3%A8s;https://en.wikipedia.org/wiki/Carlo_Suar%C3%A8s;;high
Charles Landseer;1799;1879;United Kingdom;Royal Academy Schools > training with Benjamin Robert Haydon;51.507222 > ;-0.1275 > ;London;London;male;https://en.wikipedia.org/wiki/Charles_Landseer | https://www.britannica.com/biography/Charles-Landseer;high;;Wikidata;high;Pinacoteca de São Paulo;high;51.50740836;-0.127698693;100.0;51.50740836;-0.127698693;100.0;Enciclopédia Itaú Cultural;;high;Wikidata > Ulan;Wikidata > Ulan;;high
Charles Watson;1951;;United Kingdom;Bath Academy of Art / Bath University;51.3814;-2.3597;Norwich;;male;https://enciclopedia.itaucultural.org.br/pessoas/2841-charles-watson | https://www.pipaprize.com/pag/charles-watson/;high;;Wikidata;high;MAC USP;high;52.628893307;1.293330365;100.0;;;;;fonte recente indica artista em atividade;;;;;
Charlote Gross;1903;1965;;;;;Germany;Brazil;;;;fonte institucional informa apenas país de nascimento | nome parcial e fonte aberta insuficiente para localizar formação com segurança;MAC USP;high;MAC USP;;51.110631049;10.392277932;;-10.769946429;-53.073466889;100.0;MASC;"nome do acervo varia entre Charlote e Charlotte; fonte institucional informa apenas o país";medium;;;;
Charlotta Adlerová;1908;1989;Germany;Escola de Artes e Ofícios Berlim-Charlottenburg > Escola Reimann > Atelier-Abstração;52.516667 > 52.516666666667 > -23.550394444444;13.383333 > 13.383333333333 > -46.633947222222;Berlin;São Paulo;female;Enciclopédia Itaú Cultural;high;;Wikidata;high;MAC USP;high;52.517669999;13.405537999;100.0;-23.5486657;-46.6382522;100.0;MAC USP;;high;Ulan;Ulan;;high
Chen-kong Fang;1931;2012;Brazil;studies in sumi-e and watercolor with Chang-Zenshen > painting studies with Yoshiya Takaoka;>;>;Tung Cheng, Anhui, China;São Paulo;male;https://pt.wikipedia.org/wiki/Chen_Kong_Fang | https://almeidaedale.com.br/artistas/chen-kong-fang/;medium;A formação aparece por mestres, não por instituição formal única.> fonte de nascimento usa a grafia Chen Kong Fang;Instituto Tomie Ohtake;high;MAC USP;high;30.512;116.959;;-23.5486657;-46.6382522;100.0;MAC USP;;high;Wikidata > Ulan;Wikidata > Ulan;;high
Chi Po Hao;1989;;Taiwan;Goldsmiths, University of London;51.474269444444445;-0.03541111111111111;Taipei;;male;https://chipohao.com/cv/ | https://act.mit.edu/about/people/po-hao-chi/;high;;Wikidata;high;FILE;;25.0384125;121.5637046;100.0;;;;;fonte recente indica artista em atividade;;Wikidata;;;high
Chris Romero;1987;;United States;New York University (NYU);40.729591;-73.996895;New Brunswick, New Jersey, United States;;male;AIR 3331 / Tokyo Arts and Space;medium;;site oficial do artista;high;FILE;;40.4959469;-74.4441187;100.0;;;;;fonte recente indica artista em atividade;;;;;
Chrischa Venus Oswald;1984;;Germany;University of Arts Linz;48.3066;14.2857;Germany;;female;site oficial da artista;high;;site oficial da artista / FILE Festival;high;FILE;;51.110631049;10.392277932;100.0;;;;;fonte recente indica artista em atividade;;;;;
Christian Larrave;;;United States;Rhode Island School of Design;41.825833;-71.407778;United States;;male;FILE Festival (biografia do artista);high;;FILE Festival (País de Origem);high;FILE;;39.398703156;-99.41461919;100.0;;;;;fonte consultada sem local de morte explícito;;;;"pesquisa realizada; biografia consultada sem ano biográfico explícito.";
Christian Merrill;;;United States;Bowling Green State University;41.38;-83.64;United States;;male;FILE Festival;high;;FILE Festival (País de Origem);high;FILE;high;39.398703156;-99.41461919;100.0;;;;;fonte recente indica artista em atividade;;;;"pesquisa realizada; biografia consultada sem ano biográfico explícito.";
Christin Marczinzik;1988;;Germany;Magdeburg-Stendal University > International University of Fine Arts in Poznan > Burg Giebichenstein University of Art and Design;52.131589 > 52.408333 > 51.4867;11.639961 > 16.933611 > 11.9688;Magdeburgo, Germany;;female;Frankfurter Kunstverein;high;;FILE Vitória;high;FILE;;52.126247999;11.632726;100.0;;;;;fonte recente indica artista em atividade;;;;;
Christina Radner;;;;University of Vienna;48.213055555555556;16.35972222222222;;;female;FILE Festival (biografia da artista);high;fontes localizadas informam atuação institucional e formação, sem local de nascimento explícito;;;FILE;;;;;;;;;fonte recente indica artista em atividade;;;;"pesquisa realizada; perfis institucionais sem ano explícito de nascimento/morte.";
Christo Guelov;1965;;Spain;Universidad Complutense de Madrid;40.44903888888889;-3.727030555555555;Veliko Tarnovo, Bulgaria;;male;FILE Festival (biografia do artista);high;;highlike / ARTEINFORMADO;medium;FILE;;43.0785562;25.6271574;100.0;;;;;fonte recente indica artista em atividade;;;;;
Cildo Meireles;1948;;Brazil;Fundação Cultural do Distrito Federal > Escola Nacional de Belas Artes;-15.793888888889 > -22.8625055;-47.882777777778 > -43.2256622;Rio de Janeiro;;male;https://www.itaucultural.org.br/ocupacao/cildo-meireles/cildo/> https://www.ccta.ufpb.br/pinacoteca/contents/menu/institucional/biografia/cildo-meireles-1948;high;também estudou com Félix Barrenechea> fontes convergem sobre 1963 em Brasília e estudo breve na ENBA em 1967;Wikidata;high;MAC USP;high;-22.9014475;-43.1789159;100.0;;;;;fonte recente indica artista em atividade;;Ulan;;;high
Cimbelino Ramos de Freitas;1887;1970;Brazil;Escola Normal de São Paulo > student of Pietro Strina;-23.550394 > ;-46.633947 > ;São Paulo;São Paulo;male;https://enciclopedia.itaucultural.org.br/pessoas/6698-cimbelino-de-freitas | https://www.academia.edu/64104524/O_Desenho_na_forma%C3%A7%C3%A3o_de_professores;high;A formação recuperada combina escola normal e aprendizado com Pietro Strina.;Wikidata;high;Museu Histórico Nacional;medium;-23.5486657;-46.6382522;100.0;-23.5486657;-46.6382522;100.0;Enciclopédia Itaú Cultural;;high;Wikidata;Wikidata;;high
Cincinato Mavignier;;;France;Escola Nacional de Belas Artes > Académie de la Grande Chaumière > Hochschule für Gestaltung Ulm (HfG Ulm);-22.8625055 > 48.842342 > 48.3806;-43.2256622 > 2.330848 > 9.95278;;;male;https://enciclopedia.itaucultural.org.br/pessoa8462/cincinato-mavignier | https://pt.wikipedia.org/wiki/Alu%C3%ADsio_Carv%C3%A3o> https://enciclopedia.itaucultural.org.br/pessoa8462/cincinato-mavignier;medium;A etapa em Ulm é especialmente bem documentada> nomeei as instituições com forma oficial.;;;Museu Histórico Nacional;high;;;;;;;;data de falecimento localizada, mas sem local de morte explícito em fonte aberta robusta;;;;fontes institucionais situam atividade em meados do século XIX, sem anos biográficos explícitos.;
Ciro Cozzolino;1859;1921;Brazil;Instituto de Artes e Decoração (IADÊ);-23.550394;-46.633947;São Paulo;;male;https://enciclopedia.itaucultural.org.br/pessoas/2217-ciro-cozzolino | https://www.catalogodasartes.com.br/artista/Ciro%20Cozzolino/;medium;;Wikidata;high;MAC USP;high;-23.5486657;-46.6382522;100.0;;;;;fonte recente indica artista em atividade;;Ulan;Ulan;;high
Ciça Santos;;;;;;;;;female;;;identificação parcial> não foi possível desambiguar com segurança;;;Museu Casa da Princesa;;;;;;;;;homônima não desambiguada com segurança;;;;homônimo/nome artístico sem desambiguação segura.;
Claire Dejoie;;;France;RUBIKA;50.37418867266314;3.523292769496986;France;;female;SIGGRAPH History Archives / créditos de produção;high;;FILE Festival (País de Origem);high;FILE;high;46.559417044;2.550539953;100.0;;;;;fonte recente indica artista em atividade;;;;"pesquisa realizada; site oficial e biografia sem ano explícito de nascimento/morte.";
Claire Vandermeersh;;;France;Supinfocom Rubika;50.35805555555555;3.523333333333333;France;;female;FILE Festival;high;FILE explicita “País de Origem: France”> preenchido em nível de país.;FILE Festival (País de Origem);high;FILE;high;46.559417044;2.550539953;100.0;;;;;fonte consultada sem local de morte explícito;;;;"biografia de grupo localizada; sem ano explícito de nascimento ou morte";
Claire Villacorta;1975;;Philippines;University of the Philippines Diliman;14.654861111111;121.06446944444;Philippines;;female;Department of Art Studies, UP Diliman;medium;FILE explicita “País de Origem: Philippines”> preenchido em nível de país.;FILE Festival (País de Origem);high;FILE;high;12.879721;121.774017;;;;;;fonte consultada sem local de morte explícito;;;;;
claRa apaRicio yoldi;1901;;Spain;Universidad Complutense de Madrid > London Metropolitan University > Goldsmiths, University of London;40.44903888888889 > 51.551574 > 51.474269444444445;-3.727030555555555 > -0.110687 > -0.03541111111111111;Spain;;female;dossiê da artista | Domestika;medium;;Wikidata;high;FILE;;40.22794966;-3.646063105;100.0;;;;;fonte recente indica artista em atividade;;Wikidata;;;high
Clara Heteny;1919;1974;Italy;School of Applied Arts > Tibor Galle School of Drawing > Strasser Atelier;47.4979 > 47.4979 > ;19.0402 > 19.0402 > ;Budapest;Milan;female;https://www.hetenyfrancini.com/en/clara-heteny-biography/ | https://www.catalogodasartes.com.br/artista/Clara%20Heteny/;medium;A biografia consultada lista a formação inicial em Budapeste, mas sem datas precisas.;Wikidata;high;MAC USP;high;47.4981441;19.0405528;100.0;45.4636183;9.1881156;100.0;MNAV;registro institucional usa Clara Heteny de Francini;medium;Wikidata;Museo Nacional de Artes Visuales (Uruguai);óbito confirmado em fonte museológica institucional;high
Clara Reial;;;Brazil;Universidade de Fortaleza (UNIFOR);-3.7687753;-38.478061;Brazil;;female;FILE Festival;high;;FILE Festival (País de Origem);high;FILE;high;-10.769946429;-53.073466889;100.0;;;;;fonte recente indica artista em atividade;;;;"biografia localizada em FILE/perfil público; sem ano biográfico explícito";
Clarissa Ribeiro;1977;;Brazil;Escola de Comunicações e Artes da USP (ECA-USP);-23.558333;-46.726944;Visconde do Rio Branco, Minas Gerais, Brazil;;female;FILE Festival (biografia da artista);high;;Enciclopédia Itaú Cultural;high;FILE;;-21.0104;-42.8401;;;;;;fonte recente indica artista em atividade;;;;;
Claude Monet;1840;1926;France;École des Beaux-Arts de Paris;48.853997;2.333500;Paris;Giverny;male;https://www.britannica.com/biography/Claude-Monet;high;sem formação artística formal> estudou desenho com artista local e com Eugène Boudin;Wikidata;high;MASP;medium;48.856372814;2.352529617;100.0;49.0761111111;1.5291666667;100.0;Britannica;;high;Ulan;Ulan;;high
Claudio Cretti;1964;;Brazil;Instituto de Artes e Decoração (IADÊ) > Escola de Belas Artes;-23.550394 > -23.550394444444;-46.633947 > -46.633947222222;Belém, PA, Brazil;;male;https://amgaleria.com.br/artista/claudio-cretti/> https://enciclopedia.itaucultural.org.br/pessoas/3685-claudio-cretti;high;abandona o curso de artes plásticas no mesmo ano de ingresso;Enciclopédia Itaú Cultural;high;MAC USP;high;-1.4549817;-48.502273;;;;;;fonte recente indica artista em atividade;;Ulan;;;high
Claudio Tozzi;1944;;Brazil;Faculdade de Arquitetura e Urbanismo e de Design da USP (FAU-USP);-23.56012;-46.72985;São Paulo;;male;Wikipédia;medium;identificado como artista> formação em arquitetura;Wikidata;high;MAC USP;high;-23.5486657;-46.6382522;100.0;;;;;fonte recente indica artista em atividade;;Wikidata > Ulan;;;high
Clayton Shonkwiler;;;United States;University of Pennsylvania;39.95388888888889;-75.19305555555556;United States;;male;https://orcid.org/0000-0002-4811-8409 | https://www.math.colostate.edu/~clayton/cv/cv.pdf;high;;FILE Festival (País de Origem);high;FILE;;39.398703156;-99.41461919;100.0;;;;;fonte recente indica artista em atividade;;;;"página oficial e perfil acadêmico localizados; sem ano biográfico explícito";
Clemens Wirth;;;Austria;Salzburg University of Applied Sciences (FH Salzburg);47.7237;13.087;Austria;;male;FILE Festival> FH Salzburg;high;;FILE Festival (País de Origem);high;FILE;high;47.585810005;14.137076948;100.0;;;;;fonte recente indica artista em atividade;;;;"site oficial e FILE localizados; sem ano biográfico explícito";
Clóvis Graciano;1907;1988;Brazil;studies with Waldemar da Costa > Escola Paulista de Belas Artes (auditing student) > studies in printmaking and mural painting; > -23.550394 > ; > -46.633947 > ;Araras;São Paulo;male;https://enciclopedia.itaucultural.org.br/pessoas/1427-clovis-graciano;high;Também estudou gravura e pintura mural em Paris, mas a instituição não foi identificada com segurança nas fontes revisadas> Parte da formação ocorreu com mestre e como aluno ouvinte> estudos posteriores em Paris após prêmio de viagem.;Wikidata;high;MAC USP;medium;-22.3864448;-47.3847424;100.0;-23.5503944444;-46.6339472222;100.0;Enciclopédia Itaú Cultural;;high;Wikidata;Wikidata;;high
Colin Potter;1952;;United Kingdom;;;;York, United Kingdom;;male;;;biografias localizadas neste lote não informam formação;Musichearts / Last.fm;medium;FILE;;53.962026649;-1.083683588;100.0;;;;;fonte recente indica artista em atividade;;Wikidata;;;high
Columbano Bordalo Pinheiro;1857;1929;Portugal;Academia de Belas-Artes de Lisboa > Academia Colarossi / ateliers em Paris;38.708042 > 48.842222222222;-9.139016 > 2.3308333333333;Lisbon;Lisbon;male;https://pt.wikipedia.org/wiki/Columbano_Bordalo_Pinheiro;medium;em Paris também estuda com Gustave Courtois e Raphael Collin;Wikidata;high;MASP;medium;38.7070085;-9.1356407;100.0;38.7;-9.1833333333;100.0;ArqNet;;medium;Ulan;Ulan;;high
Constance Joliff;1989;;France;École des beaux-arts de Bordeaux > École de Cinéma d’Animation Georges Méliès;44.83111111111111 > 48.74245192283895;-0.5611111111111111 > 2.392101897752613;Vannes, France;;female;FILE Festival (biografia da artista);high;;KuB / FILE Festival;high;FILE;;47.65836516;-2.760916527;100.0;;;;;fonte consultada sem local de morte explícito;;;;;
Constant Permeke;1886;1952;Belgium;Royal Academy of Fine Arts, Ghent > Academy of Bruges > Academy of Ghent;51.05361111111111 > 51.20888888888889 > 51.05361111111111;3.725277777777778 > 3.224166666666666 > 3.725277777777778;Antwerp;Ostende;male;https://www.britannica.com/biography/Constant-Permeke;high;Britannica informa formação em academias de arte em Bruges e Ghent com datas específicas.;Wikidata;high;MAC USP;high;51.25942418;4.371799938;100.0;51.214075;2.9259333333;100.0;Britannica;;high;;;;
Corentin Monnier;1986;;France;The Animation Workshop;56.4561;9.40611;Saint-Malo, France;;male;CV do artista;medium;;CV oficial;high;FILE;;48.651516337;-2.022738492;100.0;;;;;fonte recente indica artista em atividade;;;;;
Corinto Brissac de Lucena;1889;1978;;Escola Nacional de Belas Artes;-22.862506;-43.225662;Dom Pedrito, RS, Brazil;;male;https://www.culturaniteroi.com.br/blog/cultura-atividades-culturais-163 | https://pt.wikipedia.org/wiki/Corinto_Brissac_de_Lucena;medium;A formação aparece após a reforma do Exército> a fonte aberta não traz ano de ingresso com precisão.;Secretaria de Estado da Cultura/RS (Museu Paulo Firpo);high;Museu Histórico Nacional;medium;-30.9828;-54.6731;;;;;;local de morte não confirmado em fonte institucional aberta;;Museu Paulo Firpo / Portal Mais Dom Pedrito;;"nascimento localizado em fonte local associada ao museu; óbito já constava no CSV";medium
Cornelius Joksch;;;Germany;weißensee kunsthochschule berlin > University of the West of England;52.5581 > 51.5008;13.4393 > -2.5480;Germany;;male;site oficial do artista;high;;FILE Festival (País de Origem);high;FILE;high;51.110631049;10.392277932;100.0;;;;;fonte recente indica artista em atividade;;;;;
Corrado Cagli;1910;1976;Italy;Accademia di Belle Arti di Brera;45.47222222;9.18888889;Ancona;Rome;male;https://it.wikipedia.org/wiki/Corrado_Cagli;medium;Fontes consultadas confirmam a academia, mas não trouxeram datas precisas nesta passada.;Wikidata;high;MAC USP;low;43.6171493;13.51599;100.0;41.8930555556;12.4827777778;100.0;Treccani;;high;Wikidata > Ulan;Wikidata > Ulan;;high
Costa Miranda;1818;1878;Brazil;Academia Imperial de Belas Artes > student of Debret and Grandjean de Montigny;-22.9071 > ;-43.1829 > ;;;male;https://pt.wikipedia.org/wiki/Costa_Miranda | https://www.escritoriodearte.com/artista/costa-miranda;medium;;;;Museu Histórico Nacional;high;;;;;;;;local de morte não confirmado em fonte institucional aberta;;Wikidata;Wikidata;;high
Costanza Savarese;;;Italy;Conservatorio di Musica Santa Cecilia;41.90679;12.47865;Italy;;female;Viterbo Oggi;medium;;FILE Festival (País de Origem);high;FILE;high;42.83333;12.83333;100.0;;;;;fonte recente indica artista em atividade;;;;;
Couto Filho;;;;Escola Nacional de Belas Artes;-22.8625055;-43.2256622;;;;https://enciclopedia.itaucultural.org.br/;high;Registro conservador baseado em fonte aberta secundária> faltam datas precisas.;;;Museu Histórico Nacional;low;;;;;;;;registro nominal do acervo não desambiguado com segurança;;;;"autor listado no MHN sem datas biográficas; homônimo não desambiguado";
Crisaldo Morais;1932;1997;Brazil;training in economics > self-taught in painting;> -8.0551894;> -34.871176;Recife, PE, Brazil;Recife;male;https://ardies.com/collection/crisaldo-morais/;medium;fontes indicam formação em economia e percurso autodidata na pintura> instituição não localizada;Enciclopédia Itaú Cultural;high;MAC USP;medium;-8.0551894;-34.871176;;-8.0538888889;-34.8808333333;100.0;Enciclopédia Itaú Cultural;;high;Ulan;Ulan;;high
Cristiano Panepuccia;1979;;Italy;self-taught;41.8905568;12.4942679;Rome, Italy;;male;https://archive.file.org.br/participantes/cristiano-panepuccia/;high;;APOTROPIA / FILE Festival;high;FILE;medium;41.8905568;12.4942679;100.0;;;;;fonte recente indica artista em atividade;;Wikidata;;;high
Cuzco school;;;;;;;;;;;;registro refere-se a uma escola/oficina artística, não a uma pessoa individual;;;Museu Histórico Nacional;;;;;;;;;registro coletivo/escola, não pessoa;;;;"autor coletivo/escola artística; datas biográficas não se aplicam a pessoa individual";
Cybèle Varela;1943;;Brazil;École du Louvre > Museu de Arte Moderna do Rio de Janeiro (MAM-RJ) > École des Hautes Études-Sorbonne;48.8627 > -22.91111111111111 > 48.856667;2.3364 > -43.20555555555556 > 2.352222;Petrópolis;;female;https://cybelevarela.com/pt-br/biografia/> https://enciclopedia.itaucultural.org.br/pessoas/2209-cybele-varela;high;as fontes tratam os períodos em Paris como bolsas de estudo em história da arte;Wikidata;high;MAC USP;high;-22.5097992;-43.1753928;100.0;;;;;fonte recente indica artista em atividade;;Wikidata;;;high
Cyprien Eugène Boulet;1877;1927;France;École des Beaux-Arts de Paris;48.853997;2.333500;Toulouse;Toulon;male;https://en.wikipedia.org/wiki/Cyprien_Eug%C3%A8ne_Boulet;medium;Cronologia formativa não explicitada na fonte consultada.;Wikidata;high;Pinacoteca de São Paulo;low;43.604595206;1.444217454;100.0;43.125;5.9305555556;100.0;BnF;;high;Wikidata > Ulan;Wikidata > Ulan;;high
Célia Fernandes;;;Brazil;Faculty of Pharmacy, University of Lisbon;38.7525;-9.1588888888889;Lisbon, Portugal;;female;https://www.wikidata.org/wiki/Q38802947 | https://projects.ctn.tecnico.ulisboa.pt/CFernandes/turquia/CV-C%20Fernandes.pdf;high;;Portal do Município da Lourinhã;high;FILE;;38.7070085;-9.1356407;100.0;;;;;fonte recente indica artista em atividade;;;;"homônimo possível; biografia FILE sem ano biográfico explícito";
Céline Trouillet;1975;;France;École des Beaux-Arts de Mulhouse > École supérieure des arts décoratifs de Strasbourg;47.748611 > 48.5825;7.339167 > 7.7591;Colmar, France;;female;https://in-sonora.org/ficha-artista/celine-trouillet/ | https://archive.file.org.br/participantes/celine-trouillet/;high;;FILE Festival / In-Sonora;high;FILE;;48.079343502;7.358139881;100.0;;;;;fonte recente indica artista em atividade;;;;;
César Lacanna;1901;1983;Brazil;curso de Modelo Vivo da Sociedade Paulista de Belas Artes > Escola Profissional Masculina > Liceu de Artes e Ofícios;-23.550394444444 > -23.550394444444 > -23.5331446;-46.633947222222 > -46.633947222222 > -46.6267577;São Paulo;São Paulo;male;https://pt.wikipedia.org/wiki/C%C3%A9sar_Lacanna | https://enciclopedia.itaucultural.org.br/pessoas/2887-cesar-lacanna;medium;;Wikidata;high;MAC USP;high;-23.5486657;-46.6382522;100.0;-23.5503944444;-46.6339472222;100.0;Enciclopédia Itaú Cultural;;high;Wikidata;Wikidata;;high
César Rossi;;;Brazil;Escola Circo Picadeiro > Grupo Acrobático Fratelli > Cia Ornitorrinco > Bologna theatre school (“Noveau Cirque”);-23.550394444444 >  >  > 44.493888888889;-46.633947222222 >  >  > 11.342777777778;Blumenau;;male;https://mapa.cultura.es.gov.br/files/agent/3305026/cv-cia-tempo-2025.pdf;medium;A grafia 'Noveau Cirque' foi preservada como aparece na fonte aberta consultada.;Wikidata;high;Museu Victor Meirelles;high;-26.9189417;-49.0660575;100.0;;;;;fonte recente indica artista em atividade;;;;"exposição localizada no Museu Victor Meirelles; sem ano biográfico explícito";
Cícero Dias;1907;2003;Brazil;Escola de Belas Artes;-22.91111111111111;-43.20555555555556;Escada;Paris;male;Wikipédia;medium;abandonou a escola em 1928;Wikidata;high;MAC USP;medium;-8.3584365;-35.2215761;100.0;48.8566666667;2.3522222222;100.0;site oficial Cícero Dias;auditoria: local ajustado para Paris com base em fonte oficial;high;Ulan;Ulan;;high
Daiana Ruiz;;;Argentina;;;;Mendoza, Argentina;;female;;;"fonte localizada menciona cursos e workshops sem instituição formal claramente identificável; não preenchido";Stuttgart Ballet;high;FILE;;-32.89084;-68.82717;100.0;;;;;fonte recente indica artista em atividade;;;;"biografia FILE localizada; sem ano biográfico explícito";
Dalia Omran;;;Egypt;Cairo University Kasr Alainy  Faculty of Medicine;30.0276;31.21014;Egypt;;female;https://www.wikidata.org/wiki/Q92694592;high;;FILE Festival (autodescrição da artista);medium;FILE;;26.820553;30.802498;;;;;;fonte recente indica artista em atividade;;;;"biografia FILE localizada; sem ano biográfico explícito";
Dalton Martins;;;Brazil;Universidade de São Paulo (USP);-23.561399;-46.730789;Brazil;;male;https://www.escavador.com/sobre/3251041/dalton-lopes-martins | https://www.ppgech.ufscar.br/pt-br/docentes/corpo-docente/dalton-lopes-martins;medium;;FAPESP (perfil de pesquisador);medium;FILE;;-10.769946429;-53.073466889;100.0;;;;;;;;;"biografia institucional localizada; sem ano biográfico explícito";
Damien Deschamps;1991;;;;;;;;male;;;Lote 8 pesquisado> sem fonte auditável suficiente para local de nascimento. | pesquisa deste lote não localizou fonte auditável suficiente sobre formação;;;FILE;;;;;;;;;fonte recente indica artista em atividade;;;;;
Danae Gosset;;;France;School of Visual Arts;40.73861111;-73.98222222;Paris, France;;female;portfólio/site da artista;medium;fonte biográfica informa origem em Paris.;Domestika;medium;FILE;;48.856372814;2.352529617;100.0;;;;;fonte recente indica artista em atividade;;;;"site oficial/biografia localizada; sem ano biográfico explícito";
Danae Io;1993;;Greece;Sandberg Institute > Goldsmiths, University of London;52.34138888888889 > 51.474269444444445;4.860277777777777 > -0.03541111111111111;Greece;;female;FILE Festival;high;;IFFR;medium;FILE;;39.0;22.0;100.0;;;;;fonte recente indica artista em atividade;;;;;
Daniel Barreto;1991;;Mexico;Imperial College London;51.498308;-0.176882;Guadalajara, Mexico;;male;https://www.wikidata.org/wiki/Q60697571;high;;site oficial do artista;high;FILE;;20.674161223;-103.336727247;100.0;;;;;fonte recente indica artista em atividade;;FILE Festival;;nascimento explicitado na biografia institucional do FILE;high
Daniel Bruson;;;Brazil;Universidade Estadual Paulista Júlio de Mesquita Filho (UNESP), Bauru;-22.314722222222;-49.060555555556;Sorocaba, São Paulo, Brazil;;male;Jornal Cruzeiro do Sul;medium;;Bravo! / Portal Porque;medium;FILE;;-23.5015;-47.4526;;;;;;fonte recente indica artista em atividade;;;;;
Daniel Dugas;1959;;Canada;Université de Moncton;46.105;-64.7819;Montreal;;male;https://alberta.emuseum.com/people/653/daniel-dugas | https://pt.frwiki.wiki/wiki/Daniel_Dugas;high;;Wikidata;high;FILE;;45.508867;-73.554242;100.0;;;;;fonte recente indica artista em atividade;;Wikidata;;;high
Daniel Gazana;;;Brazil;training in Industrial Design;;;Veranópolis, Rio Grande do Sul, Brazil;;male;https://archive.file.org.br/participantes/daniel-gazana/;high;a fonte identifica a área de formação, mas não nomeia a instituição;IEEE Xplore;medium;FILE;medium;-28.9340063;-51.5430183;100.0;;;;;fonte recente indica artista em atividade;;;;;
Daniel Grizante;;;Brazil;Universidade Presbiteriana Mackenzie > Pontifícia Universidade Católica de São Paulo (PUC-SP) > Universidade Anhembi Morumbi;-23.547 > -23.5381 > -23.6005;-46.652 > -46.6705 > -46.6749;Brazil;;male;https://repositorio-api.animaeducacao.com.br/server/api/core/bitstreams/03bc7d2e-fca1-4e54-90ba-3359a722f18c/content | https://masp.org.br/masp-escola/design-de-exposicoes-e-o-uso-de-novas-tecnologias;high;FILE explicita “País de Origem: Brazil”> preenchido em nível de país.;FILE Festival (País de Origem);high;FILE;high;-10.769946429;-53.073466889;100.0;;;;;fonte recente indica artista em atividade;;;;;
Daniel Rourke;;;United Kingdom;Goldsmiths, University of London;51.474269444444445;-0.03541111111111111;Huddersfield;;male;https://machinemachine.net/curriculum-vitae/ | https://studioforcreativeinquiry.org/people/daniel-rourke;high;;Wikidata;high;FILE;;53.644295875;-1.78220197;100.0;;;;;fonte recente indica artista em atividade;;;;fontes localizadas sem confirmação institucional segura para ano de nascimento;
Daniel Senise;1955;;Brazil;Escola de Artes Visuais do Parque Lage > Universidade Federal do Rio de Janeiro (UFRJ);-22.9606 > -22.8625;-43.212 > -43.223888888889;Rio de Janeiro;;male;https://www.danielsenise.com/sobre/daniel-senise/> https://www.guiadasartes.com.br/daniel-senise/biografia;medium;formou-se em engenharia civil na UFRJ e depois cursou formação artística livre no Parque Lage;Wikidata;high;MAC USP;high;-22.9014475;-43.1789159;100.0;;;;;fonte recente indica artista em atividade;;Ulan;;;high
Daniel Sousa;1974;;Portugal;Rhode Island School of Design;41.825833;-71.407778;Cape Verde;;male;https://en.wikipedia.org/wiki/Daniel_Sousa_(director) | https://www.danielsousa.com/about;medium;;Wikidata;high;FILE;;15.083629282;-23.624671988;100.0;;;;;fonte recente indica artista em atividade;;;;;
Daniel Suljic;1971;;Croatia;Academy of Fine Arts, Zagreb > University of Applied Arts Vienna;45.8121 > 48.2075;15.9624 > 16.3825;Zagreb, Croatia;;male;Animafest;high;;Animafest / IMDb;medium;FILE;;45.815916177;15.980642745;100.0;;;;;fonte recente indica artista em atividade;;Wikidata;;;high
Daniela Krajčová;1983;;Slovakia;Vysoká škola výtvarných umení v Bratislave > Vysoká škola múzických umení v Bratislave;48.1416 > 48.14388889;17.1072 > 17.10972222;Žilina, Slovakia;;female;https://www.oskarcepan.sk/cv/55.pdf | https://secondaryarchive.org/artists/daniela-krajcova/;high;;portfólio oficial / Secondary Archive;high;FILE;;49.223728185;18.740108104;100.0;;;;;fonte recente indica artista em atividade;;;;;
Danilo Di Prete;1911;1985;Brazil;autodidata;45.0675;7.68944444;Pisa;São Paulo;male;https://www.oas.org/artsoftheamericas/danilo-di-prete | https://www.labiennale.org/en/art/2024/italians-everywhere/danilo-di-prete;high;"Fontes institucionais o descrevem como amplamente autodidata; a Accademia Albertina não foi confirmada. As coordenadas preexistentes foram preservadas conforme a regra adotada para autodidatas.";Wikidata;high;MAC USP;medium;43.7161354;10.3965843;100.0;-23.5486657;-46.6382522;100.0;Enciclopédia Itaú Cultural;;high;Wikidata > Ulan;Wikidata > Ulan;;high
Danilo Dias;;;Brazil;Universidade Federal da Bahia (UFBA) > Universidade do Estado da Bahia;-12.990785 > -12.951417;-38.524427 > -38.4595;Sete Lagoas, Minas Gerais, Brazil;;male;Mapa da Palavra (FUNCEB);medium;;Editora Draco;medium;FILE;;-19.4583;-44.2472;;;;;;fonte recente indica artista em atividade;;;;"bio localizada; sem ano biográfico explícito";
Daphné Durocher;;;France;École Georges Méliès;48.74245192283895;2.392101897752613;France;;female;FILE Festival;high;FILE explicita “País de Origem: France”> preenchido em nível de país.;FILE Festival (País de Origem);high;FILE;high;46.559417044;2.550539953;100.0;;;;;fonte consultada sem local de morte explícito;;;;;
Darcy Penteado;1926;1987;Brazil;Liceu de Artes e Ofícios de São Paulo;-23.5331446;-46.6267577;São Roque;São Roque;male;fontes biográficas de referência;medium;instituição identificada em fontes sumárias;Wikidata;high;MAC USP;low;-23.5309003;-47.1352674;100.0;-23.5288888889;-47.135;100.0;Enciclopédia Itaú Cultural;auditoria: local ajustado para São Roque com base em fonte institucional;high;Wikidata;Wikidata;;high
Darcílio Lima;1944;1991;Brazil;;;;Cascavel, CE, Brazil;;male;;;artista frequentemente descrito como autodidata> sem escola formal localizada;Wikipédia em português;medium;MAC USP;medium;-4.1309;-38.2356;;;;;;fontes divergentes sobre local de morte;;;;;
Darel Valença Lins;1925;2017;Brazil;Escola de Belas Artes do Recife (atual UFPE) > Liceu de Artes e Ofícios;-8.051733 > -8.06127;-34.950716 > -34.879077;Palmares, PE, Brazil;Rio de Janeiro;male;https://www.escritoriodearte.com/artista/darel-valenca-lins;low;depois entra em contato com Oswaldo Goeldi> mantidos apenas dados formativos explicitados na fonte;Wikipédia em português;medium;MAC USP;high;-8.6842;-35.589;;-22.9111111111;-43.2055555556;100.0;Enciclopédia Itaú Cultural;;high;Ulan;Enciclopédia Itaú Cultural;óbito confirmado em fonte de referência institucional;high
Darren McClure;;;United Kingdom;;;;Northern Ireland, United Kingdom;;male;;;Fonte usa formulação de origem (“originally from Northern Ireland”), sem afirmar nascimento.;Loop.cl;low;FILE;;54.787714;-6.492314;;;;;;fonte recente indica artista em atividade;;;;;
Dave Prosser;;;England;Royal College of Art;51.501388888889;-0.17888888888889;England;;male;FILE Festival;high;FILE explicita “País de Origem: England”> preenchido em nível de país.;FILE Festival (País de Origem);high;FILE;high;52.355518;-1.17432;;;;;;fonte recente indica artista em atividade;;;;;
David Carson;1956;;United States;San Diego State University;32.775277777778;-117.07222222222;Corpus Christi, Texas, United States;;male;site oficial David Carson Design;high;;Britannica / Wikipedia;high;FILE;;27.796416;-97.404131;100.0;;;;;fonte recente indica artista em atividade;;Ulan;;;high
David de Tewenoir;;;;;;;;;;;;formação não localizada com segurança;;;MAC USP;;;;;;;;;registro nominal do acervo não desambiguado com segurança;;;;"autor localizado no MAC USP; datas biográficas não encontradas";
David Dell’Edera;1991;;Hungary;Budapest Metropolitan University;47.50638889;19.135;Hungary;;male;https://archive.file.org.br/participantes/david-delledera/ | https://www.animafest.hr/en/2017/authors/read/david_dell_edera;high;;FILE Festival / Animafest;high;FILE;;47.16708877;19.4245317;100.0;;;;;fonte recente indica artista em atividade;;;;;
David James Armsby;;;United Kingdom;self-taught;;;Scotland, United Kingdom;;male;https://file.org.br/anima_2018/david-james-armsby/ | https://www.youtube.com/@DeadSound;medium;autodidata mantido sem coordenadas> fontes localizadas informam apenas Escócia, sem cidade auditável;canal oficial no YouTube;medium;FILE;;56.94663175941;-4.154528959318;100.0;;;;;fonte recente indica artista em atividade;;;;"ano encontrado apenas em perfil/autodeclaração online; sem confirmação institucional";
David Mussel;;;Brazil;Escola de Belas Artes da Universidade Federal de Minas Gerais (UFMG) > Pontifícia Universidade Católica do Rio de Janeiro (PUC-RJ);-19.869088 > -22.97868;-43.966384 > -43.232819;Brazil;;male;PUC-Rio (dissertação) | FILE Festival;high;FILE explicita “País de Origem: Brazil”> preenchido em nível de país.;FILE Festival (País de Origem);high;FILE;high;-10.769946429;-53.073466889;100.0;;;;;fonte recente indica artista em atividade;;;;;
David O'Reilly;1985;;Ireland;Dublin Institute of Art, Design and Technology (DLIADT);53.280292;-6.152882;Kilkenny, Ireland;;male;ZKM;high;;YveYANG Gallery / Wikipedia;medium;FILE;;52.6537443;-7.2479557;100.0;;;;;fonte recente indica artista em atividade;;;;;
David Teniers the Younger;1610;1690;Habsburg Netherlands;studies with David Teniers the Elder (father);51.2234;4.4069;Antwerp;Brussels;male;https://en.wikipedia.org/wiki/David_Teniers_the_Younger | https://www.britannica.com/biography/David-Teniers-the-Younger;high;;Wikidata;high;Museu Nacional de Belas Artes;high;51.25942418;4.371799938;100.0;50.89806471;4.406264339;100.0;Britannica;;high;Ulan;Ulan;;high
Davide Mastrangelo;1989;;Italy;Accademia di Belle Arti di Bologna;44.497811111111;11.353188888889;Eboli, Italy;;male;https://davidemastrangelo.it/ | https://www.cinemaemiliaromagna.it/professionista/davide-mastrangelo/;medium;;site oficial do artista;high;FILE;;40.6153333;15.0587592;100.0;;;;;fonte recente indica artista em atividade;;;;;
Davy Crosta;;;France;ARIES School of Graphic and Motion Design;48.856667;2.352222;;;male;FILE Festival;high;Lote 8 pesquisado> sem fonte auditável suficiente para local de nascimento.;;;FILE;;;;;;;;;fonte recente indica artista em atividade;;;;;
Debashis Sinha;;;Canada;;;;Winnipeg, Manitoba, Canada;;male;;;;Soulpepper Theatre;high;FILE;;49.899897;-97.138865;100.0;;;;;"artista em atividade em fonte recente; sem óbito identificado";;;;"biografias localizadas; sem ano biográfico explícito";
Deborah Paiva;1950;2022;Brazil;Universidade de São Paulo (USP);-23.561399;-46.730789;Campo Grande, MS, Brazil;São Paulo;female;https://www.mac.usp.br/mac/conteudo/cursoseventos/mac_encontra/2013_1/deborahpaiva.asp | https://janainatorres.com.br/deborah-paiva-1950-2022-uma-antologia/> https://www.mac.usp.br/mac/conteudo/cursoseventos/mac_encontra/2013_1/deborahpaiva.asp;high;A fonte recuperada informa que a artista era formada em História pela USP> não localizei datas de estudo em fonte aberta confiável.;Janaina Torres Galeria;medium;MAC USP;high;-20.4435311;-54.6477573;;-23.55;-46.633;100.0;MAC USP;Local de morte preenchido a partir de ficha institucional do MAC USP.;high;;;;
Delfim da Câmara;1834;1916;Brazil;Academia Imperial de Belas Artes > studies with Manuel Joaquim de Melo Corte Real, Costa Miranda and José Correia de Lima;-22.9071 > ;-43.1829 > ;Magé, RJ, Brazil;Rio de Janeiro, Brazil;male;https://enciclopedia.itaucultural.org.br/pessoas/6719-delfim-da-camara;high;;Enciclopédia Itaú Cultural;high;Museu Histórico Nacional;high;-22.6528;-43.0406;;-22.9110137;-43.2093727;100.0;https://enciclopedia.itaucultural.org.br/pessoas/6719-delfim-da-camara;Approximate death date: circa 1916.;high;Wikidata;Wikidata;;high
Demian Rudel Rey;;;Argentina;Universidad Nacional de las Artes (UNA) > Conservatoire national supérieur musique et danse de Lyon (CNSMD Lyon) > Universität für Musik und darstellende Kunst Graz (KUG) > Haute école des arts du Rhin (HEAR);-34.59472222 > 45.76915 > 47.0725 > 48.5825;-58.39944444 > 4.81262 > 15.4503 > 7.7591;Buenos Aires, Argentina;;male;https://demianrudelrey.com.ar/es/biografia/ | https://www.demianrudelrey.com.ar/biographie/;medium;;site oficial do artista;high;FILE;;-34.6090264;-58.3732215;100.0;;;;;"artista em atividade em fonte recente; sem óbito identificado";;;;"biografias localizadas; sem ano biográfico explícito";
Denys Voloshyn;;;Ukraine;;;;Ukraine;;male;;;;FILE Festival (País de Origem);high;FILE;;49.026898375;31.374926053;100.0;;;;;;;;;"biografia FILE localizada; sem ano biográfico explícito";
Desconhecido;;;;;;;;;;;;;;;Museu de Arte Religiosa e Tradicional;;;;;;;;;registro sem identificação nominal suficiente para pesquisa biográfica;;;;"autor não identificado; datas biográficas não aplicáveis";
Diana Reichenbach;;;United States;University of Florida > University of Southern California (USC);29.6475 > 34.021667;-82.345 > -118.285278;United States;;female;https://dianareichenbach.com/about/ | https://www.scad.edu/academics/faculty/diana-reichenbach;high;FILE explicita “País de Origem: United States”> preenchido em nível de país.;FILE Festival (País de Origem);high;FILE;high;39.398703156;-99.41461919;100.0;;;;;"artista em atividade em fonte recente; sem óbito identificado";;;;"site oficial e SCAD localizados; sem ano biográfico explícito";
Diana Salcedo;1987;;Colombia;Pontificia Universidad Javeriana > Parsons School of Design;4.62894444 > 40.735357;-74.06485 > -73.994533;Bucaramanga, Colombia;;female;Danza en la Ciudad;medium;;Danza en la Ciudad;high;FILE;;7.1311813;-73.1250327;100.0;;;;;"artista em atividade em fonte recente; sem óbito identificado";;Danza en la Ciudad / Gov.co;;nascimento explicitado em perfil institucional;high
Dianne Bellino;;;United States;University of Iowa > Brown University;41.66166666666667 > 41.82611111111111;-91.5363888888889 > -71.40305555555555;United States;;female;https://www.diannebellino.com/about;high;FILE explicita “País de Origem: United States”> preenchido em nível de país.;FILE Festival (País de Origem);high;FILE;high;39.398703156;-99.41461919;100.0;;;;;"artista em atividade em fonte recente; sem óbito identificado";;;;"site oficial e FILE localizados; sem ano biográfico explícito";
Diego de los Campos Orefice;1971;;Uruguay;Instituto Nacional de Bellas Artes, Universidad de la República;-34.905917;-56.191311;Montevideo, Uruguay;;male;MASC> Escavador;medium;;MASC (FCC/SC);high;Museu Victor Meirelles;high;-34.9055557;-56.1852505;;;;;;"artista em atividade em fonte recente; sem óbito identificado";;;;;
Diego Velázquez;1599;1660;Spain;training with Francisco Herrera, the Elder > workshop of Francisco Pacheco;>;>;Seville;Madrid;male;https://en.wikipedia.org/wiki/Diego_Vel%C3%A1zquez | https://www.britannica.com/biography/Diego-Velazquez | https://www.diego-velazquez.org/biography.jsp;high;A passagem por Herrera é menos documentada> por isso mantida com observação conservadora.;Wikidata;high;MASP;medium;37.38264;-5.9962951;100.0;40.4169;-3.7033;100.0;Britannica;"fontes adicionadas em auditoria; coordenadas auditadas para a cidade";high;;;;
Dimitri Ismailovitch;1890;1976;Brazil;Pavel Military School;59.95;30.316666666667;Sataniv;Rio de Janeiro;male;https://archive.metromod.net/viewer.p/69/2949/object/5138-10436644;medium;formação localizada refere-se a escola militar> não localizei nesta rodada escola de artes.;https://www.wikidata.org/wiki/Q4198627;high;;medium;49.2567;26.2406;;-22.91111;-43.20556;100.0;MAC USP;"fontes adicionadas em auditoria; coordenadas auditadas para a cidade";high;Wikidata;Wikidata;;high
Dimitri Venkov;1980;;Russia;University of Oregon;44.044166666667;-123.07583333333;Moscow, Russia;;male;https://www.dimitrivenkov.com/cv | https://archive.file.org.br/participantes/dimitri-venkov/;high;;Triumph Gallery / Kandinsky Prize;low;FILE;;55.7565408;37.6149202;100.0;;;;;"artista em atividade em fonte recente; sem óbito identificado";;Wikidata;;;high
Dimitris Gkikas;;;Greece;Aristotle University of Thessaloniki > National Technical University of Athens;40.63 > 37.987863888889;22.958055555556 > 23.731613888889;Athens, Greece;;male;biografia profissional (INNER PLAN Design Studio);medium;;FILE Festival;high;FILE;;37.9753357;23.7361497;100.0;;;;;"atividade recente em fonte aberta; sem óbito identificado";;;;;
Dina Al Khatib;;;Jordan;American University of Sharjah;25.309722;55.490556;Jordan;;female;https://hayyjameel.org/programmes/the-assembly/2020-2/;medium;FILE explicita “País de Origem”> preenchido em nível de país.;FILE Festival (País de Origem);high;FILE;;30.585164;36.238414;;;;;;;;;;;
Dina Velikovskaya;1984;;Russia;Moscow State Academic Art School in Memory of 1905 > Gerasimov Institute of Cinematography (VGIK) > High Animation School-Studio SHAR;55.793269 > 55.750556 > 55.7558;37.62698 > 37.6175 > 37.6173;Moscow, Russia;;female;FILE Festival;high;;site oficial da artista / FILE Festival;high;FILE;;55.7565408;37.6149202;100.0;;;;;"artista em atividade em fonte recente; sem óbito identificado";;;;;
Dirk Koy;1977;;Switzerland;Basel Academy of Art and Design FHNW (HGK Basel);47.533055555555556;7.611;Basel, Switzerland;;male;https://www.fhnw.ch/en/art-design/about/portrait-organisation/people/dirk-koy | https://www.kurzfilmtage.ch/en/archive/films/film-archive?fid=185&id_film=1851540;medium;;muda.co / Vimeo;medium;FILE;;47.556959234;7.593086695;100.0;;;;;"artista em atividade em fonte recente; sem óbito identificado";;;;;
Djamel Afnai;;;;École du Passage > Théâtre National de Chaillot > FAI-AR;48.85666666666667 > 48.862364 > 43.3590;2.352222222222222 > 2.288117 > 5.3720;;;male;https://www.faiar.org/promotions-passees/promotion-4/djamel-afnai/;high;Lote 8 pesquisado> sem fonte auditável suficiente para local de nascimento.;;;FILE;;;;;;;;;;;;;;
Djanira;1914;1979;Brazil;;;;Avaré;Rio de Janeiro;female;;;;https://www.wikidata.org/wiki/Q1791605;high;MAC USP;high;-23.0992;-48.9259;;-22.91111;-43.20556;100.0;Enciclopédia Itaú Cultural;"fontes adicionadas em auditoria; coordenadas auditadas para a cidade";high;Ulan;Ulan;;high
Djanira Volpi;;;;Liceu de Artes e Ofícios;-22.91111111111111;-43.20555555555556;Brazil;;female;https://www.ebiografia.com/djanira/> https://www.guiadasartes.com.br/djanira-da-motta-e-silva/quem-foi;medium;também teve aulas com Emeric Marcier e Milton Dacosta, em contexto não institucional | fonte localizada informa apenas o país de nascimento;MAC USP;high;MAC USP;medium;-10.769946429;-53.073466889;;;;;;fonte recente e fonte institucional sem óbito identificado;;;;biografia localizada sem ano explícito de nascimento ou morte;
Domenico Failutti;1872;1923;Kingdom of Italy;Gallerie dell'Accademia > Escola de Design da Sociedade dos Trabalhadores de Udine > Accademia di Belle Arti di Venezia;45.431078 > 46.066667 > 45.4286;12.328139 > 13.233333 > 12.3305;Zugliano;;male;https://pt.wikipedia.org/wiki/Domenico_Failutti;medium;A fonte também indica estudos de escultura, arte decorativa e plástico em Florença.;Wikidata;high;Museu Paulista;medium;45.7307962;11.525;100.0;;;;;"fonte secundária converge para Udine; mantido em branco por ausência de fonte institucional direta";;Wikidata;Wikidata;;high
Domingos Clementino;;;;Brazilian artistic training;;;;;male;https://www.catalogodasartes.com.br/;medium;Registro conservador por falta de evidência aberta suficiente.;;;Museu Histórico Nacional;low;;;;;;;;;;;;;
Domingos Sequeira;1768;1837;Kingdom of Portugal;Casa Pia de Lisboa > painting and drawing classes with Antonio Cavallucci in Rome;38.708042 > 41.893056;-9.139016 > 12.482778;Parish of Santa Maria de Belém;Rome;male;https://museusoaresdosreis.gov.pt/domingos-sequeira-da-casa-pia-a-pintor-oficial-da-corte/;high;As fontes também mencionam aulas com Antonio Cavallucci em Roma.;https://museusoaresdosreis.gov.pt/domingos-sequeira-da-casa-pia-a-pintor-oficial-da-corte/;high;MASP;high;38.6979;-9.2064;95.21;41.89333;12.48278;100.0;https://museusoaresdosreis.gov.pt/domingos-sequeira-da-casa-pia-a-pintor-oficial-da-corte/;"fontes adicionadas em auditoria; coordenadas auditadas para a cidade";high;https://museusoaresdosreis.gov.pt/domingos-sequeira-da-casa-pia-a-pintor-oficial-da-corte/;https://museusoaresdosreis.gov.pt/domingos-sequeira-da-casa-pia-a-pintor-oficial-da-corte/;;high
Donald Abad;1500;;France;École nationale supérieure des arts décoratifs;48.856667;2.352222;France;;male;Paris College of Art — https://www.paris.edu/faculty/abad-donald/> CNAP — https://www.cnap.fr/donald-abad-0;high;FILE explicita “País de Origem: France”> preenchido em nível de país.;FILE Festival (País de Origem);high;FILE;high;46.559417044;2.550539953;100.0;;;;;"artista em atividade em fonte recente; sem óbito identificado";;Ulan;;;high
Donald Urquhart;1963;;United Kingdom;Edinburgh College of Art > Royal Academy Study Course at the Prado Museum;55.9458 > 40.41388888888889;-3.19964 > -3.692222222222222;Dumfries, Scotland;;male;https://www.royalscottishacademy.org/exhibitions/210-donald-urquhart-rsa/overview | https://pssauk.org/public-sculpture-of-britain/biography/urquhart-donald/ | https://www.royalscottishacademy.org/publications/118-donald-urquhart-sketchbook/> https://www.royalscottishacademy.org/exhibitions/210-donald-urquhart-rsa/overview | https://pssauk.org/public-sculpture-of-britain/biography/urquhart-donald/;high;;MAC USP Acervo;high;MAC USP;high;55.069939;-3.605;;;;;;"artista em atividade em fonte recente; sem óbito identificado";;Ulan;;;high
Dropbear;;;Australia;;;;Melbourne, Australia;;male;;;;CCCB / Best Ads on TV;medium;FILE;;-37.815051434;144.960255426;;;;;;"nome artístico/estúdio em atividade; local de morte não se aplica";;;;;
DRTHRDWR;;;Netherlands;Sandberg Institute > Gerrit Rietveld Academie;52.34138888888889 > 52.3413;4.860277777777777 > 4.86;Netherlands;;female;Academia.edu CV;low;;FILE Festival (País de Origem);high;FILE;high;52.249375293;5.616126398;100.0;;;;;"nome artístico em atividade; local de morte não se aplica";;;;;
Drude Mangaard;;;Kingdom of Denmark;The Animation Workshop;56.4561;9.40611;Denmark;;female;FILE Festival — https://archive.file.org.br/participantes/drude-mangaard/> perfil pessoal — https://drudemangaard.blogspot.com/p/bio.html;high;;FILE Festival (País de Origem);high;FILE;high;55.959300779;10.053934054;100.0;;;;;;;;;;
Décio Villares;1851;1931;Brazil;Academia Imperial de Belas Artes;-22.9071;-43.1829;Rio de Janeiro;Rio de Janeiro;male;Itaú Cultural> Arqnet;high;fontes citam estudos com Paul Cabanel e Pedro Américo na Europa, sem instituição única claramente nomeada;Wikidata;high;Museu Casa de Benjamin Constant;medium;-22.9014475;-43.1789159;100.0;-22.91111;-43.20556;100.0;Enciclopédia Itaú Cultural;"fontes adicionadas em auditoria; coordenadas auditadas para a cidade";high;Wikidata;Wikidata;;high
Dénes Ruzsa;1982;;Hungary;;;;Hungary;;male;;;FILE explicita “País de Origem: Hungary”> preenchido em nível de país.;FILE Festival (País de Origem);high;FILE;high;47.16708877;19.4245317;100.0;;;;;;;Wikidata;;;high
Désiré François Laugée;1823;1896;France;École des Beaux-Arts de Paris > Collège des Bons-Enfants > École des Beaux-Arts de Saint-Quentin > studio of Louis Nicolas Lemasle > studio of François-Édouard Picot;48.853997 > 49.850038 > 49.850038 >  > ;2.333500 > 3.284348 > 3.284348 >  > ;Maromme;Paris;male;https://en.wikipedia.org/wiki/D%C3%A9sir%C3%A9_Fran%C3%A7ois_Laug%C3%A9e;medium;A fonte permite reconstruir a sequência formativa, mas não fornece cronologia anual completa para cada etapa.;Wikidata;high;Museu Nacional de Belas Artes;high;49.4811839;1.039354602;100.0;48.856372814;2.352529617;100.0;Paris Musées;auditoria: local ajustado de 16th arrondissement of Paris para Paris com base em fonte institucional;high;Wikidata > Ulan;Wikidata > Ulan;;high
E. F. Schute;;;;;;;;;male;;;identificação parcial e fontes divergentes sobre a autoria> formação não localizada;;;MASP;;;;;;;;;"fonte institucional indica dados biográficos escassos; local de morte não localizado";;;;;
E. Muller;;;;;;;;;;;;;;;;;;;;;;;;"nome abreviado; homônimo não desambiguado com segurança";;;;;
E. Presty;;;;;;;;;;;;;;;Museu Histórico Nacional;;;;;;;;;"nome abreviado; homônimo não desambiguado com segurança";;;;;
E. Ribeiro;1690;1752;;;;;;;;;;;;;Museu Histórico Nacional;;;;;;;;;"nome abreviado; homônimo não desambiguado com segurança";;Ulan;Ulan;;high
Eden Chan;1993;;Taiwan;Taipei National University of the Arts;25.13406;121.47038;Taichung, Taiwan;;male;FILE Festival;high;;FILE Festival;high;FILE;;24.1634888;120.6467399;100.0;;;;;fonte recente indica artista em atividade;;;;;
Edgar Degas;1834;1917;France;École des Beaux-Arts de Paris;48.853997;2.333500;Paris;Paris;male;https://www.britannica.com/biography/Edgar-Degas> https://pt.wikipedia.org/wiki/Edgar_Degas;high;também estudou no ateliê de Louis Lamothe e passou longos períodos copiando mestres no Louvre;Wikidata;high;MASP;high;48.856372814;2.352529617;100.0;48.856372814;2.352529617;100.0;Britannica;"fontes adicionadas em auditoria; coordenadas auditadas para a cidade";high;Ulan;Ulan;;high
Edgard Cognat;1919;1994;Brazil;curso de Belas Artes dirigido por Carlos Chambelland;-22.91111111111111;-43.20555555555556;Rio de Janeiro;Rio de Janeiro;male;https://en.wikipedia.org/wiki/Edgard_Cognat | https://editoradegustar.com.br/produto/gravura-em-metal-edgard-cognat/;medium;Em gravura, as fontes indicam percurso autodidata> registrei apenas a formação que aparece com suporte explícito.;Wikidata;high;Museu Histórico Nacional;medium;-22.9014475;-43.1789159;100.0;-22.9014475;-43.1789159;100.0;Museu Histórico Nacional;"fontes adicionadas em auditoria; coordenadas auditadas para a cidade";high;Wikidata;Wikidata;;high
Edgard Parreiras;1885;1964;Brazil;studies with Antônio Parreiras > Académie Julian; > 48.8422; > 2.3318;Niterói;Niterói;male;https://enciclopedia.itaucultural.org.br/pessoas/6140-edgard-parreiras;high;He initially studied with Antônio Parreiras and later attended the Académie Julian under Jean-Paul Laurens. Sources disagree on the year of death: 1960 or 1964.;Wikidata;high;Museu Regional São João Del Rey;low;-22.8898227;-43.1220775;100.0;-22.8898227;-43.1220775;100.0;Enciclopédia Itaú Cultural;"fontes adicionadas em auditoria; coordenadas auditadas para a cidade";high;Wikidata;Wikidata;;medium
Edmond Marie Petitjean;1844;1925;France;Faculty of Law at Nancy / law studies > self-taught artistic training;48.6921 > ;6.1844 > ;Neufchâteau;Paris;male;https://en.wikipedia.org/wiki/Edmond_Marie_Petitjean | https://www.fineartphotographyvideoart.com/2020/06/Edmond-Marie-Petitjean.html;medium;As fontes indicam estudos de direito e trajetória artística autodidata> sem escola formal de arte identificada.;Wikidata;high;MASP;medium;48.3556;5.6961;100.0;48.856372814;2.352529617;100.0;BnF;"fontes adicionadas em auditoria; coordenadas auditadas para a cidade";high;Wikidata > Ulan;Wikidata > Ulan;;high
Edmond Viancin;1836;1877;France;French artistic training;;;France;;male;https://www.brasilianaiconografica.art.br/;medium;Dados abertos insuficientes para instituição específica.;Wikidata;high;Museu Paulista;low;46.559417044;2.550539953;100.0;;;;;"fonte aberta consultada informa a data de morte, sem local explícito; campo mantido em branco";;Wikidata;Wikidata;;high
Edouard Vienot;1804;;France;École des Beaux-Arts de Paris > discípulo de Louis Hersent e Paulin Guérin;48.853997 > ;2.333500 > ;Fontainebleau;Brussels;male;https://pt.wikipedia.org/wiki/%C3%89douard_Vi%C3%A9not | https://artsandculture.google.com/entity/%C3%89douard-vi%C3%A9not/m05c3q8;medium;;Wikidata;high;Museu Paulista;high;48.404740851;2.701648778;100.0;50.85045;4.34878;100.0;Wikipédia (fr);"auditoria: local ajustado de Brussels metropolitan area para Brussels; coordenadas corrigidas";medium;;;"fontes divergentes sobre ano de morte; campo mantido em branco";
Edouard Vienot | Morisset;;;;École des Beaux-Arts de Paris;48.853997;2.333500;;;;Wikipedia> Itaú Cultural;medium;registro possivelmente composto com outro nome ('Morisset')> preencher com cautela;;;Museu Regional São João Del Rey;low;;;;;;;;"registro composto/atelier; local de morte não atribuível com segurança";;;;;
Eduard Hildebrandt;1818;1869;Kingdom of Prussia;training with the marine painter Wilhelm Krause;52.50916666666667;13.32694444444444;Gdańsk;Berlin;male;https://en.wikipedia.org/wiki/Eduard_Hildebrandt | https://www.britannica.com/biography/Eduard-Hildebrandt;high;Não foi localizada academia formal inequívoca nas fontes consultadas.;Wikidata;high;Pinacoteca de São Paulo;medium;54.351887748;18.646338873;100.0;52.517669999;13.405537999;100.0;Kulturstiftung;"fontes adicionadas em auditoria; coordenadas auditadas para a cidade";high;Ulan;Ulan;;high
Eduardo Abrantes;;;Portugal;Escola António Arroio > Escola Superior de Belas-Artes de Lisboa > Universidade Aberta;38.736111 > 38.708042 > 38.708042;-9.127222 > -9.139016 > -9.139016;Lisbon, Portugal;;male;currículo aberto — https://eapinturaedesenho.blogspot.com/p/curriculo.html> galeriadearte.pt — https://galeriadearte.pt/artista/eduardo-abrantes-artista-plastico/;low;;site oficial / Academia.edu;high;FILE;;38.7070085;-9.1356407;100.0;;;;;fonte recente indica artista em atividade;;;;"homônimo / fontes indicam perfis distintos; data não preenchida";
Eduardo De Martino;1838;1912;Kingdom of the Two Sicilies;Accademia di Belle Arti di Napoli > training in the Italian navy > inicia pintura em Nápoles sob influência da School of Resina;40.8516 >  >;14.2512 >  >;Meta;London;male;https://en.wikipedia.org/wiki/Edoardo_De_Martino | https://ims.com.br/por-dentro-acervo/edoardo-de-martino-marinheiro-e-pintor-por-lucia-kluck-stumpf/;medium;Não foi localizada escola formal de arte em fonte aberta recuperada> mantido preenchimento conservador.;Wikidata;high;Pinacoteca de São Paulo;low;40.6403;14.4192;100.0;51.50740836;-0.127698693;100.0;Brasiliana Iconográfica;"fontes adicionadas em auditoria; coordenadas auditadas para a cidade";high;Wikidata > Ulan;Wikidata > Ulan;;high
Eduardo de Sá;1866;1940;Brazil;Academia Imperial de Belas Artes > Académie Julian > private sculpture classes with Rodolfo Bernardelli;-22.9071 > 48.871111 > ;-43.1829 > 2.341667 > ;Rio de Janeiro;Rio de Janeiro;male;https://pt.wikipedia.org/wiki/Eduardo_de_S%C3%A1 | https://www.catalogodasartes.com.br/artista/Eduardo%20de%20S%EF%BF%BD/;medium;As fontes também citam formação inicial particular com Vítor Meireles.;Wikidata;high;Museu Histórico Nacional;high;-22.9014475;-43.1789159;100.0;-22.9014475;-43.1789159;100.0;Enciclopédia Itaú Cultural;"fontes adicionadas em auditoria; coordenadas auditadas para a cidade";high;Enciclopédia Itaú Cultural;Enciclopédia Itaú Cultural;;high
Eduardo Eloy;1955;;Brazil;Escola de Artes Visuais do Parque Lage > Centro Educacional Municipal Calouste Gulbenkian > Museu de Arte Moderna do Rio de Janeiro (MAM-RJ);-22.9606 > -22.9111 > -22.91111111111111;-43.212 > -43.2056 > -43.20555555555556;Fortaleza;;male;https://www.cps.pt/pt/artistas/eduardo-eloy> https://mapacultural.secult.ce.gov.br/agente/36535/;high;fontes convergem para formação em gravura e artes visuais no Rio;Wikidata;high;MAC USP;high;-3.7184625;-38.5416698;100.0;;;;;fonte recente indica artista em atividade;;site oficial do artista;;;high
Eduardo Jonquières;1918;2000;Argentina;Academia Nacional de Bellas Artes > Escuela Normal del Profesorado Mariano Acosta;-34.599722 > -34.599722222222;-58.381944 > -58.381944444444;Buenos Aires;Paris;male;https://artedelaargentina.com/disciplinas/artista/pintura/eduardo-jonquieres> https://www.ecured.cu/Eduardo_Jonqui%C3%A8res;high;fontes sumárias convergem para formação em Buenos Aires> datas aproximadas;Wikidata;high;MAC USP;medium;-34.6090264;-58.3732215;100.0;48.856372814;2.352529617;100.0;MAC USP;Local de morte preenchido a partir de ficha institucional do MAC USP.;high;Wikidata;Wikidata;;high
Eduardo Nespoli;;;Brazil;Universidade Estadual de Campinas (UNICAMP);-22.817222222222;-47.069444444444;Brazil;;male;FILE Festival;high;;FILE Festival (País de Origem);high;FILE;high;-10.769946429;-53.073466889;100.0;;;;;fonte recente indica artista em atividade;;;;;
Egon Schiele;1890;1918;Cisleithania;Akademie der bildenden Künste Wien;48.201389;16.365278;Tulln an der Donau;Vienna;male;https://www.leopoldmuseum.org/en/collection/egon-schiele;high;;Wikidata;high;MAC USP;high;48.3310442;16.05207;100.0;48.2092062;16.3727778;100.0;Britannica;"fontes adicionadas em auditoria; coordenadas auditadas para a cidade";high;;;;
Ekin Başaran;;;Turkey;New York University Abu Dhabi;24.5239;54.4346;Istanbul, Turkey;;female;NYU Abu Dhabi — https://www.nyu.ae/en/news/latest-news/global-learning/2017/october/graphic-animations-light-up-brazilian-art-festival.html> FILE Festival — https://archive.file.org.br/participantes/ekin-basaran/;high;;FILE Festival;high;FILE;;41.0129952;28.9747973;100.0;;;;;sem óbito identificado em fonte aberta consultada;;;;;
El Greco;1541;1614;Crown of Castile;Escola cretense (Cretan school);35.3387;25.1442;Heraklion;Toledo;male;https://pt.wikipedia.org/wiki/El_Greco | https://www.el-greco-foundation.org/biography.html;medium;A formação inicial aparece como treinamento na tradição/Escola cretense, sem datas precisas.;Wikidata;high;MASP;medium;35.3292189;25.1386597;100.0;39.8581;-4.02263;100.0;Britannica;auditoria: coordenadas corrigidas para Toledo, Espanha;high;;;;
Elaine Hoey;;;Ireland;National College of Art and Design;53.34277778;-6.27888889;Ireland;;female;National Sculpture Factory — https://nationalsculpturefactory.com/artists/elaine-hoey/> NCAD — https://www.ncad.ie/directory/view/elaine-hoey;high;;IMMA;high;FILE;;53.175879846;-8.146006147;100.0;;;;;fonte recente indica artista em atividade;;;;;
Elena Negoiu;;;Romenia;New York University Abu Dhabi;24.5239;54.4346;Romenia;;female;NYU Abu Dhabi — https://f5.publicprograms.nyuad.nyu.edu/en/academics/divisions/engineering/instructors/elena-negoiu.html;high;;FILE Festival (País de Origem);high;FILE;high;45.943161;24.96676;;;;;;"fonte recente indica atividade profissional em 2025; sem óbito identificado";;;;;
Eleonore Koch;1926;2018;Germany;classes with Yolanda Mohalyi, Elisabeth Nobiling, Samson Flexor and Bruno Giorgi > studios of Árpád Szenes and Robert Coutin > studio of Alfredo Volpi;>  >;>  >;Berlin;São Paulo;female;https://www.guiadasartes.com.br/eleonore-koch/obras-e-biografia;low;trajetória formativa baseada em ateliês e estudo com artistas;Wikidata;high;MAC USP;high;52.517669999;13.405537999;100.0;-23.5486657;-46.6382522;100.0;Enciclopédia Itaú Cultural;"fontes adicionadas em auditoria; coordenadas auditadas para a cidade";high;Wikidata > Ulan;Wikidata > Ulan;;high
Eli Heil;1929;2017;Brazil;;;;Palhoça, SC, Brazil;Florianópolis;female;;;artista autodidata> sem escola formal localizada;Wikipédia em português;medium;MAC USP;medium;-27.6455;-48.6697;;-27.5969123;-48.5495751;100.0;Enciclopédia Itaú Cultural;Local de morte preenchido a partir de fonte institucional.;high;Wikidata;Wikidata;;high
Elisa Gunzi;;;;Pontifícia Universidade Católica do Paraná (PUC-PR) > Escola de Música e Belas Artes do Paraná (EMBAP) > Universidade Federal do Rio Grande do Sul (UFRGS) > Universidade do Estado de Santa Catarina (UDESC);-25.4527 > -25.4284 > -30.0292 > -27.60111111;-49.2521 > -49.2733 > -51.2233 > -48.52;;;;https://www.escavador.com/sobre/4810461/elisa-kiyoko-gunzi;medium;"degree in Psychology from PUC-PR; training in Painting and Art History at EMBAP; master's degree in Visual Arts from UFRGS; doctorate in Visual Arts from UDESC";;;Museu Victor Meirelles;medium;;;;;;;;"recent curriculum indicates the artist is active; no evidence of death";;;;;
Elisa Kiyoko Gunz;1969;;;Instituto de Artes da Universidade Federal do Rio Grande do Sul (UFRGS) > Programa de Pós-Graduação em Artes Visuais da UDESC;-30.0292 > -27.60111111;-51.2233 > -48.52;;;female;UFRGS Lume> repositório UDESC> Escavador;medium;dissertação de mestrado na UFRGS e doutorado em Artes Visuais na UDESC concluído em 2021> graduação não localizada com segurança;;;;medium;;;;;;;;identificada em exposição/acervo, sem dados biográficos suficientes para localizar óbito;;;;;
Elisa Martins da Silveira;1912;2001;Brazil;;;;Teresina;Rio de Janeiro;female;;;artista descrita como autodidata ou de formação não institucional claramente localizada;Wikidata;high;MAC USP;low;-5.0879258;-42.8009765;100.0;-22.9014475;-43.1789159;100.0;MAC USP;"fontes adicionadas em auditoria; coordenadas auditadas para a cidade";high;Wikidata > Ulan;Wikidata > Ulan;;high
Elisa Turco;;;Italy;Università di Bologna > ERT - Emilia Romagna Teatro;44.493888888889 > 44.64582;11.342777777778 > 10.92572;Italy;;female;Rome Art Week — https://romeartweek.com/en/artists/?code=NVMAXW;high;;FILE Festival (País de Origem);high;FILE> Museu Paulista;high;42.83333;12.83333;100.0;;;;;fonte recente indica artista em atividade;;;;;
Eliseu Visconti;1866;1944;Kingdom of Italy;Liceu de Artes e Ofícios do Rio de Janeiro > Academia Imperial de Belas Artes > Atelier Livre > Escola Nacional de Belas Artes > École nationale supérieure des beaux-arts > École normale d'enseignement du dessin (École Guérin) > Académie Julian;-22.91111111111111 > -22.9071 >  > -22.9071 > 48.853997 > 48.843223 > 48.853407;-43.20555555555556 > -43.1829 >  > -43.1829 > 2.333500 > 2.330126 > 2.330984;Giffoni Valle Piana;Rio de Janeiro;male;Projeto Eliseu Visconti;medium;mais tarde ganhou prêmio de viagem à Europa> datas europeias não consolidadas neste passe;Wikidata;high;Museu Nacional de Belas Artes;high;40.7190349;14.9437285;100.0;-22.9014475;-43.1789159;100.0;Enciclopédia Itaú Cultural;"fontes adicionadas em auditoria; coordenadas auditadas para a cidade";high;Ulan;Ulan;;high
Elke Hering Bell;1940;1994;Brazil;training with Lorenz Heilmair > Academy of Fine Arts Munich > Mário Cravo Júnior's studio > School of Fine Arts of Bahia > Berlin Academy of Fine Arts > studies with Robert Jacobsen; > 48.1542 >  > -12.9992 > 52.5163 > ; > 11.5417 >  > -38.5108 > 13.3777 > ;Blumenau;Blumenau;female;https://museuvictormeirelles.acervos.museus.gov.br/autores/elke-hering-bell-2/ > https://pt.wikipedia.org/wiki/Elke_Hering;high;specialized in sculpture at the Akademie der Bildenden Künste München and interned at Mário Cravo Júnior's studio;Wikidata;high;Museu Victor Meirelles;low;-26.9189417;-49.0660575;100.0;-26.9189417;-49.0660575;100.0;Enciclopédia Itaú Cultural;"fontes adicionadas em auditoria; coordenadas auditadas para a cidade";high;Wikidata;Wikidata;;high
Elli Vuorinen;1985;;Finland;Turku Arts Academy;60.45166666666667;22.26694444444444;Finland;;female;FILE Festival;high;fonte identifica apenas o país de nascimento;IFFR;medium;FILE;;61.92411;25.748151;;;;;;fonte recente indica artista em atividade;;Wikidata;;;high
Emanuele Kabu;1978;;Italy;self-taught;46.1398994;12.2176668;Belluno, Italy;;male;It’s Nice That — https://www.itsnicethat.com/articles/emanuele-kabu-animation-100118> site oficial — https://www.emanuelekabu.org/about/ | site oficial / Raum Italic / FILE Festival;high;autodidata> coordenadas atribuídas à cidade natal associada ao início da trajetória artística;site oficial / BilBOlbul;high;FILE;low;46.1398994;12.2176668;100.0;;;;;fonte recente indica artista em atividade;;;;;
Emeric Marcier;1916;1990;Brazil;Accademia di Belle Arti di Brera > École nationale supérieure des beaux-arts;45.47222222 > 48.853997;9.18888889 > 2.333500;Cluj-Napoca;Paris;male;https://www.escritoriodearte.com/artista/emeric-marcier;low;;Wikidata;high;MAC USP;high;46.7709185;23.5899178;100.0;48.856372814;2.352529617;100.0;Enciclopédia Itaú Cultural;"fontes adicionadas em auditoria; coordenadas auditadas para a cidade";high;Wikidata > Ulan;Wikidata > Ulan;;high
Emerik Fejes;1904;1969;Yugoslavia;;;;Osijek;Novi Sad;male;;;artista autodidata> sem escola formal localizada;Wikidata;high;MAC USP;medium;45.552721117;18.685303875;100.0;45.2545531;19.842576;100.0;Novi Sad Tourism Organisation;"fontes adicionadas em auditoria; coordenadas auditadas para a cidade";medium;Wikidata > Ulan;Wikidata > Ulan;;high
Emi Nakano;;;;;;;;;;;;possível homônimo> formação não localizada com segurança;;;MAC USP;;;;;;;;;homônimo/identificação nominal insuficiente para atribuir local de morte com segurança;;;;;
Emile Claus;1849;1924;Belgium;Royal Academy of Fine Arts Antwerp > Academy of Waregem;51.2234 > 50.88107833333333;4.4069 > 3.400099444444444;Sint-Eloois-Vijve;Astene;male;https://en.wikipedia.org/wiki/Emile_Claus;medium;A fonte também cita Jacob Jacobs e Nicaise de Keyser como mestres.;Wikidata;high;MASP;high;50.90911;3.41545;100.0;50.98512;3.56654;100.0;Ben Uri Research Unit;"fontes adicionadas em auditoria; coordenadas auditadas para a cidade";medium;Ulan;Ulan;;high
Emile Geissberger;;;;École d’Art de La Chaux-de-Fonds;47.099627777778;6.8295583333333;Zurich, Switzerland;;;fontes biográficas de referência;medium;instituição identificada em fontes secundárias;MAC USP;high;MAC USP;low;47.38454096;8.529927493;;;;;;sem local de morte explícito em fonte robusta localizada;;;;;
Emiliano Di Cavalcanti;1897;1976;Brazil;Colégio Pio Americano > Faculdade de Direito da Universidade de São Paulo (USP);41.890166 > -23.55;12.434586 > -46.63722222;Rio de Janeiro;Rio de Janeiro;male;Guia das Artes;medium;formação artística majoritariamente extraescolar no período inicial;Wikidata;high;MAC USP;medium;-22.9014475;-43.1789159;100.0;-22.9014475;-43.1789159;100.0;MAC USP;"fontes adicionadas em auditoria; coordenadas auditadas para a cidade";high;Wikidata > Ulan;Wikidata > Ulan;;high
Emiliano Zucchini;1982;;Italy;;;;Frascati, Italy;;male;;;;Homeostasis Lab;medium;FILE;;41.8062042;12.6804299;100.0;;;;;fonte recente indica artista em atividade;;site oficial do artista;;;high
Emilio Vedova;1919;2006;Italy;night classes in decoration at Carmini;45.4286;12.3305;Venice;Venice;male;Peggy Guggenheim Collection> Wikipedia;medium;Principalmente autodidata> registro mantido por haver fonte explícita para aulas noturnas.;Wikidata;high;MAC USP;medium;45.434608;12.338913;100.0;45.434608;12.338913;100.0;Treccani;"fontes adicionadas em auditoria; coordenadas auditadas para a cidade";high;Ulan;Ulan;;high
Emma Vakarelova;1988;;Bulgaria;Ilia Petrov National High School of Fine Arts > Estienne School > Royal Academy of Fine Arts > European School of Higher Education in Image (EESI) > La Poudrière;42.68753 > 48.831071 > 50.8440 > 44.9475 > 44.9334;23.32852 > 2.351991 > 4.3477 > 4.895278 > 4.89236;Sofia, Bulgaria;;female;site oficial da artista;high;;site oficial da artista / FILE Festival;high;FILE;;42.6964917;23.3260106;100.0;;;;;fonte recente indica artista em atividade;;Wikidata;;;high
Emmanuel Nassar;1949;;Brazil;Universidade Federal do Pará;-1.4746;-48.4533;Capanema;;male;https://enciclopedia.itaucultural.org.br/pessoas/2814-emmanuel-nassar;high;formação em arquitetura;Wikidata;high;MAC USP;high;-1.1991117;-47.1809146;100.0;;;;;fonte recente indica artista em atividade;;Wikidata > Ulan;;;high
Emmanuelle Leleu;;;France;Supinfocom Arles (atual MoPA);43.67670;4.6278;France;;female;Digital Production — https://digitalproduction.com/?p=99106> Cartoon Brew — https://www.cartoonbrew.com/cgi/a-la-francaise-by-julien-hazebroucq-emmanuelle-leleu-morrigane-boyer-william-lorton-ren-hsien-hsu-95939.html;medium;FILE explicita “País de Origem: France”> preenchido em nível de país.;FILE Festival (País de Origem);high;FILE;high;46.559417044;2.550539953;100.0;;;;;fonte recente indica artista em atividade;;;;;
Emídio de Souza;1868;1949;Brazil;;;;Itanhaém, SP, Brazil;;male;;;;Prefeitura de Itanhaém;medium;;;-24.1831686;-46.7895176;;;;;;fonte institucional localizada, mas sem local de morte explícito;;MAC USP;MAC USP;;high
Emília Ceccarelli;1927;;;;;;São Paulo, SP, Brazil;;female;;;biografia localizada> formação não localizada com segurança;MAC USP;high;MAC USP;;-23.5486657;-46.6382522;;;;;;sem local de morte explícito em fonte institucional localizada;;Enciclopédia Itaú Cultural;;;high
Eran Hilleli;;;Israel;Bezalel Academy of Arts and Design;31.781166666666667;35.22361111111111;Israel;;male;FILE Festival;high;FILE explicita “País de Origem: Israel”> preenchido em nível de país.;FILE Festival (País de Origem);high;FILE;high;31.977711512;34.979217692;100.0;;;;;fonte recente indica artista em atividade;;;;;
Erdal İnci;1983;;Turkey;Hacettepe University;39.867222222222;32.734444444444;Ankara, Turkey;;male;https://www.erdalinci.com/bio | https://archive.file.org.br/participantes/erdal-inci/;high;;portfólio oficial / Art On Istanbul;high;FILE;;39.8965202;32.8619738;100.0;;;;;fonte recente indica artista em atividade;;;;;
Eri Kassnel;1973;;Romenia;Bern University of the Arts > Augsburg University of Applied Sciences;46.94666666666667 > 48.355277777778;7.391388888888889 > 10.905;Timișoara, Romenia;;female;site oficial — https://eri-kassnel.de/en-info/kassnel-henneberg-media-artist/> Numeridanse — https://numeridanse.com/en/profile/kassnel-eri/;high;;Flee Immediately / Fuck you, next;medium;FILE;;45.7509747;21.2261973;100.0;;;;;fonte recente indica artista em atividade;;Kunstradio;;fontes recentes também usam a forma Erika Kassnel-Henneberg;medium
Eric Lefaure;1988;;France;;;;France;;male;;;fonte biográfica identifica apenas o país> preenchimento mantido em nível de país.;FILE Festival / It’s Nice That;medium;FILE;;46.559417044;2.550539953;100.0;;;;;fonte recente indica artista em atividade;;Sotheby's;;ano de nascimento obtido em catálogo de leilão;medium
Erica Gualandi;;;United Kingdom;Bournemouth University;50.7432;-1.8969;United Kingdom;;female;FILE Festival — https://archive.file.org.br/participantes/erica-gualandi/> Vimeo/NCCA Degree Show — https://vimeopro.com/nccaanimation/undergraduatedegreeshow2017/video/225838598;medium;FILE explicita “País de Origem: United Kingdom”> preenchido em nível de país.;FILE Festival (País de Origem);high;FILE;high;53.408386605;-1.969559544;100.0;;;;;"atividade profissional recente localizada; sem óbito identificado";;;;;
Erica Kaminishi;1979;;;Faculdade de Artes do Paraná > Nihon University;-25.409606 > 35.691;-49.248433 > 139.73760833;Mato Grosso, Brazil;;female;https://www.ericakaminishi.com/bio/;medium;"B.A. in Fine Arts from Faculdade de Artes do Paraná and M.A. in Visual Arts from Nihon University; sources disagree between Mato Grosso and Londrina as the birthplace; doctoral program in Japan not completed";site oficial da artista;high;Museu Victor Meirelles;medium;-12.6819;-56.9211;;;;;;fonte recente indica artista em atividade;;Via Thorey;;;medium
Erich Brill;1895;1942;German Reich;escolas de arte em Hamburgo e Frankfurt;50.11055555555556;8.682222222222222;Lübeck;Jungfernhof concentration camp;male;https://www.askart.com/bio/Erich_Arnold_Brill/11091033/Erich_Arnold_Brill;medium;A fonte recuperada usa o nome completo Erich Arnold Brill.;Wikidata;high;MAC USP;medium;53.866268999;10.683932;100.0;56.8923056;24.1981111;76.43;"Deutsche Biographie; Wikipédia (de)";auditoria: coordenadas corrigidas para Jungfernhof concentration camp, perto de Riga;medium;Wikidata > Ulan;Wikidata > Ulan;;high
Erin Gee;1983;;Canada;Concordia University;45.496944444444445;-73.57805555555555;Regina, Saskatchewan, Canada;;female;https://en.wikipedia.org/wiki/Erin_Gee_(artist) | https://www.isea-symposium-archives.org/person/erin-marie-gee/;medium;;Toronto Biennial of Art;high;FILE;;50.448119;-104.615859;100.0;;;;;fonte recente indica artista em atividade;;site oficial da artista (biography);;;high
Ernest Ange Duez;1843;1896;France;École des Beaux-Arts de Paris;48.853997;2.333500;former 3rd arrondissement of Paris;Saint-Germain-en-Laye;male;https://fr.wikipedia.org/wiki/Ernest_Ange_Duez;medium;aluno nos ateliês de Isidore Pils e Carolus-Duran;Wikidata;high;Pinacoteca de São Paulo;medium;43.309522766634;5.370419622038;85.38;48.898970617;2.093804863;100.0;Museo Nacional Thyssen-Bornemisza;"fontes adicionadas em auditoria; coordenadas auditadas para a cidade";high;Ulan;Ulan;;high
Ernestina Sanná Karman;1915;2004;Brazil;drawing studies with Lucilia Fraga;-23.5331446;-46.6267577;Santos;São Paulo;female;https://enciclopedia.itaucultural.org.br/pessoas/9153-ernestina-sanna-karman | https://www.guiadasartes.com.br/ernestina-sanna-karman/quem-foi;high;"formação em ateliê explicitada em fontes sumárias. A formação no ateliê de Samson Flexor não foi confirmada; foi substituída pelos estudos de desenho com Lucilia Fraga.";Wikidata;high;MAC USP;low;-23.9562885;-46.3264601;100.0;-23.5486657;-46.6382522;100.0;Enciclopédia Itaú Cultural;Local de morte preenchido a partir de fonte institucional.;high;Wikidata;Wikidata;;high
Ernesto de Fiori;1884;1945;Austria;Königliche Akademie der Bildenden Künste;52.362906786;4.917817469;Rome;São Paulo;male;https://enciclopedia.itaucultural.org.br/pessoas/3015-ernesto-de-fiori;high;A Enciclopédia Itaú Cultural informa estudos de desenho em Munique com Gabriel von Hackl na Real Academia.;Wikidata;high;MAC USP;high;41.8905568;12.4942679;100.0;-23.5486657;-46.6382522;100.0;MAC USP;"fontes adicionadas em auditoria; coordenadas auditadas para a cidade";high;Wikidata > Ulan;Wikidata > Ulan;;high
Ernesto Meyer Filho;1919;1991;Brazil;;;;Itajaí;Florianópolis;male;;;artista autodidata> sem escola formal localizada;Wikidata;high;MAC USP;medium;-26.9083405;-48.6626099;100.0;-27.5969123;-48.5495751;100.0;;;;Wikidata;Wikidata;;high
Ernst Nowak;1851;1919;Cisleithania;Akademie der bildenden Künste Wien;48.201388888889;16.365277777778;Opava;Vienna;male;https://www.biographien.ac.at/oebl/oebl_N/Novak_Ernst_1851_1919.xml;high;A fonte aberta também informa os professores K. Mayer, Wurzinger e Eisenmenger.;Wikidata;high;Museu Histórico Nacional;high;49.936506356;17.904929924;100.0;48.2092062;16.3727778;100.0;ÖBL / biographien.ac.at;"fontes adicionadas em auditoria; coordenadas auditadas para a cidade";high;Ulan;Ulan;;high
Erwin Günther;1950;;Germany;Kunstakademie Düsseldorf;51.23054;6.77365;Hamburg;Düsseldorf;male;https://de.wikipedia.org/wiki/Erwin_G%C3%BCnther_%28Maler%29;medium;A fonte também informa Olof Jernberg como professor.;Wikidata;high;MASP;high;53.550677999;9.99697;100.0;51.224219999;6.780068;100.0;"Wikipedia (de); Wikimedia Commons";"fontes abertas convergentes; coordenadas auditadas para a cidade";medium;Ulan;;"ano de morte não preenchido; fonte consultada localiza artista 1864–1927, mas o nascimento já preenchido no CSV (1950) conflita com essa identificação";high
Estanislau Antônio de Miranda (?);;;;;;;;;;;;"Authorship is tentatively attributed. The Museu do Diamante catalogue identifies Estanislau Antônio de Miranda as the son of Caetano Luiz de Miranda and Francisca, a resident of Vila de Diamantina; education and biographical data were not confirmed.";;;Museu do Diamante;;;;;;;;;homônimo/identificação nominal incerta para atribuir local de morte;;;;;
Estêvão Silva;1845;1891;Brazil;Academia Imperial de Belas Artes;-22.9071;-43.1829;Niterói;Rio de Janeiro;male;https://pt.wikipedia.org/wiki/Est%C3%AAv%C3%A3o_Silva | https://projetoafro.com/artista/estevao-silva/;medium;As fontes recuperadas também identificam Victor Meirelles, Jules Le Chevrel e Agostinho José da Mota como mestres.;Wikidata;high;Pinacoteca de São Paulo;high;-22.8898227;-43.1220775;100.0;-22.9014475;-43.1789159;100.0;Enciclopédia Itaú Cultural;"fontes adicionadas em auditoria; coordenadas auditadas para a cidade";high;Wikidata;Wikidata;;high
Euclides Fonseca;1853;1929;Brazil;composition studies with Inocêncio Smolz;-8.0538888888889;-34.880833333333;;Olinda;male;https://pt.wikipedia.org/wiki/Euclides_Fonseca | https://musicabrasilis.org.br/pt-br/compositores/euclides-fonseca/;medium;A formação aberta recuperável aparece por mestre, não por escola formal específica.;;;Museu Histórico Nacional;medium;;;;-8.0088888889;-34.8552805556;100.0;Música Brasilis;auditoria: local corrigido de Rio de Janeiro para Olinda;high;Musica Brasilis;Musica Brasilis;;high
Eugenio Prati;1842;1907;Kingdom of Italy;Accademia di Belle Arti di Venezia > patronato operário Stimate de Verona;45.4286 > 45.4384;12.3305 > 10.9916;Caldonazzo;Caldonazzo;male;https://prati.com.br/famiglia-prati/ilustresilustri/biografia-portugues | https://pt.wikiital.com/wiki/Eugenio_Prati_%28scultore%29;medium;Há divergência de datas entre fontes secundárias> mantido o que aparece de forma mais explícita nas fontes abertas recuperadas.;Wikidata;high;MAC USP;medium;45.9959444;11.2657962;100.0;45.9959444;11.2657962;100.0;Beweb;"fontes adicionadas em auditoria; coordenadas auditadas para a cidade";high;Ulan;Ulan;;high
Eugène Delacroix;1798;1863;France;École des Beaux-Arts de Paris > Lycée Impérial > studio of Pierre-Narcisse Guérin;48.853997 > 48.85666666666667 > ;2.333500 > 2.333611111111112 > ;Saint-Maurice;Paris;male;https://www.ebsco.com/research-starters/history/eugene-delacroix | https://www.guiadasartes.com.br/eugene-delacroix/biografia> https://www.guiadasartes.com.br/eugene-delacroix/biografia | https://www.ebsco.com/research-starters/history/eugene-delacroix;medium;;Wikidata;high;MASP;high;48.8182;2.4347;100.0;48.856372814;2.352529617;100.0;Britannica;"fontes adicionadas em auditoria; coordenadas auditadas para a cidade";high;;;;
Eugène Laermans;1864;1940;Belgium;Académie royale des Beaux-Arts de Bruxelles;50.844;4.3477;Molenbeek-Saint-Jean;Brussels;male;https://en.wikipedia.org/wiki/Eug%C3%A8ne_Laermans;medium;A fonte cita estudo com Jean-François Portaels.;Wikidata;high;MASP;high;50.855232451;4.318458105;100.0;50.85045;4.34878;100.0;"Wikipedia (en); Wikidata";auditoria: local regularizado para Brussels e coordenadas corrigidas;medium;Ulan;Ulan;;high
Eugène Louis Boudin;1824;1898;France;studio of Eugène Isabey;48.85666666666667;2.333611111111112;Honfleur;Deauville;male;https://en.wikipedia.org/wiki/Eug%C3%A8ne_Boudin;medium;A fonte também menciona trabalho como copista no Louvre.;Wikidata;high;Museu Nacional de Belas Artes;high;49.420241441;0.234543093;100.0;49.359249359;0.074676226;100.0;"Britannica; Musée d'Orsay";"fontes adicionadas em auditoria; coordenadas auditadas para a cidade";high;Wikidata > Ulan;Wikidata > Ulan;;high
Eugênio Teixeira;;;;Brazilian artistic training;;;;;;https://enciclopedia.itaucultural.org.br/;high;Não localizei nesta rodada uma fonte aberta suficiente para nomear escola específica> registro conservador.;;;Museu Histórico Nacional;low;;;;;;;;fonte institucional localizada, mas sem local de morte explícito;;;;;
Eulália Nascimento Silva;;;Brazil;Brazilian artistic training;;;;;female;https://www.catalogodasartes.com.br/;medium;Não localizei fonte aberta bastante robusta para nomear escola oficial nesta rodada.;;;Museu Histórico Nacional;low;;;;;;;;fonte institucional localizada, mas sem local de morte explícito;;;;;
Eurico de Vio;1874;1960;Italy > Brazil;Accademia di Belle Arti di Venezia;45.4286;12.3305;Venice, Italy;São Paulo;male;https://pt.wikipedia.org/wiki/Enrico_Vio | https://www.oexplorador.com.br/enrico-vio-pintor-participa-de-exposicoes-em-milao-turim-e-da-grande-mostra-de-artes-de-veneza/;medium;O creator está grafado como 'Eurico de Vio', mas as fontes abertas biográficas consultadas usam 'Enrico Vio'.;Enciclopédia Itaú Cultural;high;Museu Paulista;medium;45.4408;12.3155;;-23.5486657;-46.6382522;100.0;Enciclopédia Itaú Cultural;"place of death preenchido a partir de fonte institucional; creator usa variante de Enrico Vio";high;;;;
Evelyn Jane Ross;;;United States;Rhode Island School of Design;41.825833;-71.407778;;;female;FILE Festival — https://file.org.br/anima_2018/evelyn-jane-ross/> Great Women Animators — https://greatwomenanimators.com/evelyn-jane-ross/;high;Lote 8 pesquisado> sem fonte auditável suficiente para local de nascimento.;;;FILE;;;;;;;;;fonte recente indica artista em atividade;;;;;
Everett Spruce;1908;2002;United States;Dallas Art Institute;32.779166666667;-96.808888888889;Conway;Austin;male;https://www.cartermuseum.org/artists/everett-spruce;high;instituição identificada em biografias do regionalismo texano;Wikidata;high;MAC USP;medium;35.0917981;-92.4367002;100.0;30.264979;-97.746598;100.0;"Wikipedia (artista); Encyclopedia of Arkansas";"local mantido em auditoria; fonte institucional principal não explicita a cidade do óbito";medium;Wikidata > Ulan;Wikidata > Ulan;;high
Evert Lundquist;1904;1994;Sweden;Gerlesborg School of Fine Art > Carl Wilhelmson's painting school > Académie Julian > Konsthögskola;59.324444 >  > 48.871111 > 59.3260;18.083056 >  > 2.341667 > 18.0720;Stockholm;Stockholm;male;https://en.wikipedia.org/wiki/Evert_Lundquist;medium;;Wikidata;high;MAC USP;medium;59.3327881;18.0644881;100.0;59.3327881;18.0644881;100.0;"Moderna Museet; Wikidata";"fonte institucional explicita o óbito; cidade mantida por fonte aberta de autoridade";high;Ulan;Ulan;;high
F. Falcão;;;;;;;;;;;;;;;Museu Histórico Nacional;;;;;;;;;nome abreviado não desambiguado com segurança;;;;;
F. Mallio;;;;;;;;;male;;;;;;Museu Paulista;;;;;;;;;nome abreviado não desambiguado com segurança;;;;;
F. Prata;;;;;;;;;;;;;;;Museu Histórico Nacional;;;;;;;;;nome abreviado não desambiguado com segurança;;;;;
F. Viriato;;;;;;;;;;;;;;;Museu Histórico Nacional;;;;;;;;;nome abreviado não desambiguado com segurança;;;;;
Fabiana de Barros;1957;;Switzerland;Fundação Armando Álvares Penteado (FAAP);-23.5450155;-46.6630802;São Paulo;;female;https://acervo.macrs.rs.gov.br/artistas-macrs/fabiana-de-barros/;high;formação em artes plásticas;Wikidata;high;MAC USP;high;-23.5486657;-46.6382522;100.0;;;;;fonte recente indica artista em atividade;;Wikidata > Ulan;;;high
Fabiano Rodrigues;1974;;Brazil;self-taught;-23.5486657;-46.6382522;Santos, Brazil;;male;FILE Festival — https://archive.file.org.br/participantes/fabiano-rodrigues/> Fundação Vera Chaves Barcellos — https://fvcb.com.br/acervo/artista/fabiano-rodrigues/ | Arteref / Fundação Vera Chaves Barcellos;high;autodidata> coordenadas atribuídas à cidade de atuação e residência explicitada em biografia;FILE Festival / Constance Galeria;high;FILE;low;-23.9562885;-46.3264601;100.0;;;;;fonte recente indica artista em atividade;;Fundação Vera Chaves Barcellos;;;high
Fabio Fabbi;1861;1946;Kingdom of Italy;Academy of Fine Arts, Florence > Accademia di Belle Arti di Bologna;43.776907 > 44.497811111111;11.258475 > 11.353188888889;Bologna;Casalecchio di Reno;male;https://www.treccani.it/enciclopedia/fabio-fabbi_%28Dizionario-Biografico%29/;high;depois transfere-se para Florença;Wikidata;high;Museu Nacional de Belas Artes;high;44.4941903;11.3465185;100.0;44.476574;11.2770555;100.0;Treccani;"local auditado; Treccani e Musée d’Orsay convergem em Casalecchio di Reno; há divergência apenas no ano do óbito";high;Ulan;Ulan;;high
Fabricio Lima;;;Brazil;;;;Brazil;;male;;;Perfil do artista descreve-o como “Brazilian-born”> preenchido em nível de país.;Behance;medium;FILE;;-10.769946429;-53.073466889;100.0;;;;;fonte recente indica artista em atividade;;;;;
Fabrizio Clerici;1913;1993;Italy;Scuola Superiore di Architettura;41.9075;12.4756;Milan;Rome;male;Fabrizio Clerici official biography> European Parliament art collection;high;;Wikidata;high;MAC USP;high;45.4636183;9.1881156;100.0;41.8905568;12.4942679;100.0;Peggy Guggenheim Collection;"fontes adicionadas em auditoria; coordenadas auditadas para a cidade";high;Wikidata > Ulan;Wikidata > Ulan;;high
Faith Holland;1985;;United States;Vassar College > School of Visual Arts;41.686866666667 > 40.73861111;-73.895188888889 > -73.98222222;New York, New York, United States;;female;Pratt Institute;high;;Microscope Gallery (CV da artista);medium;FILE;;40.7130466;-74.0072301;100.0;;;;;fonte recente indica artista em atividade;;;;;
Faiyaz Jafri;;;Netherlands;Delft University of Technology (TU Delft);52.001666666667;4.3725;Netherlands;;male;Parsons — https://www.newschool.edu/parsons/faculty/Faiyaz-Jafri/> Pratt Institute — https://www.pratt.edu/people/faiyaz-jafri/> FILE Festival — https://file.org.br/anima_2018/faiyaz-jafri/;high;;site oficial do artista / Parsons;high;FILE;;52.249375293;5.616126398;100.0;;;;;fonte recente indica artista em atividade;;;;;
Fanny Lhotellier;1990;;;École des Beaux-Arts de Bourges > École Georges Méliès;47.085781 > 48.74245192283895;2.395 > 2.392101897752613;Courcouronnes, France;;female;https://archive.file.org.br/participantes/fanny-lhotellier/ | https://filmfreeway.com/MielBleu;medium;;CV da artista;high;FILE;;48.616271;2.407557;;;;;;fonte recente indica artista em atividade;;KuB;;;medium
Fausto Pirandello;1899;1975;Italy;Scuola Libera del Nudo, Accademia di Belle Arti di Roma;41.9075;12.4756;Rome;Rome;male;https://www.scuolaromana.it/artisti/pirandel.htm;high;a fonte também registra acompanhamento de Felice Carena a partir de 1921;Wikidata;high;MAC USP;high;41.8905568;12.4942679;100.0;41.8905568;12.4942679;100.0;Fondazione Fausto Pirandello;"fonte institucional da fundação explicita o óbito em Roma; coordenadas auditadas para a cidade";high;Wikidata > Ulan;Wikidata > Ulan;;high
Fayga Ostrower;1920;2001;Brazil;Atelier 17 > Fundação Getulio Vargas;40.71277777777778 > -22.906908;-74.00611111111111 > -43.178427;Łódź;Rio de Janeiro;female;https://pt.wikipedia.org/wiki/Fayga_Ostrower;medium;curso de Artes Gráficas> estudou xilogravura com Axl Leskoscheck e gravura em metal com Carlos Oswald;Wikidata;high;MAC USP;high;51.764444457;19.463055493;100.0;-22.9014475;-43.1789159;100.0;Instituto Fayga Ostrower;"fontes adicionadas em auditoria; coordenadas auditadas para a cidade";high;Wikidata > Ulan;Wikidata > Ulan;;high
Federico Bebber;1974;;Italy;;;;Udine, Italy;;male;;;;site oficial do artista;high;FILE;;46.0649418;13.2307247;100.0;;;;;fonte recente indica artista em atividade;;;;;
Federico Tirone;;;;;;;;;male;;;identificação localizada, mas formação não localizada com segurança;;;Museu Histórico Nacional;;;;;;;;;creator não desambiguado com segurança nas fontes abertas consultadas;;;;;
Felice Carena;1879;1966;Italy;Accademia Albertina di Belle Arti;45.0675;7.68944444;Cumiana;Venice;male;https://en.wikipedia.org/wiki/Felice_Carena;medium;Fonte confirma estudos na Accademia Albertina em Turim, sem datas precisas localizadas nesta passada.;Wikidata;high;MAC USP;medium;44.9807962;7.3778148;100.0;45.434608;12.338913;100.0;Treccani;"fontes adicionadas em auditoria; coordenadas auditadas para a cidade";high;Wikidata > Ulan;Wikidata > Ulan;;high
Felice Casorati;1883;1963;Italy;University of Padua;45.42;11.87;Novara;Turin;male;https://en.wikipedia.org/wiki/Felice_Casorati;medium;A formação localizada com segurança nesta passada é em Direito> estudos artísticos posteriores apareceram de forma menos estável entre fontes.;Wikidata;high;MAC USP;medium;45.4451051;8.6183864;100.0;45.0791666667;7.6761111111;100.0;Treccani;"fontes adicionadas em auditoria; coordenadas auditadas para a cidade";high;Ulan;Ulan;;high
Feliks Tomasz Konczakowski;;;Poland;;;;Kraków, Poland;;male;;;;FILE Festival;high;FILE;;50.061781198;19.937369714;100.0;;;;;fonte recente indica artista em atividade;;;;nascimento não preenchido por divergência entre fontes consultadas (1982 e 1987);
Felipe Cama;1970;;;Escola de Comunicações e Artes da USP (ECA-USP) > Fundação Armando Álvares Penteado (FAAP);-23.558333 > -23.5450155;-46.726944 > -46.6630802;Porto Alegre, RS, Brazil;;male;https://www.premiopipa.com/pag/felipe-cama/;medium;A fonte consultada informa as instituições, mas não traz cronologia detalhada.;MAC USP;high;MAC USP;medium;-30.027679;-51.2286404;;;;;;fonte recente indica artista em atividade;;;;;
Felix Bernardelli;1862;1908;Brazil;Academia Imperial de Belas Artes > studies in Rome;-22.9071 > 41.893055555556;-43.1829 > 12.482777777778;São Pedro do Sul, Rio Grande do Sul, Brazil;Guadalajara;male;https://enciclopedia.itaucultural.org.br/pessoas/6823-felix-bernardelli;high;fonte confirma ingresso na Aiba e viagem de estudos a Roma;https://enciclopedia.itaucultural.org.br/pessoas/6823-felix-bernardelli;high;Pinacoteca de São Paulo;medium;-29.6202;-54.1781;100.0;20.6763888889;-103.3422222222;100.0;Enciclopédia Itaú Cultural;"fontes adicionadas em auditoria; coordenadas auditadas para a cidade";high;Wikidata;Wikidata;;high
Felix Hardmood Beck;;;;Universität der Künste Berlin (UdK Berlin);52.50916666666667;13.32694444444444;Düsseldorf, Germany;;male;https://www.felix-beck.de/content/bio.html;medium;;site pessoal / about.me;low;FILE;;51.224219999;6.780068;100.0;;;;;fonte recente indica artista em atividade;;;;;
Ferdinand Krumholz;1810;1878;;Akademie der bildenden Künste Wien;48.201388888889;16.365277777778;Dvorce;Bern;male;https://www.biographien.ac.at/oebl/oebl_K/Krumholz_Ferdinand_1844_1890.xml;high;Cronologia não localizada nesta rodada.;Wikidata;high;Museu Histórico Nacional;medium;45.884539991;15.613960656;100.0;46.9479805556;7.4474305556;100.0;Österreichisches Biographisches Lexikon;"fonte biográfica de autoridade explicita o óbito em Bern; coordenadas mantidas para a cidade";high;Wikidata > Ulan;Wikidata > Ulan;;high
Ferdinand Piereck;1844;1925;Austrian Empire;German artistic training;;;Vienna;Recife;male;https://www.wikidata.org/wiki/Q42848766;high;Registro conservador por ausência de cronologia formativa aberta suficiente.;Wikidata;high;Museu Paulista;low;48.2092062;16.3727778;100.0;-8.0538888889;-34.8808333333;100.0;Wikipedia (pt);"local mantido em auditoria; fonte aberta explícita, sem confirmação institucional localizada";medium;Wikidata;Wikidata;;high
Fernand Léger;1881;1955;France;Académie Julian > École des Arts Décoratifs > École des Beaux-Arts de Paris;48.871111 > 48.85666666666667 > 48.853997;2.341667 > 2.333611111111112 > 2.333500;Argentan;Gif-sur-Yvette;male;https://www.tate.org.uk/whats-on/tate-britain/fernand-leger;high;Formação anterior em arquitetura mencionada em outras biografias, mas sem instituição formal confirmada nesta passada.;Wikidata;high;MAC USP;high;48.743980475;-0.016452183;100.0;48.7013888889;2.1336111111;100.0;Musée national Fernand Léger;"fonte museológica oficial explicita o óbito em Gif-sur-Yvette; coordenadas auditadas para a cidade";high;Ulan;Ulan;;high
Fernanda Ramos;;;;Escola de Comunicações e Artes da USP (ECA-USP);-23.558333;-46.726944;Brazil;;female;FILE Festival;high;FILE explicita “País de Origem: Brasil”> preenchido em nível de país.;FILE Festival (País de Origem);high;FILE;;-10.769946429;-53.073466889;100.0;;;;;fonte recente indica artista em atividade;;;;;
Fernanda Vogas;;;Brazil;Universidade Federal do Rio de Janeiro (UFRJ);-22.8625;-43.223889;;;female;https://archive.file.org.br/participantes/fernanda-vogas/ | https://fernandavogas.wixsite.com/vogas/sobre;high;Lote 8 pesquisado> sem fonte auditável suficiente para local de nascimento.;;;FILE;;;;;;;;;fonte recente indica artista em atividade;;;;;
Fernandes Machado;1875;;Brazil;Escola Nacional de Belas Artes > Académie Julian;-22.8625055 > 48.871111111111;-43.2256622 > 2.3416666666667;Rio de Janeiro;Rio de Janeiro;male;https://pt.wikipedia.org/wiki/Fernandes_Machado | https://enciclopedia.itaucultural.org.br/pessoas/6826-fernandes-machado> https://pt.wikipedia.org/wiki/Fernandes_Machado | https://www.escritoriodearte.com/artista/fernandes-machado;medium;As fontes abertas também nomeiam José Maria de Medeiros, Pedro Weingärtner, Modesto Broccos, Rodolfo Amoedo e Henrique Bernardelli como mestres.;Wikidata;high;Museu Paulista;high;-22.9014475;-43.1789159;100.0;-22.9111111111;-43.2055555556;100.0;Enciclopédia Itaú Cultural;"fonte institucional explicita o óbito em idem; coordenadas auditadas para a cidade";high;Wikidata;Wikidata;;high
Fernando Lemos;1926;2019;Brazil;Escola de Artes Decorativas António Arroio > Sociedade Nacional de Belas Artes;38.7223 > 38.7223;-9.1393 > -9.1393;Lisbon;São Paulo;male;https://www2.camara.leg.br/a-camara/visiteacamara/cultura-na-camara/museu/acervo/obras-de-arte/fernando-lemos-1/fernando-lemos | https://ims.com.br/titular-colecao/fernando-lemos/;high;"Fontes institucionais confirmam a Escola António Arroio e a Sociedade Nacional de Belas Artes, ambas em Lisboa; a Escola de Belas Artes de Lisboa foi corrigida.";Wikidata;high;MAC USP;medium;38.7070085;-9.1356407;100.0;-23.5503944444;-46.6339472222;100.0;Instituto Moreira Salles;"place of death auditado em fonte institucional; coordenadas mantidas para a cidade";high;Ulan;Ulan;;high
Fernando Limberger;1962;;Brazil;Universidade Federal do Rio Grande do Sul (UFRGS) > especialização em Reabilitação em Paisagens Degradadas na ESALQ > Jardinagem no DEPAVE;-30.033611 > -22.708333333333 > -23.550394444444;-51.219167 > -47.641666666667 > -46.633947222222;Santa Cruz do Sul, RS, Brazil;;male;https://fosseisurbanos.com.br/fosseis-urbanos-fernando-limberger | https://www.esalq.usp.br/acom/clipping_semanal/2012/3marco/25_a_02/files/assets/downloads/page0013.pdf;high;Além da formação artística, a fonte registra formações complementares ligadas ao paisagismo.;MAC USP;high;MAC USP;high;-29.7175;-52.4259;;;;;;fonte recente indica artista em atividade;;Enciclopédia Itaú Cultural;;;high
Fernando Lindote;1960;;Brazil;Universidade do Estado de Santa Catarina (UDESC);-27.60111111;-48.52;Santana do Livramento, RS, Brazil;;male;https://www.iea.usp.br/pessoas/pasta-pessoaf/fernando-lindote | https://museuvictormeirelles.museus.gov.br/entorno-fernando-lindote/;high;"datas aproximadas. As fontes institucionais confirmam a identidade e a trajetória do artista, mas não confirmam a formação na UDESC; dado mantido com confiança baixa.";Museu Victor Meirelles;high;MAC USP;medium;-30.89083;-55.53278;;;;;;fonte institucional recente indica artista em atividade;;Wikidata;;;high
Fernando Lion;1947;;;;;;São Paulo, SP, Brazil;;male;;;formação não localizada com segurança;MAC USP;high;MAC USP;;-23.5486657;-46.6382522;;;;;;fontes institucionais localizadas, sem local de morte explícito;;MAC USP;;;high
Fernando Odriozola;1921;1986;;Escuela Nacional de Bellas Artes;14.09871944444444;-87.20715833333334;Oviedo, Spain;São Paulo;male;https://www.escritoriodearte.com/artista/fernando-odriozola;low;"A fonte localizada não confirma a Escuela Nacional de Bellas Artes; dado mantido provisoriamente com confiança baixa.";Enciclopédia Itaú Cultural;high;MAC USP;medium;43.3602825;-5.8447919;;-23.5503944444;-46.6339472222;100.0;El País (necrológica, 1986);"necrológica explicita São Paulo como local de morte; coordenadas auditadas para a cidade";high;Enciclopédia Itaú Cultural;Enciclopédia Itaú Cultural;;high
Fernando Otávio Fuentes Lindote;1960;;Brazil;Universidade do Estado de Santa Catarina (UDESC);-27.60111111;-48.52;Sant'Ana do Livramento, RS, Brazil;;male;https://www.iea.usp.br/pessoas/pasta-pessoaf/fernando-lindote | https://museuvictormeirelles.museus.gov.br/entorno-fernando-lindote/;high;"datas aproximadas. As fontes institucionais confirmam a identidade e a trajetória do artista, mas não confirmam a formação na UDESC; dado mantido com confiança baixa.";MACRS;high;;medium;-30.8908;-55.5322;;;;;;fonte institucional recente indica artista em atividade;;Wikidata;;;high
Fernando Szyszlo;1925;2017;Peru;Escuela Nacional de Ingeniería > Facultad de Artes Plásticas da Pontificia Universidad Católica del Perú;19.33138889 > -12.06944444444444;-99.18472222 > -77.07944444444445;Lima, Peru;San Isidro;male;Wikipedia> Portal Contemporâneo da América Latina e Caribe;medium;;IMMA;high;;high;-12.04318;-77.02824;;-12.0991666667;-77.0347222222;100.0;Agencia Andina;"fonte governamental explícita sobre o óbito em San Isidro; coordenadas auditadas para o distrito";high;;;;
Filippo De Pisis;1896;1956;Italy;Università di Bologna;44.493888888889;11.342777777778;Ferrara;Milan;male;https://en.wikipedia.org/wiki/Filippo_De_Pisis;medium;A biografia consultada menciona estudos de literatura e filosofia> a pintura se desenvolve depois em Roma.;Wikidata;high;MAC USP;medium;44.8378378;11.6203994;100.0;45.4636183;9.1881156;100.0;Treccani;"fontes adicionadas em auditoria; coordenadas auditadas para a cidade";high;Wikidata > Ulan;Wikidata > Ulan;;high
Firman Machda;;;Indonesia;University of South Wales;51.47946437141099;-3.1692761684562125;Bandung, Indonesia;;male;https://file.org.br/led_sp_2019/firman-machda/ | https://about.me/machda;high;;about.me / FILE Festival;medium;FILE;;-6.9021634;107.6191139;100.0;;;;;site oficial recente indica artista em atividade;;;;;
Florencia Levy;1979;;Argentina;Central Saint Martins > Universidad Nacional de las Artes (UNA);51.5353 > -34.59472222;-0.1253 > -58.39944444;Buenos Aires, Argentina;;female;https://www.arte-online.net/Artistas/Levy-Florencia/%28section%29/Biografia | https://proyector.info/en/profile/florencia-levy/;high;;PROYECTOR / Mapa del Arte;high;FILE;;-34.6090264;-58.3732215;100.0;;;;;fonte institucional recente indica artista em atividade;;Museo Moderno de Buenos Aires;;;high
Flávia Metzler;1974;;Brazil;Universidade Federal do Rio de Janeiro (Geology, Painting);-22.8625;-43.223888888889;Rio de Janeiro, RJ, Brazil;;female;Escavador> site da artista;medium;retomou a UFRJ em 2004 para cursar Pintura> fontes biográficas também mencionam passagem inconclusa pelo curso, mas o Lattes/Escavador registra graduação em Pintura em 2007;Museu Victor Meirelles;high;Museu Victor Meirelles;medium;-22.9014475;-43.1789159;;;;;;site oficial recente indica artista em atividade;;Wikidata;;;high
Flávio;;;;;;;;;;;;identificação incompleta> não foi possível desambiguar com segurança;;;MAC USP;;;;;;;;;nome insuficiente/ambíguo para desambiguar com segurança;;;;;
Flávio de Carvalho;1899;1973;Brazil;Durham University > Armstrong College, Universidade de Durham > King Edward the Seventh School of Fine Arts;54.775 > 54.9783 > 54.9783;-1.575 > -1.6178 > -1.6178;Barra Mansa;Valinhos;male;Enciclopédia Itaú Cultural;high;há referência a estudos em Paris em 1911, mas a instituição não foi localizada com segurança nesta passada;Wikidata;high;MAC USP;high;-22.545351;-44.169847;100.0;-22.9708333333;-46.9958333333;100.0;Enciclopédia Itaú Cultural;"auditoria: local corrigido de São Paulo para Valinhos; coordenadas auditadas para a cidade";high;;;;
Flávio-Shiró;1928;;Japan;;;;Sapporo;;male;;;;Wikidata;high;;;43.06203724;141.35436879;100.0;;;;;site oficial localizado, sem local de morte explícito;;Wikidata;;;high
Fokke Mars;;;Kingdom of the Netherlands;HKU University of the Arts Utrecht;52.09303055555556;5.121088888888889;Netherlands;;male;https://archive.file.org.br/participantes/fokke-mars/ | https://file.org.br/anima_2018/fokke-mars-max-van-der-ree-bas-jansen/;high;FILE explicita “País de Origem: Netherlands”> preenchido em nível de país.;FILE Festival (País de Origem);high;FILE;high;52.249375293;5.616126398;100.0;;;;;fonte recente indica artista em atividade;;;;;
Fran Orallo;1979;;Spain;Universitat Politècnica de València > City of Glasgow College;39.48088957948802 > 55.863;-0.3411099306510339 > -4.244;Badajoz, Spain;;male;https://file.org.br/videoarte_2018/fran-orallo/ | https://www.idkf.org/archive/idkf-2025/artists-2025/fran-orallo;high;;FILE Festival;high;FILE;;38.8785497;-6.9701578;100.0;;;;;fonte recente indica artista em atividade;;;;;
Frances Manacher;;;;;;;England;;female;;;formação não localizada com segurança | fonte institucional informa nascimento apenas em nível de país;MAC USP;high;MAC USP;;52.355518;-1.17432;;;;;;fontes abertas localizadas, sem local de morte explícito;;;;;
Francesc Domingo;1893;1974;Brazil;Escola de Belos Ofícios da Mancomunidade de Barcelona;41.388053;2.149394;Barcelona;São Paulo;male;https://www.catalogodasartes.com.br/artista/Francesc%20Domingo%20Segura%20/;medium;instituição identificada> datas não localizadas na fonte consultada;Wikidata;high;MAC USP;medium;41.387917;2.1699187;100.0;-23.5503944444;-46.6339472222;100.0;Enciclopédia Itaú Cultural;;high;Ulan;Ulan;;high
Francesca Fini;1970;;Italy;IED – Istituto Europeo di Design, Milano > Istituto Quasar Design University;45.466944444444 > 41.893056;9.19 > 12.482778;Rome, Italy;;female;https://vip.nmartproject.net/fini-francesca/;medium;;site oficial da artista;high;FILE;;41.8905568;12.4942679;100.0;;;;;site oficial recente indica artista em atividade;;site oficial da artista;;;high
Francesca Leoni;;;Italy;University of North Carolina Wilmington;34.225833333333334;-77.87333333333333;Italy;;female;FILE Festival;high;;FILE Festival / Celeste Network;high;FILE;;42.83333;12.83333;100.0;;;;;"atividade recente em fonte aberta; sem evidência de óbito";;;;;
Francesco Cozza;1605;1682;Italy;training with Battistello Caracciolo > studio of Domenichino;>;>;Stilo;Rome;male;https://en.wikipedia.org/wiki/Francesco_Cozza | https://www.britannica.com/biography/Francesco-Cozza;high;;Wikidata;high;Museu Nacional de Belas Artes;medium;38.4780678;16.4693036;100.0;41.8930555556;12.4827777778;100.0;https://www.treccani.it/enciclopedia/francesco-cozza_%28Dizionario-Biografico%29/;;high;Ulan;Ulan;;high
Francesco Cristofanetti;1901;1951;Italy;Accademia Albertina di Belle Arti;45.0675;7.68944444;Rome;Rome;male;fontes biográficas de referência;medium;instituição identificada em fontes sumárias;Wikidata;high;MAC USP;low;41.8905568;12.4942679;100.0;41.8930555556;12.4827777778;100.0;Saint Louis Art Museum;;high;Wikidata > Ulan;Wikidata > Ulan;;high
Francesco Menzio;1899;1979;Italy;Accademia Albertina di Belle Arti;45.0675;7.68944444;Tempio Pausania;Turin;male;https://en.wikipedia.org/wiki/Francesco_Menzio;medium;Fonte informa matrícula por um ano na Accademia Albertina, depois da qual completou a formação de modo autônomo.;Wikidata;high;MAC USP;medium;40.8984444;9.104537;100.0;45.0791666667;7.6761111111;100.0;https://www.treccani.it/enciclopedia/francesco-menzio_%28Dizionario-Biografico%29/;;high;Wikidata > Ulan;Wikidata > Ulan;;high
Francesco Zugno;1709;1787;Republic of Venice;studio of Giambattista Tiepolo;45.431078;12.328139;Venice;Venice;male;https://en.wikipedia.org/wiki/Francesco_Zugno;medium;Formação descrita por oficina/atelier, não por academia formal.;Wikidata;high;MASP;medium;45.434608;12.338913;100.0;45.434608;12.338913;100.0;https://www.treccani.it/enciclopedia/francesco-zugno/;;high;National Gallery, London;National Gallery, London;;high
Francis Picabia;1879;1953;France;;;;Paris, France;Paris;male;;;;Britannica;high;MAC USP;;48.856372814;2.352529617;;48.8566666667;2.3522222222;100.0;Comité Picabia;"biografia oficial explicita Paris como local de morte; coordenadas auditadas para a cidade";high;Ulan;Ulan;;high
Francisco Biojone;1934;2018;;early painting studies in Campinas;-22.9073702;-47.0628996;Campinas, SP, Brazil;Campinas;male;https://www.iar.unicamp.br/vanguardasemcampinas/catalogos/downloads/individuais/biojone.pdf | https://acervo.margs.rs.gov.br/artistas/francisco-biojone/> https://www.iar.unicamp.br/vanguardasemcampinas/catalogos/downloads/individuais/biojone.pdf;high;As fontes localizadas não identificam escola ou mestre específico> mantida formulação conservadora.;MAC USP;high;MAC USP;low;-22.9073702;-47.0628996;;-22.900833333;-47.057222222;100.0;Acervos MARGS;;high;MARGS;MARGS;;high
Francisco Brennand;1927;2019;Brazil;training with Abelardo da Hora;-8.0517328;-34.9507155;Recife;Recife;male;https://plone.ufpb.br/pinacoteca/contents/menu/institucional/biografia/francisco-brennand-1927-2019;high;A fonte universitária confirma o início da formação com Abelardo da Hora em 1942> não localizei instituição formal inequívoca para esse início.;Wikidata;high;MAC USP;medium;-8.0551894;-34.871176;100.0;-8.0538888889;-34.8808333333;100.0;Folha PE;"fonte jornalística local explícita sobre o óbito no Recife; coordenadas auditadas para a cidade";medium;Ulan;Ulan;;high
Francisco Cuoco;1933;2025;Brazil;Escola de Belas Artes de São Paulo > Museu de Arte de São Paulo (MASP);-23.561111 > -23.56111111111111;-46.655833 > -46.65583333333333;São Paulo;São Paulo;male;https://blombo.com/artistas/francisco-cuoco/artistas/francisco-cuoco;low;entrada usada para o artista plástico homônimo, não o ator;Wikidata;high;MAC USP;low;-23.5486657;-46.6382522;100.0;-23.5503944444;-46.6339472222;100.0;Memória Globo;"biografia institucional explicita o óbito em São Paulo; coordenadas mantidas para a cidade";high;Wikidata > Ulan;Wikidata;;high
Francisco de Sousa Lobo;1800;1855;Brazil;Academia Imperial de Belas Artes > student of Debret;-22.9071 > ;-43.1829 > ;Minas Gerais, Brazil;Rio de Janeiro;male;https://pt.wikipedia.org/wiki/Francisco_de_Sousa_Lobo | https://www.catalogodasartes.com.br/artista/Francisco%20de%20Sousa%20Lobo/;medium;fonte localizada informa apenas a província/estado de nascimento;Wikipédia em português;medium;Museu Histórico Nacional;high;-18.456295297924;-44.673412162104;;-22.9111111111;-43.2055555556;100.0;Enciclopédia Itaú Cultural;"fonte institucional explicita o óbito em Rio de Janeiro; coordenadas mantidas para a cidade";high;Enciclopédia Itaú Cultural;Enciclopédia Itaú Cultural;;high
Francisco de Sá;1862;1936;Brazil;Seminário Episcopal de Diamantina > Escola Politécnica do Rio de Janeiro > Escola de Minas de Ouro Preto;-18.248888888889 > -22.8625 > -20.385277777778;-43.6 > -43.223889 > -43.503611111111;Brejo de Santo André, MG, Brazil;Rio de Janeiro;male;https://mapa.an.gov.br/index.php/mapa/centrais-de-conteudo/producao/biografias/901-francisco-sa | https://pt.wikipedia.org/wiki/Francisco_S%C3%A1;medium;Creator tratado como o político/engenheiro Francisco Sá, conforme a forma do nome na base.;Academia Nacional de Engenharia;high;Museu Histórico Nacional;high;-16.5361;-42.8900;;-22.9111111111;-43.2055555556;100.0;Arquivo Nacional (MAPA);"creator desambiguado por nascimento e formação; fonte oficial explicita o óbito no Rio de Janeiro";high;Arquivo Nacional (MAPA);Academia Nacional de Engenharia;;high
Francisco de Zurbarán;1598;1664;Spain;apprentice to Pedro Díaz de Villanueva;37.3877;-5.99106;Fuente de Cantos;Madrid;male;https://en.wikipedia.org/wiki/Francisco_de_Zurbar%C3%A1n | https://www.britannica.com/biography/Francisco-de-Zurbaran;high;;Wikidata;high;MASP;high;38.246614;-6.3092314;100.0;40.4169;-3.7033;100.0;Britannica;;high;Ulan;Ulan;;high
Francisco Domingos da Silva;1910;1985;Brazil;;;;Alto Tejo, AC, Brazil;Fortaleza;male;;;registro institucional informa ano aproximado de nascimento (c. 1922).;MAC USP;high;;;-7.6308;-72.6700;;-3.7275;-38.5275;100.0;Enciclopédia Itaú Cultural;;high;;;;
Francisco Goya;1746;1828;Spain;School of St. Thomas Aquinas of the Piarist Schools of Zaragoza > studio of José Luzán > Real Academia de Bellas Artes de San Fernando;41.6488 >  > 40.4178;-0.8891 >  > -3.7007;Fuendetodos;Bordeaux;male;https://pt.wikipedia.org/wiki/Francisco_de_Goya;medium;;Wikidata;high;MASP;medium;41.3429064;-0.9598393;100.0;44.837898313;-0.579380299;100.0;Britannica;;high;;;;
Francisco Joaquim Gomes Ribeiro;1855;1900;Brazil;Academia Imperial de Belas Artes > Grupo Grimm;-22.9071 > ;-43.1829 > ;Portugal;Rio de Janeiro;male;https://pt.wikipedia.org/wiki/Francisco_Joaquim_Gomes_Ribeiro | https://enciclopedia.itaucultural.org.br/pessoas/6871-francisco-ribeiro;medium;;Wikidata;high;Museu Histórico Nacional;high;39.593139046;-8.51981299;100.0;-22.9111111111;-43.2055555556;100.0;Enciclopédia Itaú Cultural;;high;Enciclopédia Itaú Cultural;Enciclopédia Itaú Cultural;;high
Francisco Pedro do Amaral;1790;1831;Brazil;studies with José Leandro de Carvalho and Manuel Dias de Oliveira, o Brasiliense > aula régia de desenho e pintura > first students of Debret;>  >;>  >;Rio de Janeiro;Rio de Janeiro;male;https://pt.wikipedia.org/wiki/Francisco_Pedro_do_Amaral | https://www.guiadasartes.com.br/francisco-pedro-do-amaral/biografia | https://enciclopedia.itaucultural.org.br/pessoas/6869-francisco-pedro-do-amaral;medium;;Wikidata;high;Museu Histórico Nacional;high;-22.9014475;-43.1789159;100.0;-22.9111111111;-43.2055555556;100.0;Enciclopédia Itaú Cultural;;high;Wikidata;Wikidata;;high
Francisco Rebolo Gonsales;1902;1980;Brazil;Escola Profissional Masculina do Brás;-23.54504;-46.61634;São Paulo;São Paulo;male;Escritório de Arte> Guia das Artes;medium;Teve aulas de desenho com o professor Barquita.;Wikidata;high;MAC USP;high;-23.5486657;-46.6382522;100.0;-23.5503944444;-46.6339472222;100.0;Enciclopédia Itaú Cultural;;high;Wikidata > Ulan;Wikidata > Ulan;;high
Francisco Terêncio Vieira de Campos;;;;Escola Nacional de Belas Artes;-22.8625055;-43.2256622;;;male;https://enciclopedia.itaucultural.org.br/;high;Registro conservador, sem datas precisas localizadas nesta rodada.;;;Museu Histórico Nacional;low;;;;;;;;fonte museológica localizada, sem local de morte explícito;;;;;
Francisco Viriato de Freitas;;;;;;;;;;;;formação não localizada com segurança;;;Museu da Inconfidência;;;;;;;;;fonte institucional localizada, sem local de morte explícito;;;;;
Francisco Xavier Carneiro;1765;1840;Brazil;;;;Mariana, MG, Brazil;Mariana;male;;;"No documented institution or master was located; his activity was connected to the workshop system of colonial art in Minas Gerais.";Enciclopédia Itaú Cultural;high;Museu da Inconfidência;low;-20.3778;-43.4167;;-20.3783333333;-43.4163888889;100.0;Enciclopédia Itaú Cultural;;high;Wikidata;Wikidata;;high
Franck Dadure;;;France;;;;France;;male;;;fonte biográfica identifica apenas o país> preenchimento mantido em nível de país.;FILE Festival;medium;FILE;;46.559417044;2.550539953;100.0;;;;;"site oficial recente indica atividade; sem evidência de óbito";;;;;
Franck Weber;;;France;ATLA de Paris;48.85666666666667;2.352222222222222;France;;male;https://www.reperes-numeriques.org/artiste/weber-franck/;high;fonte identifica apenas o país de nascimento;Repères numériques;medium;FILE;;46.559417044;2.550539953;100.0;;;;;"site profissional recente indica atividade; sem evidência de óbito";;;;;
Franco Sá Boris;;;;Escola Guignard;-19.9552;-43.9202;;;male;https://enciclopedia.itaucultural.org.br/;high;Registro institucional prudente.;;;Museu Paulista;low;;;;;;;;"identidade nominal ambígua; não desambiguado com segurança";;;;;
Franco Sá Luís;;;;Escola Guignard;-19.9552;-43.9202;;;male;https://enciclopedia.itaucultural.org.br/;high;Registro institucional prudente.;;;Museu Paulista;low;;;;;;;;"identidade nominal ambígua; não desambiguado com segurança";;;;;
Frank Kolkman;1989;;Kingdom of the Netherlands;ArtEZ;51.98399613367563;5.8943865238974;Arnhem;;male;https://studiumgenerale.artez.nl/research/study/frank%2Bkolkman/ | https://waag.org/en/frank-kolkman/;high;;Wikidata;high;FILE;;51.974490103;5.905734847;100.0;;;;;"site oficial recente indica atividade; sem evidência de óbito";;Wikidata;;;high
Frank Yefeng Wang;;;People's Republic of China;Shanghai University > School of the Art Institute of Chicago (SAIC);31.316666666666666 > 41.879444;121.38888888888889 > -87.623889;Shanghai, China;;male;https://curatorsintl.org/collaborators/7388-wang-yefeng | https://www.maakemagazine.com/frank-wang-yefeng;medium;;site oficial do artista / NARS Foundation;high;FILE;;31.22222;121.45806;100.0;;;;;"site oficial recente indica atividade; sem evidência de óbito";;;;;
Frans Hals;1582;1666;Dutch Republic;studies with Karel van Mander;52.376609;4.633598;Antwerp;Haarlem;male;https://en.wikipedia.org/wiki/Frans_Hals | https://www.portalartes.com.br/hist%C3%B3ria/biografias/pintores-classicos/frans-hals.html;medium;O vínculo com Karel van Mander aparece em fontes secundárias> mantida confiança média.;Wikidata;high;MASP;medium;51.25942418;4.371799938;100.0;52.3802777778;4.6405555556;100.0;Britannica;;high;;;;
Frans Krajcberg;1921;2021;Brazil;State Academy of Fine Arts Stuttgart > Universidade de Leningrado > State Academy of Fine Arts Stuttgart;48.7775 > 59.94194444444445 > 48.7775;9.18 > 30.29888888888889 > 9.18;Kozienice;Rio de Janeiro;male;Enciclopédia Itaú Cultural> Jornal da USP;high;datas de estudo não localizadas com precisão nesta passada;Wikidata;high;MAC USP;medium;51.58420708;21.54907824;100.0;-22.9111111111;-43.2055555556;100.0;Enciclopédia Itaú Cultural;"fonte institucional explicita o óbito em Rio de Janeiro; coordenadas auditadas para a cidade";high;Ulan;Ulan;;high
Frans Post;1612;1680;Dutch Republic;training with his father Jan Janszoon Post > probable contact with Frans Hals;>;>;Haarlem;Haarlem;male;https://en.wikipedia.org/wiki/Frans_Post | https://www.britannica.com/biography/Frans-Post;high;As fontes não sustentam academia formal identificável.;Wikidata;high;MASP;low;52.381044553;4.642828229;100.0;52.381044553;4.642828229;100.0;Fundação Maria Luisa e Oscar Americano;"fonte institucional explicita Haarlem como local de morte; coordenadas mantidas para a cidade";high;Ulan;Ulan;;high
Franz Josef Frühbeck;1795;1895;Germany;Akademie der bildenden Künste Wien;48.201388888889;16.365277777778;Vienna;Krieglach;male;https://www.wikidata.org/wiki/Q20956326;high;Registro conservador com base em fonte aberta estruturada> cronologia não localizada nesta rodada.;Wikidata;high;Coleção Brasiliana Itaú;low;48.2092062;16.3727778;100.0;47.545007;15.561329;100.0;Instituto Moreira Salles / Google Arts & Culture;"metadados museológicos explicitam Krieglach como local de morte; coordenadas mantidas para o município";medium;Ulan;Ulan;;high
Franz Keller-Leuzinger;1835;1890;German Empire;Lyceum de Karlsruhe > Polytechnische Schule de Karlsruhe;49.016666666667 > 49.016666666667;8.4 > 8.4;Mannheim;Munich;male;https://www.deutsche-biographie.de/116125632.html?language=en;medium;A referência biográfica registra a mudança da família para Karlsruhe e o estudo posterior no liceu e na escola politécnica.;Wikidata;high;Coleção Brasiliana Itaú;high;49.487779999;8.466275001;100.0;48.143438999;11.573599;100.0;Deutsche Biographie;;high;;;;
François Clouet;1510;1572;France;training with Jean Clouet (father) / studio of Jean Clouet;;;Tours;Paris;male;https://www.museothyssen.org/en/collection/artists/clouet-francois | https://en.wikipedia.org/wiki/Fran%C3%A7ois_Clouet;medium;A fonte informa treinamento com o pai> não há instituição formal nomeada.;Wikidata;high;MASP;medium;47.390847918;0.689480032;100.0;48.856372814;2.352529617;100.0;Britannica;;high;Ulan;Ulan;;high
François Heysen;;;France;Supinfocom Rubika;50.35805555555555;3.523333333333333;France;;male;https://vimeo.com/183264882 | https://blog.autourdeminuit.com/distribution-2/rubika-supinfocom-valenciennes/rose-bleue/?lang=en;medium;FILE explicita “País de Origem: France”> preenchido em nível de país.;FILE Festival (País de Origem);high;FILE;high;46.559417044;2.550539953;100.0;;;;;"perfil profissional recente localizado; sem evidência de óbito";;;;;
François Quévillon;;;Canada;Université du Québec à Montréal (UQAM);45.513888888889;-73.560277777778;Montreal, Canada;;male;https://lesabord.qc.ca/biographie/francois-quevillon/;high;Fonte institucional usa formulação de origem (“artist from Montreal”), sem afirmar nascimento.;Harddiskmuseum;high;FILE;;45.508867;-73.554242;100.0;;;;;"atividade recente em fonte aberta; sem evidência de óbito";;;;ano de nascimento não localizado em fonte explícita consultada;
François René Moreaux;1807;1860;France;studies with Jean-Baptiste Couvelet and Antoine-Jean Gros (Barão Gros);;;Rocroi;Rio de Janeiro;male;https://pt.wikipedia.org/wiki/Fran%C3%A7ois-Ren%C3%A9_Moreaux | https://enciclopedia.itaucultural.org.br/pessoas/6880-francois-rene-moreaux | https://www.sabercultural.com.br/template/ArteBrasilEspeciais/Moreaux-Francois-Rene.html;medium;Mantida formulação por mestres, sem instituição formal nomeada.;Wikidata;high;Museu Nacional de Belas Artes;high;49.925149573;4.519878794;100.0;-22.9014475;-43.1789159;100.0;https://enciclopedia.itaucultural.org.br/pessoas/31-francois-rene-moreaux;;high;Wikidata;Wikidata;;high
François-Auguste Biard;1788;1882;France;École nationale supérieure des beaux-arts de Lyon;45.768055555556;4.8172222222222;Lyon;;male;https://enciclopedia.itaucultural.org.br/pessoas/6639-francois-auguste-biard;high;estuda com Pierre-Henri Révoil;Wikidata;high;Pinacoteca de São Paulo;high;45.767634724;4.835037488;100.0;;;;;"fontes divergem entre Samois-sur-Seine, Les Plâteries e Fontainebleau; não preenchido";;Ulan;Ulan;;high
François-Hubert Drouais;1727;1775;France;training with his father Hubert Drouais > studies with Donat Nonotte, Charles-André van Loo and François Boucher;>;>;Paris;Paris;male;https://en.wikipedia.org/wiki/Fran%C3%A7ois-Hubert_Drouais;medium;Sem cronologia consolidada nas fontes consultadas.;Wikidata;high;MASP;medium;48.856372814;2.352529617;100.0;48.856372814;2.352529617;100.0;https://data.bnf.fr/fr/ark:/12148/cb149580457 | https://collections.louvre.fr/en/ark:/53355/cl010066649;;high;Wikidata;Wikidata;;high
François-René Moreaux;1807;1860;France;studies with Jean-Baptiste Couvelet and Antoine-Jean Gros (Barão Gros);;;Rocroi;Rio de Janeiro;male;https://pt.wikipedia.org/wiki/Fran%C3%A7ois-Ren%C3%A9_Moreaux | https://enciclopedia.itaucultural.org.br/pessoas/6880-francois-rene-moreaux | https://www.sabercultural.com.br/template/ArteBrasilEspeciais/Moreaux-Francois-Rene.html;medium;Mantida formulação por mestres, sem instituição formal nomeada.;Wikidata;high;Museu Nacional de Belas Artes;high;49.925149573;4.519878794;100.0;-22.9014475;-43.1789159;100.0;https://enciclopedia.itaucultural.org.br/pessoas/31-francois-rene-moreaux;;high;Wikidata;Wikidata;;high
Frederik Duerinck;;;Netherlands;;;;Netherlands;;male;;;;FILE Festival;medium;FILE;;52.249375293;5.616126398;100.0;;;;;"atividade recente em fonte aberta; sem evidência de óbito";;;;;
Frederik Salling Troels-Smith;;;Kingdom of Denmark;The Animation Workshop;56.4561;9.40611;Denmark;;male;https://vimeo.com/121234327 | https://animationworkshop.via.dk/;medium;fonte biográfica identifica apenas o país> preenchimento mantido em nível de país.;site oficial do artista;high;FILE;;55.959300779;10.053934054;100.0;;;;;"atividade recente em fonte aberta; sem evidência de óbito";;;;;
Fredrik Lund-Hansen;;;Sweden;;;;Sweden;;male;;;;FILE Festival;medium;FILE;;64.712585547;17.260487956;100.0;;;;;"atividade recente em fonte aberta; sem evidência de óbito";;;;;
Frei Nazareno Confaloni;1917;1977;Italy;study with Felice Carena, Maria Bacci and Primo Conti;43.776907;11.258475;Grotte di Castro, Italy;Goiânia;male;https://www.guiadasartes.com.br/nazareno-confaloni/biografia;medium;Fonte localizada menciona mestres e cidade, mas não uma instituição formal nem datas precisas.;Portal Frei Confaloni;medium;Museu de Arte Sacra da Boa Morte;low;42.6758;11.8736;;-16.6805555556;-49.2563888889;100.0;https://enciclopedia.itaucultural.org.br/pessoas/12814-giuseppe-confaloni;;high;;;;
Friderico Pusthow G.;;;;;;;;;;;;identificação incompleta> não foi possível desambiguar com segurança;;;Museu da Inconfidência;;;;;;;;;"identificação nominal incompleta; sem fonte auditável de óbito";;;;;
Friedrich Dürck;1809;1884;Kingdom of Saxony;Leipzig Art Academy > Akademie der Bildenden Künste München;51.333406 > 48.153196;12.367836 > 11.580312;Leipzig;Munich;male;https://en.wikipedia.org/wiki/Friedrich_D%C3%BCrck;medium;A formação posterior em Munique ocorreu sob direção e apoio do tio Joseph Stieler.;Wikidata;high;Pinacoteca de São Paulo;high;51.338287999;12.377931001;100.0;48.143438999;11.573599;100.0;https://www.lenbachhaus.de/en/discover/collection-online/person/friedrich-d%C3%BCrck-30004805;;high;Ulan;Ulan;;high
Friedrich Hagedorn;1814;1889;Brazil;Akademie der Bildenden Künste München;48.153196;11.580312;Szczecin;Rio de Janeiro;male;https://pt.wikipedia.org/wiki/Friedrich_Hagedorn;medium;A página recuperada informa a alma mater, mas não traz cronologia detalhada.;Wikidata;high;Pinacoteca de São Paulo;medium;53.425109842;14.550810974;100.0;-22.9014475;-43.1789159;100.0;https://enciclopedia.itaucultural.org.br/pessoas/2299-friedrich-hagedorn;;high;Ulan;Ulan;;high
Friedrich Salathé;1793;1858;Switzerland;Swiss printmaking training > advanced training in Paris;48.85666666666667 >;2.352222222222222 >;Binningen;Paris;male;https://de.wikipedia.org/wiki/Friedrich_Salath%C3%A9;medium;A fonte aberta não detalha com precisão instituições formais específicas.;Wikidata;high;Coleção Brasiliana Itaú;medium;47.537550642;7.568164589;100.0;48.856372814;2.352529617;100.0;https://www.britishmuseum.org/collection/term/BIOG44799;;high;Wikidata > Ulan;Wikidata > Ulan;;high
Friedrich Vordemberg-Gildewart;1899;1962;Germany > Kingdom of the Netherlands;Kunstgewerbeschule Hannover > Technische Hochschule Hannover;52.374444444444 > 52.374444444444;9.7386111111111 > 9.7386111111111;Osnabrück, Germany;Ulm;male;https://vordemberge-gildewart.eu/the-artist/biography/ | https://www.museothyssen.org/en/collection/artists/vordemberge-gildewart-friedrich;high;Fundação dedicada ao artista e museu confirmam estudos nas duas instituições de Hannover.;Tate;high;MAC USP;medium;52.2799;8.0472;;48.4333333333;10.0166666667;100.0;https://stiftung-vordemberge-gildewart.de/vita/ | https://sammlung.staedelmuseum.de/en/person/vordemberge-gildewart-friedrich;;high;Ulan;Ulan;;high
Fritz Winter;1905;1976;Germany;Bauhaus;50.9745;11.3291;Bönen;Herrsching am Ammersee;male;https://www.fritz-winter-stiftung.de/en/zum-kuenstler | https://sammlung.staedelmuseum.de/en/person/winter-fritz;high;Fundação dedicada ao artista e museu confirmam estudos no Bauhaus de Dessau entre 1927 e 1930.;Wikidata;high;MAC USP;high;51.597951999;7.763346;100.0;47.99888;11.17679;100.0;https://fritzwinteratelier.de/en/fritz-winter;;high;;;;
Frê Vidovix;1997;;Brazil;Faculdade de Artes do Paraná;-25.4096065;-49.2484327;Curitiba, Brazil;;male;https://archive.file.org.br/participantes/fre-vidovix/ | https://www.behance.net/frevidovix/moodboards;high;;FilmFreeway;medium;FILE;;-25.4283563;-49.2732515;100.0;;;;;"atividade recente em fonte aberta; sem evidência de óbito";;FilmFreeway;;;medium
Fulvio Pennacchi;1905;1992;Brazil;Regio Istituto di Belle Arti / Academia Real de Belas Artes de Lucca;43.85;10.516666666667;Villa Collemandina;São Paulo;male;Itaú Cultural> Fulvio Pennacchi Oficial;high;Fontes convergem para formação em pintura mural em Lucca, com graduação em 1928.;Wikidata;high;MAC USP;high;44.159537;10.3987777;100.0;-23.5486657;-46.6382522;100.0;https://acervo.mac.usp.br/acervo/index.php/Detail/entities/6012;;high;Wikidata > Ulan;Wikidata > Ulan;;high
Fábio Barbosa;;;Brazil;Universidade de Brasília (UnB) > Universidade de São Paulo (USP);-15.76138888888889 > -23.561399;-47.86638888888889 > -46.730789;São Paulo;;male;https://www.escavador.com/sobre/974574/fabio-barbosa-de-oliveira;medium;Associado ao artista Fábio Baroli/Fábio Barbosa de Oliveira.;Wikidata;high;MAC USP;medium;-23.5486657;-46.6382522;100.0;;;;;"atividade recente em fonte aberta; sem evidência de óbito";;;;;
Fábio Yamaji;;;Brazil;Universidade Federal do Paraná;-25.428888888889;-49.2675;São Paulo, Brazil;;male;https://www.ppgpur.ufscar.br/pt-br/programa/corpo-docente/fabio-minoru-yamaji;medium;;Mapa Cultural ES;medium;FILE;;-23.5486657;-46.6382522;100.0;;;;;"atividade recente em fonte aberta; sem evidência de óbito";;;;;
Félix Brissot de Warville;1818;1892;France;École des Beaux-Arts de Paris > student of Léon Cogniet;48.853997 >;2.333500 >;Véron;Versailles;male;https://fr.wikipedia.org/wiki/F%C3%A9lix_Brissot_de_Warville;medium;;Wikidata;high;Pinacoteca de São Paulo;medium;48.129243571;3.306620466;100.0;48.8047472;2.1205122;100.0;https://agorha.inha.fr/ark:/54721/c6f26169-bd6d-4ae1-9413-e95574553ad9;;high;Wikidata > Ulan;Wikidata > Ulan;;high
Félix Labisse;1905;1982;France;;;;Marchiennes;Neuilly-sur-Seine;male;;;;https://www.wikidata.org/wiki/Q2012984;high;MAC USP;high;50.40757;3.28632;;48.884828024;2.269704778;100.0;https://www.centrepompidou.fr/en/ressources/personne/cr4e98;;high;Ulan;Ulan;;high
Félix-Émile Taunay, Baron of Taunay;1795;1881;Brazil;artistic training with Nicolas-Antoine Taunay;-22.9068;-43.1729;Montmorency;Rio de Janeiro;male;https://pt.wikipedia.org/wiki/F%C3%A9lix_%C3%89mile_Taunay;medium;O creator na planilha aparece em inglês> os dados de formação correspondem a Félix-Émile Taunay.;Wikidata;high;Pinacoteca de São Paulo;medium;48.989498108;2.32076331;100.0;-22.9014475;-43.1789159;100.0;https://dibrarq.arquivonacional.gov.br/index.php/felix-taunay-barao-de-taunay;;high;Wikidata > Ulan;Wikidata > Ulan;;high
Félix Ziem;1821;1911;France;Beaux-Arts School of Dijon > École des Beaux-Arts de Dijon;47.321261 > 47.321261;5.035364 > 5.035364;Beaune;Paris;male;https://en.wikipedia.org/wiki/F%C3%A9lix_Ziem | https://www.britannica.com/biography/Felix-Ziem;high;;Wikidata;high;MASP;medium;47.025956158;4.839746786;100.0;48.856372814;2.352529617;100.0;https://www.musee-orsay.fr/fr/ressources/repertoire-artistes-personnalites/felix-ziem-35885;;high;Ulan;Ulan;;high
G. Bruschetti;1793;1871;;;;;;;;;;;;;;;;;;;;;;"identidade nominal ambígua; não desambiguado com segurança";;Wikidata;Wikidata;;high
G. KENT;;;;;;;;;;;;assinatura abreviada> não foi possível desambiguar com segurança;;;Museu Casa da Hera;;;;;;;;;"identidade nominal ambígua; não desambiguado com segurança";;;;;
G. Le Barbier;;;;;;;;;;;;"Abbreviated signature; the artist could not be reliably identified or associated with biographical dates.";;;Pinacoteca de São Paulo;;;;;;;;;"verbete do Itaú usa prenome abreviado; sem identificação civil completa e sem fonte auditável de óbito";;;;;
G. Rovello;;;;;;;;;;;;;;;Museu Histórico Nacional;;;;;;;;;"assinatura abreviada em catálogos de leilão; sem identificação civil segura nem fonte auditável de óbito";;;;;
G3: Filipe Matos;1977;;Portugal;IADE Lisboa;38.708042;-9.139016;Portugal;;male;https://g03.org/contact.html;medium;FILE explicita “País de Origem: Portugal”> preenchido em nível de país.;FILE Festival (País de Origem);high;FILE;high;39.593139046;-8.51981299;100.0;;;;;"site do artista e FILE indicam atividade recente em Lisboa; sem evidência de óbito";;FILE Festival;;;high
Gabriel Camelo;;;Brazil;London College of Fashion > Universidad de los Andes;51.54161 > -33.404007;-0.0129 > -70.507468;Rio de Janeiro;;male;University of the Arts London> site oficial do artista;high;;Wikidata;high;FILE;;-22.9014475;-43.1789159;100.0;;;;;"site do artista e entrevista recente indicam atividade profissional; sem evidência de óbito";;;;"nascimento não preenchido; fonte localizada indica Bogotá/1989, em conflito com o contexto já presente no CSV";
Gabriel Caniglia;;;United States;Northwestern University;42.05645939999999;-87.67526699999999;United States;;male;site oficial do artista> FILE Festival;high;FILE explicita “País de Origem: United States”> preenchido em nível de país.;FILE Festival (País de Origem);high;FILE;high;39.398703156;-99.41461919;100.0;;;;;"site pessoal e GitHub recentes indicam atividade profissional; sem evidência de óbito";;;;;
Gabriel Duperré;1800;1850;;;;;;;male;;;"Sources diverge on the year of death, recorded as 1850 or 1855; training at the École des Beaux-Arts de Paris was not confirmed.";;;Pinacoteca de São Paulo;medium;;;;;;;;fonte de autoridade localiza o artista, sem local de morte explícito;;Wikidata > Ulan;Wikidata > Ulan;;medium
Gabriel Menotti;1983;;Brazil;Goldsmiths, University of London > Pontifícia Universidade Católica de São Paulo (PUC-SP) > Universidade Federal do Espírito Santo;51.474269444444445 > -23.5381 > -20.276626;-0.03541111111111111 > -46.6705 > -40.303677;Vitória, Espírito Santo, Brazil;;male;Queen’s University> Videobrasil;high;;YouTube / Spotify (1 curadorx, 1 hora);medium;FILE;;-20.3168388;-40.3099161;100.0;;;;;"Queen’s University e Ufes indicam atividade acadêmica recente; sem evidência de óbito";;Videobrasil;;;high
Gabriela Albergaria;1965;;Portugal;Faculty of Fine Arts of the University of Porto > Faculdade de Belas-Artes da Universidade do Porto;41.14555 > 41.14555;-8.60075 > -8.60075;Vale de Cambra;;female;https://pt.wikipedia.org/wiki/Gabriela_Albergaria;medium;licenciatura em pintura> datas não localizadas;Wikidata;high;MAC USP;medium;40.833558795072;-8.336382233958;100.0;;;;;"galerias ativas e biografia recente indicam atividade contínua; sem evidência de óbito";;Wikidata > Ulan;;;high
Gaspar Falco;1861;;France;Italian training;;;Mostaganem;;male;https://www.catalogodasartes.com.br/;medium;Dados abertos insuficientes para nomear escola.;Wikidata;high;Museu Paulista;low;35.93115;0.08918;100.0;;;;;fontes biográficas abertas indicam trajetória, mas não explicitam local de morte;;Wikidata;;;high
Gaston Bertrand;1910;1994;Belgium;École Saint-Luc de Bruxelles > Académie royale des Beaux-Arts de Bruxelles > Académie des Beaux-Arts de Saint-Josse-ten-Noode;50.844 > 50.844 > 50.85444;4.3477 > 4.3477 > 4.37028;Bassenge;Uccle;male;https://fr.wikipedia.org/wiki/Gaston_Bertrand | https://www.group2gallery.com/bertrand-494848.html?lang=en;medium;instituição identificada em biografias sumárias. Fontes secundárias convergentes indicam percurso formativo em Saint-Luc, na Academia Real de Bruxelas e em Saint-Josse-ten-Noode.;Wikidata;high;MAC USP;medium;50.765576031;5.61001854;100.0;50.80225;4.33943;100.0;Schaerbeek;auditoria: fonte institucional local confirma Uccle como local de morte;high;Ulan;Ulan;;high
Gastão Frazão;1914;2012;;;;;Santos, SP, Brazil;Santos, SP, Brazil;;;;;MAC USP;high;MAC USP;low;-23.9562885;-46.3264601;;-23.9562885;-46.3264601;100.0;https://acervo.mac.usp.br/acervo/index.php/Detail/entities/5375;;high;https://acervo.mac.usp.br/acervo/index.php/Detail/entities/5375;https://acervo.mac.usp.br/acervo/index.php/Detail/entities/5375;;high
Gaëtan Borde;;;France;Supinfocom Rubika;50.35805555555555;3.523333333333333;France;;male;FILE Festival;high;FILE explicita “País de Origem: França”> preenchido em nível de país.;FILE Festival (País de Origem);high;FILE;;46.559417044;2.550539953;100.0;;;;;"Unifrance e perfis profissionais indicam atividade; sem evidência de óbito";;;;;
Ged Sia;;;Lithuania;Vilniaus dizaino ir technologijų kolegija > Vilnius Academy of Arts;54.7061 > 54.89547222;25.3108 > 23.88705556;;;male;Jaunojo dizainerio prizas> Vilnius Academy of Arts;high;local de nascimento não localizado em fonte auditável;;;FILE;;;;;;;;;"NOMINT e FILE indicam atividade recente; sem evidência de óbito";;;;;
Geert Nellen;;;Netherlands;Utrecht School of Arts;52.09303055555556;5.121088888888889;Netherlands;;male;FILE Festival> Dutch Game Mentors;high;FILE explicita “País de Origem: Netherlands”> preenchido em nível de país.;FILE Festival (País de Origem);high;FILE;high;52.249375293;5.616126398;100.0;;;;;"site oficial e Dutch Game Mentors indicam atividade recente; sem evidência de óbito";;;;;
Genaro de Carvalho;1926;1971;Brazil;Brazilian Society of Fine Arts > drawing studies with Henrique Cavalleiro;-22.9068 > -22.9068;-43.1729 > -43.1729;Salvador;Salvador;male;https://repositorio.ufba.br/handle/ri/1734 | https://www.escritoriodearte.com/artista/genaro-de-carvalho;medium;"Fontes localizadas apontam estudos de desenho com Henrique Cavalleiro na Sociedade Brasileira de Belas Artes, no Rio de Janeiro; a Escola de Belas Artes da Bahia não foi confirmada.";Wikidata;high;MAC USP;medium;-12.9641527;-38.5058208;100.0;-12.9641527;-38.5058208;100.0;Enciclopédia Itaú Cultural;;high;Wikidata > Ulan;Wikidata > Ulan;;high
Genesco Murta;1885;1967;Brazil;Académie de la Grande Chaumière > Académie Colarossi > studies with Mauricet, Reynold, Charles Guérin and Bernard Naudin;48.842342 > 48.842222222222 >;2.330848 > 2.3308333333333 >;Minas Novas;Belo Horizonte;male;https://pt.wikipedia.org/wiki/Genesco_Murta | https://www.catalogodasartes.com.br/artista/Genesco%20Murta%20-%20Genesco%20Lages%20Murta%20/> https://www.catalogodasartes.com.br/artista/Genesco%20Murta%20-%20Genesco%20Lages%20Murta%20/ | https://www.escritoriodearte.com/artista/genesco-murta;medium;;Wikidata;high;Museu Histórico Nacional;high;-17.2173033;-42.5944656;100.0;-19.9181771;-43.9370534;100.0;Enciclopédia Itaú Cultural;;high;Wikidata;Wikidata;;high
Gennadiy Chernega;;;Ukraine;self-taught;50.45466;30.5238;Ukraine;;male;FILE Festival;high;autodidata> coordenadas atribuídas à cidade de residência explicitada em biografia;FILE Festival (biografia do artista);high;FILE;medium;49.026898375;31.374926053;100.0;;;;;"FILE e perfis profissionais indicam atividade recente; sem evidência de óbito";;;;ano de nascimento não localizado de forma explícita e consistente nas fontes consultadas;
Geoffrey Godet;;;France;Supinfocom Rubika;50.35805555555555;3.523333333333333;France;;male;FILE Festival> Acme Filmworks;high;FILE explicita “País de Origem: França”> preenchido em nível de país.;FILE Festival (País de Origem);high;FILE;;46.559417044;2.550539953;100.0;;;;;"perfis profissionais e FILE mantêm atividade autoral; sem evidência de óbito";;;;;
Georg Grimm;1846;1887;Kingdom of Bavaria;Akademie der Bildenden Künste München;48.153196;11.580312;Immenstadt im Allgäu;Palermo;male;https://pt.wikipedia.org/wiki/Georg_Grimm;medium;A fonte consultada também menciona viagens de estudo posteriores.;Wikidata;high;Museu da Inconfidência;medium;47.55996;10.21394;100.0;38.115664;13.3614707;100.0;Enciclopédia Itaú Cultural;;high;Ulan;Ulan;;high
George Chkheidze;1965;;Georgia;National Theatre and Film School Tbilisi;41.70500000000001;44.80083333333333;Tbilisi, Georgia;;male;site pessoal do artista> FILE Festival;high;;FILE Festival (biografia do artista);high;FILE;;41.6936283;44.8016185;100.0;;;;;IMDb e FILE indicam atividade autoral sem evidência de óbito;;;;;
Georges Braque;1882;1963;France;École des Beaux-Arts de Paris > École des Beaux-Arts du Havre > training as a decorator > Académie Humbert;48.853997 > 49.4927 >  > 48.85666666666667;2.333500 > 0.1079 >  > 2.352222222222222;Argenteuil;Paris;male;Wikipedia> GeorgesBraque.org;medium;Formação combina escola de belas-artes e aprendizado profissional de decorador.;Wikidata;high;MAC USP;high;48.947883958;2.24887315;100.0;48.856372814;2.352529617;100.0;Britannica;;high;Ulan;Ulan;;high
Georges Capgras;1866;1947;France;;;;Joinville-le-Pont;Paris;male;;;The located reference mentions French artistic training but does not reliably identify an institution or master.;Wikidata;high;Pinacoteca de São Paulo;low;48.81842918;2.466886376;100.0;48.856372814;2.352529617;100.0;Musée d’Orsay;;high;Wikidata > Ulan;Wikidata > Ulan;;high
Georges Corbisier;1894;1937;Brazil;Belgian artistic training;;;Courbevoie;;male;https://www.brasilianaiconografica.art.br/;medium;Fonte aberta insuficiente para nomear escola formal.;Wikidata;high;Museu Paulista;low;48.89539808;2.254992139;100.0;;;;;local de morte não localizado em fonte aberta;;Wikidata;Wikidata;;high
Georgina de Albuquerque;1885;1962;Brazil;Académie Julian > Escola Nacional de Belas Artes > École nationale supérieure des beaux-arts;48.871111 > -22.862506 > 48.853997;2.341667 > -43.225662 > 2.333500;Taubaté;Rio de Janeiro;female;https://pt.wikipedia.org/wiki/Georgina_de_Albuquerque;medium;;Wikidata;high;Museu Histórico Nacional;high;-23.030587;-45.5486046;100.0;-22.9014475;-43.1789159;100.0;Enciclopédia Itaú Cultural;;high;Ulan;Ulan;;high
Geraldo de Barros;1923;1998;Brazil;Associação Paulista de Belas Artes de São Paulo > printmaking studies in Paris;>;>;Chavantes;São Paulo;male;https://www.geraldodebarros.com/main/?page_id=16;high;The official website records drawing and painting studies at Associação Paulista de Belas Artes and printmaking studies in Paris, without identifying a Paris institution.;Wikidata;high;MAC USP;high;-23.0396851;-49.7082712;100.0;-23.5486657;-46.6382522;100.0;Enciclopédia Itaú Cultural;;high;https://www.geraldodebarros.com/main/?page_id=16;https://www.geraldodebarros.com/main/?page_id=16;;high
Geraldo Trindade Leal;1927;2013;Brazil;cursos livres no Instituto de Belas Artes de Porto Alegre > studio of Mário Cravo Júnior;-30.032777777778 >;-51.23 >;Santana do Livramento;Porto Alegre;male;https://pt.wikipedia.org/wiki/Geraldo_Trindade_Leal | https://aplicacoes.fcc.sc.gov.br/wpmasc/artista/geraldo-trindade-leal/ | https://www.correiodopovo.com.br/arteagenda/um-olhar-sobre-o-modernista-trindade-leal-1.1594584> https://pt.wikipedia.org/wiki/Geraldo_Trindade_Leal | https://aplicacoes.fcc.sc.gov.br/wpmasc/artista/geraldo-trindade-leal/;medium;As fontes também caracterizam sua formação inicial como autodidata.;Wikidata;high;MAC USP;medium;-30.89083;-55.53278;100.0;-30.0328305556;-51.2301888889;100.0;MASC;;high;Wikidata;Wikidata;;high
Gerda Brentani;1906;1999;Italy;Conservatorio Giuseppe Verdi de Trieste > studies with Ernesto de Fiori;45.650278 > ;13.770278 > ;Trieste;São Paulo;female;https://pt.wikipedia.org/wiki/Gerda_Brentani | https://www.escritoriodearte.com/artista/gerda-brentani;medium;As fontes indicam formação musical formal e formação artística posterior com Ernesto de Fiori.;Wikidata;high;MAC USP;high;45.6535974;13.7785154;100.0;-23.5503944444;-46.6339472222;100.0;MAC USP;;high;Wikidata > Ulan;Wikidata > Ulan;;high
Gerhard Human;1980;;South Africa;Pretoria Technikon;-25.7322;28.1617;Bloemfontein, South Africa;;male;Imago Mundi Collection> Dyman Gallery;low;;Dyman Gallery / Latitudes;low;FILE;;-29.1181302;26.223091;100.0;;;;;"atividade recente em fonte aberta; sem evidência de óbito";;;;;
Gerhard Richter;1932;;Germany;Kunstakademie Düsseldorf > Hochschule für Bildende Künste Dresden;51.23054 > 51.052842;6.77365 > 13.742444;Dresden;;male;https://gerhard-richter-archiv.skd.museum/en/about-us/gerhard-richter/;high;;Wikidata;high;MAC USP;high;51.051696999;13.736883;100.0;;;;;"atividade recente em fonte aberta; sem evidência de óbito";;;;;
Germana Monte-Mór;1958;;Brazil;Universidade Federal do Rio de Janeiro (UFRJ) > Fundação Armando Álvares Penteado (FAAP) > Escola de Comunicações e Artes da USP (ECA-USP);-22.8625 > -23.5450155 > -23.55833333;-43.223888888889 > -46.6630802 > -46.72694444;Rio de Janeiro;;female;https://galerialeme.com/artist/germana-monte-mor/> https://galeriaestacao.com.br/documents/portfolio_95_f22dd-portfolio-germana-monte-mor-%28portugues%29-.pdf;low;fontes também registram estudo de gravura na Escolinha de Arte do Brasil;Wikidata;high;MAC USP;high;-22.9014475;-43.1789159;100.0;;;;;"atividade recente em fonte aberta; sem evidência de óbito";;Wikidata > Ulan;;;high
Germano Wahnschaffe;1832;;Germany;German training in natural history and scientific drawing;;;Germany;;male;https://pt.wikipedia.org/wiki/Germano_Wahnschaffe;medium;A fonte aberta biográfica enfatiza carreira científica> instituição específica não foi detalhada nesta rodada.;Wikidata;high;Coleção Brasiliana Itaú;low;51.110631049;10.392277932;100.0;;;;;lugar de morte não localizado em fonte confiável;;Wikidata;;;high
Gerrit Benner;1897;1981;Kingdom of the Netherlands;;;;Leeuwarden;Nijemirdum;male;;;artista autodidata> sem escola formal localizada;Wikidata;high;MAC USP;medium;53.201134953;5.805000142;100.0;52.8569444444;5.57;100.0;Wikipedia NL;;medium;Ulan;Ulan;;high
Gerrit Willem van Blaaderen;1873;1935;Kingdom of the Netherlands;Escola de Arte Aplicada de Haarlem;52.376609;4.633598;Nieuwer-Amstel;Bergen;male;https://app.fta.art/pt/creator/61218fe1d38742a9f1281c20f82c042bc10d1e5a | https://nl.wikipedia.org/wiki/Gerrit_van_Blaaderen> https://app.fta.art/pt/creator/61218fe1d38742a9f1281c20f82c042bc10d1e5a;medium;A fonte cita também formação com Hendrik Hulk e W.F.A.I. Vaarzon Morel.;Wikidata;high;MASP;high;52.30083;4.86389;100.0;52.6691694444;4.7041694444;100.0;De Valk Lexicon;local de morte confirmado como Bergen (NH);medium;Wikidata > Ulan;Wikidata > Ulan;;high
Gerson Pompeu;1910;1978;Brazil;Escola Nacional de Belas Artes > Curso Especial de Arquitetura > Académie Julian;-22.8625055 >  > 48.871111;-43.2256622 >  > 2.341667;Campinas;Rio de Janeiro;male;https://pt.wikipedia.org/wiki/Gerson_Pompeu | https://www.dezenovevinte.net/bios/bio_gpp.htm;medium;;Wikidata;high;Museu Histórico Nacional;high;-22.9073702;-47.0628996;100.0;-22.9111111111;-43.2055555556;100.0;Enciclopédia Itaú Cultural;;high;Wikidata;Wikidata;;high
Gerson Tavares;1926;2021;;Escola Nacional de Belas Artes;-22.862506;-43.225662;São Gonçalo, RJ, Brazil;Rio de Janeiro;male;Folha dos Lagos;medium;ingressou no curso de pintura em 1947> depois obteve bolsa para a Europa, mas a instituição europeia não foi identificada;Folha dos Lagos;medium;Museu de Arte Religiosa e Tradicional;medium;-22.8269;-43.0539;;-22.9014475;-43.1789159;;https://www.imdb.com/pt/name/nm0253472/;"death recorded in a film database; location given at municipal level";medium;Enciclopédia Itaú Cultural;Enciclopédia Itaú Cultural;;high
Gervais Merryweather;;;;National Film and Television School;51.6054;-0.6374;;;male;National Film and Television School> FILE Festival;high;identidade não confirmada com segurança para local de nascimento;;;FILE;;;;;;;;;"atividade recente em fonte aberta; sem evidência de óbito";;;;;
Gestucks;1986;;Austria;TU Graz > University of Applied Arts Vienna;47.068888888889 > 48.2075;15.45 > 16.3825;Austria;;male;FILE Festival;high;FILE explicita “País de Origem: Áustria”> preenchido em nível de país.;FILE Festival (País de Origem);high;FILE;;47.585810005;14.137076948;100.0;;;;;"atividade recente em fonte aberta; sem evidência de óbito";;Athens Digital Arts Festival;;identificado na fonte como Stefan Krische (gestucks);medium
Giambattista Pittoni;1687;1767;Republic of Venice;training with his uncle Francesco Pittoni;45.431078;12.328139;Venice;Venice;male;https://en.wikipedia.org/wiki/Giambattista_Pittoni | https://www.britannica.com/biography/Giovanni-Battista-Pittoni;high;As fontes consultadas descrevem uma formação familiar/atelier.;Wikidata;high;MASP;low;45.434608;12.338913;100.0;45.4397222222;12.3319444444;100.0;Treccani;;high;;;;
Giampietrino;1441;1543;;training in the circle/workshop of Leonardo da Vinci;45.47222222;9.18888889;Lombardy;;male;https://en.wikipedia.org/wiki/Giampietrino | https://www.britannica.com/biography/Giampietrino;high;A atribuição de mestre é clara, mas a cronologia detalhada é incerta.;Wikidata;high;MASP;low;45.620700797975;9.769063043545;100.0;;;;;lugar de morte não localizado em fonte de autoridade;;Ulan;Ulan;;high
Gian Cruz;1987;;Philippines;University of the Philippines Diliman > Kyung Hee University > De La Salle University-Manila;14.654861111111 > 37.5967 > 14.5646;121.06446944444 > 127.052 > 120.99303;Manila, Philippines;;male;CV institucional em Visual AIDS;medium;;FILE Festival (biografia do artista);high;FILE;;14.5822592;120.9748038;100.0;;;;;"atividade recente em fonte aberta; sem evidência de óbito";;;;;
Giandomenico Paglia;;;Italy;;;;Teramo, Italy;;male;;;;Teramo Rock (biografia);medium;FILE;;42.661269;13.6985307;100.0;;;;;"atividade recente em fonte aberta; sem evidência de óbito";;;;;
Gianfilippo Usellini;1903;1971;Italy;Accademia di Belle Arti di Brera > Liceo artistico di Brera;45.47222222 > 45.47222222;9.18888889 > 9.18888889;Milan;Arona;male;https://www.treccani.it/enciclopedia/gianfilippo-usellini_(Dizionario-Biografico)/;high;na Accademia di Brera estuda com Ambrogio Alciati;Wikidata;high;MAC USP;high;45.4636183;9.1881156;100.0;45.7569444444;8.56;100.0;Treccani;coordenadas corrigidas para Arona, Piemonte;high;Wikidata;Wikidata;;high
Gilbert Stuart;1755;1828;United States;training with Cosmo Alexander > studies with Benjamin West;>;>;North Kingstown;Boston;male;https://en.wikipedia.org/wiki/Gilbert_Stuart | https://www.britannica.com/biography/Gilbert-Stuart;high;;Wikidata;high;MASP;medium;41.560378;-71.445041;100.0;42.3602777778;-71.0577777778;100.0;Gilbert Stuart Museum;;high;;;;
Gilberto Jiménez;;;Mexico;;;;Mexico City;;male;;;formação não localizada com segurança;Wikidata;high;MAC USP;;19.430457906;-99.141684761;100.0;;;;;dados insuficientes para localizar lugar de morte com segurança;;;;;
Gilda Vogt;1953;;Brazil;Museu de Arte Moderna do Rio de Janeiro (MAM-RJ) > Escola Brasil:;-22.91111111111111 > -8.9791666666667;-43.20555555555556 > -38.219444444444;Rio de Janeiro, RJ, Brazil;;female;Itaú Cultural> Wikipédia;medium;também estudou com Misabel Pedrosa, Ivan Serpa, Anna Bella Geiger e Frederico Nasser;Wikipédia em português;medium;MAC USP;high;-22.9014475;-43.1789159;;;;;;"atividade recente em fonte aberta; sem evidência de óbito";;Wikidata > Ulan;;;high
Gilda Vogt Maia Rosa;1953;;Brazil;Museu de Arte Moderna do Rio de Janeiro (MAM-RJ) > Escola Brasil:;-22.91111111111111 > -8.9791666666667;-43.20555555555556 > -38.219444444444;Rio de Janeiro, RJ, Brazil;;female;Itaú Cultural> Wikipédia;medium;também estudou com Misabel Pedrosa, Ivan Serpa, Anna Bella Geiger e Frederico Nasser;Wikipédia em português;medium;MAC USP;high;-22.9014475;-43.1789159;;;;;;"atividade recente em fonte aberta; sem evidência de óbito";;Wikidata > Ulan;;;high
Gilson Ramos Barbosa;1935;1981;;Escola de Teatro da Universidade da Bahia;-12.99216;-38.52195;Cachoeira, BA, Brazil;Cachoeira;male;https://enciclopedia.itaucultural.org.br/pessoas/7019-gilson-barbosa;high;;Enciclopédia Itaú Cultural;high;MAC USP;medium;-12.6014;-38.9658;;-12.6177777778;-38.9558333333;;Enciclopédia Itaú Cultural;;high;Ulan;Ulan;;high
Gino Bruno;1899;1977;;Liceu de Artes e Ofícios > Escolinha de Artesanato;-23.5331446 > ;-46.6267577 > ;Adria, Italy;São Paulo;male;https://enciclopedia.itaucultural.org.br/pessoas/7021-gino-bruno;high;;Enciclopédia Itaú Cultural;high;MAC USP;high;45.0546;12.0559;;-23.5503944444;-46.6339472222;;MAC USP;;high;Ulan;Ulan;;high
Gino Severini;1883;1966;Italy;Free School for Nude Studies > academia privada / Villa Medici;41.908333 > 41.908333333333;12.4825 > 12.4825;Cortona;Paris;male;Wikipedia> TheArtStory;medium;Sem formação escolar contínua anterior> estudos artísticos formais curtos em Roma.;Wikidata;high;MAC USP;medium;43.2741319;11.9877546;100.0;48.8566666667;2.3522222222;100.0;Britannica;;high;Ulan;Ulan;;high
Ginés Parra;1896;1960;Spain;Art Students League of New York > National Academy School of Fine Arts > École nationale supérieure des beaux-arts;40.766083333333 > 40.7503 > 48.853997;-73.980861111111 > -74.0038 > 2.333500;Almería;Paris;male;https://es.wikipedia.org/wiki/Gin%C3%A9s_Parra> https://galerialopeztorres.com/en/artists/gines-parra/;medium;;Wikidata;high;MAC USP;medium;36.8400939;-2.4679043;100.0;48.8566666667;2.3522222222;100.0;BnF;registro anterior em nível de país substituído por cidade em fonte de autoridade;high;Ulan;Ulan;;high
Giorgio De Chirico;1888;1978;Italy;Akademie der Bildenden Künste München > Athens School of Fine Arts;48.153196 > 37.9620098;11.580312 > 23.6881821;Volos;Rome;male;https://www.onassis.org/people/giorgio-de-chirico;medium;Preenchimento com base em biografia institucional.;Wikidata;high;MAC USP;high;39.3605228;22.9453145;100.0;41.8905568;12.4942679;100.0;Fondazione Giorgio e Isa de Chirico;;high;;;;
Giorgio Morandi;1890;1964;Italy;Accademia di Belle Arti di Bologna > Accademia di Belle Arti di Bologna;44.497811 > 44.497811111111;11.353189 > 11.353188888889;Bologna;Bologna;male;Wikipedia> TheArtStory;medium;;Wikidata;high;MAC USP;high;44.4941903;11.3465185;100.0;44.4941903;11.3465185;100.0;Treccani;;high;Ulan;Ulan;;high
Giovanni Battista Castagneto;1851;1900;Brazil;Accademia Ligustica di Belle Arti;44.40768333;8.934525;Genoa;Rio de Janeiro;male;https://pt.wikipedia.org/wiki/Giovanni_Battista_Castagneto | https://enciclopedia.itaucultural.org.br/pessoas/2832-giovanni-battista-castagneto;medium;;Wikidata;high;Pinacoteca de São Paulo;medium;44.4070624;8.9339889;100.0;-22.9014475;-43.1789159;100.0;Enciclopédia Itaú Cultural;;high;Wikidata > Ulan;Wikidata > Ulan;;high
Giovanni Bellini;1430;1516;Republic of Venice;training with his father Jacopo Bellini, in a family workshop;45.431078;12.328139;Venice;Venice;male;https://en.wikipedia.org/wiki/Giovanni_Bellini | https://worldhistoryedu.com/who-was-giovanni-bellini/;medium;A formação recuperada é de oficina familiar, sem academia formal identificada.;Wikidata;high;MASP;medium;45.434608;12.338913;100.0;45.434608;12.338913;100.0;Britannica;;high;;;;
Giovanni Boldini;1842;1931;Kingdom of Italy;Accademia delle Arti del Disegno > Accademia di Belle Arti di Firenze;43.776907 > 43.776907;11.258475 > 11.258475;Ferrara;Paris;male;https://modjourn.org/biography/boldini-giovanni-1842-1931/;medium;;Wikidata;high;MASP;high;44.8378378;11.6203994;100.0;48.856372814;2.352529617;100.0;Treccani;;high;Ulan;Ulan;;high
Giovanni Sarracino;;;Italy;studies in painting and drawing in Italy > Liceu de Artes e Ofícios; > -23.5331446; > -46.6267577;Torre del Greco;;male;https://pt.wikipedia.org/wiki/Giovanni_Sarracino | https://8g6grupodeestudos2011.blogspot.com/2011/03/;medium;As fontes consultadas não trazem cronologia detalhada para a etapa italiana.;Wikidata;high;Museu Paulista;medium;40.7872187;14.3680286;100.0;;;;;fontes localizadas descrevem atuação no Brasil, sem local de morte explícito;;;;;
Gisela Eichbaum;1920;1996;Brazil;studies with Yolanda Mohalyi, Samson Flexor and Karl Plattner > School of Modern Art, New York; > 40.712778; > -74.006111;Mannheim;São Paulo;female;https://enciclopedia.itaucultural.org.br/pessoas/509-gisela-eichbaum | https://pt.wikipedia.org/wiki/Gisela_Eichbaum;medium;A formação aparece em parte por mestres e em parte por escola, sem cronologia completa para Nova York.;Wikidata;high;MAC USP;medium;49.487779999;8.466275001;100.0;-23.5486657;-46.6382522;100.0;Enciclopédia Itaú Cultural;;high;Wikidata > Ulan;Wikidata > Ulan;;high
Gisela Nunes;;;Portugal;ESAP Guimarães > Escola das Artes, Universidade Católica Portuguesa > University of Minho;41.445 > 41.1536 > 41.5600;-8.2908333333333 > -8.6740 > -8.3970;Portugal;;female;YICCA> site da artista;medium;FILE explicita “País de Origem: Portugal”> preenchido em nível de país.;FILE Festival (País de Origem);high;FILE;;39.593139046;-8.51981299;100.0;;;;;"atividade recente em fonte aberta; sem evidência de óbito";;;;;
Giselda Leirner;1928;;Brazil;Universidade de São Paulo (USP) > studies with Yolanda Mohalyi > Art Students League of New York > Parsons School of Design;-23.561399 >  > 40.766083333333 > 40.735357;-46.730789 >  > -73.980861111111 > -73.994533;São Paulo;;female;https://www.escritoriodearte.com/artista/giselda-leirner;low;combina formação com artistas e cursos em Nova York;Wikidata;high;MAC USP;high;-23.5486657;-46.6382522;100.0;;;;;fonte institucional consultada não explicita óbito nem local de morte;;Wikidata > Ulan;;;high
Giselle Beiguelman;1962;;Brazil;Faculdade de Filosofia, Letras e Ciências Humanas da USP (FFLCH-USP);-23.561399;-46.730789;São Paulo;;female;https://site.videobrasil.org.br/acervo/artistas/artista/78451 | https://pt.wikipedia.org/wiki/Giselle_Beiguelman;medium;;Wikidata;high;FILE;;-23.5486657;-46.6382522;100.0;;;;;"atividade recente em fonte institucional; sem evidência de óbito";;Wikidata > Ulan;;;high
Giuliano Vangi;1931;2024;Italy;Istituto d'Arte di Firenze > Accademia di Belle Arti di Firenze;43.7599 > 43.776907;11.24626 > 11.258475;Barberino di Mugello;Pesaro;male;Praemium Imperiale> Wikipedia;medium;instituições identificadas> datas não localizadas;Wikidata;high;MAC USP;high;44.001045;11.238543;100.0;43.912069;12.915744;100.0;Comune di Pesaro;;high;Wikidata > Ulan;Wikidata;;high
Giulio Turcato;1912;1995;Italy;Accademia di Belle Arti di Venezia > Liceo Artistico > Scuola Libera del Nudo;45.4286 > 43.7599 > 41.9075;12.3305 > 11.24626 > 12.4756;Mantua;Rome;male;https://www.turcato.org/biography/;high;O arquivo do artista informa frequência ao Liceo Artistico e, depois, à Scuola Libera del Nudo em Veneza, sem datas exatas nesta passada.;Wikidata;high;MAC USP;medium;45.1564;10.7911;100.0;41.8905568;12.4942679;100.0;Archivio Giulio Turcato;;high;Ulan;Ulan;;high
Giuseppe Amisani;1881;1941;Kingdom of Italy;Accademia di Belle Arti di Brera > instituto técnico de Pavia;45.47222222 > 45.18675;9.18888889 > 9.15586;Mede;Portofino;male;https://en.wikipedia.org/wiki/Giuseppe_Amisani;medium;A fonte explicita estudos na Brera com Cesare Tallone e Vespasiano Bignami.;Wikidata;high;MASP;medium;45.0989259;8.737037;100.0;44.3039609;9.2077723;100.0;Treccani;;high;Ulan;Ulan;;high
Giuseppe Capogrossi;1900;1972;Italy;Sapienza Università di Roma > La Sapienza > Libera Scuola di Nudo de Felice Carena;41.903333 > 41.903333333333 > 41.903333333333;12.515833 > 12.515833333333 > 12.515833333333;Rome;Rome;male;https://it.wikipedia.org/wiki/Giuseppe_Capogrossi> https://emporiumart.com/en-pt/pages/giuseppe-capogrossi-biography;medium;Há confirmação convergente entre fontes sobre Direito e estudo de pintura com Felice Carena.;Wikidata;high;MAC USP;medium;41.8905568;12.4942679;100.0;41.8905568;12.4942679;100.0;Treccani;;high;Wikidata > Ulan;Wikidata > Ulan;;high
Giuseppe Cavatti;;;Brazil;Universidade Federal do Espírito Santo;-20.276626;-40.303677;Brasília;;male;FILE Festival;high;;Wikidata;high;FILE;;-15.7793842;-47.9257379;100.0;;;;;"atividade recente em fonte aberta; sem evidência de óbito";;;;;
Giuseppe Leone Righini;1820;1884;Brazil;Accademia Albertina di Belle Arti;45.0675;7.689444;Turin;Belém;male;https://pt.wikipedia.org/wiki/Giuseppe_Leone_Righini | https://www.brasilianaiconografica.art.br/autores/22885/leone-righini | https://www.escritoriodearte.com/artista/giuseppe-leone-righini;medium;;Wikidata;high;Pinacoteca de São Paulo;high;45.0683751;7.6830662;100.0;-1.4549817;-48.502273;100.0;Enciclopédia Itaú Cultural;;high;Wikidata;Wikidata;;high
Giuseppe Morrocchi;1940;2024;;;;;San Casciano in Val di Pesa, Florence, Italy;Florence;male;;;biografia localizada> formação não localizada com segurança;SIUSA / Gabinetto Vieusseux;high;MAC USP;;43.6598;11.1849;;43.7686976;11.2569291;100.0;SIUSA;;high;SIUSA | Archivi di personalità;SIUSA | Archivi di personalità;;high
Giuseppe Santomaso;1907;1990;Italy;Accademia di Belle Arti di Venezia;45.4286;12.3305;Venice;Venice;male;https://en.wikipedia.org/wiki/Giuseppe_Santomaso;medium;A fonte consultada informa início dos estudos na Academia de Belas Artes de Veneza em 1932.;Wikidata;high;MAC USP;medium;45.434608;12.338913;100.0;45.434608;12.338913;100.0;Treccani;;high;Ulan;Ulan;;high
Giustino Di Gregorio;1962;;Italy;;;;Teramo, Italy;;male;;;;MOT / Teramo Rock;medium;FILE;;42.661269;13.6985307;100.0;;;;;"atividade recente em fonte aberta; sem evidência de óbito";;MOT | Musica Originale Teramo;;;medium
Gladis Reveilleau;;;;Fundação Armando Álvares Penteado (FAAP);-23.5450155;-46.6630802;Rio de Janeiro, RJ, Brazil;;female;https://galeria-atelierflorymenezes.com/gladis-reveilleau/;low;formada em Artes Plásticas na FAAP> fonte também a descreve como figurinista> datas não localizadas;https://galeria-atelierflorymenezes.com/gladis-reveilleau/;medium;Museu de Arte Religiosa e Tradicional;medium;-22.9014475;-43.1789159;;;;;;"obras e atelier ativos em fonte aberta; sem evidência de óbito";;;;;
Glasz DeCuir;;;Spain;;;;Donostia/San Sebastián, Spain;;female;;;;Meta-Morphosis Digital (biografia);medium;FILE;;43.320905;-1.9845145;100.0;;;;;"atividade recente em fonte aberta; sem evidência de óbito";;;;;
Glyph;;;India;;;;India;;male;;;FILE explicita “País de Origem: Índia”> preenchido em nível de país.;FILE Festival (País de Origem);high;FILE;;20.593684;78.96288;;;;;;"nome artístico em atividade recente; sem evidência de óbito";;;;;
Gonzalo Borondo;1989;;Spain;Universidad Complutense de Madrid > Accademia di Belle Arti di Roma;40.44903888888889 > 41.9075;-3.727030555555555 > 12.4756;Valladolid;;male;entrevista Stampa Reggiana + fontes secundárias convergentes;medium;;Wikidata;high;FILE;;41.6529421;-4.7283839;100.0;;;;;"atividade recente em site oficial; sem evidência de óbito";;Wikidata;;;high
Grace Mi;;;;University of Southern California (USC);34.021667;-118.285278;Los Angeles, California, United States;;female;FILE Festival;high;fonte biográfica informa origem em Los Angeles.;site oficial da artista / FILE Festival;high;FILE;;34.053691;-118.242766;;;;;;"atividade recente em site oficial; sem evidência de óbito";;;;;
Graciliano Vicente Xavier;1856;1934;Brazil;Liceu de Artes e Ofícios de São Paulo > advanced training with Almeida Júnior;-23.533145 > ;-46.626758 > ;São Paulo;São Paulo;male;https://pt.wikipedia.org/wiki/Graciliano_Vicente_Xavier;medium;A fonte disponível informa que foi discípulo de Jules Martin no Liceu de Artes e Ofícios de São Paulo e que depois se aperfeiçoou com Almeida Júnior.;Wikidata;high;Museu Paulista;high;-23.5486657;-46.6382522;100.0;-23.5486657;-46.6382522;100.0;Wikipedia PT;"local mantido com base em fonte aberta; não localizei fonte institucional direta do óbito";medium;Wikidata;Wikidata;;high
Graham Sutherland;1903;1980;United Kingdom;Goldsmiths, University of London;51.474269;-0.035411;Streatham;London;male;Tate> biografia institucional;high;;Wikidata;high;MAC USP;high;51.42897;-0.13184;100.0;51.50740836;-0.127698693;100.0;Britannica;"ajustado de Streatham para London; Streatham aparece nas fontes como local de nascimento";high;Wikidata > Ulan;Wikidata > Ulan;;high
Grant Petrey;;;United Kingdom;Royal College of Art > Sir John Cass School of Art, Architecture & Design, London Metropolitan University > Institute of Education, University College London > Royal Central School of Speech & Drama, University of London > University of Wales, Trinity St David;51.501388888889 > 51.551574 > 51.52472222222222 > 51.54416666666667 > 51.85865;-0.17888888888889 > -0.110687 > -0.13361111111111112 > -0.17416666666666666 > -4.32798;United Kingdom;;male;site oficial do artista> Royal College of Art;high;FILE explicita “País de Origem: Reino Unido”> preenchido em nível de país.;FILE Festival (País de Origem);high;FILE;;53.408386605;-1.969559544;100.0;;;;;"atividade recente em site oficial e projetos em 2025; sem evidência de óbito";;;;;
Greg ‘Craola’ Simkins;1975;;United States;California State University, Long Beach;33.78219444444444;-118.122;Torrance, California, United States;;male;site oficial do artista;high;;site oficial do artista;high;FILE;;33.8363301;-118.3400381;100.0;;;;;"site oficial ativo e biografia atual; sem evidência de óbito";;;;;
Guilherme Marcondes;1977;;Brazil;Universidade de São Paulo (USP);-23.5613991;-46.7307891;São Paulo;;male;FILE Festival;high;;Wikidata;high;FILE;;-23.5486657;-46.6382522;100.0;;;;;"site oficial indica que vive em NYC; sem evidência de óbito";;Grupo Extremidades;;;high
Guli Silberstein;;;Israel;Tel Aviv University > The New School University;32.1125 > 40.73534;34.805 > -73.99704;Israel;;male;site oficial do artista | FILE Festival;high;;FILE Festival (biografia do artista);high;FILE;;31.977711512;34.979217692;100.0;;;;;"site oficial ativo; sem evidência de óbito";;;;;
Gustave Courbet;1819;1877;France;Académie Suisse > Collège Royal de Besançon > brief studies with Charles de Steuben;48.8545 > 47.2372 >;2.3446 > 6.02031 >;Ornans;La Tour-de-Peilz;male;https://www.encyclopedia.com/people/literature-and-arts/european-art-1600-present-biographies/gustave-courbet | https://pt.wikipedia.org/wiki/Gustave_Courbet> https://www.encyclopedia.com/people/literature-and-arts/european-art-1600-present-biographies/gustave-courbet;medium;A trajetória inclui formação independente no Louvre após estudo breve em ateliê.;Wikidata;high;MASP;medium;47.105945536;6.147111639;100.0;46.454252892;6.867656059;100.0;courbet.ch;;high;Wikidata;Wikidata;;high
Gustave James;1800;1885;;French artistic training;;;;Rio de Janeiro;male;https://www.brasilianaiconografica.art.br/;medium;Registro prudente por ausência de instituição específica em fonte aberta.;;;Museu Histórico Nacional;low;;;;-22.9111111111;-43.2055555556;100.0;Enciclopédia Itaú Cultural;;high;;;;
Gustave Singier;1909;1984;Belgium;École Boulle;48.8465;2.39097;Warneton;Paris;male;Wikipedia> Annex Galleries;medium;;Wikidata;high;MAC USP;medium;50.75158;2.94635;100.0;48.856372814;2.352529617;100.0;Centre Pompidou;"ajustado de 14th arrondissement of Paris para Paris; fonte consultada explicita apenas Paris";high;Wikidata > Ulan;Wikidata > Ulan;;high
Gustavo Dall'Ara;1865;1923;Brazil;Accademia di Belle Arti di Venezia;45.431078;12.328139;Rovigo;Rio de Janeiro;male;https://enciclopedia.itaucultural.org.br/pessoas/7053-gustavo-dall-ara | https://pt.wikipedia.org/wiki/Gustavo_Dall%27Ara;medium;Preferida a forma oficial da academia na Itália, com equivalência em português.;Wikidata;high;Museu Nacional de Belas Artes;high;45.0707365;11.7897964;100.0;-22.9014475;-43.1789159;100.0;https://tainacan.senado.leg.br/artistas/gustavo-giovanni-dallara/;"Itaú Cultural explicita Vargem Alegre RJ; coordenadas atribuídas ao distrito homônimo em Barra do Piraí";medium;Wikidata > Ulan;Wikidata > Ulan;;high
Gustavo Von Ha;1977;;;Universidade do Oeste Paulista > grupo de pesquisa de Leda Catunda na Faculdade Santa Marcelina > PIESP;-22.125833333333 > -23.550394444444 > -23.550394444444;-51.388888888889 > -46.633947222222 > -46.633947222222;Presidente Prudente, SP, Brazil;;male;https://pt.wikipedia.org/wiki/Gustavo_von_Ha | https://enciclopedia.itaucultural.org.br/pessoa365941/gustavo-von-ha;medium;;MAC USP;high;MAC USP;high;-22.1207;-51.3925;;;;;;"atividade recente em biografia oficial e Prêmio PIPA; sem evidência de óbito";;Wikidata;;;high
Hamza Kirbas;1992;;Turkey;Batman University Faculty of Fine Arts > Silesia University Faculty of Fine Arts, Graphic Design Department > Hacettepe University Institute of Fine Arts;38.081944 > 50.26075 > 39.867222222222;41.407222 > 19.028306 > 32.734444444444;Batman, Turkey;;male;site oficial do artista | FILE Festival;high;;FILE Festival (biografia do artista);high;FILE;;37.899913;41.129208;100.0;;;;;"perfil recente indica atuação internacional e base em NYC; sem evidência de óbito";;FILE Festival;;;high
Hana Al Ali;;;United Arab Emirates;American University of Sharjah;25.309722;55.490556;United Arab Emirates;;female;American University of Sharjah | Behance;high;FILE explicita “País de Origem: Emirados Árabes Unidos”> preenchido em nível de país.;FILE Festival (País de Origem);high;FILE;;23.424076;53.847818;;;;;;"site oficial ativo; sem evidência de óbito";;;;;
Hannah Doran;;;United Kingdom;Wrexham Glyndwr University School of Creative Arts;53.054;-3.006;Wales, United Kingdom;;female;FILE Festival;high;FILE explicita “País de Origem: País de Gales”> preenchido no nível mais específico disponível.;FILE Festival (País de Origem);high;FILE;;52.130661;-3.783712;;;;;;fontes consultadas não trazem evidência de óbito nem local de morte;;;;;
Hannes Arvid Andersson;;;Netherlands;SAE Institute Barcelona > Middlesex University > Frank Mohr Institute, Hanze University of Applied Sciences;41.41219 > 51.5893495 > 53.24051389;2.201316 > -0.2282466 > 6.53270278;Sweden;;male;Othernode | SoundCloud;medium;;perfil acadêmico / Academia.edu;medium;FILE;;64.712585547;17.260487956;100.0;;;;;"atividade recente em site oficial e projetos de 2024; sem evidência de óbito";;;;;
Hans Hartung;1904;1989;Germany;Universidade de Leipzig > escolas de arte em Leipzig > escolas de arte em Dresden > escolas de arte em Munique;51.340632 > 51.340632 > 51.0493286 > 48.1375;12.374733 > 12.374733 > 13.7381437 > 11.575;Leipzig;Antibes;male;https://www.oexplorador.com.br/hans-hartung-foi-um-pioneiro-da-pintura-abstrata-europeia-uma-figura-proeminente-no-mundo-da-arte-parisiense-de-1945-em-diante-e-o-vencedor-em-1960-do-grande-premio-na-bienal-de-veneza-autodidata-c/;high;fonte secundária> instituições específicas não detalhadas;Wikidata;high;MAC USP;low;51.338287999;12.377931001;100.0;43.581344179;7.12791404;100.0;Centre Pompidou;;high;;;;
Hans Holbein the Younger;1497;1543;Holy Romen Empire;training with his father Hans Holbein the Elder, in a family workshop >;48.36889 > 47.55472;10.89778 > 7.59056;Augsburg;London;male;https://en.wikipedia.org/wiki/Hans_Holbein_the_Younger | https://www.britannica.com/biography/Hans-Holbein-the-Younger;high;Não foi identificada academia formal> formação registrada como oficina familiar.;Wikidata;high;MASP;medium;48.369695999;10.892578;100.0;51.50740836;-0.127698693;100.0;Britannica;;high;Ulan;Ulan;;high
Hans Memling;1430;1494;Habsburg Netherlands;apprenticeship in Mainz ou Cologne > workshop of Rogier van der Weyden;50.942222222222 >;6.9577777777778 >;Seligenstadt;Bruges;male;https://en.wikipedia.org/wiki/Hans_Memling;medium;A própria fonte sinaliza incerteza entre Mainz e Colônia> mantida a incerteza.;Wikidata;high;MASP;medium;50.044319999;8.972602999;100.0;51.266855502;3.220199559;100.0;Britannica;;high;;;;
Hans Nöbauer;1893;1971;Austria;Akademie der bildenden Künste Wien;48.201388888889;16.365277777778;Vienna;Rio de Janeiro;male;https://artsandculture.google.com/story/domingo-na-fazenda/EwWx1oA8YnMEtg?hl=pt-BR;high;A fonte somente explicita que realizou seus estudos em Viena, sem indicar instituição.;Wikidata;high;Museu Histórico Nacional;low;48.2092062;16.3727778;100.0;-22.9014475;-43.1789159;100.0;Museu Histórico Nacional / Google Arts & Culture;;high;Wikidata;Wikidata;;high
Hans Platschek;1923;2000;Germany;National School of Fine Arts of Montevideo;-34.9011;-56.1645;Berlin;Hamburg;male;https://www.kettererkunst.com/bio/hans-platschek-1923.php | https://www.hans-platschek-stiftung.de/;medium;"Biografias convergentes situam sua formação artística em Montevidéu; não foi confirmada formação na HFBK Hamburg.";Wikidata;high;MAC USP;low;52.517669999;13.405537999;100.0;53.550677999;9.99697;100.0;Hans Platschek Stiftung;;high;Wikidata > Ulan;Wikidata > Ulan;;high
Hans Uhlmann;1900;1975;Germany;Vereinigte Staatsschulen für freie und angewandte Kunst;52.5090564;13.3267886;Berlin;Berlin;male;fontes biográficas de referência;medium;instituição identificada> datas não localizadas com precisão;Wikidata;high;MAC USP;low;52.517669999;13.405537999;100.0;52.517669999;13.405537999;100.0;Städel Museum;;high;Wikidata > Ulan;Wikidata > Ulan;;high
Hansi Raber;;;Austria;;;;Austria;;male;;;FILE explicita “País de Origem: Áustria”> preenchido em nível de país.;FILE Festival (País de Origem);high;FILE;;47.585810005;14.137076948;100.0;;;;;"atividade recente em site institucional; sem evidência de óbito";;;;;
Harshini J. Karunaratne;;;Sri Lanka;New York University Abu Dhabi;24.5239;54.4346;Sri Lanka;;non-binary;site oficial da artista | FILE Festival;high;FILE explicita “País de Origem: Sri Lanka”> preenchido em nível de país.;FILE Festival (País de Origem);high;FILE;;7.873054;80.771797;;;;;;"site oficial ativo e circulação recente; sem evidência de óbito";;;;;
Heidi Hörsturz;;;Netherlands;ArtEZ University of the Arts;51.98399613367563;5.8943865238974;Netherlands;;female;V2 / site oficial da artista;high;FILE explicita “País de Origem: Países Baixos / Holanda”> preenchido em nível de país.;FILE Festival (País de Origem);high;FILE;;52.249375293;5.616126398;100.0;;;;;"site oficial ativo; sem evidência de óbito";;;;;
Heidy Cordero-Arias;;;United States;Pratt Institute;40.691111;-73.963889;;;;Pratt Institute (Dean's List / Merit);high;local de nascimento não localizado em fonte auditável;;;FILE;;;;;;;;;registros acadêmicos e artísticos consultados não explicitam óbito nem local de morte;;;;;
Heiner Kielholz;1942;;Switzerland;Kunstgewerbeschule Zürich;47.38295;8.5358;Rheinfelden;;male;https://de.wikipedia.org/wiki/Heiner_Kielholz;medium;;Wikidata;high;MAC USP;high;47.561127999;7.783650001;100.0;;;;;"exposição no Bündner Kunstmuseum em 2026 indica atividade recente; sem evidência de óbito";;Ulan;;;high
Heinz Battke;1900;1966;Germany;Adolf Propp private art school > Prussian Academy of Arts in Berlin > studies with Karl Hofer;52.5200 > 52.5200 > 52.5200;13.4050 > 13.4050 > 13.4050;Berlin;Frankfurt;male;https://sammlung.staedelmuseum.de/en/person/battke-heinz;high;"O Städel Museum confirma estudos na escola particular de Adolf Propp e, depois, na academia de Berlim com Karl Hofer; Dresden não foi confirmada.";Wikidata;high;MAC USP;low;52.517669999;13.405537999;100.0;50.110879999;8.682433;100.0;;;;Wikidata > Ulan;Wikidata > Ulan;;high
Heinz Kühn;1908;1987;;artistic training in Berlin (institution not specified in the source);52.516666666667;13.383333333333;Berlin, Germany;São Paulo;male;https://galeriadearte.art.br/artista/heinz-kuhn/ | https://blombo.com/artistas/heinz-kuhn;low;A fonte apenas informa que seu período de formação artística se deu em Berlim.;MAC USP;high;MAC USP;low;52.52;13.405;;-23.5486657;-46.6382522;100.0;Enciclopédia Itaú Cultural;;high;;;;
Heitor;;;;;;;;;;;;identificação incompleta> não foi possível desambiguar com segurança;;;;;;;;;;;;"homônimo não desambiguado; local de morte não preenchido";;;;;
Heitor dos Prazeres;1898;1966;Brazil;;;;Rio de Janeiro;Rio de Janeiro;male;;;identificação incompleta> não foi possível desambiguar com segurança;Wikidata;high;MAC USP;;-22.9014475;-43.1789159;100.0;-22.9014475;-43.1789159;100.0;Enciclopédia Itaú Cultural;;high;Ulan;Ulan;;high
Helen Faganello;1949;;;Faculdade de Ciências e Letras de Penápolis > continuing education with Rodrigo Naves, Carlos Fajardo, Leda Catunda, Sérgio Romagnolo and Ana Tavares > Ateliê Fidalga study group;-21.42 >  > ;-50.077778 >  > ;Araçatuba, SP, Brazil;;female;https://www.catalogodasartes.com.br/artista/Helen%20Faganello/ | https://helenfaganello.blogspot.com/p/curriculo.html;medium;A formação listada é composta por graduação e formação continuada com artistas/professores.;MAC USP;high;MAC USP;medium;-21.2109137;-50.4259918;;;;;;"currículo e circulação recente consultados; sem evidência de óbito";;site oficial da artista;;;high
Helios Seelinger;1878;1965;Brazil;Escola Nacional de Belas Artes > studio of the brothers Bernardelli > Academia Azbe > Akademie der Bildenden Künste München > studies with Jean-Paul Laurens;-22.8625055 >  > 48.1375 > 48.153196 > ;-43.2256622 >  > 11.575 > 11.580312 > ;Rio de Janeiro;Rio de Janeiro;male;https://pt.wikipedia.org/wiki/Helios_Seelinger | https://www.guiadasartes.com.br/helios-seelinger/quem-foi> https://pt.wikipedia.org/wiki/Helios_Seelinger | https://www.ufrgs.br/acervopbsa/autor_/seelinger-helios/;medium;;Wikidata;high;Museu Histórico Nacional;high;-22.9014475;-43.1789159;100.0;-22.9014475;-43.1789159;100.0;Enciclopédia Itaú Cultural;;high;Wikidata;Wikidata;;high
Helmut Breineder;;;Austria;;;;Austria;;male;;;;FILE Festival (biografia do artista);high;FILE;;47.585810005;14.137076948;100.0;;;;;"site oficial e perfil institucional recentes; sem evidência de óbito";;;;;
Henning M. Lederer;;;Germany;FH Düsseldorf (University of Applied Sciences);51.24738888888889;6.791361111111112;Essen, Germany;;male;FILE Festival;high;;Domestika (biografia do artista);medium;FILE;;51.455842999;7.012583;100.0;;;;;"site oficial ativo e atividade recente; sem evidência de óbito";;;;;
Henri de Toulouse-Lautrec;1864;1901;France;Lycée Condorcet > studios of Léon Bonnat and Fernand Cormon;48.874803 >;2.326933 >;Albi;Saint-André-du-Bois;male;https://www.wikidata.org/wiki/Q82445;high;;https://www.britannica.com/biography/Henri-de-Toulouse-Lautrec;high;;high;43.928889;2.146389;;44.605;-0.1830555556;100.0;Musée d'Orsay;;high;Ulan;Ulan;;high
Henri Matisse;1869;1954;France;École des Beaux-Arts de Paris > Académie Julian;48.853997 > 48.871111;2.333500 > 2.341667;Le Cateau-Cambrésis;Nice;male;https://www.musee-matisse-nice.org/en/the-artist/biography/;high;Dados educacionais confirmados em biografia do Musée Matisse.;Wikidata;high;MAC USP;high;50.105603666;3.542665357;100.0;43.695978065;7.271454889;100.0;Britannica;;high;Ulan;Ulan;;high
Henri Nicolas Vinet;1817;1876;France;École des Beaux-Arts de Paris > studio of Paul Delaroche;48.853997 > ;2.333500 > ;Paris;Niterói;male;https://pt.wikipedia.org/wiki/Henri_Nicolas_Vinet | https://enciclopedia.itaucultural.org.br/pessoas/7152-henri-nicolas-vinet;medium;;Wikidata;high;Pinacoteca de São Paulo;medium;48.856372814;2.352529617;100.0;-22.8898227;-43.1220775;100.0;Wikipedia;;medium;Wikidata > Ulan;Wikidata > Ulan;;high
Henrique Bernardelli;1857;1936;Brazil;Academia Imperial de Belas Artes > studio of Domenico Morelli;-22.9071 > ;-43.1829 > ;Valparaíso;Rio de Janeiro;male;Portal Artes> Guia das Artes;medium;;Wikidata;high;Pinacoteca de São Paulo;medium;-33.045557;-71.619421;100.0;-22.9014475;-43.1789159;100.0;Enciclopédia Itaú Cultural;;high;Ulan;Ulan;;high
Henrique José da Silva;1772;1872;Kingdom of Portugal;Aula Régia de Desenho e Figura;38.708042;-9.139016;Lisbon;Rio de Janeiro;male;https://pt.wikipedia.org/wiki/Henrique_Jos%C3%A9_da_Silva;medium;A formação aberta recuperável associa o pintor à Aula Régia em Lisboa.;Wikidata;high;Museu Histórico Nacional;medium;38.7070085;-9.1356407;100.0;-22.9014475;-43.1789159;100.0;eViterbo / Wikipedia;;medium;Ulan;Ulan;;high
Henrique Leo Fuhro;1938;2006;Brazil;self-taught;;;Rio Grande;Porto Alegre;male;https://enciclopedia.itaucultural.org.br/pessoas/2904-henrique-leo-fuhro;high;As fontes indicam aprendizado inicial e prática autodidata, sem instituição formal identificada.;Wikidata;high;MAC USP;medium;-32.0350;-52.0986;100.0;-30.0328305556;-51.2301888889;100.0;https://enciclopedia.itaucultural.org.br/pessoas/2904-henrique-leo-fuhro;;high;Ulan;Ulan;;high
Henrique Manzo;1896;1982;Brazil;Liceu de Artes e Ofícios de São Paulo > student of Alfredo Norfini;-23.533145 > ;-46.626758 > ;São Bernrdo do Campo;São Paulo;male;https://pt.wikipedia.org/wiki/Henrique_Manzo | https://enciclopedia.itaucultural.org.br/pessoas/6944-henrique-manzo;medium;;Wikidata;high;Museu Paulista;high;-23.694445;-46.565796;100.0;-23.5486657;-46.6382522;100.0;Enciclopédia Itaú Cultural;;high;Wikidata > Ulan;Wikidata > Ulan;;high
Henrique Pinto;1853;1912;Portugal;Academia de Belas-Artes de Lisboa;38.708042;-9.139016;Cacilhas;Figueiró dos Vinhos;male;https://pt.wikipedia.org/wiki/Henrique_Pinto | https://www.mcafigueirodosvinhos.pt/index.php/o-museu/selecao-de-imagens/13-biografias/47-biografia-de-manuel-henrique-pinto;high;As fontes indicam discipulado com Joaquim Gregório Prieto, Tomás da Anunciação e Simões de Almeida Júnior.;Wikidata;high;Museu Nacional de Belas Artes;medium;38.6873;-9.1477;100.0;39.925211102631;-8.282068285049;100.0;Wikipedia;;medium;https://www.mcafigueirodosvinhos.pt/index.php/o-museu/selecao-de-imagens/13-biografias/47-biografia-de-manuel-henrique-pinto;https://www.mcafigueirodosvinhos.pt/index.php/o-museu/selecao-de-imagens/13-biografias/47-biografia-de-manuel-henrique-pinto;;medium
Henrique Stabile;;;Brazil;Faculdade de Arquitetura e Urbanismo e de Design da USP (FAU-USP) > Universidade Estadual de Londrina;-23.56012 > -23.3253;-46.72985 > -51.2;São Paulo;;male;FILE Festival | Escavador;medium;;Wikidata;high;FILE;;-23.5486657;-46.6382522;100.0;;;;;"site institucional recente consultado; sem evidência de óbito";;;;;
Henry Lieutenant Chamberlain;1796;1844;United Kingdom;Royal Military Academy, Woolwich;51.475;0.0575;England;Bermuda;male;https://en.wikipedia.org/wiki/Henry_Chamberlain_(artist);medium;"the institutional source identifies the birthplace only at country level; “Lieutenant” is a military title incorporated into the catalogued name";Enciclopédia Itaú Cultural;high;Museu da Inconfidência;medium;52.355518;-1.17432;;32.32;-64.74;100.0;Wikipedia;;medium;;;;
Henry Raeburn;1756;1823;United Kingdom of Great Britain and Ireland;George Heriot's School > apprentice to the goldsmith James Gilliland > training in pintura de largely self-taught manner;55.945913 >  > ;-3.194674 >  > ;Stockbridge;Edinburgh;male;https://en.wikipedia.org/wiki/Henry_Raeburn | https://www.britannica.com/biography/Henry-Raeburn;high;A formação formal em pintura é pouco estruturada nas fontes> registro conservador.;Wikidata;high;MASP;low;33.544216;-84.231532;100.0;55.953339501;-3.189106896;100.0;Britannica;;high;;;;
Hercules Araújo;;;;;;;;;;;;formação não localizada com segurança;;;Museu de Arte Religiosa e Tradicional;;;;;;;;;"homônimo não desambiguado; local de morte não preenchido";;;;;
Herman Tacasey;;;;Fundação Armando Álvares Penteado (FAAP) > Universidade Paulista (UNIP);-23.5450155 > -23.5707;-46.6630802 > -46.6450;São Paulo, SP, Brazil;;male;https://www.escavador.com/sobre/8418747/herman-tacasey;medium;A fonte consultada explicita licenciatura em Artes Plásticas e mestrado em Comunicação.;MAC USP;high;MAC USP;high;-23.5486657;-46.6382522;;;;;;"perfil institucional recente indica atividade; sem evidência de óbito";;;;;
Hermann Petzet;1887;;Germany;Akademie der Bildenden Künste München > Kunstgewerbeschule em Nuremberg > Königliche Akademie der Künste in München > Großherzoglich-Badische Kunstschule in Karlsruhe;48.1531959202723 > 49.446028 > 48.1531959202723 > 49.0144;11.5803123911292 > 11.136472 > 11.5803123911292 > 8.38726;Bonnland;Munich;male;https://de.wikipedia.org/wiki/Hermann_Petzet | https://www.askart.com/bio/artist/11061172/artist;medium;As fontes também indicam estudos com Karl Raupp, Ludwig von Löfftz e Gustav Schönleber.;Wikidata;high;MASP;high;50.04959;9.86521;100.0;48.143438999;11.573599;100.0;Deutsche Biographie;;high;Ulan;;;high
Hermelindo Fiaminghi;1920;2004;Brazil;Liceu de Artes e Ofícios de São Paulo > Associação Paulista de Belas Artes;-23.5331446 > -23.550394;-46.6267577 > -46.633947;São Paulo;São Paulo;male;https://pt.wikipedia.org/wiki/Hermelindo_Fiaminghi;medium;também estuda publicidade na Associação Paulista de Propaganda;Wikidata;high;MAC USP;high;-23.5486657;-46.6382522;100.0;-23.5486657;-46.6382522;100.0;MAC USP / Enciclopédia Itaú Cultural;;high;Wikidata > Ulan;Wikidata > Ulan;;high
Hiba Ali;;;Pakistan;Queen's University;44.225;-76.495;Karachi, Pakistan;;female;FILE Festival;high;;Women & Their Work / Capture Photography Festival;high;FILE;;24.8608;67.0104;100.0;;;;;"site oficial e currículo recentes; sem evidência de óbito";;;;;
Hiedy de Assis Corrêa;1926;2001;;self-taught;;;Curitiba, PR, Brazil;Florianópolis;male;https://enciclopedia.itaucultural.org.br/pessoas/8685-hassis;high;;UFSC DAC (curriculum vitae de Hassis);high;Museu Victor Meirelles;medium;-25.4283563;-49.2732515;;-27.5969123;-48.5495751;100.0;MASC / Wikipedia;registro tratado sob a forma artística Hassis;medium;MASC;MASC;;high
Hieronymus Bosch;1440;1516;Northern Netherlands;training in a family workshop with his father and painter brothers;51.702106954;5.302003137;’s-Hertogenbosch;’s-Hertogenbosch;male;https://www.thecollector.com/hieronymus-bosch-early-influences/ | https://en.wikipedia.org/wiki/Hieronymus_Bosch;medium;As fontes apontam aprendizado em dinastia/oficina familiar, sem academia formal documentada.;Wikidata;high;MASP;medium;51.702106954;5.302003137;100.0;51.702106954;5.302003137;100.0;Britannica;;high;Ulan;Ulan;;high
Hilde Weber;1913;1994;Brazil;Hochschule für bildende Künste Hamburg (HFBK Hamburg) > Kunstgewerbeschule Berlin;53.56757 > 52.516666666667;10.03132 > 13.383333333333;Waldau;São Paulo;female;fontes biográficas de referência;medium;instituição identificada> datas não localizadas com precisão;Wikidata;high;MAC USP;low;51.2885;9.5177;100.0;-23.5486657;-46.6382522;100.0;Instituto Moreira Salles (IMS);;high;;;;
Hildebrando de Castro;1957;;;self-taught;;;Olinda, PE, Brazil;;male;https://www.hildebrandodecastro.com.br/about-5;high;As fontes qualificam explicitamente o artista como autodidata> os estudos posteriores com óleo aparecem sem escola formal nomeada.;https://www.hildebrandodecastro.com.br/about-5;high;MAC USP;medium;-8.0089;-34.8553;;;;;;"site oficial ativo; sem evidência de óbito";;https://www.hildebrandodecastro.com.br/about-5;;;high
Hippolyte Vanderburch;1796;1854;France;literary and theatrical training in Paris;48.85666666666667;2.352222222222222;Paris;Paris;male;https://fr.wikipedia.org/wiki/Hippolyte_Vanderburch;medium;Não localizei instituição formal específica> mantida formulação conservadora.;Wikidata;high;Pinacoteca de São Paulo;low;48.856372814;2.352529617;100.0;48.856372814;2.352529617;100.0;Wikipedia (fr);"ajustado de former 9th arrondissement of Paris para Paris; arrondissement histórico normalizado ao nível da cidade";medium;Wikidata > Ulan;Wikidata > Ulan;;high
Hiroya Sakura;1958;;Japan;University of Tsukuba > Musashino Art University;36.103676 > 35.72611111;140.102098 > 139.4475;Yokohama, Japan;;male;site oficial do artista | PROYECTOR;high;;site oficial do artista / FILE Festival;high;FILE;;35.45039772;139.63424714;100.0;;;;;"fontes recentes para nome próximo (Hiroya Sakurai) não bastam para confirmar a identidade; óbito não preenchido";;site oficial do artista;;fonte usa a grafia Hiroya Sakurai;medium
Hissao Sakakibara;1937;;;Gendai Kaiga Kenkyūjo, Yokohama;35.4437;139.6380;Yokohama, Kanagawa, Japan;;male;https://www.catalogodasartes.com.br/artista/Hissao%20Sakakibara/;medium;"A fonte localizada registra pesquisa em pintura no Gendai Kaiga Kenkyūjo, em Yokohama; a Tokyo School of Fine Arts não foi confirmada.";MAC USP Acervo;high;MAC USP;low;35.444992;139.638026;;;;;;fontes abertas consultadas trazem nascimento e formação, sem local de morte verificável;;MAC USP;;;high
Holly Adams;;;United States;International Dell’Arte School;40.8809;-123.989;United States;;female;Ithaca College | Shearwater Productions;high;FILE explicita “País de Origem: Estados Unidos”> preenchido em nível de país.;FILE Festival (País de Origem);high;FILE;;39.398703156;-99.41461919;100.0;;;;;"site e atividades recentes consultados; sem evidência de óbito";;;;;
Honoré Marius Bérard;1896;1967;France;École des Beaux-Arts de Marseille > École des Beaux-Arts de Paris;43.2287 > 48.853997;5.43485 > 2.333500;Salindres;Saint-Martin-de-Valgalgues;male;https://fr.wikipedia.org/wiki/Honor%C3%A9_Marius_B%C3%A9rard;medium;datas aproximadas;Wikidata;high;MAC USP;medium;44.167077487;4.160329655;100.0;44.162672374;4.082648632;100.0;Catálogo das Artes;;medium;Wikidata;Wikidata;;high
Honório Esteves;1860;1933;Brazil;escola de desenho de August Chenot > Liceu Mineiro > Academia Imperial de Belas Artes; > -20.3856 > -22.9071; > -43.5035 > -43.1829;Ouro Preto;Mariana;male;Wikipédia> artigo UFMG;medium;iniciou aprendizado com August Chenot e como moedor de tintas de Cardoso Rezende> cursou desenho no Liceu Mineiro e depois a AIBA;Wikidata;high;Museu da Inconfidência;high;-20.3855959;-43.5035423;100.0;-20.3783333333;-43.4163888889;100.0;Enciclopédia Itaú Cultural;;high;;;;
Horácio Hora;1853;1890;Brazil;École des Beaux-Arts de Paris > Escola Municipal de Desenho de Paris;48.853997 > 48.86490694444444;2.333500 > 2.362000833333333;Laranjeiras;Paris;male;https://pt.wikipedia.org/wiki/Hor%C3%A1cio_Hora | https://www.catalogodasartes.com.br/artista/Hor%EF%BF%BDcio%20Hora/;medium;As fontes citam orientação de Justin-Marie Lequien.;Wikidata;high;Museu Histórico Nacional;high;-10.7986393;-37.1604367;100.0;48.856372814;2.352529617;100.0;Enciclopédia Itaú Cultural;;high;Wikidata;Wikidata;;high
Hugo Adami;1899;1999;Brazil;Escola Profissional Masculina do Brás > Liceu de Artes e Ofícios de São Paulo > Accademia di Belle Arti di Firenze;-23.54504 > -23.5331446 > 43.776907;-46.61634 > -46.6267577 > 11.258475;São Paulo;São Paulo;male;https://www.guiadasartes.com.br/hugo-adami/biografia;medium;na fase paulista estuda com Giuseppe Barchitta, Alfredo Norfini, Enrico Vio, William Zadig e José Cuccé;Wikidata;high;MAC USP;high;-23.5486657;-46.6382522;100.0;-23.5486657;-46.6382522;100.0;Enciclopédia Itaú Cultural;;high;Wikidata > Ulan;Wikidata > Ulan;;high
Hugo Calgan;1852;;Germany;French artistic training;;;Berlin;;male;https://www.brasilianaiconografica.art.br/;medium;Insuficiência de fonte aberta detalhada.;Wikidata;high;Museu Paulista;low;52.517669999;13.405537999;100.0;;;;;fonte aberta consultada não informa local de morte;;Wikidata;Wikidata;;high
Hugo de Faucompret;1990;;France;Gobelins, l'école de l'image;48.836944444444;2.3536111111111;Normandy, France;;male;https://archive.file.org.br/participantes/hugo-de-faucompret/ | https://alumni.gobelins.fr/en/news/lucrece-andreae-and-hugo-de-faucompret-guests-of-chemins-de-la-creation-2024-375?id_details_groupe=15;high;;Transmettre le cinéma;high;FILE;;49.120004364;0.111079036;100.0;;;;;"biografia e atividade recente consultadas; sem evidência de óbito";;Wikidata;;;high
Hugo Ramirez;;;;ESAG Penninghen;48.85666666666667;2.352222222222222;;;male;https://archive.file.org.br/participantes/hugo-ramirez/ | https://troublemakers.tv/realisateur/hugo-ramirez/;high;homônimo não desambiguado com segurança;;;FILE;;;;;;;;;"trajetória profissional recente consultada; sem evidência de óbito";;;;;
Humberto Espíndola;1943;;Brazil;Faculty of Philosophy, Sciences and Letters, Catholic University of Paraná;-25.4284;-49.2733;Campo Grande;;male;https://www.escritoriodearte.com/artista/humberto-espindola | https://www.fundacaodecultura.ms.gov.br/um-dos-maiores-artistas-visuais-de-ms-humberto-espindola-faz-80-anos/;medium;"As fontes registram graduação em jornalismo na Universidade Católica do Paraná; não foi confirmada formação na Escola Nacional de Belas Artes.";Wikidata;high;MAC USP;low;-20.4435311;-54.6477573;100.0;;;;;"fontes recentes e biografia consultadas; sem evidência de óbito";;Wikidata > Ulan;;;high
Humberto Jaimess-Sanchez;1930;2003;;School of Fine and Applied Arts of Caracas;10.4806;-66.9036;San Cristóbal, Venezuela;Caracas;male;https://humbertojaimessanchez.org.ve/cronologia.html | https://vereda.ula.ve/wiki_artevenezolano/index.php/Jaimes_S%C3%A1nchez%2C_Humberto;high;A fundação dedicada ao artista e a Universidade de Los Andes confirmam sua matrícula na Escola de Artes Plásticas y Artes Aplicadas de Caracas em 1947.;site oficial do artista (cronologia);high;MAC USP;low;7.76694;-72.224967;;10.5061111111;-66.9144444444;100.0;site oficial / Wikipedia;;high;Ulan;Ulan;;high
Hundertwasser;1928;2000;Austria;;;;Vienna;Pacific Ocean;male;;;;https://www.wikidata.org/wiki/Q151836;high;MAC USP;high;48.2092062;16.3727778;100.0;;;;Hundertwasser official biography;"registro anterior 'Australia' substituído por morte em trânsito no Pacífico, a bordo do Queen Elizabeth 2; sem coordenadas precisas do ponto de óbito";high;Wikidata > Ulan;Wikidata > Ulan;;high
Hyunmin Lee;;;South Korea;Wesleyan University > California Institute of the Arts (CalArts);41.55562 > 34.393055555556;-72.655844 > -118.56694444444;Seoul, South Korea;;female;Pacific Arts Movement (Q&A biográfica);medium;;IMDb;medium;FILE;;37.566;126.9784;100.0;;;;;"biografia profissional recente da Disney consultada; sem evidência de óbito";;;;;
Håkan Lidbo;1965;;Sweden;;;;Malmö, Sweden;;male;;;;Wikipedia / Discogs;medium;FILE;;55.6033166;13.0013362;100.0;;;;;"site e atividade profissional recentes consultados; sem evidência de óbito";;Wikidata;;;high
Hélio Basto;1931;1991;;Escola de Belas Artes da Bahia;-12.990785;-38.524427;Salvador, BA, Brazil;Salvador;male;https://www.arrematearte.com.br/artistas/helio-basto-1931 | https://www.dicionario.belasartes.ufba.br/wp/verbete/helio-basto-helio-fonseca-basto/;high;As fontes indicam formação inicial na Bahia e aprofundamento posterior em São Paulo, sem cronologia precisa.;Dicionário de Belas Artes da UFBA;high;MAC USP;medium;-12.9641527;-38.5058208;;-12.9641527;-38.5058208;100.0;Museu Afro Brasil / Dicionário UFBA;;high;;;;
Hélio Oiticica;1937;1980;Brazil;Museu de Arte Moderna do Rio de Janeiro (MAM-RJ);-22.91111111111111;-43.20555555555556;Rio de Janeiro;Rio de Janeiro;male;https://enciclopedia.itaucultural.org.br/pessoas/22-helio-oiticica;high;;Wikidata;high;MAC USP;high;-22.9014475;-43.1789159;100.0;-22.9014475;-43.1789159;100.0;Enciclopédia Itaú Cultural;;high;Ulan;Ulan;;high
Hércules Barsotti;1914;2010;Brazil;estudos com Enrico Vio > Instituto Mackenzie;-23.5505 > -23.5505;-46.6333 > -46.6333;São Paulo;São Paulo;male;https://pt.wikipedia.org/wiki/H%C3%A9rcules_Barsotti;medium;"A fonte localizada registra estudos de desenho e composição com Enrico Vio e formação em Química Industrial pelo Instituto Mackenzie; Colégio Dante Alighieri e Liceu não foram confirmados como formação.";Wikidata;high;MAC USP;high;-23.5486657;-46.6382522;100.0;-23.5486657;-46.6382522;100.0;Enciclopédia Itaú Cultural;;high;Wikidata > Ulan;Wikidata > Ulan;;high
Hércules Florence;1804;1879;Brazil;;;;Nice;Campinas;male;;;As fontes destacam estudos autodidatas, inclusive em química> sem escola formal identificada.;Wikidata;high;Instituto Hércules Florence;medium;43.695978065;7.271454889;100.0;-22.9073702;-47.0628996;100.0;Enciclopédia Itaú Cultural;;high;Ulan;Ulan;;high
I. de Sampaio Mathissen;;;;;;;;;male;;;;;;Museu Paulista;;;;;;;;;autor identificado, mas sem dados biográficos suficientes para localizar óbito;;;;;
Iberê Camargo;1914;1994;Brazil;Escola de Artes e Ofícios de Santa Maria > Escola Nacional de Belas-Artes / free course in Alberto da Veiga Guignard > studies with Giorgio de Chirico and Carlo Alberto Petrucci > Academia André Lhote;-29.6842 > -22.8625055 >  > 48.8422;-53.8069 > -43.2256622 >  > 2.3304;Restinga Sêca;Porto Alegre;male;https://enciclopedia.itaucultural.org.br/pessoas/543-ibere-camargo> https://pt.wikipedia.org/wiki/Iber%C3%AA_Camargo;medium;primeira formação em Santa Maria sem data precisa localizada;Wikidata;high;MAC USP;medium;-29.8261373;-53.3684319;100.0;-30.027679;-51.2286404;100.0;Enciclopédia Itaú Cultural;;high;;;;
Ignacio Platas;;;Uruguay;;;;Montevideo, Uruguay;;male;;;;site pessoal Once11;medium;FILE;;-34.9055557;-56.1852505;100.0;;;;;"biografia profissional recente consultada; sem evidência de óbito";;;;;
Igor Bahia;;;Brazil;Escola de Tecnologia Spectaculu > Escola de Artes Visuais do Parque Lage;-22.911111 > -22.9606;-43.205556 > -43.212;Rio de Janeiro;;male;FILE Festival;high;;Wikidata;high;FILE;;-22.9014475;-43.1789159;100.0;;;;;"perfil FILE recente consultado; sem evidência de óbito";;;;;
Igor Imhoff;1976;;Italy;Accademia di Belle Arti di Foggia;41.46189;15.543579;Italy;;male;animazioni.net — Igor Imhoff;medium;;Ignorarte (biografia);medium;FILE;;42.83333;12.83333;100.0;;;;;"biografia e atividade docente recentes consultadas; sem evidência de óbito";;Animafest / animazioni.net;;;medium
Igorъ V;;;Russia;;;;Rostov-no-Don, Russia;;male;;;;FILE Festival (obra Death Day) + Wikidata;high;FILE;;47.2230368;39.7213763;100.0;;;;;"perfil FILE recente consultado; sem evidência de óbito";;;;;
Illestpreacha;;;Canada;;;;Canada;;male;;;FILE explicita “País de Origem: Canadá”> preenchido em nível de país.;FILE Festival (País de Origem);high;FILE;;60.10867;-113.64258;100.0;;;;;"site e biografias recentes consultados; sem evidência de óbito";;;;;
Ion Oana Potecasu;;;;;;;Beceni, Buzău, Romenia;;;;;formação não localizada com segurança;MAC USP;high;MAC USP;;45.3763;26.7877;;;;;;"fontes de acervo e bibliografia secundária consultadas; local de morte não localizado";;;;;
Iran do Espírito Santo;1963;;Brazil;Fundação Armando Álvares Penteado (FAAP);-23.5450155;-46.6630802;Mococa;;male;https://www.escritoriodearte.com/artista/iran-do-espirito-santo;low;licenciatura em artes plásticas;Wikidata;high;MAC USP;high;-21.4961738;-47.0130645;100.0;;;;;"verbete Itaú Cultural recente indica artista em atividade; sem evidência de óbito";;Wikidata;;;high
Isabelle Arvers;1972;;France;Institute of Political Studies in Aix-en-Provence > Université Paris 8 Saint-Denis;43.5316306 > 48.944722222222;5.4466750 > 2.3633333333333;Paris, France;;female;biografia oficial / Wikipédia;medium;;site oficial da artista / Wikipédia;high;FILE;;48.856372814;2.352529617;100.0;;;;;"site oficial recente consultado; sem evidência de óbito";;Wikidata;;;high
Ismael Nery;1900;1934;Brazil;Académie Julian > Escola Nacional de Belas Artes;48.871111 > -22.862506;2.341667 > -43.225662;Belém;Rio de Janeiro;male;Wikipédia> eBiografia;medium;;Wikidata;high;MAC USP;medium;-1.4549817;-48.502273;100.0;-22.9014475;-43.1789159;100.0;Enciclopédia Itaú Cultural;;high;Wikidata > Ulan;Wikidata > Ulan;;high
Ismênia Coaracy;1918;2022;Brazil;Museu de Arte Moderna de São Paulo (MAM/SP) > studies with Wolfgang Pfeiffer, Paulo Duarte and André Osze;-23.588229 >;-46.655328 >;Sertãozinho;São Paulo;female;https://enciclopedia.itaucultural.org.br/pessoas/2135-ismenia-coaracy | https://acervo.margs.rs.gov.br/artistas/ismenia-coaracy/;high;A fonte também indica início autodidata por volta de 1946.;Wikidata;high;MAC USP;high;-21.1431103;-48.0069814;100.0;-23.5486657;-46.6382522;100.0;MAC USP;"MAC USP registra falecimento em São Paulo; verbete Itaú Cultural consultado sem atualização do óbito";high;Wikidata > Ulan;Wikidata;;high
Issey Takahashi;1980;;Japan;Horikoshi High School;35.701111;139.6765;Tokyo;;male;https://en.wikipedia.org/wiki/Issey_Takahashi | https://www.imdb.com/name/nm1534063/;medium;;Wikidata;high;FILE;;35.68945633;139.69171609;100.0;;;;;"biografia profissional recente consultada; sem evidência de óbito";;Wikidata;;;high
Ivald Granato;1949;2016;Brazil;painting studies with Robert Newman > Escola Nacional de Belas Artes; > -22.8625055; > -43.2256622;Campos dos Goytacazes;São Paulo;male;https://www.escritoriodearte.com/artista/ivald-granato;low;;Wikidata;high;MAC USP;medium;-21.75227;-41.33044;100.0;-23.5486657;-46.6382522;100.0;Enciclopédia Itaú Cultural;;high;Wikidata > Ulan;Wikidata > Ulan;;high
Ivan Dixon;1931;2008;United States;North Carolina Central University;35.97645;-78.90092;New York;Charlotte;male;https://www.library.ucla.edu/visit/events-exhibitions/going-my-own-way-celebrating-ivan-dixon/ | https://en.wikipedia.org/wiki/Ivan_Dixon;medium;;Wikidata;high;FILE;;40.7130466;-74.0072301;100.0;35.2237867;-80.8411413;100.0;Legacy/AP obituary;;high;Wikidata;Wikidata;;high
Ivan Serpa;1923;1973;Brazil;studied painting, printmaking, and drawing with Axl Leskoschek;-22.9068;-43.1729;Rio de Janeiro;Rio de Janeiro;male;https://enciclopedia.itaucultural.org.br/pessoas/2334-ivan-serpa;high;;https://enciclopedia.itaucultural.org.br/pessoas/2334-ivan-serpa;high;MAC USP;high;-22.9014475;-43.1789159;100.0;-22.9014475;-43.1789159;100.0;Enciclopédia Itaú Cultural;;high;Wikidata > Ulan;Wikidata > Ulan;;high
Ivar Veermäe;1982;;Estonia;Estonian Academy of Arts > weißensee kunsthochschule berlin;59 > 52.5581;26 > 13.4393;Tallinn;;male;site oficial do artista / weissensee kunsthochschule berlin;high;;Wikidata;high;FILE;;59.43243767;24.744065678;100.0;;;;;"site institucional recente consultado; sem evidência de óbito";;Wikidata;;;high
Ivonaldo;1943;2016;;;;;;São Paulo;;;;;;;;;;;;-23.5486657;-46.6382522;100.0;Guia das Artes;;medium;Ulan;Ulan;;high
J. Janssens | Martinho (padre);;;;;;;;;;;;autoria múltipla/ambígua> formação não localizada com segurança;;;Museu da Inconfidência;;;;;;;;;"autoria composta/ambígua; local de morte não preenchido";;;;;
J. M. D'Avila;;;;;;;;;;;;;;;Museu Histórico Nacional;;;;;;;;;autor identificado no acervo, mas sem dados biográficos suficientes para localizar óbito;;;;;
J. M. W. Turner;1775;1851;Kingdom of Great Britain;Royal Academy of Arts > Royal Academy Schools > training with the draftsman Thomas Malton;51.507222 > 51.507222222222 > ;-0.1275 > -0.1275 > ;Maiden Lane;London;male;https://en.wikipedia.org/wiki/J._M._W._Turner | https://www.tate.org.uk/art/artists/joseph-mallord-william-turner-558;medium;;Wikidata;high;MASP;high;37.9082169;-122.3052102;100.0;51.50740836;-0.127698693;100.0;Tate / Britannica;"ajustado de Cheyne Walk para London; a fonte biográfica especifica Chelsea/Cheyne Walk";high;Ulan;Ulan;;high
J. Stewart;;;;;;;;;;;;;;;;;;;;;;;;"autor por iniciais não desambiguado com segurança; local de morte não preenchido";;;;;
Jacopo Tintoretto;1519;1594;Republic of Venice;very brief apprenticeship in the workshop of Ticiano > studies in anatomy through observation and drawing;>;>;Venice;Venice;male;https://www.scuolagrandesanrocco.org/home-en/tintoretto/ | https://en.wikipedia.org/wiki/Tintoretto;medium;A formação documentada é parcialmente tradicional/atelier e parcialmente autodirigida.;Wikidata;high;MASP;low;45.434608;12.338913;100.0;45.434608;12.338913;100.0;Britannica;;high;Ulan;Ulan;;high
Jagobo Pan;;;;Liceu de Barcelona;41.3825;2.176944;Barcelona, Catalonia, Spain;Campos do Jordão;;Campos do Jordão Cultura;medium;instituição identificada, datas não localizadas;MAC USP;high;MAC USP;medium;41.387917;2.1699187;;-22.6953694444;-45.5262194444;100.0;MAC USP;;high;;;;
Jaime Prades;1958;;Brazil;Festival de Inverno de Ouro Preto > Ateliê 76 > Escola Contemporânea de Artes;-20.385277777778 > -23.550394444444 > -23.550394444444;-43.503611111111 > -46.633947222222 > -46.633947222222;Madrid;;male;https://jaimeprades.art.br/?area=5&item=59&lang=_en&sec=404 | https://zupi.space/acervo/artistas/jaime-prades/;high;Inclui cursos livres e formação não universitária, como descritos pelo próprio artista.;Wikidata;high;MAC USP;high;40.4166909;-3.7003454;100.0;;;;;"site oficial e verbete recente consultados; sem evidência de óbito";;;;;
Jake Fried;1984;;United States;Rhode Island School of Design > Maryland Institute College of Art > Boston University;41.825833333333 > 39.3056 > 42.34888888888889;-71.407777777778 > -76.6206 > -71.10027777777778;United States;;male;LBBOnline (entrevista com o artista);medium;;FILE Festival (País de Origem);high;FILE;;39.398703156;-99.41461919;100.0;;;;;"site oficial ativo e exposições recentes consultados; sem evidência de óbito";;;;;
Jambonbill;;;France;;;;;;male;;;nome artístico não desambiguado com segurança;;;FILE;;;;;;;;;"registro aparenta nome artístico ou coletivo; sem óbito verificável";;;;;
James Kudo;1967;;;Centro Universitário Belas Artes > Art Students League of New York;-23.583688 > 40.766083333333;-46.633917 > -73.980861111111;Pereira Barreto, SP, Brazil;;male;https://jojoscope.net/2011/08/27/as-topofilias-de-james-kudo/ | https://olharincomum.webnode.page/artistas/james-kudo/;high;;Enciclopédia Itaú Cultural;high;MAC USP;high;-20.6383;-51.1126;;;;;;"biografias e exposição recentes consultadas; sem evidência de óbito";;;;;
James Zanoni;;;;;;;;;male;;;local de nascimento não localizado em fonte auditável;;;FILE;;;;;;;;;"site profissional recente consultado; sem evidência de óbito";;;;;
Jamie Tucker;;;Canada;;;;;;male;;;homônimo não desambiguado com segurança;;;FILE;;;;;;;;;"site profissional recente consultado; sem evidência de óbito";;;;;
Jan de Baen;1633;1702;Dutch Republic;Haagsche Teekenacademie > lessons with o uncle Hinderk Pyman > student of Jacob Adriaensz Backer;52.16 >  >;4.49 >  >;Haarlem;The Hague;male;https://en.wikipedia.org/wiki/Jan_de_Baen;medium;;Wikidata;high;MASP;high;52.381044553;4.642828229;100.0;52.069248385;4.296715483;100.0;Wikipedia;;medium;Ulan;Ulan;;high
Jan Goldfuß;1980;;Germany;Bauhaus-Universität Weimar > Academy of Media Arts Cologne (KHM);50.9795 > 50.93475582568144;11.3291 > 6.962159950772375;Erlangen, Germany;;male;FILE Festival | site do artista;high;;site do artista / Frischzelle Festival;high;FILE;;49.595132999;11.00498;100.0;;;;;"biografia e atividade profissional recentes consultadas; sem evidência de óbito";;FILE Festival;;;high
Jan Lebensztejn;1930;1999;Poland;;;;Brest;Kraków;male;;;fonte de autoridade usa a variante Jan Lebenstein> creator mantido como no CSV.;https://www.wikidata.org/wiki/Q321504;high;MAC USP;high;52.0976;23.7341;;50.0613888889;19.9372222222;100.0;Culture.pl / Wikipedia (pl);registro tratado sob a forma variante Jan Lebenstein;medium;Wikidata > Ulan;Wikidata;;high
Jan Rothuizen;1968;;Kingdom of the Netherlands;Gerrit Rietveld Academie > De Ateliers;52.3413 >;4.86 >;Amsterdam;;male;site oficial do artista / Kunstinstituut Melly;high;;Wikidata;high;FILE;;52.361524688;4.890870311;100.0;;;;;"biografia oficial recente consultada; vive e trabalha em Amsterdã; sem evidência de óbito";;Wikidata > Ulan;;;high
Jan van Kessel the Elder;1626;1679;Habsburg Netherlands;studies with Simon de Vos > training with Hieronymus van Kessel the Younger and Jan Brueghel the Younger;>;>;Antwerp;Antwerp;male;https://en.wikipedia.org/wiki/Jan_van_Kessel_the_Elder | https://www.nationalgallery.org.uk/artists/jan-van-kessel-the-elder> https://en.wikipedia.org/wiki/Jan_van_Kessel_the_Elder | https://www.nationalgalleries.org/art-and-artists/artists/jan-van-kessel;medium;A formação é descrita por mestres e parentes artistas, não por escola única.;Wikidata;high;Museu Nacional de Belas Artes;medium;51.25942418;4.371799938;100.0;51.25942418;4.371799938;100.0;Wikipedia / Städel Museum;;high;Wikidata;Wikidata;;high
Jandyra Waters;1921;2025;;County Council Art School, Sussex > studies with Yoshiya Takaoka and André Osze > Fundação Armando Alvares Penteado (FAAP) > University of São Paulo;50.9097 > -23.5505 > -23.5505 > -23.5505;-0.5118 > -46.6333 > -46.6333 > -46.6333;Sertãozinho, SP, Brazil;São Paulo;female;https://enciclopedia.itaucultural.org.br/pessoas/2115-jandyra-waters | https://almeidaedale.com.br/wp-content/uploads/2025/04/2015_jandyra_waters_ritmo-do-tempo.pdf;high;"Fontes de referência registram estudos em Sussex e, em São Paulo, com artistas, na FAAP e na USP; a Escola Nacional de Belas Artes não foi confirmada.";Enciclopédia Itaú Cultural;high;MAC USP;low;-21.1431103;-48.0069814;;-23.5503944444;-46.6339472222;100.0;Enciclopédia Itaú Cultural / Bel Galeria;;high;Wikidata;Wikidata;;high
Janice T. Searleman;;;United States;University of Massachusetts > State University of New York at Stony Brook;42.36027777777777 > 40.9173205;-71.05777777777777 > -73.1245537;United States;;female;ISEA Symposium Archives;high;FILE explicita “País de Origem: Estados Unidos”> preenchido em nível de país.;FILE Festival (País de Origem);high;FILE;;39.398703156;-99.41461919;100.0;;;;;"biografia institucional recente consultada; sem evidência de óbito";;;;;
Janusz Brudniewicz;1965;;Poland;;;;Poland;;male;;;;camembertelectrique.com;medium;FILE;;52.123790154;19.398768986;100.0;;;;;"perfil de artista e atividade recente consultados; sem evidência de óbito";;FILE Festival;;;high
Jarbas Juarez Antunes;1936;;;Instituto de Artes da Universidade Federal do Rio Grande do Sul (UFRGS);-30.0292;-51.2233;Coqueiral, MG, Brazil;;male;https://enciclopedia.itaucultural.org.br/pessoas/1137-jarbas-juarez;medium;"Identity and biographical data confirmed; the UFRGS education was provisionally retained with medium confidence pending specific institutional confirmation.";Enciclopédia Itaú Cultural;high;Museu da Inconfidência;low;-21.1858;-45.4366;;;;;;"fontes biográficas recentes consultadas; sem evidência segura de óbito";;Enciclopédia Itaú Cultural;;;high
Jasmijn Lootens;1991;;Belgium;LUCA School of Arts > Conservatory of Amsterdam;52.375833 > 52.375833;4.908056 > 4.908056;Waregem, Belgium;;female;docARTES;medium;;Japan Media Arts Festival;high;FILE;;50.880619097;3.40249726;100.0;;;;;"site oficial recente consultado; sem evidência de óbito";;Japan Media Arts Festival;;;high
Jayme Batista Paiva;1921;1981;;;;;São Paulo, SP, Brazil;Santo André;;;;"perfil memorialístico local; dado biográfico explícito";Diário do Grande ABC (Memória);medium;MAC USP;medium;-23.5486657;-46.6382522;;-23.6667259;-46.5323593;100.0;Diário do Grande ABC;;medium;Diário do Grande ABC;Diário do Grande ABC;;medium
Jean Dewasne;1921;1999;France;École des Beaux-Arts de Paris;48.853997;2.333500;Hellemmes;Paris;male;https://jeandewasne.com/en/biography/;medium;A biografia informa estudo na seção de arquitetura e frequência aos ateliês de Montparnasse.;Wikidata;high;MAC USP;medium;50.62939;3.10981;100.0;48.856372814;2.352529617;100.0;Centre Pompidou;"registro anterior revisto; Centre Pompidou informa Paris, sem arrondissement específico";high;Ulan;Ulan;;high
Jean Deyrolle;1911;1967;France;;;;Nogent-sur-Marne;Toulon;male;;;;Wikidata;high;MAC USP;;48.839192987;2.491513008;100.0;43.12442;5.92836;100.0;Centre Pompidou;;high;Wikidata > Ulan;Wikidata > Ulan;;high
Jean Joseph Bilfeldt;1793;1849;France;French military training;;;Avignon;former 2nd arrondissement of Paris;male;https://www.brasilianaiconografica.art.br/autores/19939/jean-joseph-bilfeldt;medium;Autor identificado sobretudo como militar e desenhista viajante> sem escola nomeada na fonte aberta consultada.;Wikidata;high;Pinacoteca de São Paulo;low;43.949315226;4.805311547;100.0;48.8675087;2.3421607;91.56;Wikipedia (FR) / Archives de Paris citadas;"local refinado de Paris para antigo 2e arrondissement; distrito histórico";medium;Wikidata > Ulan;Wikidata > Ulan;;high
Jean Le Moal;1909;2009;France;École nationale supérieure des beaux-arts de Lyon > École nationale supérieure des arts décoratifs > Académie Ranson;45.768055555556 > 48.856667 > 48.85666666666667;4.8172222222222 > 2.352222 > 2.352222222222222;Authon-du-Perche;Chilly-Mazarin;male;https://en.wikipedia.org/wiki/Jean_Le_Moal;medium;A biografia consultada traz a sequência das três formações, com intervalo completo explicitado para a Académie Ranson.;Wikidata;high;MAC USP;medium;48.194954416;0.896784562;100.0;48.702512182;2.312513276;100.0;Centre Pompidou;;high;Ulan;Ulan;;high
Jean Metzinger;1883;1956;France;École des Beaux-Arts de Nantes;47.206475;-1.560904;Nantes;Paris;male;Wikipedia;medium;Também estudou pintura com Hippolyte Touront antes da mudança para Paris.;Wikidata;high;MAC USP;medium;47.21838348;-1.554317317;100.0;48.856372814;2.352529617;100.0;Centre Pompidou;;high;;;;
Jean Rustin;1928;2013;France;École des Beaux-Arts de Paris > studio of Nicolas Untersteller;48.853997 > ;2.333500 > ;Montigny-lès-Metz;20th arrondissement of Paris;male;https://en.wikipedia.org/wiki/Jean_Rustin | https://www.jean-rustin.com/blank-2;medium;;Wikidata;high;MAC USP;high;49.099881109;6.153103866;100.0;48.8650998;2.3989541;100.0;Libra Memoria / INSEE;;high;Ulan;site oficial do artista;;high
Jean-Auguste-Dominique Ingres;1780;1867;France;École des Beaux-Arts de Paris > Académie de Toulouse > studio of Jacques-Louis David;48.853997 > 43.6045 > ;2.333500 > 1.4440 > ;Montauban;Paris;male;https://pt.wikipedia.org/wiki/Jean-Auguste_Dominique_Ingres;medium;;Wikidata;high;MASP;high;44.016121253;1.35265774;100.0;48.856372814;2.352529617;100.0;Wikipedia;;medium;;;;
Jean-Baptiste Camille Corot;1796;1875;France;Lycée Pierre-Corneille > studies with Achille-Etna Michallon and Jean-Victor Bertin > landscape training during study travel to Italy;49.445311 >  >;1.100213 >  >;Paris;Paris;male;https://www.nationalgallery.org.uk/artists/jean-baptiste-camille-corot | https://en.wikipedia.org/wiki/Jean-Baptiste-Camille_Corot;medium;Sem academia formal nomeada nas fontes abertas recuperadas> mantidos mestres e viagem formativa.;Wikidata;high;MASP;medium;48.856372814;2.352529617;100.0;48.856372814;2.352529617;100.0;Wikipedia;;medium;Wikidata > Ulan;Wikidata > Ulan;;high
Jean-Baptiste Courtois;1819;1870;;École des Beaux-Arts de Paris;48.853997;2.333500;Saint-Hippolyte;;male;https://data.bnf.fr/fr/14916564/jean-baptiste_courtois/;high;A fonte aberta biográfica é sucinta> cronologia não identificada.;Wikidata;high;Museu Histórico Nacional;medium;45.92969;-74.025851;100.0;;;;;"identificação insegura / possível homônimo; local de morte não preenchido";;;;;
Jean-Baptiste Debret;1768;1848;France;Royal Academy of Painting and Sculpture > Jacques-Louis David’s studio;48.8567 > 48.8567;2.3522 > 2.3522;Paris;Paris;male;https://www.wikidata.org/wiki/Q281998 | https://www.annexgalleries.com/artists/biography/5082;high;"Fontes confirmam a academia parisiense e a formação com Jacques-Louis David; o Lycée Louis-le-Grand não foi mantido por não corresponder à formação artística principal.";Wikidata;high;Museu Nacional de Belas Artes;medium;48.856372814;2.352529617;100.0;48.856372814;2.352529617;100.0;Museu Histórico Nacional;;high;Wikidata > Ulan;Wikidata > Ulan;;high
Jean-Baptiste Marie Pierre;1714;1789;France;Académie royale de peinture et de sculpture > student of Charles-Joseph Natoire > bolsa/estadia em Roma;48.8572222222 >  >;2.3369444444 >  >;Paris;Paris;male;https://en.wikipedia.org/wiki/Jean-Baptiste_Marie_Pierre | https://sammlung.staedelmuseum.de/en/person/pierre-jean-baptiste-marie;high;;Wikidata;high;Museu Nacional de Belas Artes;high;48.856372814;2.352529617;100.0;48.856372814;2.352529617;100.0;Wikipedia / Google Arts & Culture;;medium;;;;
Jean-Baptiste Olive;1848;1936;France;École des Beaux-Arts de Marseille;43.2287;5.43485;Marseille;9th arrondissement of Paris;male;https://en.wikipedia.org/wiki/Jean-Baptiste_Olive;medium;;Wikidata;high;MASP;medium;43.296606916;5.369866968;100.0;48.8760189;2.3399619;100.0;Wikipedia;"local refinado para 9th arrondissement; coordenadas do arrondissement";medium;Ulan;Ulan;;high
Jean-Baptiste Pater;1695;1736;France;initial training with his father Antoine Pater > student of Antoine Watteau;>;>;Valenciennes;Paris;male;https://en.wikipedia.org/wiki/Jean-Baptiste_Pater | https://www.britannica.com/biography/Jean-Baptiste-Pater;high;Não foi localizada escola formal nomeada além da formação em oficina.;Wikidata;high;MASP;medium;50.357856469;3.524197715;100.0;48.856372814;2.352529617;100.0;Wikipedia (FR);fonte biográfica menciona rue Quincampoix, sem coordenada histórica exata padronizada;medium;Ulan;Ulan;;high
Jean-Baptiste-Siméon Chardin;1699;1779;France;Académie de Saint-Luc > apprenticeships with Pierre-Jacques Cazes and Noël-Nicolas Coypel;48.85666666666667 >;2.352222222222222 >;Paris;Paris;male;https://en.wikipedia.org/wiki/Jean_Sim%C3%A9on_Chardin | https://www.britannica.com/biography/Jean-Baptiste-Simeon-Chardin;high;;Wikidata;high;MASP;high;48.856372814;2.352529617;100.0;48.856372814;2.352529617;100.0;Wikipedia (FR);;medium;;;;
Jean-Frédéric Bosset de Luze;1752;1838;Switzerland;Swiss military and technical drawing training;;;Neuchâtel;Neuchâtel;male;https://www.brasilianaiconografica.art.br/autores/19859/jean-frederic-bosset-de-luze;medium;Autor identificado sobretudo por perfil militar-viajante> sem escola formal nomeada na fonte aberta consultada.;Wikidata;high;Pinacoteca de São Paulo;low;46.993851622;6.93104046;100.0;46.993851622;6.93104046;100.0;Enciclopédia Itaú Cultural;;high;Wikidata;Wikidata;;high
Jean-Honoré Fragonard;1732;1806;France;École royale des élèves protégés > training with Jean-Siméon Chardin and François Boucher > Académie de France à Rome;48.856667 >  > 41.908333333333;2.352222 >  > 12.4825;Grasse;former 2nd arrondissement of Paris;male;https://en.wikipedia.org/wiki/Jean-Honor%C3%A9_Fragonard | https://www.britannica.com/biography/Jean-Honore-Fragonard;high;;Wikidata;high;MASP;high;43.658104821;6.924695789;100.0;48.8675087;2.3421607;91.56;Wikipedia / FranceArchives;distrito histórico padronizado;medium;Ulan;Ulan;;high
Jean-Jacques François Coindet;1800;1857;Switzerland;training in topographic drawing and military practice;;;Geneva;Clarens, Vaud;male;https://www.brasilianaiconografica.art.br/autores/19866/jean-jacques-francois-coindet;medium;A fonte aberta não traz nome de instituição formal específica.;Wikidata;high;Pinacoteca de São Paulo;low;46.212270935;6.126642752;100.0;46.442;6.894;100.0;DSI - Database of Scientific Illustrators;coordenadas anteriores corrigidas de Clarens (África do Sul) para Clarens, Vaud, Suíça;medium;Wikidata;Wikidata;;high
Jean-Marc Nattier;1685;1766;France;training with Marc Nattier > guidance from Jean Jouvenet;>;>;Paris;Paris;male;https://en.wikipedia.org/wiki/Jean-Marc_Nattier | https://www.britannica.com/biography/Jean-Marc-Nattier;high;Não foi identificada instituição formal única nas fontes consultadas.;Wikidata;high;MASP;medium;48.856372814;2.352529617;100.0;48.856372814;2.352529617;100.0;FranceArchives;;high;;;;
Jean-Michel Rolland;1972;;France;Université Sorbonne Nouvelle – Paris 3;48.84488888888889;2.396988888888889;France;;male;CV do artista / CYLAND;medium;fonte biográfica identifica apenas o país> preenchimento mantido em nível de país.;FILE Festival;medium;FILE;;46.559417044;2.550539953;100.0;;;;;"site pessoal recente consultado; sem evidência de óbito";;FILE Festival;;;high
Jeanette Nørgaard;1984;;Kingdom of Denmark;The Animation Workshop;56.4561;9.40611;Struer, Denmark;;female;DAFilms;medium;;FILE Festival / Girls in Film;high;FILE;;56.545686523587;8.585619582004;100.0;;;;;"portfólio e biografia recentes consultados; sem evidência de óbito";;FILE Festival;;;high
Jef Golyscheff;1897;1970;;;;;Kherson, Ukraine;Neuilly-sur-Seine;male;;;;MAC USP Acervo;high;MAC USP;;46.635417;32.616867;;48.8846;2.26965;100.0;Wikipedia (FR) / registro civil citado;"Centre Pompidou indica Paris em nível de cidade; adotado Neuilly-sur-Seine por ser o local mais específico em registro civil citado";medium;Wikidata > Ulan;Wikidata > Ulan;;high
Jen Biddle;;;;Rutgers University > Pennsylvania State University;40.501666666667 > 40.796111111111;-74.448055555556 > -77.862777777778;;;female;University of Delaware;high;local de nascimento não localizado em fonte auditável;;;FILE;;;;;;;;;"perfil institucional recente consultado; sem evidência de óbito";;;;;
Jenner Augusto;1924;2003;Brazil;;;;Aracaju;Salvador;male;;;estuda pintura com Horácio Hora> instituição formal não localizada;Wikidata;high;MAC USP;medium;-10.9093538;-37.0743967;100.0;-12.9641527;-38.5058208;100.0;Wikipedia / Diário do Grande ABC;;medium;Wikidata > Ulan;Wikidata > Ulan;;high
Jennifer Zheng;;;United Kingdom;Kingston University;51.4035;-0.3039;Northern Ireland, United Kingdom;;female;site oficial da artista | It’s Nice That;high;;Jennifer Zheng site oficial / FILE Festival;high;FILE;;54.609495197321;-6.692871347191;100.0;;;;;"site e biografias recentes consultados; sem evidência de óbito";;;;;
Jenny Vogel;;;Germany;Hunter College (CUNY);40.768538;-73.964741;Germany;;female;UMass Amherst / CV;medium;;The Sunview;medium;FILE;;51.110631049;10.392277932;100.0;;;;;"biografia institucional recente consultada; sem evidência de óbito";;;;;
Jenova Chen;1981;;People's Republic of China;University of Southern California (USC);34.021667;-118.285278;Shanghai;;male;https://en.wikipedia.org/wiki/Jenova_Chen | https://jenovachen.com/flowingames/jenovachen.htm;medium;;Wikidata;high;FILE;;31.231271;121.470015;;;;;;"site oficial e equipe atual consultados; sem evidência de óbito";;Wikidata > Ulan;;;high
Jeroen Cluckers;1985;;Belgium;KASK School of Arts Ghent;51.045519;3.718608;Hasselt, Belgium;;male;AP University College;high;;AP Hogeschool;high;FILE;;50.914955632;5.332553947;100.0;;;;;"biografia recente consultada; vive e trabalha em Ghent; sem evidência de óbito";;AP Hogeschool;;;high
Jerry Galle;1969;;Belgium;KASK School of Arts Ghent;51.045519;3.718608;Antwerp, Belgium;;male;site oficial do artista;high;;NW Aalst / KASK;high;FILE;;51.25942418;4.371799938;100.0;;;;;"site e agenda recentes consultados; sem evidência de óbito";;Frankfurter Kunstverein;;;high
Jerónimo Veroa;1977;;Argentina;;;;Necochea;;male;;;;Wikidata;high;FILE;;-38.5554187;-58.7258543;100.0;;;;;"biografia recente consultada; vive e trabalha em Buenos Aires; sem evidência de óbito";;ArteInformado;;;medium
Jesús Rafael Soto;1923;2005;Venezuela;Escuela de Artes Plásticas y Aplicadas;10.50611111111111;-66.91444444444444;Ciudad Bolívar;Paris;male;https://www.guiadasartes.com.br/jesus-rafael-soto/obras-e-biografia;medium;;Wikidata;high;MAC USP;high;8.1214634;-63.5769921;100.0;48.856372814;2.352529617;100.0;Soto official website / Fondation Louis Vuitton;"registro anterior em 3rd arrondissement of Paris tinha coordenadas incompatíveis; normalizado para Paris conforme biografias institucionais";high;Wikidata > Ulan;Wikidata > Ulan;;high
JF Malouin;;;Canada;École NAD-UQAC (Université du Québec à Chicoutimi);48.42;-71.0525;Canada;;male;FILE Festival;high;FILE explicita “País de Origem: Canadá”> preenchido em nível de país.;FILE Festival (País de Origem);high;FILE;;60.10867;-113.64258;100.0;;;;;"biografia recente consultada; sem evidência de óbito";;;;;
Jiahui Eva Gao;;;People's Republic of China;Academy of Fine Art in Guangzhou;23.09544444444445;113.2730277777778;China;;female;BoardGameGeek;medium;FILE explicita “País de Origem: China”> preenchido em nível de país.;FILE Festival (País de Origem);high;FILE;;36.567348398;103.930027033;100.0;;;;;"perfil profissional recente consultado; sem evidência de óbito";;;;;
Jim Leon;1938;2002;United Kingdom;Chouinard Art Institute;34.392919;-118.567812;Wolverhampton;Lyon;male;https://jim-leon.net/bio_gb.shtml;high;instituição identificada em fontes sumárias;Wikidata;high;MAC USP;low;52.586220279;-2.129909246;100.0;45.763420;4.834277;100.0;https://fr.wikipedia.org/wiki/Jim_Leon;Registro anterior em 6th arrondissement of Lyon foi normalizado para Lyon por falta de fonte auditável para o arrondissement na biografia consultada.;medium;MAC USP;MAC USP;;high
Jinan Zughayar;;;Palestine;American University of Sharjah;25.309722;55.490556;Palestine;;;FILE> Behance;high;;Wikidata;high;FILE;;31.912719787;35.204684057;100.0;;;;;"Site autoral recente consultado; sem evidência de óbito.";;;;;
Jo-Ann Arosemena;;;Panama;Pratt Institute > Gemological Institute of America (GIA);40.691111 > 40.757394;-73.963889 > -73.980615;David;;female;https://joann.studio | https://www.gia.edu/gem-education/new-york;medium;;Wikidata;high;FILE;;8.416181394161;-82.387003546125;100.0;;;;;"Site oficial recente consultado; sem evidência de óbito.";;;;;
Joan Miró;1893;1983;Spain;Escola Superior d'Arts Industrials i Belles Arts (La Llotja) > Escola de Comerç de Barcelona;41.3822 > 41.3825;2.1825 > 2.176944;Barcelona;Palma de Mallorca;male;https://www.fmirobcn.org/en/foundation/joan-miro/;high;A formação artística em La Llotja é a principal referência para o campo educacional.;Wikidata;high;MAC USP;high;41.387917;2.1699187;100.0;39.5694515;2.6499457;100.0;https://www.fmirobcn.org/en/foundation/joan-miro/;Local de morte normalizado de Palma para Palma de Mallorca conforme fonte institucional.;high;;;;
Joan Ponç;1927;1984;Spain;studio of Ramón Rogent > Academia de Artes Plásticas;>;>;Barcelona;Saint-Paul-de-Vence;male;https://enciclopedia.itaucultural.org.br/pessoas/2127-joan-ponc;high;A Enciclopédia Itaú Cultural explicita o início da formação artística em 1944 com Rogent e na Academia de Artes Plásticas.;Wikidata;high;MAC USP;high;41.387917;2.1699187;100.0;43.696875101;7.122200368;100.0;https://www.fundacionmapfre.org/en/art-and-culture/collections/joan-ponc/;"Local de morte auditado; coordenadas mantidas para o município.";high;;;;
Joaquim Cândido Guilhobel;1787;1859;Kingdom of Portugal;Academia Imperial de Belas Artes;-22.9071;-43.1829;Lisbon;Rio de Janeiro;male;https://pt.wikipedia.org/wiki/Joaquim_C%C3%A2ndido_Guilhobel;medium;Na Academia, fez o curso de arquitetura com Grandjean de Montigny.;Wikidata;high;Pinacoteca de São Paulo;high;38.7070085;-9.1356407;100.0;-22.9014475;-43.1789159;100.0;https://pt.wikipedia.org/wiki/Joaquim_C%C3%A2ndido_Guilhobel | https://eviterbo.fcsh.unl.pt/wiki/Joaquim_C%C3%A2ndido_Guilhobel;Local de morte preenchido a partir de fontes biográficas convergentes.;medium;Wikidata;Wikidata;;high
Joaquim da Rocha Ferreira;1900;1965;Brazil;Liceu de Artes e Ofícios de São Paulo > Escola Nacional de Belas Artes > advanced course in mosaic, in Ravenna;-23.5331446 > -22.8625055 > 44.4184;-46.6267577 > -43.2256622 > 12.2035;São Paulo;São Paulo;male;https://pt.wikipedia.org/wiki/Joaquim_da_Rocha_Ferreira | https://www.catalogodasartes.com.br/artista/Joaquim%20da%20Rocha%20Ferreira/;medium;As fontes convergem em Liceu de Artes e Ofícios e Enba> o Catálogo das Artes acrescenta curso de aperfeiçoamento em mosaico em Ravena.;Wikidata;high;Museu Paulista;high;-23.5486657;-46.6382522;100.0;-23.5486657;-46.6382522;100.0;https://pt.wikipedia.org/wiki/Joaquim_da_Rocha_Ferreira | https://enciclopedia.itaucultural.org.br/pessoas/18244-joaquim-da-rocha-ferreira;"Local de morte auditado; coordenadas mantidas para o município.";medium;Ulan;Ulan;;high
Joaquim da Rocha Fragoso;1800;1893;Brazil;Academia Imperial de Belas Artes > studies with Debret, Félix Taunay, Manuel de Araújo Porto-Alegre and August Müller;-22.9071 > ;-43.1829 > ;Rio de Janeiro;Rome;male;https://enciclopedia.itaucultural.org.br/pessoas/6849-joaquim-da-rocha-fragoso | https://catalogodasartes.com.br/artista/Joaquim%20da%20Rocha%20Fragoso/> https://catalogodasartes.com.br/artista/Joaquim%20da%20Rocha%20Fragoso/ | https://enciclopedia.itaucultural.org.br/pessoas/6849-joaquim-da-rocha-fragoso;medium;;Wikidata;high;Museu Histórico Nacional;high;-22.9014475;-43.1789159;100.0;41.8905568;12.4942679;100.0;https://enciclopedia.itaucultural.org.br/pessoas/6849-joaquim-da-rocha-fragoso;"Local de morte auditado; coordenadas mantidas para a cidade.";high;Wikidata;Wikidata;;high
Joaquim José da Natividade;1771;1841;Brazil;;;;;;male;;;não localizei escola formal> formação colonial/oficinal;;;Museu Regional São João Del Rey;low;;;;;;;;Fontes historiográficas consultadas não permitiram confirmar local de morte com segurança nesta rodada.;;Wikidata;Wikidata;;high
Joaquim Lopes Figueira;1904;1943;;Liceu de Artes e Ofícios de São Paulo > studio of Waldemar Belisário;-23.533145 > ;-46.626758 > ;São Paulo, SP, Brazil;Ribeirão Preto;male;https://enciclopedia.itaucultural.org.br/pessoas/6301-joaquim-figueira | https://front.master.enciclopedia-ic.org/pessoa21875/joaquim-figueira;high;;Enciclopédia Itaú Cultural;high;MAC USP;high;-23.5486657;-46.6382522;;-21.1775;-47.81028;100.0;https://aplicacoes.fcc.sc.gov.br/wpmasc/artista/joaquim-lopes-figueira-junior/ | https://enciclopedia.itaucultural.org.br/pessoas/6301-joaquim-figueira;Local de morte preenchido a partir de verbetes biográficos convergentes.;high;Ulan;Ulan;;high
Joaquim Manuel da Rocha;1727;1786;Kingdom of Portugal;Casa Pia / training with João Glama;38.708042;-9.139016;Lisbon;Lisbon;male;fontes biográficas de referência;medium;formação pouco documentada> registro mantido em nível conservador;Wikidata;high;Museu Nacional de Belas Artes;low;38.7070085;-9.1356407;100.0;38.7070085;-9.1356407;100.0;https://commons.wikimedia.org/wiki/Category:Joaquim_Manuel_da_Rocha;"Local de morte auditado; cidade mantida conforme fontes de referência.";medium;Museus e Monumentos de Portugal;Museus e Monumentos de Portugal;;medium
Joaquín Agrasot y Juan;1836;1919;Spain;Reial Acadèmia de Belles Arts de Sant Carles de València;39.445;-0.389444;Orihuela;Valencia;male;https://en.wikipedia.org/wiki/Joaqu%C3%ADn_Agrasot | https://www.museodelprado.es/coleccion/artista/agrasot-y-juan-joaquin/0f951cb3-68a8-4c8e-848f-6ace0a6a548f;medium;As fontes mencionam estudo com Francisco Martínez Yago.;Wikidata;high;Museu Histórico Nacional;high;38.084044;-0.945009;100.0;39.4702393;-0.3768049;100.0;https://es.wikipedia.org/wiki/Joaqu%C3%ADn_Agrasot;"Local de morte auditado; coordenadas mantidas para a cidade.";medium;Wikidata > Ulan;Wikidata > Ulan;;high
Jody Deming;1952;;United States;Smith College;42.3175;-72.6375;Houston;;female;https://depts.washington.edu/astrobio/wordpress/profile/jody-deming/ | https://en.wikipedia.org/wiki/Jody_Deming;medium;;Wikidata;high;FILE;;29.7608026;-95.3695062;100.0;;;;;"Perfil institucional recente consultado; sem evidência de óbito.";;Wikidata;;;high
Jody Ghani;1980;;United Kingdom;The Animation Workshop;56.4561;9.40611;United Kingdom;;female;site oficial da artista> SciVi;high;;site oficial do artista;high;FILE;;53.408386605;-1.969559544;100.0;;;;;"Site autoral recente consultado; sem evidência de óbito.";;site oficial da artista;;fonte usa Jody Ghani Nordby;medium
Johanan Simon;1905;1976;Israel;Städelschule > studies with Max Beckmann > Academy of Fine Arts Munich > École des Beaux-Arts de Paris;50.1109 > 50.1109 > 48.1351 > 48.8567;8.6821 > 8.6821 > 11.5820 > 2.3522;Berlin;Tel Aviv;male;https://www.kestenbaum.net/media/catalog/product/pdfs/Auction_71-2.pdf | https://www.tamuseum.org.il/en/exhibition/the-square-19322022/;medium;"As fontes confirmam estudos em Frankfurt, Munique e Paris; Bezalel aparece associado à sua atuação posterior, não como formação confirmada.";Wikidata;high;MAC USP;medium;52.517669999;13.405537999;100.0;32.0735802;34.7880511;100.0;https://en.wikipedia.org/wiki/Yohanan_Simon;"Local de morte auditado; a fonte biográfica usa a grafia Yohanan Simon.";medium;Wikidata > Ulan;Wikidata > Ulan;;high
Johann Gutlich;1920;2000;Kingdom of the Netherlands;Academia de Arte de Roterdã > studies with Henk Chabot;51.9188 >;4.4885 >;Rotterdam;;male;https://enciclopedia.itaucultural.org.br/pessoas/3646-johann-gutlich | https://pt.wikipedia.org/wiki/Johann_Gutlich;medium;;Wikidata;high;MAC USP;high;51.918323034;4.493749988;100.0;;;;;Não localizei fonte auditável suficiente sobre local de morte nesta rodada.;;Wikidata;Wikidata;;high
Johann Moritz Rugendas;1802;1858;Kingdom of Bavaria;drawing and printmaking with his father Johann Lorenz Rugendas II > studies with Albrecht Adam > Akademie der Bildenden Künste München; >  > 48.153196; >  > 11.580312;Augsburg;Weilheim an der Teck;male;https://en.wikipedia.org/wiki/Johann_Moritz_Rugendas | https://www.infoescola.com/biografias/johann-moritz-rugendas/ | https://saibahistoria.blogspot.com/2020/05/joahnn-moritz-rugendas.html;medium;;Wikidata;high;Museu Histórico Nacional;high;48.369695999;10.892578;100.0;48.615688999;9.537361999;100.0;https://de.wikipedia.org/wiki/Moritz_Rugendas;"Local de morte auditado; coordenadas mantidas para o município.";medium;Ulan;Ulan;;high
John Barber;1898;1965;United States;Indiana University of Pennsylvania > University of Alabama at Birmingham;40.617 > 33.5;-79.16 > -86.8075;Galați, Romenia;Philadelphia;male;CV/website oficial de John F. Barber;high;;Centre Pompidou / askART;high;FILE;;45.43532;28.00799;;39.9527237;-75.1635262;100.0;https://americanart.si.edu/artist/john-barber-230;Local de morte preenchido a partir de verbete institucional do Smithsonian.;high;Smithsonian American Art Museum;Smithsonian American Art Museum;;high
John Butler;1959;;;Duncan of Jordanstone College of Art, Dundee;56.4566;-2.9828;Dublin, Ireland;;male;site oficial> FILE;high;;FILE Festival;high;FILE;;53.3440956;-6.2674862;100.0;;;;;"Nome homônimo/ambíguo; identidade não desambiguada com segurança nesta rodada.";;FILE Festival;;;high
John Constable;1776;1837;Kingdom of Great Britain;Royal Academy of Arts > Royal Academy Schools;51.507222 > 51.507222222222;-0.1275 > -0.1275;East Bergholt;Charlotte Street, London;male;https://en.wikipedia.org/wiki/John_Constable | https://www.wikiart.org/pt/john-constable/;medium;;Wikidata;high;MASP;high;51.972413206;1.012312908;100.0;51.5178;-0.1361;100.0;https://www.flatfordandconstable.org.uk/chronology-john-constable/final-days/;"Coordenadas anteriores remetiam a Charlotte, North Carolina; ajustadas para Charlotte Street, London.";medium;;;;
Jonas Brandão;;;Brazil;UFSCar;-21.98525;-47.87996;Brazil;;male;entrevista Split Filmes / 3DArtsBrasil;medium;FILE explicita “País de Origem: Brasil”> preenchido em nível de país.;FILE Festival (País de Origem);high;FILE;;-10.769946429;-53.073466889;100.0;;;;;Não localizei fonte auditável suficiente sobre local de morte nesta rodada.;;;;;
Jonas de Barros;1874;1939;Brazil;Academia de Belas Artes > studies with Almeida Júnior;>;>;Itu;São Paulo;male;https://artsandculture.google.com/entity/jonas-de-barros/g11fj062gz5?hl=en;medium;A fonte aberta disponível não detalha cronologia fina.;Wikidata;high;Museu Paulista;medium;-23.265697;-47.299124;100.0;-23.5486657;-46.6382522;100.0;https://artsandculture.google.com/entity/jonas-de-barros/g11fj062gz5?hl=en;"Local de morte preenchido a partir de verbetes convergentes; mês do óbito indicado, sem endereço mais específico.";medium;Museu Republicano USP > https://artsandculture.google.com/entity/jonas-de-barros/g11fj062gz5?hl=en;Museu Republicano USP > https://artsandculture.google.com/entity/jonas-de-barros/g11fj062gz5?hl=en;;high
Jonathan Berger;;;United States;Stanford University;37.4275;-122.17;New York;;male;https://music.stanford.edu/people/jonathan-berger;high;;Wikidata;high;FILE;;40.7130466;-74.0072301;100.0;;;;;"Perfil institucional recente consultado; sem evidência de óbito.";;;;;
Jonathan Monaghan;1986;;United States;New York Institute of Technology > University of Maryland;40.8080625 > 38.988055555555555;-73.6033125 > -76.9425;Rockaway Beach, Queens, New York, United States;;male;bitforms gallery;low;;Wikipedia / IMDb;medium;FILE;;40.576981;-73.851544;100.0;;;;;"Site autoral recente consultado; sem evidência de óbito.";;Wikidata;;;high
Jone Vizcaino;;;Spain;;;;Spain;;female;;;FILE explicita “País de Origem: Espanha”> preenchido em nível de país.;FILE Festival (País de Origem);high;FILE;;40.22794966;-3.646063105;100.0;;;;;"Perfil profissional recente consultado; sem evidência de óbito.";;;;;
Joost Jordens;;;Netherlands;Utrecht University of the Arts (HKU);52.0957532;5.1115386;Netherlands;;male;Wonderspaces — Mike von Rotz & Joost Jordens;medium;FILE explicita “País de Origem: Países Baixos / Holanda”> preenchido em nível de país.;FILE Festival (País de Origem);high;FILE;;52.249375293;5.616126398;100.0;;;;;Não localizei fonte auditável suficiente sobre local de morte nesta rodada.;;;;;
Jordão de Oliveira;1900;1980;Brazil;early drawing studies with Quintino Marques;-10.9093538;-37.0743967;Aracaju;Rio de Janeiro;male;https://www.guiadasartes.com.br/jordao-de-oliveira/biografia | https://ihgse.org.br/wordpress/jordao-eduardo-de-oliveira-nunes/;medium;As fontes abertas disponíveis sustentam os estudos iniciais com Quintino Marques> não localizei nesta rodada fonte aberta robusta para a etapa posterior no Rio.;Wikidata;high;Museu Histórico Nacional;medium;-10.9093538;-37.0743967;100.0;-22.9111111111;-43.2055555556;100.0;https://pge.se.gov.br/artista-do-mes-de-abril-jordao-de-oliveira/;Local de morte refinado de nível de país para cidade com base em fonte biográfica.;high;;;;
Jorge David Ortiz Trejo;;;Mexico;;;;Mexico;;male;;;FILE explicita “País de Origem: México”> preenchido em nível de país.;FILE Festival (País de Origem);high;FILE;;23.634501;-102.552784;;;;;;Não localizei fonte auditável suficiente sobre local de morte nesta rodada.;;;;;
Jorge F.;;;Brazil;Universidade Anhembi Morumbi;-23.6005;-46.6749;São Paulo, Brazil;;male;FILE;high;;FilmFreeway;medium;FILE;;-23.5486657;-46.6382522;100.0;;;;;"Nome abreviado; identidade não desambiguada com segurança.";;;;;
Jorge Manuel Theocupulus;1578;1631;Spain;workshop/studio of El Greco;41.655298;-83.535717;Toledo;Toledo, Spain;male;https://en.wikipedia.org/wiki/Jorge_Manuel_Theotoc%C3%B3puli | https://www.museodelprado.es/en/coleccion/autores?search=Theotoc%C3%B3puli%2C+Jorge+Manuel;medium;O creator está grafado como 'Theocupulus'> as fontes biográficas abertas usam 'Theotocópuli'.;Wikidata;high;MASP;medium;39.8628;-4.0273;100.0;39.8581;-4.02263;100.0;https://en.wikipedia.org/wiki/Jorge_Manuel_Theotoc%C3%B3puli | https://www.museodelprado.es/aprende/enciclopedia/voz/theotocopuli-jorge-manuel/8e0c14be-6af0-4927-b11c-1c9541d59952;"Coordenadas anteriores remetiam a Toledo, Ohio; ajustadas para Toledo, Espanha, conforme as fontes sobre Jorge Manuel Theotocópuli.";medium;Wikidata;Wikidata;;high
Jorge Paez Vilaró;1922;1994;Uruguay;self-taught training;;;Montevideo;Punta del Este;male;https://en.wikipedia.org/wiki/Jorge_P%C3%A1ez_Vilar%C3%B3 | https://arteenloprofundo.blogspot.com/p/jorge-paez-vilaro.html;medium;A fonte indica ausência de formação artística formal e aperfeiçoamento por viagens e contatos artísticos.;Wikidata;high;MAC USP;medium;-34.9055557;-56.1852505;100.0;-34.9475;-54.9338;100.0;https://en.wikipedia.org/wiki/Jorge_P%C3%A1ez_Vilar%C3%B3;Registro anterior em Montevideo foi corrigido para Punta del Este conforme biografia consultada.;medium;Wikidata;Wikidata;;high
Jose Gallardo A;;;Colombia;Universidad Nacional de Colombia;4.6355555555556;-74.082777777778;Medellín, Colombia;;male;Pueblo Nuevo Netlabel> Elektramusic;medium;;CMMAS;medium;FILE;;6.2482172;-75.5800345;100.0;;;;;"Nome abreviado; identidade não desambiguada com segurança.";;;;;
Jose Rueda;1926;2023;;Escuela Nacional de Bellas Artes Manuel Belgrano > Escuela Nacional de Bellas Artes Prilidiano Pueyrredón > Escuela Superior de Bellas Artes Ernesto de la Cárcova;-34.63486827098634 > -34.59472222 > -34.61744771945473;-58.37169270382104 > -58.39944444 > -58.3564444;Málaga, Spain;;male;https://www.hcdn.gob.ar/secgralpres/dcultura/museo/obras/artistas/Rueda-Jose/ | https://artedelaargentina.com/disciplinas/artista/grabado/jose-luis-rueda;high;A formação aparece em três escolas nacionais de belas-artes, sem datas precisas nas fontes consultadas.;Artabus;medium;MAC USP;medium;36.7196292;-4.4200007;;;;;;"Biografia recente consultada; sem evidência de óbito.";;Arte de la Argentina;Arte de la Argentina;fonte identifica o artista como José Luis Rueda;medium
Josef Albers;1888;1976;Germany;Akademie der Bildenden Künste München > Königliche Kunstschule > Kunstgewerbeschule > Bauhaus;48.1531959202723 > 52.516666666667 > 51.4556 > 50.9745;11.5803123911292 > 13.383333333333 > 7.0116 > 11.3291;Bottrop;New Haven;male;https://bauhauskooperation.com/wissen/das-bauhaus/koepfe/biografien/biografie-detail/person-12;medium;formação artística e de professor antes da entrada no Bauhaus;Wikidata;high;MAC USP;high;51.523693999;6.929939;100.0;41.3082517;-72.9241605;100.0;https://en.wikipedia.org/wiki/Josef_Albers;"Local de morte auditado; coordenadas mantidas para a cidade.";medium;;;;
Joseph Tully;;;;;;;;;;;;Military training and practical topographical drawing are mentioned in the sources, without a specific institution being identified.;;;Pinacoteca de São Paulo;low;;;;;;;;Não localizei fonte auditável suficiente sobre local de morte nesta rodada.;;;;;
Josh Mitchell;;;United States;Indiana University of Pennsylvania > Design Institute of San Diego > Edinboro University of Pennsylvania;40.617 > 32.880696 > 41.870;-79.16 > -117.167367 > -80.122;Pittsburgh, Pennsylvania, United States;;male;StopWatch Gallery;low;;StopWatch Gallery & Studio;low;FILE;;40.4421676;-79.9949573;100.0;;;;;"Site autoral recente consultado; sem evidência de óbito.";;;;;
Joshua Reynolds;1723;1792;Kingdom of Great Britain;Hele's School > apprentice to Thomas Hudson > advanced studies in Rome;50.7184 >  > 41.893055555556;-3.5339 >  > 12.482777777778;Plympton;London;male;https://en.wikipedia.org/wiki/Joshua_Reynolds | https://www.britannica.com/biography/Joshua-Reynolds;high;;Wikidata;high;MASP;high;-34.961875705;138.557026373;100.0;51.50740836;-0.127698693;100.0;https://en.wikipedia.org/wiki/Joshua_Reynolds;"A fonte biográfica especifica Leicester Fields; mantido o nível de cidade para compatibilização do topônimo.";medium;;;;
José Agostinho da Motta;1824;1878;;;;;Rio de Janeiro, RJ, Brazil;Rio de Janeiro;male;;;;Enciclopédia Itaú Cultural;high;;;-22.9014475;-43.1789159;;-22.9111111111;-43.2055555556;100.0;https://enciclopedia.itaucultural.org.br/pessoas/6420-agostinho-da-motta | https://pt.wikipedia.org/wiki/Agostinho_Jos%C3%A9_da_Mota;"Registro do criador aparece invertido em relação à forma consagrada Agostinho José da Motta; local de morte é o Rio de Janeiro.";medium;Ulan;Ulan;;high
José Antônio da Silva;1909;1996;Brazil;;;;Sales Oliveira;São Paulo;male;;;artista autodidata> sem escola formal localizada;Wikidata;high;MAC USP;medium;-20.7700793;-47.8407277;100.0;-23.5486657;-46.6382522;100.0;https://pt.wikipedia.org/wiki/Jos%C3%A9_Ant%C3%B4nio_da_Silva | https://www.portalartes.com.br/hist%C3%B3ria/biografias/pintores-modernos/jos%C3%A9-ant%C3%B4nio-da-silva.html;"Local de morte auditado; coordenadas mantidas para o município.";medium;;;;
José Barreto de Menezes;;;;Brazilian artistic training;;;;;male;https://www.catalogodasartes.com.br/;medium;Sem base aberta robusta para nomear instituição com segurança.;;;Museu Histórico Nacional;low;;;;;;;;Não localizei fonte auditável suficiente sobre local de morte nesta rodada.;;;;;
José Canella Filho;1897;1942;Brazil;;;;São Manuel;São Paulo;male;;;A fonte informa que iniciou o estudo da pintura como autodidata e que nunca teve aulas.;Wikidata;high;Museu Paulista;high;-22.7478056;-48.5834111;100.0;-23.5503944444;-46.6339472222;100.0;Enciclopédia Itaú Cultural;;high;Wikidata;Wikidata;;high
José Carlos Martinat;1974;;Peru;Pontificia Universidad Católica del Perú;-12.06944444444444;-77.07944444444445;Lima, Peru;;male;fontes biográficas de referência;medium;;Galeria Leme;medium;MAC USP;medium;-12.04318;-77.02824;;;;;;"atividade recente documentada; sem evidência de óbito";;Wikidata;;;high
José Cláudio da Silva;1932;2023;Brazil;Atelier Coletivo da Sociedade de Arte Moderna do Recife > Escola de Artesanato do Museu de Arte Moderna de São Paulo > Academia de Belas Artes de Roma;-8.047562 > -23.56111111111111 > 41.8947;-34.877 > -46.65583333333333 > 12.4828;Ipojuca, PE, Brazil;Recife;male;https://enciclopedia.itaucultural.org.br/pessoas/523-jose-claudio;high;"Participated in the Collective Studio of the Recife Modern Art Society; studied printmaking with Lívio Abramo at the MAM/SP Craft School; attended Life Drawing and Art History courses at the Academy of Fine Arts in Rome.";https://enciclopedia.itaucultural.org.br/pessoas/523-jose-claudio;high;MAC USP;medium;-8.3981;-35.0637;;-8.0538888889;-34.8808333333;100.0;"Diario de Pernambuco; Prefeitura do Recife";"nota oficial sem local exato; jornal informa falecimento em Recife";medium;Enciclopédia Itaú Cultural;Enciclopédia Itaú Cultural;;high
José Constantino Benedito de Faria Barros;;;;;;;;;;;;Artist documented as the author of Tocador de Guitarra, produced in Portugal in 1791. Biographical and educational information has not yet been located in reliable sources.;;;Museu Regional São João Del Rey;;;;;;;;;sem evidência biográfica suficiente para localizar óbito com segurança;;;;;
José Correia de Lima;1814;1857;Brazil;Academia Imperial de Belas Artes > studies with Debret and Grandjean de Montigny;-22.9071 > ;-43.1829 > ;Rio de Janeiro;Rio de Janeiro;male;https://pt.wikipedia.org/wiki/Jos%C3%A9_Correia_de_Lima | https://enciclopedia.itaucultural.org.br/pessoas/6718-correia-de-lima;medium;;Wikidata;high;Museu Nacional de Belas Artes;high;-22.9014475;-43.1789159;100.0;-22.9014475;-43.1789159;100.0;"Escritório de Arte; Catálogo das Artes";fontes secundárias convergentes sobre o local de morte;medium;Wikidata;Wikidata;;high
José de Paula Barros;;;;artistic advanced training in Paris (institution not identified in the source);48.85666666666667;2.352222222222222;Fortaleza, CE, Brazil;;male;https://agendamaranhao.com.br/2024/10/13/pintor-jose-de-paula-barros-paris-1907/;medium;A fonte aberta confirma estudos em Paris, mas não identifica a instituição.;Academia Maranhense de Letras;medium;Museu Histórico Nacional;medium;-3.7184625;-38.5416698;;;;;;sem evidência biográfica suficiente para localizar óbito com segurança;;;;;
José Ferraz de Almeida Júnior;1850;1899;Brazil;Academia Imperial de Belas Artes > École nationale supérieure des beaux-arts;-22.9071 > 48.853997;-43.1829 > 2.333500;Itu;Piracicaba;male;https://pt.wikipedia.org/wiki/Almeida_J%C3%BAnior;medium;;Wikidata;high;Pinacoteca de São Paulo;high;-23.265697;-47.299124;100.0;-22.724976;-47.6476;100.0;Enciclopédia Itaú Cultural;;high;Wikidata;Wikidata;;high
José Gamarra;1934;;Uruguay;School of Fine Arts of Montevideo > Museu de Arte Moderna do Rio de Janeiro (MAM-RJ) > Institute of Fine Arts in Praia Vermelha;-34.905917 > -22.91111111111111 > -22.8625;-56.191311 > -43.20555555555556 > -43.223889;Tacuarembó;;male;https://www.josegamarra.org/en/biography/;medium;em 1959 realiza estudos de gravura no Rio com bolsa Itamarati;Wikidata;high;MAC USP;high;-31.7305323;-55.9741865;100.0;;;;;"atividade recente documentada; sem evidência de óbito";;;;;
José Hertzer;;;;Brazilian artistic training;;;;;male;https://www.catalogodasartes.com.br/;medium;Não localizei nesta rodada fonte aberta robusta com nome oficial de escola.;;;Museu Paulista;low;;;;;;;;sem evidência biográfica suficiente para localizar óbito com segurança;;;;;
José Jardim de Araújo;;;;Brazilian artistic training;;;;;male;https://www.catalogodasartes.com.br/;medium;Dados abertos insuficientes para nomear escola.;;;Museu Histórico Nacional;low;;;;;;;;sem evidência biográfica suficiente para localizar óbito com segurança;;;;;
José Joaquim Monteiro França;1876;1944;Brazil;Liceu de Artes e Ofícios do Rio de Janeiro > Escola Nacional de Belas Artes;-22.908333 > -22.8625055;-43.184722 > -43.2256622;Pindamonhangaba;São Paulo;male;https://enciclopedia.itaucultural.org.br/pessoas/5349-monteiro-franca;high;He was a student of Henrique Bernardelli at the Escola Nacional de Belas Artes.;Wikidata;high;Museu Paulista;low;-22.923487;-45.459842;100.0;-23.5503944444;-46.6339472222;100.0;Enciclopédia Itaú Cultural;;high;Wikidata;Wikidata;;high
José Júlio de Sousa Pinto;1856;1939;Portugal;Academia Portuense de Belas Artes > École des Beaux-Arts de Paris;41.15 > 48.853997;-8.610833 > 2.333500;Angra do Heroísmo;Pont-Scorff;male;https://museusoaresdosreis.gov.pt/pintura-de-sousa-pinto-na-bienal-dos-antiquarios-de-paris/;high;O Museu Nacional Soares dos Reis confirma os estudos na Academia Portuense de Belas Artes e a continuação da formação em Paris.;Wikidata;high;Museu Nacional de Belas Artes;medium;38.708207269709;-27.248750050772;100.0;47.835447703;-3.399192664;100.0;"Wikipedia; e-cultura";local de morte confirmado por fontes secundárias convergentes;medium;Wikidata > Ulan;Wikidata > Ulan;;high
José Leandro de Carvalho;1770;1834;Kingdom of Portugal;studies with Leandro Joaquim and Raimundo da Costa and Silva;-22.91111111111111;-43.20555555555556;São João de Itaboraí, RJ, Brazil;Campos dos Goytacazes;male;https://enciclopedia.itaucultural.org.br/pessoas/7180-jose-leandro-de-carvalho | https://www.escritoriodearte.com/artista/jose-leandro-de-carvalho;high;A formação recuperada é por mestres, não por academia formal.;Enciclopédia Itaú Cultural;high;Museu Histórico Nacional;high;-22.7444;-42.8594;;-21.75227;-41.33044;100.0;Enciclopédia Itaú Cultural;corrigido de Rio de Janeiro para Campos dos Goytacazes após auditoria da fonte biográfica;high;Wikidata;Wikidata;;high
José Luis Cuevas;1934;2017;Mexico;Escuela Nacional de Pintura, Escultura y Grabado La Esmeralda > Institución de Enseñanza Universitaria;19.35655 >;-99.14015 >;Mexico City;Mexico City;male;https://en.wikipedia.org/wiki/Jos%C3%A9_Luis_Cuevas> https://www.annexgalleries.com/artists/biography/482;medium;Estudos interrompidos por doença> data exata da segunda instituição não foi localizada nesta passada.;Wikidata;high;MAC USP;medium;19.430457906;-99.141684761;100.0;19.430457906;-99.141684761;100.0;Gobierno de México;;high;Ulan;Ulan;;high
José Malhoa;1855;1933;Portugal;Academia Real de Belas-Artes de Lisboa;38.708042;-9.139016;Caldas da Rainha;Figueiró dos Vinhos;male;https://museu.parlamento.pt/DetalhesAutor?authorId=93 | https://www.mcafigueirodosvinhos.pt/index.php/2013-04-08-14-35-07/os-nossos-artistas/8-noticias/45-biografia-de-jose-malhoa;high;Fontes institucionais confirmam sua formação e diplomação na Academia Real de Belas-Artes de Lisboa.;Wikidata;high;MASP;medium;39.40752523853;-9.088115679114;100.0;39.925211102631;-8.282068285049;100.0;VisitPortugal;;high;Ulan;Ulan;;high
José Maria da Silva Paranhos;1819;1880;;Academia Real dos Guardas Marinhas > Real Academia de Artilharia, Fortificação e Desenho > Escola Militar;38.680278 > -22.903542 > -22.9560798;-9.158333 > -43.168381 > -43.1662774;Salvador, BA, Brazil;Rio de Janeiro;male;https://pt.wikipedia.org/wiki/Jos%C3%A9_Maria_da_Silva_Paranhos;medium;;FUNAG;high;Museu Paulista;high;-12.9641527;-38.5058208;;-22.9111111111;-43.2055555556;100.0;FUNAG;;high;;;;
José Maria de Medeiros;1849;1925;Brazil;Liceu de Artes e Ofícios > Academia Imperial de Belas Artes;-22.91111111111111 > -22.9071;-43.20555555555556 > -43.1829;Açores, Portugal;Rio de Janeiro;male;https://pt.wikipedia.org/wiki/Jos%C3%A9_Maria_de_Medeiros;medium;A Enciclopédia Itaú Cultural também registra Antônio de Souza Lobo como mestre.;Enciclopédia Itaú Cultural;high;Museu Nacional de Belas Artes;high;37.7412488;-25.6755944;;-22.9014475;-43.1789159;100.0;Enciclopédia Itaú Cultural;;high;Wikidata;Wikidata;;high
José Maria dos Reis Júnior;1903;1985;Brazil;Escola Nacional de Belas Artes;-22.8625055;-43.2256622;Uberaba, MG, Brazil;Rio de Janeiro;male;https://enciclopedia.itaucultural.org.br/pessoas/7497-reis-junior;high;O verbete também informa estudos de desenho com Modesto Brocos e pintura com Rodolfo Amoedo.;Enciclopédia Itaú Cultural;high;Museu Histórico Nacional;high;-19.7472;-47.9392;;-22.9111111111;-43.2055555556;100.0;Enciclopédia Itaú Cultural;;high;Wikidata;Wikidata;;high
José Mauro de Vasconcelos;1920;1984;Brazil;Faculdade de Medicina da capital potiguar;-5.795;-35.208889;Rio de Janeiro;São Paulo;male;https://pt.wikipedia.org/wiki/Jos%C3%A9_Mauro_de_Vasconcelos | https://aordemnaturaldascoisas.blogs.sapo.pt/biografia-jose-mauro-vasconcelos-5513334;medium;A fonte não nomeia a faculdade de medicina nem a instituição espanhola> deixado como descrição verificável.;Wikidata;high;MAC USP;low;-22.9014475;-43.1789159;100.0;-23.5503944444;-46.6339472222;100.0;"Prefeitura de São Paulo; Wikipedia";fonte institucional confirma falecimento em São Paulo, sem detalhamento intramunicipal;medium;Enciclopédia Itaú Cultural;Enciclopédia Itaú Cultural;;high
José Pancetti;1902;1958;Brazil;Núcleo Bernardelli;-22.8625055;-43.2256622;Campinas;Rio de Janeiro;male;Itaú Cultural> MAM Rio;high;Aprendizado inicial autodidata> em 1933 ingressa no Núcleo Bernardelli e recebe orientação de Bruno Lechowski.;Wikidata;high;MAC USP;high;-22.9073702;-47.0628996;100.0;-22.9111111111;-43.2055555556;100.0;Enciclopédia Itaú Cultural;;high;Wikidata > Ulan;Wikidata > Ulan;;high
José Pedro Costigliolo;1902;1985;Uruguay;;;;Montevideo;Montevideo;male;;;;https://www.wikidata.org/wiki/Q20431755;high;MAC USP;high;-34.9055557;-56.1852505;100.0;-34.9058333333;-56.1913888889;100.0;Museo Nacional de Artes Visuales;;high;Wikidata;Wikidata;;high
José Pinelo Llull;1861;1922;Spain;Escuela de Bellas Artes de Sevilla > studies with Eduardo Cano > studies with Villegas in Rome;37.3877 > 41.893055555556 >;-5.99106 > 12.482777777778 >;Province of Cádiz;Seville;male;https://es.wikipedia.org/wiki/Jos%C3%A9_Pinelo_Llull | https://es.hispanopedia.com/wiki/Jos%C3%A9_Pinelo_Llull;medium;;Wikidata;high;Museu Histórico Nacional;high;36.5333;-6.2833;84.82;37.38264;-5.9962951;100.0;"Wikipedia; Wikidata";;medium;Wikidata > Ulan;Wikidata > Ulan;;high
José Roberto Aguilar;1941;;Brazil;;;;São Paulo;;male;;;artista autodidata> sem escola formal localizada;Wikidata;high;MAC USP;high;-23.5486657;-46.6382522;100.0;;;;;"atividade recente documentada; sem evidência de óbito";;Wikidata;;;high
José Rodrigues;1828;1887;Kingdom of Portugal;Escola Superior de Belas-Artes do Porto;41.15;-8.610833;Lisbon;;male;https://sigarra.up.pt/up/pt/p/antigos%20estudantes%20ilustres%20-%20jos%C3%A9%20rodrigues | https://m.porto.ucp.pt/sites/default/files/files/Leilao/CV_JoseRodrigues.pdf;high;A Universidade do Porto e a Universidade Católica Portuguesa confirmam sua formação em escultura na Escola Superior de Belas-Artes do Porto.;Wikidata;high;Museu Paulista;medium;38.7070085;-9.1356407;100.0;;;;;"homônimo não desambiguado; dado prévio de óbito removido por conflito com a identificação biográfica do registro";;Museu Montepio;Museu Montepio;;high
José Simeão de Oliveira;1838;1893;Brazil;Escola Militar da Praia Vermelha;-22.9560798;-43.1662774;Rio Grande;New York;male;https://pt.wikipedia.org/wiki/Jos%C3%A9_Sime%C3%A3o_de_Oliveira;medium;A fonte documenta formação militar e em ciências físicas e matemáticas.;Wikidata;high;Museu Paulista;high;-32.0350;-52.0986;100.0;40.71427;-74.00597;100.0;"MAPA; Wikipedia";;medium;Wikidata;Wikidata;;high
José Spaniol;1960;;Brazil;European Ceramic Workcentre (EKWC) > Fundação Armando Álvares Penteado (FAAP) > Academia de Artes de Düsseldorf > Universidade de São Paulo (USP);51.5833 > -23.5450155 > 51.2283 > -23.561399;5.2 > -46.6630802 > 6.7733 > -46.730789;São Luiz Gonzaga;;male;https://enciclopedia.itaucultural.org.br/pessoas/2833-jose-spaniol > https://www.escavador.com/sobre/582352/jose-paiani-spaniol;high;;Wikidata;high;MAC USP;high;-28.4078903;-54.9614629;100.0;;;;;"atividade recente documentada; sem evidência de óbito";;Wikidata > Ulan;;;high
José Wasth Rodrigues;1891;1957;Brazil;studies with Oscar Pereira da Silva > Académie Julian > École des Beaux-Arts de Paris;-23.5505 > 48.8567 > 48.8567;-46.6333 > 2.3522 > 2.3522;São Paulo;Rio de Janeiro;male;https://pt.wikipedia.org/wiki/Jos%C3%A9_Wasth_Rodrigues;medium;"A fonte localizada confirma estudos com Oscar Pereira da Silva e, em Paris, na Académie Julian e na École des Beaux-Arts; a Escola Superior de Belas-Artes do Porto não foi confirmada.";Wikidata;high;Museu Paulista;medium;-23.5486657;-46.6382522;100.0;-22.9111111111;-43.2055555556;100.0;Enciclopédia Itaú Cultural;;high;;;;
João Abel Manta;1928;2026;Portugal;Escola Superior de Belas-Artes de Lisboa;38.7223;-9.1393;Lisbon;Lisbon;male;https://www.cnc.pt/joao-abel-manta-1928-2026/ | https://repositorio.ulisboa.pt/entities/publication/0ea3f4bc-a517-4af4-b5c4-8cc099e12a8d;high;"Fontes institucionais confirmam a formação em Arquitetura na Escola Superior de Belas-Artes de Lisboa; a referência genérica à University of Lisbon foi removida.";Wikidata;high;MAC USP;medium;38.7070085;-9.1356407;100.0;38.7070085;-9.1356407;100.0;"Lusa; Jornal de Notícias";"falecimento noticiado em maio de 2026; cidade confirmada por fontes de imprensa portuguesas";medium;Wikidata > Ulan;Wikidata > Ulan;;high
João Ayres;1921;2001;;Escola de Belas Artes de Lisboa > Escola Superior de Belas-Artes do Porto;38.708042 > 41.15;-9.139016 > -8.610833;Lisbon, Portugal;Sintra;male;https://www.cps.pt/pt/artistas/joao-ayres;high;A fonte fala em estudos de arquitetura nas duas escolas.;Artistas CPS;medium;MAC USP;high;38.7070085;-9.1356407;;38.7984769444;-9.3880861111;100.0;"Artistas CPS; Assembleia Municipal de Lisboa";"fontes indicam permanência em Sintra até a morte em 2001; topônimo normalizado para a sede municipal";medium;Ulan;Ulan;;high
João Batista Bordon;1882;1917;Brazil;Escola Nacional de Belas Artes;-22.8625055;-43.2256622;Rio de Janeiro, RJ, Brazil;Madrid;male;https://enciclopedia.itaucultural.org.br/pessoas/6646-joao-batista-bordon;high;A fonte indica condição de aluno livre e mestres Baptista da Costa e Zeferino da Costa.;Enciclopédia Itaú Cultural;high;Museu Histórico Nacional;high;-22.9014475;-43.1789159;;40.4166909;-3.7003454;100.0;Enciclopédia Itaú Cultural;;high;Wikidata;Wikidata;;high
João Batista da Costa;1865;1926;Brazil;Asilo dos Meninos Desvalidos > Academia Imperial de Belas Artes > Académie Julian;-22.91111111111111 > -22.9071 > 48.871111;-43.20555555555556 > -43.1829 > 2.341667;Itaguaí;Rio de Janeiro;male;https://pt.wikipedia.org/wiki/Jo%C3%A3o_Batista_da_Costa | https://www.guiadasartes.com.br/baptista-da-costa/obras-e-biografia;medium;;Wikidata;high;Pinacoteca de São Paulo;high;-22.866538;-43.777224;100.0;-22.9014475;-43.1789159;100.0;Enciclopédia Itaú Cultural;;high;Ulan;Ulan;;high
João Calixto;1922;1994;Brazil;Escola de Belas Artes de São Paulo > curso de história da estética no Museu de Arte de São Paulo > curso de serigrafia no Sesi;-23.56111111111111 >  >;-46.65583333333333 >  >;São Paulo;São Paulo;male;https://enciclopedia.itaucultural.org.br/pessoas/2001-joao-calixto;high;;https://enciclopedia.itaucultural.org.br/pessoas/2001-joao-calixto;high;;high;-23.5486657;-46.6382522;100.0;-23.5503944444;-46.6339472222;100.0;"MAC USP; Enciclopédia Itaú Cultural";;high;;;;
João Câmara Filho;1944;;Brazil;Universidade Federal de Pernambuco (UFPE) > curso livre da Escola de Belas Artes da Universidade Federal de Pernambuco;-8.051733 > -8.0517328;-34.950716 > -34.9507155;João Pessoa;;male;https://acervo.macrs.rs.gov.br/artistas-macrs/joao-camara/;high;;Wikidata;high;MAC USP;high;-7.1152478;-34.8610531;100.0;;;;;"atividade recente documentada; sem evidência de óbito";;Wikidata;;;high
João Francisco Lopes Rodrigues;1825;1893;Brazil;Aula Pública de Desenho da Bahia > studies with José Rodrigues Nunes > assistência a Teófilo de Jesus;-12.98305555555556 >  >;-38.49277777777777 >  >;Salvador;Salvador;male;https://pt.wikipedia.org/wiki/Jo%C3%A3o_Francisco_Lopes_Rodrigues | https://enciclopedia.itaucultural.org.br/pessoas/7099-joao-francisco-lopes-rodrigues;medium;A formação aparece pela Aula Pública e por mestres, sem cronologia fechada na fonte aberta.;Wikidata;high;Museu Histórico Nacional;high;-12.9641527;-38.5058208;100.0;-12.9641527;-38.5058208;100.0;Galeria Brasiliana;;medium;Wikidata;Wikidata;;high
João Garboggni Quaglia;1928;2014;;estudos de litogravura com Mário Cravo > Escola Nacional de Belas Artes > Associação Brasileira de Desenho > aperfeiçoamento em litogravura com Darel Valença Lins;-12.9714 > -22.9068 > -22.9068 > -22.9068;-38.5014 > -43.1729 > -43.1729 > -43.1729;Salvador, BA, Brazil;São João del-Rei;male;https://enciclopedia.itaucultural.org.br/pessoas/2822-quaglia | https://www.guiadasartes.com.br/joao-quaglia/quem-foi;high;"A formação foi corrigida para o percurso documentado em Salvador e no Rio de Janeiro; o Liceu de Artes e Ofícios de São Paulo não foi confirmado.";Enciclopédia Itaú Cultural;high;MAC USP;medium;-12.9641527;-38.5058208;;-21.1358333333;-44.2619444444;100.0;https://enciclopedia.itaucultural.org.br/pessoas/2822-quaglia;local de morte sustentado por fonte secundária especializada em mercado de arte;high;https://enciclopedia.itaucultural.org.br/pessoas/2822-quaglia;https://enciclopedia.itaucultural.org.br/pessoas/2822-quaglia;;high
João Lopes Maciel (atribuição);;;;;;;;;;;;autoria atribuída/incerta> formação não localizada com segurança;;;Museu da Inconfidência;;;;;;;;;"registro de atribuição; local de morte não preenchido sem autoria seguramente estabelecida";;;;;
João Marcos Maciel;1993;;Brazil;Universidade de Cuiabá (UNIC);-15.624294;-56.087167;Belo Horizonte, Minas Gerais, Brazil;;male;ArtStation (resume);medium;;FILE Festival;high;FILE;;-19.9181771;-43.9370534;100.0;;;;;sem evidência biográfica suficiente para localizar óbito com segurança;;FILE Festival;;fonte usa a forma João Marcos Carneiro Maciel;medium
João Nepomuceno Correia e Castro (atribuição);;;;;;;;;;;;autoria atribuída/incerta> formação não localizada com segurança;;;Museu da Inconfidência;;;;;;;;;"registro de atribuição; local de morte não preenchido sem autoria seguramente estabelecida";;;;;
João Timóteo da Costa;1879;1932;Brazil;Escola Nacional de Belas Artes;-22.8625055;-43.2256622;Rio de Janeiro;Rio de Janeiro;male;https://pt.wikipedia.org/wiki/Jo%C3%A3o_Tim%C3%B3teo_da_Costa | https://enciclopedia.itaucultural.org.br/pessoas/7117-joao-timotheo-da-costa;medium;A fonte cita estudos com Daniel Bérard, Zeferino da Costa e Rodolfo Amoedo.;Wikidata;high;Museu Histórico Nacional;high;-22.9014475;-43.1789159;100.0;-22.9111111111;-43.2055555556;100.0;Enciclopédia Itaú Cultural;;high;Wikidata;Wikidata;;high
João Zeferino da Costa;1840;1915;Brazil;Academia Imperial de Belas Artes > Accademia di San Luca;-22.9071 > 41.90166;-43.1829 > 12.483586;Rio de Janeiro;Rio de Janeiro;male;https://pt.wikipedia.org/wiki/Zeferino_da_Costa;medium;;Wikidata;high;Museu Nacional de Belas Artes;high;-22.9014475;-43.1789159;100.0;-22.9014475;-43.1789159;100.0;Enciclopédia Itaú Cultural;;high;Wikidata > Ulan;Wikidata > Ulan;;high
Joãozinho;;;;;;;;;;;;identificação incompleta> não foi possível desambiguar com segurança;;;MAC USP;;;;;;;;;"identificação incompleta; não foi possível desambiguar o artista com segurança";;;;;
Joéser Alvarez;1962;;Brazil;Universidade Federal de Rondônia (UNIR) > UNINTES – Faculdade Interamericana de Porto Velho > SENAC, Polo Cuiabá;-8.8356 > -8.7619444444444 > -15.595833333333;-63.9389 > -63.903888888889 > -56.096944444444;Rio de Janeiro, Rio de Janeiro, Brazil;;male;PAVIC;medium;;FILE Festival;high;FILE;;-22.9014475;-43.1789159;100.0;;;;;"atividade recente documentada; sem evidência de óbito";;FILE Festival;;;high
jtwine;;;Germany;Siemens Business School > Kunstschule Rödel in Mannheim > Universität der Künste Berlin (UdK Berlin);49.487778 > 49.48777777777778 > 52.50916666666667;8.466111 > 8.466111111111111 > 13.32694444444444;Germany;;male;galeria do artista | FILE Festival;high;Biografia do FILE explicita que o artista nasceu na Alemanha.;FILE Festival (biografia do artista);high;FILE;high;51.110631049;10.392277932;100.0;;;;;"atividade recente documentada; sem evidência de óbito";;;;;
Juan Carlos Vasquez;;;Colombia;Sibelius Academy > Aalto University > University of Virginia;60.17166666666667 > 60.186111 > 38.035555555555554;24.9325 > 24.828611 > -78.50333333333333;Cali, Colombia;;male;site oficial do artista;high;;Wikipedia;medium;FILE;;3.4529814;-76.5187809;100.0;;;;;"atividade recente documentada; sem evidência de óbito";;;;;
Juan José Balzi;1933;2017;Argentina;Accademia di Belle Arti di Brera > Academia Nacional de Bellas Artes de Buenos Aires;45.47222222 > -34.59472222;9.18888889 > -58.39944444;Buenos Aires;São Paulo;male;https://enciclopedia.itaucultural.org.br/pessoas/9391-balzi | https://pt.wikipedia.org/wiki/Juan_Jos%C3%A9_Balzi;medium;As fontes indicam formação em desenho, pintura e publicidade artística.;Wikidata;high;MAC USP;high;-34.6090264;-58.3732215;100.0;-23.5503944444;-46.6339472222;100.0;"MAC USP; Wikipedia";;high;Wikidata;Wikidata;;high
Juan Langlois;;;Chile;Pontificia Universidad Católica de Chile > Pontificia Universidad Católica de Valparaíso > Universidad ARCIS;-33.4489 > -33.0472 > -33.4489;-70.6693 > -71.6127 > -70.6693;Santiago;Santiago;male;https://www.mnba.gob.cl/noticias/fallece-el-artista-juan-pablo-langlois-1936-2019 | https://www.pucv.cl/pucv/noticias/vida-universitaria/instituto-de-arte-ofrece-exposicion-con-obras-del-destacado-artista-juan;high;"O Museu Nacional de Belas Artes do Chile confirma estudos de arquitetura nas universidades católicas de Chile e Valparaíso; a formação posterior em arte na ARCIS foi incluída. A Universidad de Chile foi removida.";Wikidata;high;MAC USP;low;-33.4459946;-70.6670569;100.0;-33.4459946;-70.6670569;100.0;Museo Nacional de Bellas Artes (Chile);"registro corresponde a Juan Pablo Langlois Vicuña; nome abreviado no CSV";medium;;;;
Juan León Pallière;1823;1887;Brazil;Escola de Picot, em Paris > Academia Imperial de Belas Artes > Academia Francesa, em Roma;48.856667 > -22.9071 > 41.90827;2.352222 > -43.1829 > 12.48252;Rio de Janeiro;Lorris;male;https://pt.wikipedia.org/wiki/Jean_Leon_Palli%C3%A8re | https://pt.wiki34.com/wiki/Juan_Le%C3%B3n_Palli%C3%A8re;medium;;Wikidata;high;Museu Nacional de Belas Artes;medium;-22.9014475;-43.1789159;100.0;47.883331;2.51667;100.0;Wikipedia;;medium;Wikidata > Ulan;Wikidata > Ulan;;high
Juan Pablo Machado;1989;;Colombia;Émile Cohl School;45.7569;4.8658;Cali, Colombia;;male;https://archive.file.org.br/participantes/juan-pablo-machado/ | https://www.cohl.fr/lofi-girl-comment-lanimation-de-juan-pablo-machado-est-devenue-virale/;high;;FILE Festival;high;FILE;;3.4529814;-76.5187809;100.0;;;;;"atividade recente documentada; sem evidência de óbito";;FILE Festival;;;high
Juan Ventayol;1915;1971;Uruguay;Círculo Fomento de Bellas Artes > studies with Guillermo Laborde;>;>;Montevideo;Montevideo;male;https://www.museos.gub.uy/arteactivo/artistas/item/ventayol-juan.html | https://www.catalogodasartes.com.br/artista/Juan%20Ventayol/;medium;;Wikidata;high;MAC USP;high;-34.9055557;-56.1852505;100.0;-34.9058333333;-56.1913888889;100.0;"Museo Nacional de Artes Visuales; Wikipedia";;medium;Wikidata;Wikidata;;high
Juarez Silveira;;;;Faculdade de Arquitetura e Urbanismo e de Design da USP (FAU-USP);-23.56012;-46.72985;;;male;https://enciclopedia.itaucultural.org.br/pessoa24332/juarez-silveira;high;A formação acadêmica aberta consultada é em arquitetura.;;;Museu Paulista;medium;;;;;;;;"homônimo não desambiguado com segurança; sem preenchimento de óbito";;;;;
Judith Lauand;1922;2022;Brazil;Escola de Belas-Artes de Araraquara > printmaking studies with Lívio Abramo;-21.793895 >;-48.179486 >;Pontal;São Paulo;female;https://www.escritoriodearte.com/artista/judith-lauand;low;na escola de Araraquara aprende pintura com Mario Ybarra de Almeida e Domenico Lazzarini;Wikidata;high;MAC USP;high;-21.0227393;-48.0379355;100.0;-23.5503944444;-46.6339472222;100.0;"Fundação Vera Chaves Barcellos; Bienal de São Paulo";;high;Wikidata > Ulan;Wikidata > Ulan;;high
Jules Ballá;1846;1916;France;École des Beaux-Arts de Paris > studio and French artistic practice;48.853997 >;2.333500 >;Rio de Janeiro;;male;https://www.brasilianaiconografica.art.br/;medium;Mantido em formulação prudente por falta de detalhe aberto.;Wikidata;high;Museu Paulista;low;-22.9014475;-43.1789159;100.0;;;;;"local de óbito removido na auditoria; não localizei fonte aberta suficientemente robusta para manter o preenchimento";;Wikidata;Wikidata;;high
Jules Le Chevrel;1810;1872;France;École des Beaux-Arts de Paris;48.853997;2.333500;France;Rio de Janeiro;male;https://pt.wikipedia.org/wiki/Jules_Le_Chevrel;medium;A fonte aberta consultada identifica a escola, mas não detalha cronologia fina.;Wikidata;high;Museu Histórico Nacional;high;46.559417044;2.550539953;100.0;-22.9111111111;-43.2055555556;100.0;Enciclopédia Itaú Cultural;;high;Wikidata > Ulan;Wikidata > Ulan;;high
Jules Marie Vincent de Sinety;1812;1898;France;escola da Marinha de Angoulême;45.64888888888889;0.16083333333333333;Aix-en-Provence;Avignon;male;https://www.brasilianaiconografica.art.br/artigos/23686/0;high;A fonte ressalta que se trata de oficial da Marinha e artista amador> registrei apenas a formação documentada.;Wikidata;high;Pinacoteca de São Paulo;high;43.529850239;5.447376271;100.0;43.949315226;4.805311547;100.0;Ecole Navale / Espace tradition;;high;Wikidata;Wikidata;;high
Jules Victor Génisson;1805;1860;Belgium;Royal Academy of Fine Arts Antwerp;51.2234;4.4069;Saint-Omer;Bruges;male;https://en.wikipedia.org/wiki/Jules_Victor_G%C3%A9nisson | https://www.niceartgallery.com/artist/jules-victor-genisson.html;medium;As fontes citam estudo com Mattheus Ignatius van Bree.;Wikidata;high;Pinacoteca de São Paulo;high;50.7519062;2.25360383;100.0;51.2089;3.2242;100.0;Wikipedia (fr);coordenadas ajustadas para o centro urbano de Bruges após auditoria;medium;Wikidata > Ulan;Wikidata > Ulan;;high
Jules-Victor-André Martin;1832;1906;France;École des Beaux-Arts de Marseille > studio of pintura in Paris;43.2287 >;5.43485 >;Montiers;São Paulo;male;https://pt.wikipedia.org/wiki/Jules_Martin | https://jundpedia.com.br/martin-jules-victor-andre/ | https://www.brasilianaiconografica.art.br/autores/20121/jules-martin;medium;As fontes indicam formação em desenho na escola de Marselha e trabalho/aperfeiçoamento em ateliê parisiense.;Wikidata;high;Museu Paulista;high;49.50056;2.57806;100.0;-23.5503944444;-46.6339472222;100.0;Wikipedia;;medium;;;;
Julien Hazebroucq;;;France;Supinfocom Arles (atual MoPA);43.67670;4.6278;France;;male;Digital Production;medium;FILE explicita “País de Origem: França”> preenchido em nível de país.;FILE Festival (País de Origem);high;FILE;;46.559417044;2.550539953;100.0;;;;;"atividade recente documentada; sem evidência de óbito";;;;;
Julien Regnard;;;Belgium;École nationale supérieure des arts visuels de La Cambre;50.818888888889;4.3741666666667;Versailles, France;;male;FILE;high;;Message to Man;medium;FILE;;48.8047472;2.1205122;100.0;;;;;"atividade recente documentada; sem evidência de óbito";;;;;
Juliette Viger;1992;;France;The Animation Workshop;56.4561;9.40611;France;;female;FILE> site oficial;high;Biografia do FILE explicita que a artista nasceu na França> preenchido em nível de país.;FILE Festival (biografia do artista);high;FILE;;46.559417044;2.550539953;100.0;;;;;"atividade recente documentada; sem evidência de óbito";;FILE Festival;;;high
Julius Bissier;1893;1965;Germany;University of Freiburg > Academy of Fine Art Karlsruhe;47.994167 > 49.0144;7.846944 > 8.38726;Freiburg im Breisgau;Ascona;male;https://www.bissier.org/en/biography;high;As fontes confirmam estudos de história da arte em Freiburg e breve passagem pela academia de Karlsruhe.;Wikidata;high;MAC USP;medium;47.994785999;7.849876999;100.0;46.15451;8.77327;100.0;Archivio Bissier;;high;Ulan;Ulan;;high
Julius Horsthuis;1980;;Netherlands;Open Studio, Amsterdam;52.36666666666667;4.883333333333333;Amsterdam, Netherlands;;male;Playgrounds> Open Studio;medium;;site oficial do artista;high;FILE;;52.361524688;4.890870311;;;;;;"atividade recente documentada; sem evidência de óbito";;site oficial (CV);;;high
Julius L. Stewart;1855;1919;United States;;;;Philadelphia, Pennsylvania, United States;Paris;male;;;;Smithsonian American Art Museum;high;;;39.9510605;-75.1656204;;48.856372814;2.352529617;100.0;"Smithsonian American Art Museum; Wikipedia";"variante abreviada do nome; tratado como duplicata segura de Julius LeBlanc Stewart";medium;Wikidata > Ulan;Wikidata > Ulan;;high
Julius Leblanc Stewart;1855;1919;United States;École des Beaux-Arts de Paris;48.853997;2.333500;Philadelphia;Paris;male;Wikipedia> Google Arts & Culture;medium;também estudou com Eduardo Zamacois e Jean-Léon Gérôme;Wikidata;high;Museu Paulista;medium;39.9510605;-75.1656204;100.0;48.856372814;2.352529617;100.0;"Smithsonian American Art Museum; Wikipedia";;medium;Wikidata > Ulan;Wikidata > Ulan;;high
Julián Angarita;;;Colombia;Universidad de los Andes;-33.404007;-70.507468;Colombia;;male;FILE> CV pessoal;high;FILE explicita “País de Origem: Colômbia”> preenchido em nível de país.;FILE Festival (País de Origem);high;FILE;;3.901115804;-73.075754924;100.0;;;;;"atividade recente documentada; sem evidência de óbito";;;;;
Jurgen Trautwein;1958;;Germany;University of the Arts Berlin;52.50916666666667;13.32694444444444;Bruchsal, Germany;;male;Project Space Byi;medium;;site oficial do artista / Galerie Marek Kralewski;high;FILE;;49.125784999;8.5977;100.0;;;;;"atividade recente documentada; sem evidência de óbito";;Ulan;;;high
Juuke Schoorl;1989;;Netherlands;Royal Academy of Art, The Hague (KABK);52.08161111111111;4.319166666666667;Netherlands;;female;KABK alumni> FILE;high;FILE explicita “País de Origem: Países Baixos / Holanda”> preenchido em nível de país.;FILE Festival (País de Origem);high;FILE;;52.249375293;5.616126398;100.0;;;;;"atividade recente documentada; sem evidência de óbito";;Museo Amparo;;;high
Jérémy Oury;;;France;ENSATT;45.7533;4.81142;France;;male;https://mx.diplomatie.gouv.fr/fr/jeremy-oury-de-la-scene-francaise-aux-projets-artistiques-numeriques-au-mexique | https://www.videomappingressources.com/FR/actu-101/jeremy-oury;medium;FILE explicita “País de Origem: França”> preenchido em nível de país.;FILE Festival (País de Origem);high;FILE;;46.559417044;2.550539953;100.0;;;;;"atividade recente documentada; sem evidência de óbito";;;;;
Júlio de Resende;1917;2011;;Academia Silva Porto > Escola Superior de Belas-Artes do Porto > estudos em Paris com Duco de la Haix e Othon Friesz;41.1579 > 41.1579 > 48.8567;-8.6291 > -8.6291 > 2.3522;Porto, Portugal;Valbom;male;https://raiz.museusemonumentos.pt/DetalhesAutor?authorId=68199 | https://lugardodesenho.org/pt/sobre/julio-resende/biografia;high;"Fontes museológicas confirmam Academia Silva Porto, Escola de Belas-Artes do Porto e formação posterior em Paris; a Académie de la Grande Chaumière não foi confirmada.";Fundação Júlio Resende;high;MAC USP;medium;41.1501526;-8.610318;;41.13247;-8.56414;100.0;"RTP; Wikipedia";topônimo normalizado para Valbom (Gondomar);medium;;;;
Júnior Suci;1985;;;Universidade Estadual Paulista Júlio de Mesquita Filho (UNESP) > Universidade Estadual de Campinas (UNICAMP);-22.8172 > -22.817222222222;-47.0694 > -47.069444444444;Americana, SP, Brazil;;male;Memorial da América Latina> Casa Museu Ema Klabin;high;instituições identificadas> datas dos estudos não localizadas com precisão;MAC USP;high;MAC USP;high;-22.7374;-47.3331;;;;;;"atividade recente documentada; sem evidência de óbito";;MAC USP;;;high
Kai Welf Hoyme;1979;;Germany;Academy of Media Arts Cologne (KHM) > Ruhr-University of Bochum;50.93475582568144 > 51.443888888889;6.962159950772375 > 7.2616666666667;Mönchengladbach, Germany;;male;site oficial do artista;high;;site oficial do artista / FILE Festival;high;FILE;;51.194472999;6.43161;100.0;;;;;"atividade recente documentada; sem evidência de óbito";;Stadt Viersen;;;high
Kang Hyeun;1993;;South Korea;;;;South Korea;;;;;FILE explicita “País de Origem: Coreia do Sul”> preenchido em nível de país.;FILE Festival (País de Origem);high;FILE;;35.907757;127.766922;;;;;;"atividade recente documentada; sem evidência de óbito";;FILE Festival;;;high
Kara Gut;1989;;United States;Cranbrook Academy of Art;42.567788874683096;-83.25154634187616;Cleveland, Ohio, United States;;female;FILE Festival> United States Artists;high;;Pioneer Works;high;FILE;;41.5051414;-81.6914575;100.0;;;;;"atividade recente documentada; sem evidência de óbito";;FILE Festival;;;high
Karel Appel;1921;2006;Kingdom of the Netherlands;Royal Academy of Fine Arts > Rijksakademie van beeldende kunsten;52.36222222222222 > 52.36222222222222;4.917777777777777 > 4.917777777777777;Amsterdam;Zurich;male;https://karelappelfoundation.com/karel-appel/chronology;high;A cronologia da fundação confirma ingresso na Rijksakademie em 1942 e proteção estudantil encerrada cerca de dois anos depois.;Wikidata;high;MAC USP;high;52.361524688;4.890870311;100.0;47.3667;8.55;100.0;"Wikipedia; Karel Appel Foundation";coordenadas urbanas padronizadas para Zürich;medium;Ulan;Museum Cobra;;high
Karina Smigla-Bobinski;1967;;Poland;Jan Matejko Academy of Fine Arts in Kraków > Akademie der Bildenden Künste München;50.066389 > 48.153196;19.941667 > 11.580312;Szczecin;;female;FILE Festival;high;;Wikidata;high;FILE;;53.425109842;14.550810974;100.0;;;;;"atividade recente documentada; sem evidência de óbito";;Wikidata;;;high
Karl Baumann;1911;1984;United States;University of Southern California (USC);34.021667;-118.285278;Leipzig;São Francisco;male;FILE Festival;high;;Wikidata;high;FILE;;51.338287999;12.377931001;100.0;37.7800771;-122.4201615;100.0;Wikipedia;;medium;Annex Galleries;Annex Galleries;;medium
Karl Ernst Papf;1833;1910;Brazil;Hochschule für Bildende Künste Dresden;51.052842;13.742444;Dresden;São Paulo;male;https://en.wikipedia.org/wiki/Karl_Ernst_Papf;medium;Registro mantido de forma prudente por escassez de cronologia detalhada.;Wikidata;high;Pinacoteca de São Paulo;low;51.051696999;13.736883;100.0;-23.5503944444;-46.6339472222;100.0;"Pinacoteca de São Paulo / Google Arts & Culture; Brasiliana Iconográfica";"fonte institucional usa São Paulo; fonte secundária recente situa a residência final em Fazenda das Palmeiras, Mogi das Cruzes";medium;Wikidata > Ulan;Wikidata > Ulan;;high
Karl Munstedt;;;United States;Pratt Institute;40.691111;-73.963889;Boston, Massachusetts, United States;;male;site oficial do artista | Currents New Media;high;;CURRENTS New Media;high;FILE;;42.3589942;-71.0586293;;;;;;"atividade recente documentada; sem evidência de óbito";;;;;
Karl Plattner;1919;1986;Italy;Accademia di Belle Arti di Brera > Accademia di Belle Arti di Venezia;45.472222 > 45.4286;9.188889 > 12.3305;Mals;Milan;male;https://de.wikipedia.org/wiki/Karl_Plattner;medium;;Wikidata;high;MAC USP;medium;46.6889259;10.5476666;100.0;45.46427;9.18951;100.0;"Wikipedia; Karl Plattner Archivio";;medium;Ulan;Ulan;;high
Karl Robert von Planitz;1804;1847;;Hochschule für Bildende Künste Dresden;51.05284167;13.74244444;Eilenburg;Rio de Janeiro;male;https://de.wikipedia.org/wiki/Karl_Robert_Planitz;medium;;Wikidata;high;Pinacoteca de São Paulo;medium;51.459845;12.632788;100.0;-22.9014475;-43.1789159;100.0;"Wikipedia; Fundação Casa de Rui Barbosa";registro biográfico também aparece como Carl Robert von der Planitz;medium;Wikidata;Wikidata;;high
Karni;1974;;Israel;Bezalel Academy of Arts and Design;31.781166666666667;35.22361111111111;Israel;;female;FILE Festival — biografia de Karni;high;FILE explicita “País de Origem: Israel”> preenchido em nível de país.;FILE Festival (País de Origem);high;FILE;;31.977711512;34.979217692;100.0;;;;;"atividade recente documentada; sem evidência de óbito";;SHOWstudio / FILE Festival;;identificado como Karni Arieli em fonte do FILE;medium
Karoline Georges;1970;;Canada;Université du Québec à Montréal (UQAM);45.513888888889;-73.560277777778;Montreal, Quebec, Canada;;female;https://artistesduquebec.ca/georges-karoline | https://karolinegeorges.wordpress.com/kgbio/;low;;FILE Festival / Wikipedia;medium;FILE;;45.508867;-73.554242;100.0;;;;;;;Wikidata;;;high
Karsten Hoof;;;Kingdom of Denmark;The Animation Workshop;56.4561;9.40611;Denmark;;male;Ox and Bird — Our team;medium;FILE explicita “País de Origem: Dinamarca”> preenchido em nível de país.;FILE Festival (País de Origem);high;FILE;;55.959300779;10.053934054;100.0;;;;;;;;;;
Kassiani Kappelos;;;Greece;University of the Arts London (UAL);51.5178;-0.116389;Greece;;female;FILE Festival;high;FILE explicita “País de Origem: Grécia”> preenchido em nível de país.;FILE Festival (País de Origem);high;FILE;;39.0;22.0;100.0;;;;;;;;;;
Katarina Lundquist;1993;;Norway;The Animation Workshop;56.4561;9.40611;Norway;;female;https://file.org.br/anima_sp_2019/katarina-lundquist/ | https://www.kattamedslips.no/about | https://www.animafest.hr/en/2019/authors/read/katarina_lundquist;high;;Animafest / FILE Festival;high;FILE;;62.0;10.0;100.0;;;;;;;FILE Festival;;;high
Katherina Tsirakis;1987;;Brazil;Pontifícia Universidade Católica de São Paulo (PUC-SP) > Fundação Armando Álvares Penteado (FAAP) > Limón Foundation;-23.5381 > -23.5450155 > 40.829304;-46.6705 > -46.6630802 > -73.943767;São Paulo, Brazil;;female;site oficial da artista;high;;FilmFreeway (perfil da artista);medium;FILE;;-23.5486657;-46.6382522;100.0;;;;;;;FilmFreeway;;;medium
Kazuhiro Goshima;1969;;Japan;Kyoto Institute of Technology;35.049389;135.781853;Shizuoka Prefecture, Japan;;male;transmediale;medium;;site oficial do artista / FILE Festival;high;FILE;;34.97515624;138.3832445;100.0;;;;;;;Wikidata;;;high
Kazuo Wakabayashi;1931;2021;Japan;Escola Técnica de Hikone > Escola de Belas Artes de Tóquio > Academia Niki;35.274361 > 35.68944444444445 > 35.68944444444445;136.259722 > 139.6916666666667 > 139.6916666666667;Kobe;;male;https://enciclopedia.itaucultural.org.br/pessoas/1011-wakabayashi;high;também frequenta aulas de desenho e pintura de Kanosuke Tamura;Wikidata;high;MAC USP;high;34.68942768;135.19575707;100.0;;;;;óbito confirmado, mas não localizei local de morte explícito em fonte auditável nesta rodada.;;Wikidata > Ulan;Wikidata;;high
Keigo Matsumoto;;;Japan;University of Tokyo;35.71339;139.76232;Kumamoto, Japan;;male;https://www.cyber.t.u-tokyo.ac.jp/~matsumoto/profile.html | https://researchmap.jp/keigomatsumoto?lang=en;high;;Universidade de Tóquio (página do projeto Unlimited Corridor);high;FILE;;32.8031;130.7079;;;;;;;;;;;
Keiya Sugano;1909;1963;;Tokyo University of the Arts;35.719578;139.772686;Tokyo, Japan;;male;fontes biográficas de referência;medium;instituição identificada em fontes sumárias;Enciclopédia Itaú Cultural;high;MAC USP;low;35.67686;139.763895;;;;;;;;MAC USP;MAC USP;;high
Kelley Bell;;;United States;University of Maryland, Baltimore County > Pratt Institute;39.25555555555555 > 40.691111;-76.71138888888889 > -73.963889;United States;;female;FILE Festival;high;FILE explicita “País de Origem: Estados Unidos”> preenchido em nível de país.;FILE Festival (País de Origem);high;FILE;;39.398703156;-99.41461919;100.0;;;;;;;;;;
Kenny Scharf;1958;;United States;School of Visual Arts;40.73861111;-73.98222222;Los Angeles;;male;https://kennyscharf.com/bio/ | https://hammer.ucla.edu/exhibitions/2015/hammer-projects-kenny-scharf;high;O site oficial do artista e o Hammer Museum confirmam o BFA na School of Visual Arts.;https://kennyscharf.com/bio/;high;MAC USP;high;34.0536909;-118.242766;100.0;;;;;"atividade recente documentada; sem evidência de óbito.";;https://kennyscharf.com/bio/;;;high
Kevin Lesur;;;France;;;;France;;male;;;FILE explicita “País de Origem: França”> preenchido em nível de país.;FILE Festival (País de Origem);high;FILE;;46.559417044;2.550539953;100.0;;;;;;;;;;
Kevin Welsh;;;United States;Savannah College of Art and Design;32.073;-81.0961;United States;;male;FILE Festival;high;FILE explicita “País de Origem: United States”> preenchido em nível de país.;FILE Festival (País de Origem);high;FILE;high;39.398703156;-99.41461919;100.0;;;;;;;;;;
Khalil Charif;1967;;Brazil;Parsons School of Design > New York University (NYU) > Escola de Artes Visuais do Parque Lage > Pontifícia Universidade Católica do Rio de Janeiro (PUC-RJ);40.735357 > 40.729591 > -22.9606 > -22.97868;-73.994533 > -73.996895 > -43.212 > -43.232819;Rio de Janeiro;;male;FILE Festival;high;;Wikidata;high;FILE;;-22.9014475;-43.1789159;100.0;;;;;"atividade recente documentada; sem evidência de óbito.";;Wikidata;;;high
Kian Hossein;1990;;Iran;Qazvin Islamic Azad University (QIAU);36.3212;50.036;Tehran, Iran;;male;FILE Festival> site oficial do artista;high;Biografia do FILE explicita nascimento em Teerã.;FILE Festival (biografia do artista);high;FILE;;35.6863968;51.4328575;;;;;;;;FILE Festival;;;high
Kim Laughton;;;People's Republic of China;;;;China;;male;;;FILE explicita “País de Origem: China”> preenchido em nível de país.;FILE Festival (País de Origem);high;FILE;;36.567348398;103.930027033;100.0;;;;;;;;;;
Kim Strandli;1992;;Norway;The Animation Workshop;56.4561;9.40611;Norway;;male;FILE Festival> site oficial do artista;high;FILE explicita “País de Origem: Noruega”> preenchido em nível de país.;FILE Festival (País de Origem);high;FILE;;62.0;10.0;100.0;;;;;;;NUFF;;;medium
Kirokaze;1991;;Peru;;;;Lima;;male;;;;Wikidata;high;FILE;;-12.04318;-77.02824;100.0;;;;;;;Espacio Byte / FILE Festival;;identificado como Gerardo Quiroz V. em fonte do FILE;medium
Klasien Van De Zandschulp;1980;;Netherlands;Hogeschool Arnhem en Nijmegen > Hogeschool van Utrecht;51.989 > 52.09083333333334;5.9493 > 5.121666666666667;Netherlands;;female;CV (Mediamatic) — Klasien van de Zandschulp;medium;FILE explicita “País de Origem: Países Baixos / Holanda”> preenchido em nível de país.;FILE Festival (País de Origem);high;FILE;;52.249375293;5.616126398;100.0;;;;;"atividade recente documentada; sem evidência de óbito.";;Noorderlicht;;;high
Koos Hooykaas;1903;1969;Kingdom of the Netherlands;Royal Academy of Art, The Hague (KABK);52.08161111111111;4.319166666666667;Rotterdam;'s-Graveland;male;biografia institucional do artista> fontes de referência;medium;datas aproximadas;Wikidata;high;MAC USP;medium;51.918323034;4.493749988;100.0;52.240957026;5.123342649;100.0;"De Valk Lexicon; Van Abbemuseum";"local de morte auditado; coordenadas mantidas para a localidade.";high;Ulan;Ulan;;high
Kozo Mio;1924;2000;Japan;;;;Nagoya, Aichi, Japan;;male;;;;MAC USP;high;;;35.18145;136.90641;;;;;;;;Wikidata;Wikidata;;high
Kristin McWharter;1990;;United States;Maryland Institute College of Art > University of California, Los Angeles (UCLA);39.3056 > 34.07222222222222;-76.6206 > -118.4427777777778;United States;;female;School of the Art Institute of Chicago> UCLA Design Media Arts;high;FILE explicita “País de Origem: Estados Unidos”> preenchido em nível de país.;FILE Festival (País de Origem);high;FILE;;39.398703156;-99.41461919;100.0;;;;;;;Fundación CorpArtes;;;medium
Krsto Hegedušić;1901;1975;Hungary;Academy of Fine Arts, Zagreb;45.8121;15.9624;Petrinja;Zagreb;male;https://nmmu.hr/en/tag/krsto-hegedusic-en/;high;O National Museum of Modern Art confirma a graduação na Academy of Fine Arts de Zagreb em 1926.;Wikidata;high;MAC USP;high;45.436257443;16.285364178;100.0;45.815916177;15.980642745;100.0;Hrvatski biografski leksikon;"local de morte auditado; coordenadas mantidas para o município.";high;;;;
Krystal Li;;;United States;Pratt Institute;40.691111;-73.963889;New York, United States;;female;Pratt Shows 2020;medium;Fonte institucional usa formulação de origem (“Sou de Nova York”), sem afirmar nascimento.;FILE Festival (biografia do artista);high;FILE;;40.7130466;-74.0072301;100.0;;;;;;;;;;
Kuesti Fraun;1976;;Germany;;;;Germany;;male;;;;FilmFreeway / IMDb;medium;FILE;;51.110631049;10.392277932;100.0;;;;;;;Wikidata;;;high
L. Masson;;;;;;;;;;;;;;;Museu Histórico Nacional;;;;;;;;;;;;;;
Lair Gago;;;;;;;;;;;;"The biographical identity could not be reliably disambiguated; the education at UFRGS was not confirmed.";;;Museu de Arte Religiosa e Tradicional;low;;;;;;;;;;;;;
Lama Kadri;;;Lebanon;American University of Sharjah;25.309722;55.490556;Lebanon;;female;https://www.aus.edu/student-story/lama-kadri | https://www.aus.edu/media/news/sharjah-light-festival-at-aus-the-story-behind-the-lights;high;FILE explicita “País de Origem: Líbano”> preenchido em nível de país.;FILE Festival (País de Origem);high;FILE;;33.854721;35.862285;;;;;;;;;;;
Lara Genovese;;;Italy;;;;Italy;;female;;;FILE explicita “País de Origem: Itália”> preenchido em nível de país.;FILE Festival (País de Origem);high;FILE;;42.83333;12.83333;100.0;;;;;;;;;;
Lasar Segall;1889;1957;Brazil;Prussian Academy of Arts > Escola de Artes Aplicadas > Königliche Akademie der Künste;52.516667 > 52.516666666667 > 52.516666666667;13.383333 > 13.383333333333 > 13.383333333333;Vilnius;São Paulo;male;Enciclopédia Itaú Cultural;high;inicia estudos de arte na Lituânia em 1905> instituição não identificada;Wikidata;high;MAC USP;medium;54.701609712;25.266350902;100.0;-23.5486657;-46.6382522;100.0;Museu Lasar Segall / Ibram;"local de morte auditado; fonte institucional do museu.";high;;;;
Laura Cesana;;;;Temple University (Roma) > Art Students League of New York > Universidade de Roma > Escola Superior de Educação pela Arte de Lisboa > Boston University;41.893056 > 40.766083333333 > 41.903333 > 38.708042 > 42.34888888888889;12.482778 > -73.980861111111 > 12.515833 > -9.139016 > -71.10027777777778;Rome, Lazio, Italy;;female;https://www.cps.pt/pt/artistas/laura-cesana | https://www.lauracesana.com/backgroundpt.html> https://www.cps.pt/pt/artistas/laura-cesana | https://www.lauracesana.com/backgroundpt.html | https://www.serigrafiaseafins.pt/post/arteemdestaque-laura-cesana;high;A fonte lista várias etapas formativas, mas sem cronologia detalhada de cada curso livre.;MAC USP;high;MAC USP;medium;41.8905568;12.4942679;;;;;;;;;;;
Laura Højberg Kunov;;;Kingdom of Denmark;The Animation Workshop;56.4561;9.40611;Frederiksberg, Denmark;;female;CV da artista;medium;Biografia do FILE explicita nascimento em Frederiksberg, na Dinamarca.;FILE Festival (biografia do artista);high;FILE;;55.677104;12.535147;;;;;;;;;;;
Laura Leppert;;;Germany;Akademie der Bildenden Künste München;48.153196;11.580312;Germany;;female;FILE Festival> Urbane Künste Ruhr;high;FILE explicita “País de Origem: Alemanha”> preenchido em nível de país.;FILE Festival (País de Origem);high;FILE;;51.110631049;10.392277932;100.0;;;;;;;;;;
Laura Schneider;;;United States;New York University (NYU) > City College of New York;40.729591 > 40.8194;-73.996895 > -73.95;United States;;female;site oficial da artista> Research Kitchens NYU Abu Dhabi;high;FILE explicita “País de Origem: Estados Unidos”> preenchido em nível de país.;FILE Festival (País de Origem);high;FILE;;39.398703156;-99.41461919;100.0;;;;;;;;;;
Laura Tack;1988;;Belgium;Royal Academy of Fine Arts, Ghent;51.05361111111111;3.725277777777778;Belgium;;female;Q-O2;medium;fonte identifica apenas o país de nascimento;FILE Festival;medium;FILE;;50.833333;4.0;;;;;;;;Four Boxes;;;high
Laurel Beckman;;;United States;California Institute of the Arts (CalArts);34.393055555556;-118.56694444444;United States;;male;AD&A Museum / UC Santa Barbara;high;FILE explicita “País de Origem: United States”> preenchido em nível de país.;FILE Festival (País de Origem);high;FILE;high;39.398703156;-99.41461919;100.0;;;;;;;;;;
Lauren Dimaya;;;United States;Pratt Institute;40.691111;-73.963889;United States;;female;FILE Festival;high;FILE explicita “País de Origem: United States”> preenchido em nível de país.;FILE Festival (País de Origem);high;FILE;high;39.398703156;-99.41461919;100.0;;;;;;;;;;
Lauren Fenton;;;United States;University of Southern California (USC) > Swarthmore College;34.021667 > 39.905435;-118.285278 > -75.353475;United States;;female;USC World Building Media Lab> CV público;high;FILE explicita “País de Origem: United States”> preenchido em nível de país.;FILE Festival (País de Origem);high;FILE;high;39.398703156;-99.41461919;100.0;;;;;;;;;;
Lawrence Malstaf;1972;;Belgium;Henry van de Velde Institute, Antwerp;51.22111111111112;4.399722222222223;Bruges;;male;Frankfurter Kunstverein> FILE Festival;high;;Wikidata;high;FILE;;51.266855502;3.220199559;100.0;;;;;"atividade recente documentada; sem evidência de óbito.";;Wikidata > Ulan;;;high
Leandro Angare;;;Brazil;Seneca College > Universidade Estadual de Campinas (UNICAMP);43.79395 > -22.817222222222;-79.349047222222 > -47.069444444444;Brazil;;male;https://archive.file.org.br/participantes/leandro-angare/;high;FILE explicita “País de Origem: Brasil”> preenchido em nível de país.;FILE Festival (País de Origem);high;FILE;;-10.769946429;-53.073466889;100.0;;;;;;;;;;
Leandro Joaquim;1738;1798;Brazil;student of the painter João de Sousa;-22.91111111111111;-43.20555555555556;Rio de Janeiro;Rio de Janeiro;male;https://www.catalogodasartes.com.br/artista/Leandro%20Joaquim/ | https://enciclopedia.itaucultural.org.br/pessoas/7084-leandro-joaquim;medium;Não há instituição formal recuperada, apenas mestre identificado.;Wikidata;high;Museu Histórico Nacional;medium;-22.9014475;-43.1789159;100.0;-22.9111111111;-43.2055555556;100.0;Enciclopédia Itaú Cultural;coordenadas padronizadas para o centro urbano do Rio de Janeiro na auditoria.;high;Ulan;Ulan;;high
Leda Catunda;1961;;Brazil;Fundação Armando Álvares Penteado (FAAP);-23.5450155;-46.6630802;São Paulo;;female;https://pt.wikipedia.org/wiki/Leda_Catunda;medium;teve como mestres Regina Silveira, Julio Plaza, Nelson Leirner e Walter Zanini;Wikidata;high;MAC USP;high;-23.5486657;-46.6382522;100.0;;;;;"atividade recente documentada; sem evidência de óbito.";;Wikidata > Ulan;;;high
Lee Dror;1989;;Israel;Bezalel Academy of Arts and Design;31.781166666666667;35.22361111111111;Israel;;female;https://archive.file.org.br/participantes/lee-dror/> https://leedror.com/about;high;FILE explicita “País de Origem: Israel”> preenchido em nível de país.;FILE Festival (País de Origem);high;FILE;high;31.977711512;34.979217692;100.0;;;;;"atividade recente documentada; sem evidência de óbito.";;Wikidata / FILE Festival;;"ano de nascimento em base de autoridade; identidade conferida com página do FILE";medium
Lei Han;1967;;;Shenzhen University > Memphis College of Art;22.539256 > 35.1459;113.933684 > -89.9937;China;;female;CURRENTS New Media;high;FILE explicita “País de Origem: China”> preenchido em nível de país.;FILE Festival (País de Origem);high;FILE;;36.567348398;103.930027033;100.0;;;;;"atividade recente documentada; sem evidência de óbito.";;Ulan;;;high
Leila Santiago;;;Brazil;Universidade de São Paulo (USP) > School of Visual Arts;-23.561399 > 40.73861111;-46.730789 > -73.98222222;Rio de Janeiro;;female;https://archive.file.org.br/participantes/leila-santiago/;high;;Wikidata;high;FILE;;-22.9014475;-43.1789159;100.0;;;;;"atividade profissional documentada; sem evidência de óbito.";;;;;
Leno Veras;;;Brazil;Universidade de Brasília (UnB) > Universidad de Salamanca > Universidad Nacional de las Artes (UNA) > Universidade Federal do Rio de Janeiro (UFRJ) > University of London (Warburg Institute);-15.76138888888889 > 40.96138888888889 > -34.59472222 > -22.8625 > 51.523333;-47.86638888888889 > -5.666666666666667 > -58.39944444 > -43.223888888889 > -0.13;Brazil;;male;https://www.escavador.com/sobre/4984006/leno-veras-de-carvalho> https://www.premiopipa.com/leno-veras/;medium;FILE explicita “País de Origem: Brasil”> preenchido em nível de país.;FILE Festival (País de Origem);high;FILE;;-10.769946429;-53.073466889;100.0;;;;;"atividade recente documentada; sem evidência de óbito.";;;;;
Leon Gischia;1903;1991;France;École supérieure des arts décoratifs de Strasbourg;48.5825;7.7591;Dax;Venice;male;fontes biográficas de referência;medium;instituição identificada em biografias sumárias;Wikidata;high;MAC USP;medium;43.708616207;-1.051795028;100.0;45.434608;12.338913;100.0;Centre Pompidou;;high;Ulan;Centre Pompidou;;high
Leonardo Crescenti;1954;2018;Brazil;Faculdade de Arquitetura e Urbanismo e de Design da USP (FAU-USP);-23.56012;-46.72985;São Paulo;São Paulo;male;Itaú Cultural | Videobrasil;high;;Wikidata;high;FILE;;-23.5486657;-46.6382522;100.0;-23.5503944444;-46.6339472222;100.0;Enciclopédia Itaú Cultural;;high;;;;
Leonel Brayner;1944;;;;;;Maceió, Alagoas, Brazil;;male;;;Fontes encontradas não indicam escola> preenchimento conservador apenas para registrar ausência de formação formal identificada.;MAC USP;high;MAC USP;low;-9.6652281;-35.7357217;;;;;;"atividade recente documentada; sem evidência de óbito.";;MAC USP;;;high
Leonello Berti;1925;1968;;Accademia di Belle Arti di Firenze;43.776907;11.258475;Florence, Italy;Ribeirão Preto;male;https://plataformaverri.com.br/?bib=1&idBook=1540&idCategory=8&idCity=24&letter=R&local=book | https://museudigital.odillamestriner.com.br/wp-content/uploads/tainacan-items/6750/9273/p26-m1.pdf;high;As fontes citam trabalho prolongado com Ottone Rosai como mestre.;Plataforma Verri;medium;MAC USP;medium;43.7696;11.2558;;-21.1775;-47.81028;100.0;Plataforma Verri;"local de óbito sustentado por plataforma cultural; não localizei fonte institucional primária aberta nesta rodada.";medium;Wikidata;Wikidata;;high
Leonilson;1957;1993;Brazil;Fundação Armando Álvares Penteado (FAAP) > Escola de Artes Aster;-23.5450155 > -23.550394444444;-46.6630802 > -46.633947222222;Fortaleza;São Paulo;male;https://museuvictormeirelles.museus.gov.br/um-ponto-e-outro/n-1-leonilson/n-1-leonilson-biografia/;high;aulas com Nelson Leirner, Júlio Plaza e Regina Silveira na FAAP;Wikidata;high;MAC USP;high;-3.7184625;-38.5416698;100.0;-23.5503944444;-46.6339472222;100.0;Enciclopédia Itaú Cultural;;high;Wikidata > Ulan;Wikidata > Ulan;;high
Leonor de Almeida Portugal, 4th Marquise of Alorna;1750;1839;Kingdom of Portugal;convent education in Chelas > literary guidance from Filinto Elísio;38.748982 >;-9.117437 >;Lisbon;Lisbon;female;https://pt.wikipedia.org/wiki/Leonor_de_Almeida_Portugal | https://livro.dglab.gov.pt/sites/DGLB/Portugues/autores/Paginas/PesquisaAutores1.aspx?AutorId=6636> https://pt.wikipedia.org/wiki/Leonor_de_Almeida_Portugal | https://www.arqnet.pt/dicionario/alorna4.html;medium;A formação aparece como educação conventual e cultivo intensivo de letras, música e pintura.;Wikidata;high;MASP;medium;38.7070085;-9.1356407;100.0;38.7070085;-9.1356407;100.0;Portal da Literatura;;medium;Wikidata;Wikidata;;high
Leopoldino Faria;1836;1911;Brazil;Academia Imperial de Belas Artes > drawing with Jules Le Chevrel > painting with Victor Meirelles;-22.9071 >  > ;-43.1829 >  > ;Campos dos Goytacazes, RJ, Brazil;Rio de Janeiro;male;https://enciclopedia.itaucultural.org.br/pessoas/7156-leopoldino-de-faria | https://pt.wikipedia.org/wiki/Leopoldino_Faria;medium;A formação acadêmica aparece com clareza, mas a fonte não traz intervalo cronológico preciso.;Wikipédia em português;medium;Museu Histórico Nacional;high;-21.75227;-41.33044;;-22.9111111111;-43.2055555556;100.0;Enciclopédia Itaú Cultural;coordenadas padronizadas para o centro urbano do Rio de Janeiro na auditoria.;high;Wikidata;Wikidata;;high
Letícia Burgos;1957;;;Universidad Nacional de Cuyo > Arizona State University;-32.88043333333334 > 33.42361111111111;-68.87773333333334 > -111.9355555555556;Buenos Aires, Argentina;;female;https://yicca.org/es/view/info/leticia-burgos;medium;fonte galerística com descrição biográfica explícita;YICCA / biografia pública;medium;MAC USP;medium;-34.6090264;-58.3732215;100.0;;;;;;;Wikidata;;;high
Letícia Guimarães;1983;;Brazil;Escola Guignard;-19.9552;-43.9202;Nova Iguaçu;;female;fontes biográficas de referência;medium;datas aproximadas;Wikidata;high;Museu Casa da Hera;low;-22.7597835;-43.45151;100.0;;;;;;;Wikidata;;;high
Levi Madeira;1963;;;Universidade Federal do Ceará (UFC);-3.7418917;-38.5411983;Tanque, João Lisboa, Maranhão, Brazil;;male;https://levimadeira.recantodasletras.com.br/perfil.php;medium;Ophthalmologist who graduated from Universidade Federal do Ceará in 1988 and an author of cordel literature.;https://levimadeira.recantodasletras.com.br/perfil.php;medium;Museu de Arte Religiosa e Tradicional;high;-5.4478;-47.4008;;;;;;;;Recanto das Letras (perfil do autor);;;medium
Levino Fânzeres;1884;1956;Brazil;Liceu de Artes e Ofícios > Escola Nacional de Belas Artes;-22.91111111111111 > -22.8625055;-43.20555555555556 > -43.2256622;Cachoeiro de Itapemirim;Rio de Janeiro;male;https://pt.wikipedia.org/wiki/Levino_F%C3%A2nzeres | https://www.arrematearte.com.br/artistas/levino-fanzeres-1884;medium;A fonte menciona professores Artur Machado, Evêncio Nunes, João Zeferino da Costa e Baptista da Costa.;Wikidata;high;Museu Histórico Nacional;high;-20.8488716;-41.1132515;100.0;-22.9111111111;-43.2055555556;100.0;Enciclopédia Itaú Cultural;coordenadas padronizadas para o centro urbano do Rio de Janeiro na auditoria.;high;Wikidata > Ulan;Wikidata > Ulan;;high
Leyla Mattoso;1926;;;Escola Nacional de Belas Artes;-22.862506;-43.225662;São José do Rio Preto, São Paulo, Brazil;;female;fontes biográficas de referência;medium;;MAC USP;high;MAC USP;low;-20.8113;-49.3758;;;;;;;;MAC USP;;;high
León Ferrari;1920;2013;Morocco;Universidad de Buenos Aires (UBA);-34.599722;-58.373056;Buenos Aires;Buenos Aires;male;https://cultura.gob.ar/cien-anos-de-leon-ferrari-9425/;high;engenheiro de formação> artista autodidata em artes plásticas;Wikidata;high;MAC USP;high;-34.6090264;-58.3732215;100.0;-34.6090264;-58.3732215;100.0;"TN; Argentina.gob.ar";;medium;Ulan;Ulan;;high
Lilian Döring;1978;;Brazil;Centro Federal de Educação Tecnológica do Paraná > Escola de Belas Artes do Paraná;-25.43925 > -25.429722;-49.268833 > -49.271944;Curitiba, Paraná, Brazil;;female;FILE Festival;high;;FILE Festival;high;FILE;;-25.4283563;-49.2732515;;;;;;"atividade documentada em fonte institucional; sem evidência de óbito.";;;;;
Liliana Farber;1983;;Uruguay;Parsons School of Design > Hamidrasha School of Art, Beit Berl College > O.R.T. University;40.735357 > 32.200699 > -34.90591666666667;-73.994533 > 34.918464 > -56.19131111111111;Montevideo, Uruguay;;female;NYU The Latinx Project;high;;FILE Festival / site oficial da artista;high;FILE;;-34.9055557;-56.1852505;100.0;;;;;"atividade recente documentada; sem evidência de óbito.";;Wikidata;;;high
Lilly Michael;1914;;;School of Painting and Sculpture at Columbia University;40.8075;-73.961944444444;New York, New York, United States;;female;https://www.ripleyauctions.com/auction-lot/lily-michael-american-1912-1999-abstract-195_9C44095860;medium;A fonte usa a grafia Lily Michael> mantido o creator original Lilly Michael.;MAC USP;high;MAC USP;medium;40.7130466;-74.0072301;;;;;;;;MAC USP;;"fonte secundária de mercado indica 1912–1999; mantido nascimento institucional e morte em branco por falta de confirmação equivalente";medium
Lindsay Grace;;;United States;Northwestern University School of Engineering > Northwestern University > Boston Security Analysts Society;42.0564594 > 42.0564594 > 42.36027777777777;-87.675267 > -87.675267 > -71.05777777777777;United States;;male;CV oficial de Lindsay Grace;high;FILE explicita “País de Origem: United States”> preenchido em nível de país.;FILE Festival (País de Origem);high;FILE;high;39.398703156;-99.41461919;100.0;;;;;"atividade recente documentada; sem evidência de óbito.";;;;;
Lisa Ficker Hoffmann;1889;1964;;;;;Leipzig, Saxony, Germany;Joinville;female;;;formação não localizada com segurança;MAC USP;high;MAC USP;;51.338287999;12.377931001;;-26.3038888889;-48.8458333333;100.0;MAC USP;;high;Ulan;Ulan;;high
Liu Chang;;;;New York University Tisch School of the Arts > Pratt Institute;40.72922222 > 40.691111;-73.99377778 > -73.963889;Beijing, China;;female;https://liuchang.work/about;medium;;ArtFacts / The Artling;medium;FILE;;39.906217;116.391276;;;;;;;;;;;
Liu Sha;;;People's Republic of China;;;;;;female;;;homônimo não desambiguado com segurança;;;FILE;;;;;;;;;;;;;;
Liz Miller;1800;;;Rhode Island School of Design > University of Minnesota;41.825833333333 > 44.975;-71.407777777778 > -93.23527777777778;Minnesota, United States;;female;https://hss.mnsu.edu/academic-programs/art/art-faculty-staff/liz-miller/ | https://mccollcenter.org/artists-in-residence/artist/liz-miller;high;fonte descreve a artista como 'from Minnesota'> usado como local com baixa confiança.;https://en.wikipedia.org/wiki/Liz_Miller_(artist);high;MAC USP;low;46.729553;-94.6859;;;;;;"atividade recente documentada; sem evidência de óbito.";;Ulan;;;high
Lluís Graner;1863;1929;Spain;Escola de la Llotja > copying study at the Museo del Prado > Académie des Beaux-Arts;41.3851 > 40.41388888888889 > 48.857222;2.1734 > -3.692222222222222 > 2.336889;Barcelona;Barcelona;male;https://en.wikipedia.org/wiki/Llu%C3%ADs_Graner | https://www.guiadasartes.com.br/luiz-graner-y-arrufi/biografia | https://www.escritoriodearte.com/artista/luis-graner;medium;;Wikidata;high;Museu Histórico Nacional;high;41.387917;2.1699187;100.0;41.387917;2.1699187;100.0;Wikipedia;;medium;;;;
Lorenzo Indrimi;1930;2013;Italy;Accademia di Belle Arti di Bologna;44.497811111111;11.353188888889;Rome, Lazio, Italy;;male;https://it.wikipedia.org/wiki/Lorenzo_Indrimi;medium;instituição identificada> datas não localizadas com precisão;MAC USP;high;MAC USP;medium;41.8905568;12.4942679;;;;;;;;Wikidata > Ulan;Wikidata;;high
Lorenzo Romagnoli;;;Italy;Delft University of Technology (TU Delft);52.001666666667;4.3725;Italy;;male;https://www.ciid.dk/community/lorenzo-romagnoli;medium;FILE explicita “País de Origem: Italy”> preenchido em nível de país.;FILE Festival (País de Origem);high;FILE;high;42.83333;12.83333;100.0;;;;;"atividade recente documentada; sem evidência de óbito.";;;;;
Lorenzo Viani;1882;1936;Kingdom of Italy;Istituto di Belle Arti di Lucca;43.85;10.516666666667;Viareggio;Lido di Ostia;male;fontes biográficas de referência;medium;instituição identificada> datas não localizadas com precisão;Wikidata;high;MAC USP;medium;43.874537;10.2568888;100.0;41.73212;12.27654;100.0;Wikipedia;;medium;Ulan;Ulan;;high
Lori Malépart-Traversy;1991;;Canada;Concordia University;45.496944444444445;-73.57805555555555;Montreal, Canada;;female;FILE Festival;high;;FILE Festival / Coalition ÉduSex;high;FILE;;45.508867;-73.554242;100.0;;;;;;;;;;
Lothar Charoux;1912;1987;Brazil;studies with Siegfried Charoux > Liceu de Artes e Ofícios > classes with Waldemar da Costa; > -23.5331446 > ; > -46.6267577 > ;Vienna;São Paulo;male;https://enciclopedia.itaucultural.org.br/pessoas/2207-lothar-charoux;high;;Wikidata;high;MAC USP;medium;48.2092062;16.3727778;100.0;-23.5503944444;-46.6339472222;100.0;https://enciclopedia.itaucultural.org.br/pessoas/2207-lothar-charoux;;high;Wikidata > Ulan;Wikidata > Ulan;;high
Louis Buvelot;1814;1888;Australia;Escola de Desenho de Lausanne > studies with Marc Louis Arlaud;46.533333 > ;6.633333 > ;Morges;Melbourne;male;https://enciclopedia.itaucultural.org.br/pessoas/7222-louis-buvelot;high;Fonte de Itaú Cultural explicita escola e professor.;Wikidata;high;Museu Nacional de Belas Artes;high;46.513243136;6.494946024;100.0;-37.815051434;144.960255426;100.0;Wikipedia;;medium;Ulan;Ulan;;high
Louis Guédy;1847;1926;France;École des Beaux-Arts de Paris;48.853997;2.333500;Grenoble;;male;https://pt.wikipedia.org/wiki/Louis_Gu%C3%A9dy | https://www.musee-orsay.fr/en/ressources/artists-personalities-catalog/louis-guedy-14357> https://pt.wikipedia.org/wiki/Louis_Gu%C3%A9dy;medium;A fonte aberta também informa que foi aluno de Adolphe Yvon.;Wikidata;high;Museu Paulista;high;45.186447778;5.736442084;100.0;;;;;;;Wikidata;Wikidata;;high
Louis Van Lint;1909;1986;Belgium;Académie des beaux-arts de Saint-Josse-ten-Noode;50.85444;4.37028;Saint-Josse-ten-Noode;Kraainem;male;https://en.wikipedia.org/wiki/Louis_Van_Lint;medium;"A fonte identificável confirma estudos de pintura na Académie des beaux-arts de Saint-Josse-ten-Noode; confiança mantida como média por se tratar de fonte secundária.";Wikidata;high;MAC USP;high;50.85170248;4.376851826;100.0;50.8619888889;4.4717805556;100.0;louisvanlint.org;"topônimo e coordenadas corrigidos na auditoria; fonte oficial indica Kraainem, e não Brussels metropolitan area.";high;Wikidata > Ulan;Wikidata > Ulan;;high
Louis-Auguste Moreaux;1818;1877;France;French sculpture studio;;;Rocroi;Rio de Janeiro;male;https://data.bnf.fr/fr/14967958/louis-auguste_moreaux/;high;Sem escola formal explicitada na fonte aberta recuperada.;Wikidata;high;Museu Histórico Nacional;low;49.925149573;4.519878794;100.0;-22.9111111111;-43.2055555556;100.0;Enciclopédia Itaú Cultural;coordenadas padronizadas para o centro urbano do Rio de Janeiro na auditoria.;high;;;;
Lucas Cranach the Elder;1472;1553;Holy Romen Empire;training with his father Hans Maler;50.327841515;11.37204329;Kronach;Weimar;male;https://en.wikipedia.org/wiki/Lucas_Cranach_the_Elder | https://www.britannica.com/biography/Lucas-Cranach-the-Elder;high;A formação é descrita nas fontes como familiar/oficina.;Wikidata;high;MASP;medium;50.327841515;11.37204329;100.0;50.980760999;11.329741001;100.0;Britannica;;high;Ulan;Ulan;;high
Lucas Durkheim;;;France;Gobelins, l'école de l'image > California Institute of the Arts (CalArts);48.836944 > 34.393055555556;2.353611 > -118.56694444444;France;;male;https://lucasdurkheim.com/index.php/contacts/ | https://www.miyu.fr/distribution/en/grounded-2/;high;FILE explicita “País de Origem: França”> preenchido em nível de país.;FILE Festival (País de Origem);high;FILE;;46.559417044;2.550539953;100.0;;;;;;;;;;
Lucas Morais;;;Brazil;;;;;;male;;;homônimo não desambiguado com segurança;;;FILE;;;;;;;;;;;;;;
Lucia Casas de Pilla;;;;;;;;;;;;formação não localizada com segurança;;;Museu da Inconfidência;;;;;;;;;;;;;;
Luciano Gregory;1912;;;theater training with Sérgio Cardoso, Augusto Boal and Abílio Pereira de Almeida;;;Italy;;male;https://www.tvsaudades.com.br/item/2596/luciano-gregory-anos/details?pageType=search | https://www.museudatv.com.br/biografia/luciano-gregory/;high;fonte biográfica identifica apenas o país> preenchimento mantido em nível de país.;Museu Brasileiro da TV;high;MAC USP;low;42.83333;12.83333;100.0;;;;;fonte secundária indica morte em São Paulo na década de 1970, sem precisão suficiente para preencher o campo.;;Museu da TV;;fonte consultada indica falecimento no final dos anos 1970, sem ano exato;medium
Lucie Prigent;;;France;École Georges Méliès;48.74245192283895;2.392101897752613;France;;female;https://archive.file.org.br/participantes/lucie-prigent/> https://vimeo.com/lucieprigent;medium;FILE explicita “País de Origem: França”> preenchido em nível de país.;FILE Festival (País de Origem);high;FILE;;46.559417044;2.550539953;100.0;;;;;"atividade profissional recente documentada; sem evidência de óbito.";;;;;
Lucila Mayol;1986;;Argentina;KMD/UiB (University of Bergen) > Universidad Nacional de las Artes (UNA) > ENERC;60.3830 > -34.59472222 > -34.599722222222;5.3330 > -58.39944444 > -58.381944444444;Argentina;;female;https://www.hiap.fi/resident/lucila-mayol/;medium;FILE explicita “País de Origem: Argentina”> preenchido em nível de país.;FILE Festival (País de Origem);high;FILE;high;-38.416097;-63.616672;;;;;;"atividade recente documentada; sem evidência de óbito.";;site da artista / HIAP;;;high
Lucio Fontana;1899;1968;Italy;Accademia di Belle Arti di Brera;45.472222;9.188889;Rosario;Comabbio;male;https://luciofontana.net/en/biography/lucio-fontana-biography-1921-1930 | https://www.fondazioneluciofontana.it/en/lucio-fontana/biografia/;high;A fundação dedicada ao artista confirma a conclusão dos estudos de escultura na Accademia di Belle Arti di Brera.;Wikidata;high;MAC USP;high;-32.959243;-60.683476;100.0;45.7721016;8.6753295;100.0;"Fondazione Lucio Fontana; Comune di Comabbio";"local de morte auditado; fundação informa Varese e fonte municipal especifica Comabbio.";medium;Ulan;Ulan;;high
Lucy Citti Ferreira;1911;2008;Brazil;Escola de Belas Artes do Havre > École des Beaux-Arts de Paris > studies with Lasar Segall;49.494167 > 48.853997 > ;0.108056 > 2.333500 > ;São Paulo;Paris;female;https://pt.wikipedia.org/wiki/Lucy_Citti_Ferreira | https://www.escritoriodearte.com/artista/lucy-citti-ferreira;medium;;Wikidata;high;MAC USP;high;-23.5486657;-46.6382522;100.0;48.8566666667;2.3522222222;100.0;MAC USP;"local de morte auditado; fonte institucional registra Paris, sem arrondissement.";high;Wikidata > Ulan;Wikidata > Ulan;;high
Lucílio de Albuquerque;1877;1939;Brazil;Faculdade de Direito da Universidade de São Paulo (USP) > Escola Nacional de Belas Artes;-23.55 > -22.8625055;-46.637222 > -43.2256622;Barras;Rio de Janeiro;male;https://enciclopedia.itaucultural.org.br/pessoas/6103-lucilio-de-albuquerque;high;abandona o direito para estudar pintura;Wikidata;high;Museu Nacional de Belas Artes;high;-4.2447811;-42.2955275;100.0;-22.9014475;-43.1789159;100.0;"Museu Afro Brasil; Enciclopédia Itaú Cultural";"local de morte auditado; coordenadas mantidas para o município.";high;Wikidata;Wikidata;;high
Ludmila Rodrigues;1979;;Brazil;Universidade Federal do Rio de Janeiro (UFRJ) > Royal Academy of Art, The Hague (KABK) > PXL-MAD School of Arts;-22.8625 > 52.08161111111111 > 50.930480555556;-43.223888888889 > 4.319166666666667 > 5.3384972222222;Rio de Janeiro;;female;FILE Festival;high;;Wikidata;high;FILE;;-22.9014475;-43.1789159;100.0;;;;;"atividade recente documentada; sem evidência de óbito.";;site da artista / FILE Festival;;;high
Ludolf Bakhuizen;1631;1708;Dutch Republic;studies with Allart van Everdingen and Hendrik Dubbels;52.361524688;4.890870311;Emden;Amsterdam;male;https://en.wikipedia.org/wiki/Ludolf_Bakhuizen;medium;;Wikidata;high;MASP;high;53.370557999;7.205946;100.0;52.361524688;4.890870311;100.0;RKD Research;"local de morte auditado; coordenadas mantidas para a cidade.";high;;;;
Luigi Benfatto;1551;1611;Republic of Venice;training with Paolo Veronese;45.4408;12.3155;Verona;Venice;male;https://en.wikipedia.org/wiki/Luigi_Benfatto;medium;A formação registrada é em oficina familiar, não em academia formal.;Wikidata;high;Museu Nacional de Belas Artes;medium;45.4383527;10.9917125;100.0;45.434608;12.338913;100.0;National Gallery of Slovenia;"local de morte auditado; coordenadas mantidas para a cidade.";high;Wikidata > Ulan;Wikidata > Ulan;;high
Luigi Stalloni;1802;1878;Brazil;Accademia di Belle Arti di Napoli;40.8516;14.2512;;Rio de Janeiro;male;https://pt.wikipedia.org/wiki/Luigi_Stallone;medium;O creator está grafado como 'Stalloni', mas a fonte biográfica aberta consultada usa 'Luigi Stallone'.;;;Museu Histórico Nacional;medium;;;;-22.9111111111;-43.2055555556;100.0;"Wikipedia (pt); Enciclopédia Itaú Cultural";"local de morte identificado em fontes secundárias; data de morte permanece divergente nas fontes localizadas.";medium;Wikipedia / Enciclopédia Itaú Cultural;Wikipedia / Enciclopédia Itaú Cultural;;medium
Luis Camnitzer;1937;;Uruguay;Universidad de la República > Academy of Fine Arts Munich > Pratt Institute;-34.905917 > 48.1536 > 40.691111;-56.191311 > 11.5418 > -73.963889;Lübeck;;male;https://en.wikipedia.org/wiki/Luis_Camnitzer | https://de.wikipedia.org/wiki/Luis_Camnitzer;medium;Convergent sources record studies at the National School of Fine Arts of Universidad de la República, the Munich academy, and later study at Pratt Institute.;Wikidata;high;MAC USP;high;53.866268999;10.683932;100.0;;;;;"atividade recente documentada; sem evidência de óbito.";;;;;
Luis Enrique Silvestre Guerra;1966;;;Instituto Superior de Diseño Industrial > Instituto Superior de Arte (ISA);23.0961 > 23.0961;-82.3717 > -82.3717;Havana, Cuba;;male;https://luisenriquesilvestre.wixsite.com/artist/about | https://www.zapatagallery.com/artists/luis-enrique-silvestre-guerra> https://luisenriquesilvestre.wixsite.com/artist/about;low;local de nascimento não localizado em fonte auditável na pesquisa deste lote.;MAC USP;high;MAC USP;high;23.1281371;-82.3897195;;;;;;;;Zapata Gallery;;;medium
Luis Martinez Pedro;1910;1990;Cuba;Academia de San Alejandro;23.087472;-82.426917;Havana, Cuba;Havana;male;fontes biográficas de referência;medium;;https://www.arteinformado.com/guia/f/luis-martinez-pedro-32679;medium;MAC USP;medium;23.135305;-82.358963;;23.1281371;-82.3897195;100.0;MAC USP;"local de morte auditado; fonte institucional registra Havana.";high;Wikidata > Ulan;Wikidata > Ulan;;high
Luis Valdivia;;;Argentina;Folkwang Hochschule > Universität Salzburg > Universität Mozarteum Salzburg > Conservatorio Gilardo Gilardi;51.3875 > 47.79722222222222 > 47.80388889 > -34.899;7.00444 > 13.04805555555556 > 13.04341667 > -57.984;La Plata, Argentina;;male;FILE Festival | ISEA Symposium Archives;high;Biografia do FILE explicita nascimento em La Plata, Argentina.;FILE Festival (biografia do artista);high;FILE;;-34.9019125;-57.9511252;;;;;;;;;;;
Luiz Alphonsus;1948;;Brazil;Universidade Federal do Rio de Janeiro (UFRJ);-22.8625;-43.223888888889;Belo Horizonte;;male;fontes biográficas de referência;medium;instituição identificada em biografias sumárias;Wikidata;high;MAC USP;low;-19.9181771;-43.9370534;100.0;;;;;"atividade recente documentada; sem evidência de óbito.";;Wikidata;;;high
Luiz Hermano;1954;;Brazil;Universidade Estadual do Ceará > Escola Técnica Federal do Ceará;-3.7275 > -3.7443675;-38.5275 > -38.5360525;Cascavel, Ceará, Brazil;;male;https://pt.wikipedia.org/wiki/Luiz_Hermano;medium;"Studied Philosophy at Universidade Estadual do Ceará and Building Construction at Escola Técnica Federal do Ceará; studies in metal engraving and drawing were self-taught.";https://pt.wikipedia.org/wiki/Luiz_Hermano;high;MAC USP;medium;-4.133;-38.242;100.0;;;;;"atividade recente documentada; sem evidência de óbito.";;Wikidata > Ulan;;;high
Luiz Martins;1970;;;Centro Universitário Belas Artes;-23.583688;-46.633917;Machacalis, Minas Gerais, Brazil;;male;https://www.galeriabase.com.br/luiz-martins | https://artbluumbrazil.com/luiz-martins/;low;As fontes confirmam graduação em artes visuais, sem ano de conclusão.;MAC USP;high;MAC USP;high;-17.0723;-40.7184;;;;;;;;galeriabase / Catálogo das Artes;;;medium
Luiz Paulo Baravelli;1942;;Brazil;Fundação Armando Álvares Penteado (FAAP) > School of Architecture and Urbanism, University of São Paulo (FAU-USP);-23.5450155 > -23.56012;-46.6630802 > -46.72985;São Paulo, São Paulo, Brazil;;male;https://enciclopedia.itaucultural.org.br/pessoas/934-luiz-paulo-baravelli | https://www.sp-arte.com/artistas/luiz-paulo-baravelli;high;Sources confirm drawing and painting studies at FAAP and architectural education at FAU-USP.;https://www.sescsp.org.br/editorial/acervo-em-foco-luiz-paulo-baravelli/;high;MAC USP;high;-23.5486657;-46.6382522;;;;;;"atividade recente documentada; sem evidência de óbito.";;Wikidata > Ulan;;;high
Luiz Rodolfo Annes;1978;;;Escola de Música e Belas Artes do Paraná (EMBAP) > Faculdade de Artes do Paraná > Universidade Tuiuti do Paraná > Universidade Estadual do Paraná (Unespar);-25.4284 > -25.409606 > -25.4427 > -25.409606;-49.2733 > -49.248433 > -49.3244 > -49.248433;Ponta Grossa, PR, Brazil;;male;https://ufpr.br/exposicao-virtual-do-musa-reune-video-interativo-e-desenhos-de-luiz-rodolfo-anne/;high;"B.A. in Painting from EMBAP; specialization at Faculdade de Artes do Paraná; teaching degree in Visual Arts from Universidade Tuiuti do Paraná; M.A. in Cinema and Video Arts from Unespar; doctorate in progress at UDESC";Prefeitura de Curitiba;high;Museu Victor Meirelles;medium;-25.0994;-50.1583;;;;;;;;Wikidata;;;high
Luiz Sacilotto;1924;2003;Brazil;Escola Profissional Masculina do Brás > Associação Brasileira de Belas Artes;-23.54504 > -22.91111111111111;-46.61634 > -43.20555555555556;Santo André;São Bernrdo do Campo;male;Enciclopédia Itaú Cultural;high;;Wikidata;high;MAC USP;high;-23.6667259;-46.5323593;100.0;-23.694445;-46.565796;100.0;Enciclopédia Itaú Cultural;"local de morte auditado; coordenadas mantidas para o município.";high;Wikidata > Ulan;Wikidata > Ulan;;high
Luiza da Fonseca;;;;;;;;;;;;The biographical identity and the education at the Escola Nacional de Belas Artes could not be reliably confirmed.;;;Museu da Inconfidência;low;;;;;;;;;;;;;
Lula Cardoso Ayres;1910;1987;Brazil;Escola Nacional de Belas Artes > training with Heinrich Moser > classes with Rodolfo Amoedo > studies at Carlos Chambelland's studio;-22.8625055 >  >  > ;-43.2256622 >  >  > ;Rio Formoso, Pernambuco, Brazil;Recife;male;https://enciclopedia.itaucultural.org.br/pessoas/3400-lula-cardoso-ayres;high;frequenta informalmente a Enba> também tem aulas de modelo vivo com Rodolfo Amoedo e estuda no ateliê de Carlos Chambelland;https://www.recifeartepublica.com.br/obras/obra/Da-srie-Ciclos-Econmicos-Dcada-de-60-/71;medium;MAC USP;medium;-8.6636;-35.1628;;-8.0538888889;-34.8808333333;100.0;"Enciclopédia Itaú Cultural; Portal Cultura PE";"local de morte auditado; fonte institucional indica “idem/Recife”.";high;Wikidata > Ulan;Wikidata > Ulan;;high
Lustre;;;;;;;;;male;;;nome artístico não desambiguado com segurança;;;FILE;;;;;;;;;;;;;;
Luís Camargo;;;;Faculdade de Arquitetura e Urbanismo e de Design da USP (FAU-USP);-23.56012;-46.72985;São Paulo, São Paulo, Brazil;;;fontes biográficas de referência;medium;formação em arquitetura associada à prática escultórica;https://acervo.mac.usp.br/acervo/index.php/Detail/entities/5188;high;MAC USP;high;-23.5486657;-46.6382522;;;;;;;;;;;
Luís Maristany de Trias;1885;1964;Brazil;Escola de Belas Artes de Barcelona > studies with Pedro Borel;41.38302778 >;2.11397222 >;Barcelona;Porto Alegre;male;https://pt.wikipedia.org/wiki/Lu%C3%ADs_Maristany_de_Trias | https://www.ateliermaristany.com/biografia-de-luiz-maristany-de-trias;medium;As fontes abertas também mencionam estudos em Madrid e Paris após a formação inicial em Barcelona.;Wikidata;high;Museu Histórico Nacional;high;41.387917;2.1699187;100.0;-30.027679;-51.2286404;100.0;Pinacoteca Barão de Santo Ângelo/UFRGS;"local de morte auditado; coordenadas mantidas para o município.";high;Wikidata;Wikidata;;high
Luís Teixeira;;;Kingdom of Portugal;Brazilian artistic training;;;;;male;https://enciclopedia.itaucultural.org.br/;high;Nome muito amplo> mantido registro conservador sem suposição de escola.;;;Museu Histórico Nacional;low;;;;;;;;;;;;;
Luísa Ulhoa;;;United States;School of Visual Arts;40.73861111;-73.98222222;United States;;female;FILE Festival | SVA MFA Visual Narrative;high;FILE explicita “País de Origem: Estados Unidos”> preenchido em nível de país.;FILE Festival (País de Origem);high;FILE;;39.398703156;-99.41461919;100.0;;;;;"atividade recente documentada; sem evidência de óbito.";;;;;
Lydia Okumura;1948;;Brazil;Fundação Armando Álvares Penteado (FAAP) > Pratt Graphics Center;-23.5450155 > 40.7359;-46.6630802 > -73.9905;Osvaldo Cruz;;female;https://hallartfoundation.org/exhibitions/253-lydia-okumura/ | https://www.newcitybrazil.com/2017/03/02/geometric-language/;medium;"The Hall Art Foundation confirms studies at FAAP; an interview with the artist identifies the Pratt Graphics Center, rather than Pratt Institute, as the later stage.";Wikidata;high;MAC USP;high;-21.7938474;-50.8853292;100.0;;;;;"atividade recente documentada; sem evidência de óbito.";;Wikidata;;;high
Lygia Clark;1920;1988;Brazil;artistic training with Roberto Burle Marx > studies with Fernand Léger, Arpad Szenes and Isaac Dobrinsky;>;>;Belo Horizonte;Rio de Janeiro;female;https://enciclopedia.itaucultural.org.br/pessoas/538-lygia-clark;high;;Wikidata;high;MAC USP;high;-19.9181771;-43.9370534;100.0;-22.9014475;-43.1789159;100.0;MAC USP;"local de morte auditado; coordenadas mantidas para o município.";high;Ulan;Ulan;;high
Lynn Bianchi;1944;;United States;;;;Pittsburgh, Pennsylvania, United States;;female;;;;Dayton Art Institute / Wikipedia;medium;FILE;;40.4421676;-79.9949573;100.0;;;;;;;Wikidata;;;high
Lúcia Suanê;1922;2020;Brazil;;;;Água Preta, Pernambuco, Brazil;São Paulo;female;;;inicia trajetória artística em ateliê compartilhado com Nelson Nóbrega> escola formal não localizada | fontes divergem entre Água Preta e Águas Belas> preenchimento mantido em nível de estado.;https://institutosuane.com/vida;high;MAC USP;medium;-8.7075;-35.5306;;-23.5503944444;-46.6339472222;100.0;MAC USP;"local de morte auditado; fonte institucional registra São Paulo.";high;https://institutosuane.com/vida;https://institutosuane.com/vida;;high
M. Braçal;;;;;;;;;;;;"Painting signed “M. Braçal”, probably dated 1932; the artist's full name and biographical identity were not located.";;;Museu do Diamante;;;;;;;;;;;;;;
M. Jacques;;;;;;;;;;;;;;;Museu Histórico Nacional;;;;;;;;;;;;;;
M. Sá;;;;;;;;;;;;assinatura abreviada> não foi possível desambiguar com segurança;;;Museu Paulista;;;;;;;;;;;;;;
M.D.;;;;;;;;;;;;assinatura abreviada> não foi possível desambiguar com segurança;;;Museu Casa de Benjamin Constant;;;;;;;;;;;;;;
Mac Cauley;;;United States;New York University (NYU) > American Film Institute;40.729591 > 34.1278;-73.996895 > -118.4145;;;male;https://archive.file.org.br/participantes/mac-cauley/;high;local de nascimento não localizado em fonte auditável;;;FILE;;;;;;;;;;;;;;
Mac Dougall;1925;2003;;;;;;;male;;;;;;Museu Paulista;;;;;;;;;;;Ulan;Ulan;;high
Macaparana;1952;;;;;;;;male;;;;;;;;;;;;;;;"atividade recente documentada; sem evidência de óbito.";;;;;
Macline;1914;;;;;;Geneva, Switzerland;;;;;;Catálogo das Artes;medium;MAC USP;;46.204391;6.143158;;;;;;;;Enciclopédia Itaú Cultural;;;high
Mads Weidner;1989;;Kingdom of Denmark;The Animation Workshop;56.4561;9.40611;Denmark;;male;https://archive.file.org.br/participantes/mads-weidner/;high;FILE explicita “País de Origem: Dinamarca”> preenchido em nível de país.;FILE Festival (País de Origem);high;FILE;;55.959300779;10.053934054;100.0;;;;;"site profissional recente indica atividade; sem evidência de óbito.";;FILE Festival;;;high
Magali Melleu Sehn;;;Brazil;Escola de Comunicações e Artes da USP (ECA-USP);-23.55833333;-46.72694444;;;female;https://orcid.org/0000-0002-9215-7747> https://www.escavador.com/sobre/355862/magali-melleu-sehn;medium;local de nascimento não localizado em fonte auditável;;;FILE;;;;;;;;;"atividade acadêmica recente em fonte institucional; sem evidência de óbito.";;;;;
Mahmoud Alkhateeb;;;Palestine;;;;Palestine;;;;;;Wikidata;high;FILE;;31.912719787;35.204684057;100.0;;;;;;;;;;
Manabu Mabe;1910;1997;Brazil;;;;Kumamoto Prefecture;São Paulo;male;;;artista autodidata> sem escola formal localizada;Wikidata;high;MAC USP;high;32.80320492;130.70802355;100.0;-23.5486657;-46.6382522;100.0;Enciclopédia Itaú Cultural;"local de morte auditado; fonte institucional registra São Paulo.";high;Ulan;Ulan;;high
Mane-Katz;1894;1962;France;École des Beaux-Arts de Paris > Escola de Belas-Artes de Kiev > studies in Vilnius;48.853997 > 50.45 > 54.68722222222223;2.333500 > 30.523611111111 > 25.28;Kremenchuk;Tel Aviv;male;https://www.artmajeur.com/mane-katz/pt;medium;a trajetória inicial passa por Kiev e Vilnius antes da ida a Paris;Wikidata;high;MAC USP;medium;49.06253;33.40484;100.0;32.0735802;34.7880511;100.0;Ben Uri;"local de morte auditado; fonte biográfica institucional registra Tel-Aviv.";high;;;;
Manesha Ramesh;;;India;New York University Abu Dhabi;24.5239;54.4346;India;;female;https://nyuad.io/en/people/manesha-ramesh> https://hackathon.nyuad.nyu.edu/person/manesha-ramesh/;high;FILE explicita “País de Origem: Índia”> preenchido em nível de país.;FILE Festival (País de Origem);high;FILE;;20.593684;78.96288;;;;;;"atividade recente em fonte aberta; sem evidência de óbito.";;;;;
Manfredo de Souzanetto;1947;;Brazil;Escola Guignard > Universidade Federal de Minas Gerais (UFMG) > École nationale supérieure Louis-Lumière > École nationale supérieure des Beaux-Arts de Paris > Escola de Belas Artes da UFRJ;-19.9552 > -19.8690878 > 48.92296356586607 > 48.856386 > -22.8625;-43.9202 > -43.9663841 > 2.335396923282255 > 2.335657 > -43.223888888889;Jacinto, Minas Gerais, Brazil;;male;https://www.manfredodesouzanetto.com/sobre;high;"At UFMG he studied architecture; the official website also confirms studies at Louis-Lumière, École nationale supérieure des Beaux-Arts de Paris, and Escola de Belas Artes da UFRJ.";https://acervo.macrs.rs.gov.br/artistas-macrs/manfredo-de-souzanetto/;high;MAC USP;high;-16.1415;-40.2954;;;;;;"site oficial recente indica atividade; sem evidência de óbito.";;Wikidata > Ulan;;;high
Manoel da Costa Ataíde (atribuição);1762;1830;;;;;;;;;;autoria atribuída/incerta> formação não localizada com segurança;;;Museu da Inconfidência;;;;;;;;;"registro por atribuição; campo mantido em branco para evitar inferência sobre autoria.";;;;;
Manoel de Oliveira Pastana;1888;1984;Brazil;studies with Theodoro Braga and Francisco Estrada;-1.4549817;-48.502273;Castanhal;Rio de Janeiro;male;https://pt.wikipedia.org/wiki/Manoel_Pastana;medium;A fonte aberta registra formação por artistas-mestres em Belém.;Wikidata;high;Museu Histórico Nacional;medium;-1.2971579;-47.9211778;100.0;-22.9014475;-43.1789159;100.0;Enciclopédia Itaú Cultural;"local de morte auditado; fonte institucional registra Rio de Janeiro.";high;;;;
Manoel Teixeira da Rocha;1863;1941;Brazil;Liceu Imperial de Artes e Ofícios > Academia Imperial de Belas Artes;-22.91111111111111 > -22.9071;-43.20555555555556 > -43.1829;São Miguel dos Campos, AL, Brazil;Rio de Janeiro;male;https://enciclopedia.itaucultural.org.br/pessoas/7402-teixeira-da-rocha;high;The Itaú Cultural Encyclopedia confirms studies at the Imperial School of Arts and Crafts and later at the Imperial Academy of Fine Arts.;https://enciclopedia.itaucultural.org.br/pessoas/7402-teixeira-da-rocha;high;Museu Casa da Hera;low;-9.7815759;-36.0935689;100.0;-22.9014475;-43.1789159;100.0;Enciclopédia Itaú Cultural;grafia variante auditada a partir do verbete de Manuel Teixeira da Rocha.;high;Enciclopédia Itaú Cultural;Enciclopédia Itaú Cultural;;high
Manoel Veiga;1966;;;Escolinha de Arte do Recife > Escola Nacional Superior de Belas-Artes > École du Louvre > workshop em Nova York;-8.0538888888889 > 48.85680555555555 > 48.8627 > 40.71277777777778;-34.880833333333 > 2.333277777777778 > 2.3364 > -74.00611111111111;Recife, Pernambuco, Brazil;;male;https://www.sp.senac.br/sites/artenosenac/Manoel-Veiga_.html | https://www.catalogodasartes.com.br/artista/Manoel%20Veiga/;medium;As fontes também mencionam orientação de Gil Vicente entre 1995 e 1997.;site oficial do artista;high;MAC USP;high;-8.0551894;-34.871176;;;;;;"site do artista e reportagem recente indicam atividade profissional; sem evidência de óbito.";;galeriabase / Catálogo das Artes;;;medium
Manuel Alvarez;1721;1797;Spain;Real Academia de Bellas Artes de San Fernando;40.4178;-3.7007;Salamanca;Madrid;male;https://pt.wikipedia.org/wiki/Manuel_Francisco_%C3%81lvarez | https://www.realacademiabellasartessanfernando.com/;medium;nome muito genérico> não foi possível desambiguar com segurança;Wikidata;high;MAC USP;;40.9701;-5.6635;100.0;40.4166909;-3.7003454;100.0;Museo Nacional del Prado;identificado como Manuel Álvarez de la Peña a partir do local de nascimento e da formação.;high;Wikipedia / Museo del Prado;Wikipedia / Museo del Prado;;medium
Manuel Calvo;1934;2018;Spain;self-taught;40.418307;-3.696575;Oviedo;Madrid;male;https://enciclopedia.itaucultural.org.br/pessoas/7255-manuel-calvo-abad;high;The Itaú Cultural Encyclopedia identifies him as self-taught. Existing coordinates were preserved under the rule adopted for self-taught cases.;Wikidata;high;MAC USP;low;43.3602825;-5.8447919;100.0;40.4166909;-3.7003454;100.0;"Geometricae; Wikipedia (es)";"local de morte auditado; fontes secundárias convergem em Madrid.";medium;Ulan;Wikipedia / Lanza Digital;;high
Manuel de Araújo Porto-Alegre;1806;1879;Brazil;Academia Imperial de Belas Artes > École des Beaux-Arts de Paris > studio of Antoine-Jean Gros;-22.9071 > 48.853997 > ;-43.1829 > 2.333500 > ;Rio Pardo;Lisbon;male;https://pt.wikipedia.org/wiki/Manuel_de_Ara%C3%BAjo_Porto-Alegre | https://enciclopedia.itaucultural.org.br/pessoas/5436-manuel-de-araujo-porto-alegre;medium;Sources indicate studies with Jean-Baptiste Debret and Grandjean de Montigny, as well as attendance at Antoine-Jean Gros's studio in Paris.;Wikidata;high;Pinacoteca de São Paulo;high;-29.9833171;-52.3713228;100.0;38.7070085;-9.1356407;100.0;Academia Brasileira de Letras;"local de morte auditado; fonte institucional registra Lisboa.";high;Wikidata > Ulan;Wikidata > Ulan;;high
Manuel Dias de Oliveira;1763;1837;Brazil;initial training as a goldsmith > painting studies in Porto > Real Casa Pia > advanced studies in Rome; > 41.15 > 38.708042 > 41.893056; > -8.610833333333334 > -9.139016 > 12.482778;Cachoeiras de Macacu;Campos dos Goytacazes;male;https://academiabrasileiradeartes.org.br/especial/patrono/manuel-dias-de-oliveira-brasiliense/;high;As fontes mencionam contato com Domingos Antônio de Sequeira em Lisboa.;Wikidata;high;Museu Histórico Nacional;medium;-22.4619411;-42.6535734;100.0;-21.75227;-41.33044;100.0;Enciclopédia Itaú Cultural;"local de morte auditado; fonte institucional registra Campos dos Goytacazes.";high;https://academiabrasileiradeartes.org.br/especial/patrono/manuel-dias-de-oliveira-brasiliense/;Wikidata;;high
Manuel Faria Guimarães;1895;1980;Brazil;Liceu de Artes e Ofícios > Escola Nacional de Belas Artes;-22.91111111111111 > -22.8625055;-43.20555555555556 > -43.2256622;Rio de Janeiro;Rio de Janeiro;male;https://pt.wikipedia.org/wiki/Manuel_Faria_Guimar%C3%A3es | https://www.arrematearte.com.br/artistas/manuel-faria-guimaraes-1895;medium;A fonte também nomeia Eurico Alves, João Batista da Costa, Lucílio de Albuquerque e Rodolfo Chambelland como mestres.;Wikidata;high;Museu Histórico Nacional;high;-22.9014475;-43.1789159;100.0;-22.9014475;-43.1789159;100.0;"Wikipedia (pt); Arremate Arte";local de morte auditado em fontes secundárias convergentes.;medium;Wikidata;Wikidata;;high
Manuel Lopes Rodrigues;1860;1917;Brazil;Liceu de Artes e Ofícios da Bahia > Academia de Belas Artes da Bahia > Academia Imperial de Belas Artes;-12.98305555555556 > -12.990785 > -22.9071;-38.49277777777777 > -38.524427 > -43.1829;Salvador;Salvador;male;https://pt.wikipedia.org/wiki/Manuel_Lopes_Rodrigues | https://www.catalogodasartes.com.br/artista/Manuel%20Lopes%20Rodrigues/;medium;As fontes indicam primeiras lições com o pai João Francisco Lopes Rodrigues e com Miguel Navarro Cañizares.;Wikidata;high;Museu Histórico Nacional;high;-12.9641527;-38.5058208;100.0;-12.9641527;-38.5058208;100.0;Enciclopédia Itaú Cultural;"local de morte auditado; fonte institucional registra Salvador.";high;Wikidata;Wikidata;;high
Manuel Poluceno Pereira da Silva;;;;Academia Imperial de Belas Artes;-22.9071;-43.1829;;;male;https://repositorio.ufsc.br/handle/123456789/179976 | https://repositorioslatinoamericanos.uchile.cl/handle/2250/1783781;high;As fontes abertas identificam que estudou na Academia Imperial de Belas-Artes, especializando-se em retrato e pintura de história, mas não trazem cronologia detalhada.;;;Museu Histórico Nacional;medium;;;;;;;;;;;;;
Manuel Teixeira da Rocha;1863;1941;Brazil;Liceu Imperial de Artes e Ofícios > Academia Imperial de Belas Artes;-22.91111111111111 > -22.9071;-43.20555555555556 > -43.1829;São Miguel dos Campos;Rio de Janeiro;male;https://www.arrematearte.com.br/artistas/teixeira-da-rocha-1863 | https://enciclopedia.itaucultural.org.br/pessoas/7402-teixeira-da-rocha;high;;Wikidata;high;Museu Histórico Nacional;high;-9.7815759;-36.0935689;100.0;-22.9014475;-43.1789159;100.0;Enciclopédia Itaú Cultural;"local de morte auditado; fonte institucional registra Rio de Janeiro.";high;Wikidata;Wikidata;;high
Manuela Cappucci;;;Italy;;;;Italy;;female;;;FILE explicita “País de Origem: Itália”> preenchido em nível de país.;FILE Festival (País de Origem);high;FILE;;42.83333;12.83333;100.0;;;;;"coletivo Minus.log e FILE indicam atividade recente; sem evidência de óbito.";;;;;
Manuela Naveau;1972;;Austria;University of Arts Linz;48.3066;14.2857;Linz, Austria;;female;CV oficial da artista / University of Art and Design Linz;high;;Kunstuniversität Linz / site oficial;high;FILE;;48.306089;14.2864367;100.0;;;;;"site oficial e universidade indicam atividade acadêmica recente; sem evidência de óbito.";;Wikidata;;;high
Maranhense Mello;;;;;;;;;;;;;;;Museu Histórico Nacional;;;;;;;;;"identificação biográfica insuficiente em fonte aberta; local de morte não localizado.";;;;;
Marc Chagall;1887;1985;France;School Yehuda Pen in Vitebsk > escola de Iouri Pen > Zvantseva School of Drawing and Painting;55.183333333333 > 55.183333333333 > 59.95;30.166666666667 > 30.166666666667 > 30.316666666667;Liozna;Saint-Paul-de-Vence;male;https://www.marcchagall.com/en/biography> https://www.marcchagall.com/fr/biographie;medium;Educação religiosa inicial (heder) e ensino geral não foram priorizados aqui> foco na formação artística.;Wikidata;high;MAC USP;high;55.03097;30.7991779;100.0;43.696875101;7.122200368;100.0;Musée national Marc Chagall;"local de morte auditado; fonte biográfica oficial indica Saint-Paul-de-Vence.";high;;;;
Marc Lee;1969;;Switzerland;Zurich University of the Arts;47.38295;8.5358;Knutwil;;male;https://en.wikipedia.org/wiki/Marc_Lee | https://www.annkakultys.com/artists/marc-lee/;medium;;Wikidata;high;FILE;;47.199360181;8.072418274;100.0;;;;;"site oficial recente indica atividade; sem evidência de óbito.";;site do artista / Roehrs & Boetsch;;;medium
Marcel Van Brakel;1970;;Netherlands;St. Joost School of Art & Design;51.58888888888889;4.775833333333333;Netherlands;;male;St. Joost Graduation Show — Marcel van Brakel;medium;fonte biográfica identifica apenas o país> preenchimento mantido em nível de país.;VML / FILE Festival;medium;FILE;;52.249375293;5.616126398;100.0;;;;;"entrevista e FILE indicam atividade recente; sem evidência de óbito.";;FILE Festival;;;high
Marcell Andristyak;1990;;Hungary;Moholy-Nagy University of Art and Design > Budapest Metropolitan University;47.5171 > 47.50638889;18.9898 > 19.135;Hungary;;male;FILE Festival;high;FILE explicita “País de Origem: Hungria”> preenchido em nível de país.;FILE Festival (País de Origem);high;FILE;;47.16708877;19.4245317;100.0;;;;;"site profissional recente indica atividade; sem evidência de óbito.";;Wikidata;;;high
Marcello Nitsche;1942;2017;Brazil;Fundação Armando Álvares Penteado (FAAP) > Escola Profissional Getúlio Vargas;-23.5450155 > -23.550394444444;-46.6630802 > -46.633947222222;São Paulo;São Paulo;male;https://www.escritoriodearte.com/artista/marcello-nitsche;low;na Getúlio Vargas tem formação preparatória> conclui licenciatura em desenho na FAAP;Wikidata;high;MAC USP;high;-23.5486657;-46.6382522;100.0;-23.5486657;-46.6382522;100.0;"FUNARTE; Enciclopédia Itaú Cultural";"local de morte auditado; fontes convergem em São Paulo.";high;Wikidata > Ulan;Wikidata;;high
Marcelo Bonevardi;1929;1994;Argentina;Escuela Nacional de Bellas Artes Prilidiano Pueyrredón;-34.59472222;-58.39944444;Buenos Aires;Córdoba;male;fontes biográficas de referência;medium;instituição identificada em fontes sumárias;Wikidata;high;MAC USP;low;-34.6090264;-58.3732215;100.0;-31.40648;-64.18853;100.0;"Leon Tovar Gallery; Museo Nacional de Bellas Artes (AR)";"local de morte auditado; fontes institucionais convergem em Córdoba.";low;Wikidata > Ulan;Wikidata > Ulan;;high
Marcelo Castro;1850;;Brazil;;;;Brazil;;male;;;Ficha FILE explicita País de Origem.;FILE Archive — ficha de participante;high;FILE> Museu Casa da Hera;high;-10.769946429;-53.073466889;;;;;;"FILE e biografia profissional indicam atividade recente; sem evidência de óbito.";;Ulan;;;high
Marcelo Grassmann;1925;2013;Brazil;Escola Profissional Masculina do Brás;-23.54504;-46.61634;São Simão;São Paulo;male;Núcleo Marcello Grassmann> Escritório de Arte;medium;Estuda fundição, mecânica e entalhe em madeira.;Wikidata;high;MAC USP;high;-18.9942825;-50.5471599;100.0;-23.5486657;-46.6382522;100.0;Enciclopédia Itaú Cultural;"local de morte auditado; fonte institucional registra São Paulo.";high;Wikidata > Ulan;Wikidata > Ulan;;high
Marcia Schvartz;1955;2023;Argentina;Escuela Nacional de Bellas Artes Manuel Belgrano > studios of Ricardo Carreira, Aída Carballo, Luis Falcini and Luis Felipe Noé;-34.63486827098634 >;-58.37169270382104 >;Buenos Aires;;female;https://www.marciaschvartz.com/biografia;medium;estudos inconclusos na Manuel Belgrano e formação complementar em ateliês;Wikidata;high;MAC USP;high;-34.6090264;-58.3732215;100.0;;;;;"site oficial recente indica atividade; sem evidência de óbito.";;Wikidata > Ulan;Arte de la Argentina;;high
Marcin Giżycki;1951;2022;Poland;University of Warsaw;52.240280555556;21.019169444444;Warsaw, Poland;Warsaw;male;https://en.wikipedia.org/wiki/Marcin_Gi%C5%BCycki;medium;;Wikipedia / IMDb;medium;FILE;;52.229827082;21.011731518;100.0;52.229827082;21.011731518;100.0;"nekrologi.wyborcza.pl; PJAIT";"local de morte auditado; obituário e instituição vinculam o falecimento a Varsóvia.";medium;;;;
Marco B. Fontichiari;1992;;United States;Accademia di Belle Arti di Bologna > Cineteca Bologna > University of California San Diego;44.497811111111 > 44.4988658 > 32.8801;11.353188888889 > 11.3368279 > -117.2340;Deer Park, United States;;male;https://file.org.br/videoarte_2018/marco-b-fontichiari/> https://sites.google.com/view/marcofontichiari/cv;high;fonte não especifica o estado;Collection of Collections;medium;FILE;;40.761765;-73.329286;;;;;;"site profissional recente indica atividade; sem evidência de óbito.";;FILE Festival;;;high
Marco Ferrazza;;;Italy;Sapienza Università di Roma > conservatory in Cagliari > Conservatório de Nápoles;41.903333333333 > 39.216666666667 > 40.83583333333333;12.515833333333 > 9.1166666666667 > 14.24861111111111;Italy;;male;https://conservatoriomantova.com/it/elenco_docenti/ferrazza_marco;medium;FILE explicita “País de Origem: Itália”> preenchido em nível de país.;FILE Festival (País de Origem);high;FILE;;42.83333;12.83333;100.0;;;;;"site oficial recente indica atividade; sem evidência de óbito.";;;;;
Marco Giannotti;1966;;Brazil;Universidade de São Paulo (USP) > Faculdade de Filosofia, Letras e Ciências Humanas da USP (FFLCH-USP) > curso de desenho and gravura em metal com Sérgio Fingermann;-23.5613991 > -23.5613991 >;-46.7307891 > -46.7307891 >;São Paulo, São Paulo, Brazil;;male;https://www.escritoriodearte.com/artista/marco-giannotti;low;formação combina filosofia na USP e estudo artístico com Sérgio Fingermann;https://bv.fapesp.br/pt/pesquisador/54773/marco-garaude-giannotti;high;MAC USP;high;-23.5486657;-46.6382522;;;;;;"site oficial e universidade indicam atividade profissional recente; sem evidência de óbito.";;Wikidata > Ulan;;;high
Marco Wey;;;Brazil;;;;Brazil;;male;;;FILE explicita “País de Origem: Brasil”> preenchido em nível de país.;FILE Festival (País de Origem);high;FILE;;-10.769946429;-53.073466889;100.0;;;;;;;;;;
Marharita Tsikhanovich;1993;;Belarus;Minsk State Fine Art College > University of West Bohemia > Ladislav Sutnar Faculty of Design and Art;53.922383 > 49.7265 > 49.7265;27.595274 > 13.3488 > 13.3488;Minsk, Belarus;;female;FILE Festival;high;Fonte institucional usa formulação de origem (“artista de Minsk, Bielorrússia”), sem afirmar nascimento.;FILE Festival (biografia do artista);high;FILE;;53.902472;27.561822;;;;;;"perfil profissional recente indica atividade; sem evidência de óbito.";;Promofest;;;medium
Maria Augusta da Costa Carvalho;;;Brazil;drawing study with Presciliano Silva > painting with Osvaldo Teixeira, Emídio Magalhães, João Medeiros and Paulo Marinho;>;>;Piracicaba;;female;https://www.catalogodasartes.com.br/artista/M.%20Augusta/ | https://www.catalogodasartes.com.br/artista/Maria%20Augusta%20-%20M.Augusta-%20M.%20Augusta%20-%20M%20Augusta/;medium;A formação recuperada é por mestres, não por instituição formal nomeada.;Wikidata;high;Museu Paulista;medium;-22.724976;-47.6476;100.0;;;;;óbito não localizado em fonte aberta auditável.;;;;;
Maria Carmen;1935;2014;;sculpture studies with Humberto Cozzo > drawing course with Abelardo da Hora;>;>;Recife, Pernambuco, Brazil;Recife;female;https://enciclopedia.itaucultural.org.br/pessoas/3427-maria-carmen | https://sites.google.com/recife.pe.gov.br/elaspintam-7/as-artistas/1%C2%AA-temporada/maria-carmen;high;A formação documentada aparece por mestres e cursos livres, não por instituição única.;Revista Continente / RGA;medium;MAC USP;medium;-8.0551894;-34.871176;;-8.0538888889;-34.8808333333;100.0;"Jornal do Commercio; Rodrigues Galeria";local de morte adotado a partir de fontes secundárias convergentes sobre o falecimento em Recife.;medium;Enciclopédia Itaú Cultural;Prefeitura do Recife;;medium
Maria Emília Campos;;;Brazil;Escola Guignard;-19.9552;-43.9202;;;female;https://acervoghm.blogspot.com/2015/03/maria-emilia-campos-1980.html;medium;;;;Museu Histórico Nacional;high;;;;;;;;óbito não localizado em fonte aberta auditável.;;;;;
Maria Hsu;1947;;Brazil;;;;Brazil;;female;;;FILE explicita “País de Origem: Brasil”> preenchido em nível de país.;FILE Festival (País de Origem);high;FILE;;-10.769946429;-53.073466889;100.0;;;;;"atividade recente em fonte aberta; sem evidência de óbito.";;Enciclopédia Itaú Cultural (verbete Ricardo Barreto);;;medium
Maria Leontina;1917;1984;Brazil;drawing classes with Antônio Covello > painting studies with Waldemar da Costa > studio of Bruno Giorgi > Museu Histórico Nacional;-22.90590833 >  >  > -22.90590833;-43.16952222 >  >  > -43.16952222;São Paulo;Rio de Janeiro;female;Enciclopédia Itaú Cultural> Galeria Ipanema;high;;Wikidata;high;MAC USP;medium;-23.5486657;-46.6382522;100.0;-22.9014475;-43.1789159;100.0;Enciclopédia Itaú Cultural;"local de morte auditado; fonte institucional registra Rio de Janeiro.";high;Ulan;Ulan;;high
Maria Luisa Pacheco;1919;1982;Bolivia;Academia de Bellas Artes > Real Academia de Bellas Artes de San Fernando;40.4178 > 40.4178;-3.7007 > -3.7007;La Paz;New York;female;https://www.oas.org/artsoftheamericas/maria-luisa-pacheco;medium;inicia formação artística em La Paz e continua estudos de pós-graduação em Madri;Wikidata;high;MAC USP;high;-16.4977871;-68.1258403;100.0;40.7130466;-74.0072301;100.0;UPI Archives;"local de morte auditado; obituário registra New York.";medium;Ulan;Ulan;;high
Maria Luiza Pompeu;1883;1966;Brazil;studies with Alfredo Norfini;-22.9073702;-47.0628996;Campinas;Campinas;female;https://pt.wikipedia.org/wiki/Maria_Luiza_Pompeu;medium;A fonte recuperada registra o mestre, não uma escola formal.;Wikidata;high;Museu Paulista;medium;-22.9073702;-47.0628996;100.0;-22.9073702;-47.0628996;100.0;Wikipedia (pt);"fontes abertas divergem sobre datas vitais; local de morte converge em Campinas.";medium;Wikidata;Wikidata;;high
Maria Lídia Magliani;1946;2012;Brazil;Universidade Federal do Rio Grande do Sul (UFRGS);-30.033611111111;-51.219166666667;Pelotas;Rio de Janeiro;female;MAC_consolidado_normalized.csv / nationality_applied_dataset.csv;medium;dados recuperados de base auxiliar> datas não localizadas;Wikidata;high;MAC USP;high;-31.7466131;-52.3353928;100.0;-22.9014475;-43.1789159;100.0;Museu Afro Brasil;"local de morte auditado; fonte institucional registra Rio de Janeiro.";high;Wikidata;Wikidata;;high
Maria Polo;1937;1983;;Instituto de Arte de Veneza;45.4287;12.3305;Venice, Italy;Rio de Janeiro;female;https://enciclopedia.itaucultural.org.br/pessoas/3311-maria-polo | https://en.wikipedia.org/wiki/Accademia_di_Belle_Arti_di_Venezia;medium;grafia abreviada no CSV> preenchimento baseado no verbete de Maria Polo.;Enciclopédia Itaú Cultural;high;;;45.4408;12.3155;;-22.9014475;-43.1789159;100.0;Enciclopédia Itaú Cultural;"local de morte auditado; fonte institucional registra Rio de Janeiro.";high;UFRGS;UFRGS;;high
Maria Salomé;1685;1740;;Brazilian artistic training;;;;;female;https://www.catalogodasartes.com.br/;medium;Nome amplo e fontes abertas insuficientes nesta rodada.;;;Museu Histórico Nacional;low;;;;;;;;"identificação biográfica insuficiente em fonte aberta; local de morte não localizado.";;Ulan;Ulan;;high
Maria Tereza Louro;1963;;Brazil;Fundação Armando Álvares Penteado (FAAP) > Escola de Comunicações e Artes da USP (ECA-USP);-23.5450155 > -23.55833333;-46.6630802 > -46.72694444;São Paulo, São Paulo, Brazil;;female;https://www.escavador.com/sobre/2433848/maria-tereza-figueiredo-das-neves-louro | https://arteref.com/artista-da-semana/conheca-a-arte-de-maria-tereza-louro/;medium;A fonte acadêmica recuperada lista graduação, especializações e mestrado.;Enciclopédia Itaú Cultural;high;MAC USP;high;-23.5486657;-46.6382522;;;;;;"fonte institucional recente registra artista nascida em 1963; sem evidência de óbito.";;Wikidata;;;high
Mariam Akbar;;;Bahrain;;;;Bahrain;;;;;FILE explicita “País de Origem: Barém”> preenchido em nível de país.;FILE Festival (País de Origem);high;FILE;;26.0667;50.5577;;;;;;"atividade recente em FILE e plataforma autoral; sem evidência de óbito.";;;;;
Mariana Manhães;1977;;Brazil;Universidade Federal Fluminense (UFF) > Escola de Artes Visuais do Parque Lage > Universidade Federal do Rio de Janeiro (UFRJ);-22.9032307 > -22.9606 > -22.8625;-43.1165843 > -43.212 > -43.223888888889;Niterói;;female;https://eavparquelage.rj.gov.br/professor/mariana-manhaes | https://www.catalogodasartes.com.br/artista/Mariana%20Manhaes%20%20-%20Mariana%20Manh%EF%BF%BDes%20/;medium;A cronologia da formação artística e acadêmica aparece com clareza nas fontes.;Wikidata;high;MAC USP;high;-22.8898227;-43.1220775;100.0;;;;;"site oficial recente indica atividade e docência; sem evidência de óbito.";;Wikidata;;;high
Mariana Palma;1979;;Brazil;Fundação Armando Álvares Penteado (FAAP);-23.5450155;-46.6630802;São Paulo;;female;currículo da artista> Guia das Artes;medium;bacharelado em Artes Plásticas;Wikidata;high;Museu Victor Meirelles;high;-23.5486657;-46.6382522;100.0;;;;;"site oficial recente e exposição em 2025 indicam atividade; sem evidência de óbito.";;;;;
Mariana Silva da Silva;1978;;Brazil;Instituto de Artes da Universidade Federal do Rio Grande do Sul (UFRGS) > Faculté des Arts, Université de Picardie Jules Verne;-30.0292 > 49.8768;-51.2233 > 2.2646;Porto Alegre, RS, Brazil;;female;MACRS> Escavador;medium;bacharel, mestre e doutora em Artes Visuais pela UFRGS> estágio na Université de Picardie Jules Verne> datas não localizadas com segurança;MACRS;high;Museu Victor Meirelles;medium;-30.027679;-51.2286404;;;;;;"fonte institucional recente indica atividade docente; sem evidência de óbito.";;MACRS;;;high
Marianne Peretti;1927;2022;Brazil;Académie de la Grande Chaumière > École nationale supérieure des arts décoratifs;48.842342 > 48.85666666666667;2.330848 > 2.352222222222222;Paris;Recife;female;https://mauc.ufc.br/pt/marianne-peretti/;medium;Fonte institucional confirma as duas escolas em Paris, mas não traz datas precisas do período de estudos.;Wikidata;high;MAC USP;high;48.856372814;2.352529617;100.0;-8.0538888889;-34.8808333333;100.0;TRF5;"local de morte auditado; fonte institucional registra Recife.";high;Wikidata;Wikidata;;high
Marie Ciesielski;;;France;Supinfocom Rubika;50.35805555555555;3.523333333333333;;;female;FILE Festival;high;local de nascimento não localizado em fonte auditável;;;FILE;;;;;;;;;participação recente em FILE e circulação autoral sem evidência de óbito.;;;;;
Marija Avramovic;1989;;Serbia;Faculty of Fine Arts, Belgrade > École des Beaux-Arts de Paris > École nationale supérieure d'art et de design de Nancy;44.81777777777778 > 48.853997 > 48.692777777778;20.45694444444445 > 2.333500 > 6.1836111111111;Belgrade, Serbia;;female;https://maravramovic.wixsite.com/marijaavramovic/cv> https://novembargallery.com/en/artists/marija-avramovic-3/;low;;CV da artista;high;FILE;;44.817813;20.456897;;;;;;"CV autoral indica nascimento em 1989 e atividade recente; sem evidência de óbito.";;CV da artista / Novembar Gallery;;;medium
Marilyn Diggs;1951;;;;;;Tulsa, Oklahoma, United States;;female;;;biografia localizada> formação não localizada com segurança;MAC USP;high;MAC USP;;36.156312;-95.992752;;;;;;"MAC USP registra apenas nascimento; local de morte não localizado em fonte auditável.";;MAC USP;;;high
Marina Saleme;1958;;Brazil;drawing course in Montreaux > Fundação Armando Álvares Penteado (FAAP) > drawing and painting course with Carlos Fajardo;46.435 > -23.5450155 >;6.9125 > -46.6630802 >;São Paulo, São Paulo, Brazil;;female;https://www.luisastrina.com.br/artists/84-marina-saleme/biography/> https://www.escritoriodearte.com/artista/marina-saleme;low;combina curso livre, licenciatura e formação complementar;https://marinasaleme.com/cv/;high;MAC USP;high;-23.5486657;-46.6382522;;;;;;"CV recente indica atividade profissional; sem evidência de óbito.";;Wikidata;;;high
Marine Varguy;;;France;Gobelins, l'école de l'image;48.836944444444;2.3536111111111;France;;female;https://www.stashmedia.tv/tag/marine-varguy/;medium;FILE explicita “País de Origem: França”> preenchido em nível de país.;FILE Festival (País de Origem);high;FILE;;46.559417044;2.550539953;100.0;;;;;"portfólio autoral e FILE indicam atividade recente; sem evidência de óbito.";;;;;
Mario Ballocco;1913;2008;Italy;Accademia di Belle Arti di Brera;45.47222222;9.18888889;Milan;Milan;male;https://www.10amart.it/mario-ballocco | https://www.capitoliumart.com/en/artist/ballocco-mario-1913/xar-2984;medium;Convergent specialist sources confirm studies at the Brera Academy under Aldo Carpi.;Wikidata;high;MAC USP;high;45.4636183;9.1881156;100.0;45.4636183;9.1881156;100.0;Fondazione Fiera Milano;"local de morte auditado; fonte institucional registra Milano.";high;Wikidata > Ulan;Wikidata > Ulan;;high
Mario Faustinelli;1924;2006;Italy;;;;Venice;Milan;male;;;formação não localizada com segurança;Wikidata;high;MAC USP;;45.434608;12.338913;100.0;45.4636183;9.1881156;100.0;"Wikipedia (it); IMDb";local de morte auditado em fontes secundárias convergentes.;medium;Wikidata;Wikidata;;high
Mario Mafai;1902;1965;Italy;Scuola Libera del Nudo, Accademia di Belle Arti di Roma;41.9075;12.4756;Rome;Rome;male;https://pt.wikipedia.org/wiki/Mario_Mafai;medium;Biografia consultada confirma a frequência à Scuola Libera del Nudo, sem datas precisas nesta passada.;Wikidata;high;MAC USP;medium;41.8905568;12.4942679;100.0;41.8905568;12.4942679;100.0;MAC USP;"local de morte auditado; fonte museológica registra Roma.";high;Wikidata > Ulan;Wikidata > Ulan;;high
Mario Sironi;1885;1961;Italy;University of Rome > Scuola Libera del Nudo, Accademia di Belle Arti di Roma;41.9075 > 41.9075;12.4756 > 12.4756;Sassari;Milan;male;https://en.wikipedia.org/wiki/Mario_Sironi;medium;A biografia consultada informa estudos de engenharia em Roma e, depois, formação artística na Scuola Libera del Nudo.;Wikidata;high;MAC USP;medium;40.7273106;8.5586705;100.0;45.4636183;9.1881156;100.0;Fondazione Fiera Milano;"local de morte auditado; fonte institucional registra Milano.";high;Ulan;Ulan;;high
Mario Toral;1934;;Chile;National School of Fine Arts of Montevideo > Henri-Georges Adam studio > École des Beaux-Arts de Paris;-34.9011 > 48.8567 > 48.8567;-56.1645 > 2.3522 > 2.3522;Santiago;;male;https://enciclopedia.itaucultural.org.br/pessoas/7349-mario-toral | https://museoralli.es/en/artist/toral-mario-1934-chile/;high;Institutional sources confirm initial education in Montevideo and later training in Paris, at Henri-Georges Adam’s studio and the École des Beaux-Arts.;Wikidata;high;MAC USP;high;-33.4459946;-70.6670569;100.0;;;;;"fontes recentes e institucionais indicam atividade; sem evidência de óbito.";;Wikidata > Ulan;;;high
Mark Lotterman;1984;;Kingdom of the Netherlands;;;;Rotterdam;;male;;;;Wikidata;high;FILE;;51.918323034;4.493749988;100.0;;;;;"homônimos em fontes abertas; identidade do participante não desambiguada com segurança.";;Mediamatic > Wikidata;;"nascimento localizado em fonte biográfica secundária; sem data de morte em fonte consultada";high
Mark Regester;;;Scotland;;;;Scotland;;male;;;fonte identifica apenas o país de nascimento;FILE Festival;medium;FILE;;56.490671;-4.202646;;;;;;"FILE e exposição recente indicam atividade; sem evidência de óbito.";;;;;
Mark Tholander;1988;;Kingdom of Denmark;Jutland Art Academy > Imperial Academy of Arts, St. Petersburg;56.1629 > 59.95;10.2039 > 30.316666666667;Denmark;;male;https://currentsnewmedia.org/artist/mark-tholander/> https://archive.simultan.org/authors/mark-tholander/;high;FILE explicita “País de Origem: Dinamarca”> preenchido em nível de país.;FILE Festival (País de Origem);high;FILE;;55.959300779;10.053934054;100.0;;;;;"site oficial recente indica atividade; sem evidência de óbito.";;FILE;;"nascimento localizado; sem data de morte em fonte consultada";high
Markus Magnusson;1988;;Sweden;;;;Sweden;;male;;;FILE explicita “País de Origem: Suécia”> preenchido em nível de país.;FILE Festival (País de Origem);high;FILE;;64.712585547;17.260487956;100.0;;;;;"perfil recente do artista indica atividade; sem evidência de óbito.";;MutualArt;;"nascimento localizado em base artística secundária; sem data de morte em fonte consultada";medium
Marleine van der Werf;1985;;Kingdom of the Netherlands;St. Joost School of Art & Design > Dutch Film Academy;51.58888888888889 > 52.368333333333;4.775833333333333 > 4.9047222222222;Groningen;;female;https://filmforward.nl/en/participant/marleine-van-der-werf/> https://www.marleinevdwerf.com/bio-c3jm;medium;;Wikidata;high;FILE;;53.219956308;6.564955801;100.0;;;;;"site oficial recente indica atividade; sem evidência de óbito.";;Wikidata;;;high
Marta Di Francesco;1978;;;;;;;;female;;;local de nascimento não localizado em fonte auditável;;;FILE;;;;;;;;;"site oficial recente indica atividade docente e artística; sem evidência de óbito.";;;;;
Marta Peluffo;1931;1979;Argentina;Manuel Belgrano National School of Drawing > Prilidiano Pueyrredón National School of Fine Arts > School of Fine Arts, National University of La Plata;-34.5947 > -34.5947 > -34.9214;-58.3994 > -58.3994 > -57.9544;La Plata;Buenos Aires;female;https://elojodelarte.com/biografias/martha-peluffo-ella-y-los-otros | https://cvaa.com.ar/04ingles/04biografias_en/peluffo_en.php;medium;Convergent sources record education at the Manuel Belgrano and Prilidiano Pueyrredón schools and continued studies at the National University of La Plata.;Wikidata;high;MAC USP;medium;-34.9019125;-57.9511252;100.0;-34.6090264;-58.3732215;100.0;MAC USP;"local de morte auditado; fonte museológica registra Buenos Aires.";high;Wikidata > Ulan;Wikidata > Ulan;;high
Martin Calvino;;;United States;Universidad de la República > University of Tsukuba > Rutgers University;-34.90591666666667 > 36.10367589575579 > 40.501666666667;-56.19131111111111 > 140.1020979 > -74.448055555556;Uruguay;;male;FILE Festival;high;fonte identifica apenas o país de nascimento;Seton Hall University exhibition;high;FILE;;-32.522779;-55.765835;;;;;;"FILE e perfil recente indicam atividade; sem evidência de óbito.";;;;;
Martina Menegon;1988;;Italy;IUAV University of Venice;45.4331;12.3149;Italy;;female;https://ars.electronica.art/export/en/you-know-me-so-well/ | https://www.wikidata.org/wiki/Q112198553;high;fonte identifica apenas o país de nascimento;Vienna Design Week;medium;FILE;;42.83333;12.83333;100.0;;;;;"site oficial recente indica atividade acadêmica e artística; sem evidência de óbito.";;;;;
Martina Scarpelli;1988;;Italy;Accademia di Belle Arti di Brera > Experimental Center of Cinematography in Turin;45.47222222 > 45.0708;9.18888889 > 7.6889;Rome, Lazio, Italy;;female;https://martinascarpelli.com/about> https://www.animazioni.net/martina-scarpelli/;medium;;Animaphix;medium;FILE;;41.8905568;12.4942679;;;;;;"site oficial recente indica atividade; sem evidência de óbito.";;site oficial de Martina Scarpelli | IMDb;;"nascimento localizado; sem data de morte em fonte consultada";high
Mary de Souza;;;;Brazilian artistic training;;;;;female;https://www.catalogodasartes.com.br/;medium;Registro mantido prudente por insuficiência de fonte aberta detalhada.;;;Museu Histórico Nacional;low;;;;;;;;"identificação biográfica insuficiente em fonte aberta; local de morte não localizado.";;;;;
María Bilbao-Herrera;;;;The Art Institute of Fort Lauderdale;26.1;-80.122;Caracas;;female;https://archive.file.org.br/participantes/maria-bilbao%C2%B7herrera/;high;;Wikidata;high;FILE;;10.48801;-66.87919;100.0;;;;;"fontes recentes indicam atividade artística e educacional; sem evidência de óbito.";;;;;
María Papi;1707;1807;Argentina;Universidad Nacional de las Artes (UNA);-34.59472222;-58.39944444;Argentina;;female;https://www.curatedbygirls.com/maria-papi/> https://filmfreeway.com/mariapapi;medium;fonte biográfica identifica apenas o país> preenchimento mantido em nível de país.;FilmFreeway / FILE Festival;medium;FILE;;-38.416097;-63.616672;;;;;;"fonte recente de 2026 indica atividade; sem evidência de óbito.";;Ulan;Ulan;;high
Masahiko Satō;1941;;Japan;University of Tokyo;35.71339;139.76232;Tokyo;;male;https://www.ddddb.online/en/people/masahiko-sato | https://archive.file.org.br/participantes/masahiko-sato/;high;;Wikidata;high;FILE;;35.68945633;139.69171609;100.0;;;;;"site oficial vigente e FILE registram atividade; sem evidência de óbito.";;;;;
Masao Kodama;1931;;;;;;Wakayama, Japan;;;;;formação não localizada com segurança;https://acervo.mac.usp.br/acervo/index.php/Detail/entities/5546;high;MAC USP;high;34.233459;135.167509;;;;;;"MAC USP registra nascimento; local de morte não localizado em fonte auditável.";;MAC USP;;"nascimento localizado; sem data de morte em fonte consultada";high
Massimo Campigli;1895;1971;Italy;self-taught;43.77777;11.25951;Berlin;Saint-Tropez;male;https://artcollection.unicredit.eu/artists/74-max-ihlenfeld-known-as-massimo-campigli/ | https://www.guggenheim-venice.it/en/art/artists/massimo-campigli/;high;"The UniCredit collection describes him as a self-taught painter; museum sources do not support education at the University of Florence. Existing coordinates were preserved.";Wikidata;high;MAC USP;low;52.517669999;13.405537999;100.0;43.273286531;6.639795945;100.0;Peggy Guggenheim Collection;"local de morte auditado; fonte institucional registra St. Tropez.";high;Ulan;Ulan;;high
Massimo Saverio Maida;1972;;Italy;Scuola del Libro, Urbino > School of Cinema Television and New Media Luchino Visconti, Milan;43.7273274 > 45.466944444444;12.6353072 > 9.19;Naples, Italy;;male;https://en.almanimatori.com/team/massimo-saverio-maida;medium;;site oficial do artista;high;FILE;;40.8399833;14.2525421;;;;;;"site oficial recente indica atividade profissional; sem evidência de óbito.";;site oficial de Massimo Saverio Maida | FILE;;"nascimento localizado; sem data de morte em fonte consultada";high
Massimo Vito Avantaggiato;;;Italy;Università Cattolica del Sacro Cuore > SDA Bocconi > Conservatorio Giuseppe Verdi di Milano > Conservatorio Arrigo Boito di Parma;45.466944444444 > 45.44742222222222 > 45.465 > 44.79975;9.19 > 9.18754722222222 > 9.203611111111112 > 10.32475;Italy;;male;https://autori.poetipoesia.com/minisiti-massimo-vito-avantaggiato/> https://www.massimoavantaggiato.com/;medium;FILE explicita “País de Origem: Itália”> preenchido em nível de país.;FILE Festival (País de Origem);high;FILE;;42.83333;12.83333;100.0;;;;;"biografia oficial recente indica atuação docente e artística; sem evidência de óbito.";;;;;
Master of the Bigallo Crucifixion;1150;;;;;;;;male;;;mestre anônimo/identidade incerta> formação não documentada;;;MASP;;;;;;;;;"artista anônimo medieval; identidade não individualizada, sem local de morte verificável.";;Wikidata;;;high
Matt Hammill;;;Canada;Sheridan College;43.46888888888889;-79.7;Ontario, Canada;;male;https://matthammill.com/about/;high;Fonte institucional usa formulação de origem (“desenvolvedor de jogos e artista de Ontário, Canadá”), sem afirmar nascimento.;FILE Festival (biografia do artista);high;FILE;;50.000678;-86.000977;;;;;;"site oficial recente indica atividade profissional; sem evidência de óbito.";;;;;
Matthew Schoen;;;Canada;Montreal Music Conservatory;45.5033426;-73.5868411;Montreal, Canada;;male;https://avnode.net/matthew-schoen/;high;Fonte institucional usa formulação de origem (“Sou motion designer e artista 3D de Montreal, Canadá”), sem afirmar nascimento.;FILE Festival (biografia do artista);high;FILE;;45.508867;-73.554242;100.0;;;;;"festival recente indica que vive e trabalha em Leiden; sem evidência de óbito.";;;;;
Matthew Williamson;1972;;United Kingdom;Central Saint Martins;51.5353;-0.1253;Chorlton-cum-Hardy;;male;https://www.matthewwilliamson.com/about | https://en.wikipedia.org/wiki/Matthew_Williamson;medium;;Wikidata;high;FILE;;53.437935839;-2.269066458;100.0;;;;;"site oficial recente registra atuação profissional e prêmio de 2024; sem evidência de óbito.";;Ulan;;;high
Matthieu Cherubini;1984;;Switzerland;University of Applied Sciences of Western Switzerland > Geneva University of Art and Design (HEAD – Genève) > Royal College of Art;47.361332 > 46.2089 > 51.501388888889;7.345858 > 6.14132 > -0.17888888888889;Switzerland;;male;https://www.fact.co.uk/artist/matthieu-cherubini> https://archive.file.org.br/participantes/matthieu-cherubini/;high;FILE explicita “País de Origem: Suíça”> preenchido em nível de país.;FILE Festival (País de Origem);high;FILE;;46.818188;8.227512;;;;;;"site oficial recente indica base em Tóquio e projetos em 2026; sem evidência de óbito.";;;;;
Mattia Moreni;1920;1999;Italy;Universidade de Turim;45.069444444444;7.6888888888889;Pavia;Brisighella;male;https://it.wikipedia.org/wiki/Mattia_Moreni;medium;instituição identificada> datas não localizadas com precisão;Wikidata;high;MAC USP;medium;45.1858877;9.1565627;100.0;44.2228774;11.7717285;100.0;Treccani;"local de morte auditado; Treccani registra Brisighella.";high;Wikidata > Ulan;Wikidata > Ulan;;high
Mauricio Jabur;;;Brazil;ETEC Lauro Gomes;-23.69;-46.54;Brazil;;male;https://www.escavador.com/sobre/840464017/mauricio-aurelio-jabur;medium;FILE explicita “País de Origem: Brasil”> preenchido em nível de país.;FILE Festival (País de Origem);high;FILE;;-10.769946429;-53.073466889;100.0;;;;;"site oficial recente indica atividade profissional; sem evidência de óbito.";;;;;
Mauricio Sáenz;1977;;Mexico;Universitat Politècnica de València;39.48088957948802;-0.3411099306510339;Matamoros, Mexico;;male;https://archive.file.org.br/participantes/mauricio-saenz/> https://proyector.info/en/profile/mauricio-saenz/;high;;Casa Tomada;medium;FILE;;25.879723;-97.504257;;;;;;"biografia de festival registra nomeações recentes; sem evidência de óbito.";;FILE;;"nascimento localizado; sem data de morte em fonte consultada";high
Maurício Chades;1991;;Brazil;Universidade de Brasília (UnB) > School of the Art Institute of Chicago (SAIC);-15.76138888888889 > 41.879444444444;-47.86638888888889 > -87.623888888889;Gilbués, Piauí, Brazil;;male;https://www.mauriciochades.com/> https://www.premiopipa.com/mauricio-chades/;medium;;site oficial do artista;high;FILE;;-9.8317;-45.3436;;;;;;"site oficial e Prêmio PIPA 2024 indicam atividade; sem evidência de óbito.";;Videobrasil | site oficial de Maurício Chades;;"nascimento localizado; sem data de morte em fonte consultada";high
Maurício Nogueira Lima;1930;1999;Brazil;Instituto de Belas Artes do Rio Grande do Sul > Instituto de Arte Contemporânea do MASP > Universidade Presbiteriana Mackenzie > Escola Superior de Propaganda (MASP);-30.0292 > -23.56111111111111 > -23.546111 > -23.56111111111111;-51.2233 > -46.65583333333333 > -46.651667 > -46.65583333333333;Recife;Campinas;male;https://mauricionogueiralima.com.br/o-artista.html#cronologia;high;A cronologia oficial confirma estudos no Instituto de Belas Artes do Rio Grande do Sul, no Instituto de Arte Contemporânea do MASP, na Universidade Presbiteriana Mackenzie e na Escola Superior de Propaganda (MASP).;Wikidata;high;MAC USP;high;-8.0551894;-34.871176;100.0;-22.9073702;-47.0628996;100.0;MAC USP;"local de morte auditado; fonte museológica registra Campinas (São Paulo).";high;Wikidata > Ulan;Wikidata > Ulan;;high
Max Björverud;;;Sweden;;;;Sweden;;male;;;FILE explicita “País de Origem: Suécia”> preenchido em nível de país.;FILE Festival (País de Origem);high;FILE;;64.712585547;17.260487956;100.0;;;;;"canal e site autorais recentes indicam atividade; sem evidência de óbito.";;;;;
Max Cooper;1980;;United Kingdom;University of Nottingham;52.93888888888889;-1.1969444444444444;Belfast;;male;https://en.wikipedia.org/wiki/Max_Cooper_%28music_producer%29;medium;;Wikidata;high;FILE;;54.5972686;-5.9301088;100.0;;;;;"site oficial recente indica lançamentos e projetos em curso; sem evidência de óbito.";;;;;
Max Ernst;1891;1976;Cuba;University of Bonn;50.733888888889;7.1022222222222;Brühl;Paris;male;Britannica> biografia institucional;high;estudos universitários antes da consolidação artística;Wikidata;high;MAC USP;high;50.829489999;6.902458;100.0;48.856372814;2.352529617;83.21;Britannica;"registro anterior normalizado de 7th arrondissement of Paris para Paris; Britannica registra Paris.";high;Wikidata;Wikidata;;high
Max Hilsamer;;;Germany;Universität der Künste Berlin (UdK Berlin) > Parsons School of Design;52.50916666666667 > 40.735357;13.32694444444444 > -73.994533;;;male;https://archive.file.org.br/participantes/max-hilsamer/> https://screen-sharing.net/Max-Hilsamer;high;Lote 8 pesquisado> sem fonte auditável suficiente para local de nascimento.;;;FILE;;;;;;;;;"site oficial vigente indica atividade profissional; sem evidência de óbito.";;;;;
Max Porter;1981;;United States;Netherlands Institute for Animated Film > Rhode Island School of Design;52.36666666666667 > 41.825833333333;4.883333333333333 > -71.407777777778;New York;;male;CV de Max Porter — Baker Artist Portfolio;medium;;Wikidata;high;FILE;;40.7130466;-74.0072301;100.0;;;;;"perfil docente recente indica atividade profissional; sem evidência de óbito.";;;;;
Max van der Ree;;;Kingdom of the Netherlands;HKU University of the Arts Utrecht > Utrecht University;52.09303055555556 > 52.085277777777776;5.121088888888889 > 5.175;Netherlands;;male;https://ercsynergy-resilience.eu/max-van-der-ree/> https://archive.file.org.br/participantes/max-van-der-ree/;high;FILE explicita “País de Origem: Países Baixos / Holanda”> preenchido em nível de país.;FILE Festival (País de Origem);high;FILE;;52.249375293;5.616126398;100.0;;;;;"perfil institucional recente indica vínculo acadêmico; sem evidência de óbito.";;;;;
Maxim Zhestkov;1985;;Russia;Ulyanovsk State University;54.311623;48.389972;Ulyanovsk, Russia;;male;FILE Festival | Artsy;high;;Wikipedia;medium;FILE;;54.3187042;48.3976353;100.0;;;;;"site oficial recente e publicação de 2026 indicam atividade; sem evidência de óbito.";;Wikidata;;;high
Maxime Archambault;;;Canada;;;;Montreal, Canada;;male;;;Fonte institucional usa formulação de origem (“de Montreal, Canadá”), sem afirmar nascimento. | evidência explícita por pronomes em depoimento publicado no site oficial;FILE Festival (biografia do artista);high;FILE;;45.508867;-73.554242;100.0;;;;;"portfólio recente indica atividade profissional; sem evidência de óbito.";;;;;
Maximiliano Scholze;1860;1914;Brazil;German academic training;;;;;male;https://www.wikidata.org/wiki/Q116444293;high;Registro conservador com fonte aberta estruturada, sem detalhe cronológico suficiente.;;;Museu Paulista;low;;;;;;;;fontes abertas confirmam autoria e datas vitais, mas não local de morte auditável.;;Wikidata;Wikidata;;high
Maya Puig;1981;;Germany;;;;West Berlin, Germany;;female;;;;site oficial da artista;high;FILE;;52.517037;13.38886;;;;;;"site oficial recente indica atividade como coach e facilitadora; sem evidência de óbito.";;;;;
Mehdi Aouichaoui;;;France;Supinfocom Rubika;50.35805555555555;3.523333333333333;;;male;https://rubika-edu.com/blog/mehdi-aouichaoui-diplome-2015-interviewe-par-allocine-pour-dragon-balsuper-broly/> https://www.allocine.fr/article/fichearticle_gen_carticle=18681154.html;medium;Lote 8 pesquisado> sem fonte auditável suficiente para local de nascimento.;;;FILE;;;;;;;;;"fonte institucional recente e agenda pública de 2026 indicam atividade; sem evidência de óbito.";;;;;
Meike Redeker;;;Germany;Braunschweig University of Art > Institut Teknologi Bandung;52.2575 > -6.889852;10.50166667 > 107.609968;Germany;;female;https://meikeredeker.info/About> https://www.goethe.de/ins/in/en/sta/ban/ueb/bar/red.html;medium;FILE explicita “País de Origem: Alemanha”> preenchido em nível de país.;FILE Festival (País de Origem);high;FILE;;51.110631049;10.392277932;100.0;;;;;"site oficial recente indica atividade artística e docente; sem evidência de óbito.";;;;;
Mengjing Yang;;;;Supinfocom Rubika;50.35805555555555;3.523333333333333;;;;FILE Festival;high;Lote 8 pesquisado> sem fonte auditável suficiente para local de nascimento.;;;FILE;;;;;;;;;"registro profissional recente consultado não informa óbito; local de morte não localizado.";;;;;
Mentalla Sayed;;;United Arab Emirates;American University of Sharjah;25.309722;55.490556;United Arab Emirates;;female;https://archive.file.org.br/participantes/mentalla-sayed/> https://www.middleeastarchitect.com/insight/tashkeel-presents-four-emerging-uae-based-designers;high;FILE explicita “País de Origem: Emirados Árabes Unidos”> preenchido em nível de país.;FILE Festival (País de Origem);high;FILE;;23.424076;53.847818;;;;;;"site institucional recente indica atuação em Dubai; sem evidência de óbito.";;;;;
Merlin Flügel;1987;;Germany;University of Art and Design Offenbach;50.1075;8.76472222;Naila, Germany;;male;FILE Festival;high;;FILE Festival / Folkwang Universität;high;FILE;;50.330342999;11.706880999;100.0;;;;;"site oficial recente indica atividade artística e docente; sem evidência de óbito.";;Wikidata;;;high
Mestre da Família Artés;;;;medieval Catalan workshop;41.3825;2.1769444444444;;;male;https://www.museodelprado.es/;high;Trata-se de nome de convenção histórica, não de artista civil identificado> registrei apenas a tradição/oficina.;;;MASP;low;;;;;;;;"artista anônimo; identidade não individualizada, sem local de morte verificável.";;;;;
Miao Jing;1985;;People's Republic of China;Peking University;39.989722222222;116.30527777778;Chongqing, China;;male;https://www.wikidata.org/wiki/Q61088692 | https://jinglab.cibr.ac.cn/People/PrincipalInvestigator/78c118907a3e45bab6b08669d3af4403.htm;high;;site oficial do artista / A4 Art Museum;high;FILE;;29.56026;106.55771;100.0;;;;;"biografia institucional recente indica atuação entre Xangai, Pequim e Nova York; sem evidência de óbito.";;MutualArt;;"nascimento localizado em base artística secundária; sem data de morte em fonte consultada";medium
Michael Grotenhoff;1970;;;;;;Ahaus, Westphalia, Germany;;male;;;;ApolloFilm;high;FILE;;52.076849;7.010692;;;;;;"biografia institucional vigente registra atuação profissional; sem evidência de óbito.";;ApolloFilm;;"nascimento localizado; sem data de morte em fonte consultada";high
Michael Lee;;;;;;;Singapore;;male;;;;4A Centre for Contemporary Asian Art;high;FILE;;1.352083;103.819836;;;;;;"galeria recente indica atuação entre Berlim e Singapura; sem evidência de óbito.";;;;;
Michael Marczewski;;;United Kingdom;;;;United Kingdom;;male;;;FILE explicita “País de Origem: Reino Unido”> preenchido em nível de país.;FILE Festival (País de Origem);high;FILE;;53.408386605;-1.969559544;100.0;;;;;"site oficial recente indica atividade como diretor e animador; sem evidência de óbito.";;;;;
Michael Takeo Magruder;1974;;United States;University of Virginia;38.035555555555554;-78.50333333333333;United States;;male;CV oficial / FILE Festival;high;;CV oficial / Ben Uri Research Unit;medium;FILE;;39.398703156;-99.41461919;100.0;;;;;"site oficial recente registra projetos e produção continuada; sem evidência de óbito.";;Wikidata;;;high
Michael Trikosko;;;United States;Ringling College of Art and Design;27.3607;-82.5481;United States;;male;https://zerply.com/MTrikosko/converse?ref=public-profile | https://www.andrewwilson.org/shortfilm;medium;Ficha FILE explicita País de Origem.;FILE Archive — ficha de participante;high;FILE;high;39.398703156;-99.41461919;;;;;;"currículo profissional recente indica atividade em Vancouver; sem evidência de óbito.";;;;;
Michaela Čopíková;1984;;Slovakia;Academy of Performing Arts in Bratislava;48.14388889;17.10972222;Bratislava, Slovakia;;female;https://archiv.anifilm.cz/2020/en/program/jury-programme/non-competitive-sections/jury-programme-michaela-copikova-ove-pictures/;high;Biografia diz “artista ... da Bratislava”> local usado com base em formulação equivalente a “é de”.;FILE Archive — biografia de participante;high;FILE;low;48.151699;17.109306;;;;;;"site oficial do estúdio indica atividade contínua; sem evidência de óbito.";;ČSFD.sk | Premiers Plans Angers;;"nascimento localizado em fontes secundárias coerentes; sem data de morte em fonte consultada";medium
Michaël Verlinden;;;;Ghent Royal Conservatory;51.03319;3.742218;;;male;https://ap-arts.be/en/person/michael-verlinden;medium;local de nascimento não localizado em fonte auditável;;;FILE;;;;;;;;;"perfil institucional recente indica atuação como compositor e produtor; sem evidência de óbito.";;;;;
Michele Rocca;1670;1760;Republic of Venice;training with Pietro da Cortona >;44.8078212 > 41.893055555556;10.3296266 > 12.482777777778;Parma;Venice;male;https://en.wikipedia.org/wiki/Michele_Rocca;medium;Registro mantido de forma conservadora por escassez de cronologia detalhada.;Wikidata;high;MASP;low;44.8078212;10.3296266;100.0;45.434608;12.338913;100.0;MASP;"local de morte auditado; MASP registra Veneza.";high;Ulan;Ulan;;high
Mick Carnicelli;1893;1967;;Universidade Presbiteriana Mackenzie > Accademia di Belle Arti di Venezia > studies with Ettore Tito;-23.547 > 45.4286 > ;-46.652 > 12.3305 > ;Agropoli, Campania, Italy;São Paulo;male;https://enciclopedia.itaucultural.org.br/pessoas/7380-mick-carnicelli | https://www.escritoriodearte.com/artista/michele-carnicelli-sobrinho;high;A fonte menciona curso comercial no Mackenzie e estudos de pintura em Veneza.;https://acervo.mac.usp.br/acervo/index.php/Detail/entities/5198;high;MAC USP;high;40.3492;14.9907;;-23.5486657;-46.6382522;;MAC USP;"local de morte auditado; fonte museológica registra São Paulo.";high;Wikidata > Ulan;Wikidata > Ulan;;high
Mick Lorusso;;;United States;Colorado College > San Francisco Art Institute;38.848611 > 37.8035;-104.825 > -122.417;United States;;male;UCLA Art | Sci Center + Lab;medium;fonte biográfica identifica apenas o país> preenchimento mantido em nível de país.;ARTTEXTUM;medium;FILE;;39.398703156;-99.41461919;100.0;;;;;"site oficial recente indica atividade artística e docente; sem evidência de óbito.";;;;;
Miguel Angel Ferreira;1950;;;Escuela Nacional de Bellas Artes Manuel Belgrano;-34.63486827098634;-58.37169270382104;Buenos Aires, Argentina;;;https://artedelaargentina.com/disciplinas/artista/pintura/miguel-angel-ferreira | https://www.arteinformado.com/guia/f/miguel-angel-ferreira-48197;high;As fontes confirmam a escola, mas não trazem cronologia detalhada.;Arte de la Argentina;medium;MAC USP;medium;-34.6090264;-58.3732215;100.0;;;;;"plataforma de artista atualizada em 2026 registra docência e exposições; sem evidência de óbito.";;ARTEINFORMADO;;"nascimento localizado em base de dados de arte; sem data de morte em fonte consultada";medium
Miguel Melcon;1940;;;;;;Buenos Aires, Argentina;;male;;;biografia localizada> formação não localizada com segurança;Arte de la Argentina / Blanton Museum;high;MAC USP;;-34.6090264;-58.3732215;100.0;;;;;;;Wikidata;;;high
Miguel Navarro Cañizares;1840;1913;Spain;Reial Acadèmia de Belles Arts de Sant Carles de València > Escola de Belas Artes de São Carlos de Valência > Escola de São Fernando > studio of Federico de Madrazo y Kuntz;39.445 > 39.47 > 40.4178 > ;-0.389444 > -0.3763888888888889 > -3.7007 > ;Valencia;Rio de Janeiro;male;https://pt.wikipedia.org/wiki/Miguel_Navarro_Ca%C3%B1izares;medium;;Wikidata;high;Museu Histórico Nacional;high;39.4702393;-0.3768049;100.0;-22.9014475;-43.1789159;100.0;Museo del Prado;"local de morte auditado; fonte museológica registra Rio de Janeiro.";high;Wikidata > Ulan;Wikidata > Ulan;;high
Miguel Ângelo Lupi;1826;1883;Kingdom of Portugal;Academia de Belas-Artes de Lisboa;38.708042;-9.139016;Lisbon;Lisbon;male;https://pt.wikipedia.org/wiki/Miguel_Lupi | https://www.infopedia.pt/artigos/%24miguel-angelo-lupi;medium;;Wikidata;high;Museu Nacional de Belas Artes;high;38.7070085;-9.1356407;100.0;38.7070085;-9.1356407;100.0;ArqNet;"local de morte auditado; fonte biográfica registra Lisboa.";high;Wikidata > Ulan;Wikidata > Ulan;;high
Miguelzinho Dutra;1812;1875;Brazil;self-taught;;;Itu;Piracicaba;male;https://pt.wikipedia.org/wiki/Miguel_Arcanjo_Ben%C3%ADcio_de_Assun%C3%A7%C3%A3o_Dutra | https://enciclopedia.itaucultural.org.br/pessoas/2334-miguelzinho-dutra;medium;As fontes consultadas descrevem a formação como autodidata.;Wikidata;high;Pinacoteca de São Paulo;medium;-23.265697;-47.299124;100.0;-22.724976;-47.6476;100.0;USP;"local de morte auditado; fonte acadêmica registra Piracicaba.";high;Wikidata > Ulan;Wikidata > Ulan;;high
Mike Celona;1982;;;Syracuse University;43.037638888889;-76.134;Rochester, New York, United States;;male;https://mikecelona.net/bio-cv/> https://archive.file.org.br/participantes/mike-celona/;high;;VIP interview / site oficial do artista;high;FILE;;43.157285;-77.615214;;;;;;"site oficial recente indica atividade artística e tecnológica; sem evidência de óbito.";;Simultan archive | site oficial de Mike Celona;;"nascimento localizado em fonte biográfica secundária; sem data de morte em fonte consultada";medium
Mike Gao (Musician);;;;University of Southern California (USC) > Stanford University > University of California San Diego;34.021667 > 37.4275 > 32.8801;-118.285278 > -122.17 > -117.2340;Los Angeles, United States;;male;https://musicgrad.ucsd.edu/~mmgao/> https://asianamericanmusics17.wordpress.com/2017/05/01/mike-gao-ivory-tower-education-dtla-beats/;low;fonte descreve o artista como “from Los Angeles”> usado com baixa confiança.;site oficial do artista;high;FILE;;34.053691;-118.242766;;;;;;"site oficial recente indica atividade profissional na música e tecnologia; sem evidência de óbito.";;;;;
Mike Pelletier;1978;;Canada;Piet Zwart Institute;51.95;4.4166666666667;Prince Albert, Saskatchewan, Canada;;male;site oficial de Mike Pelletier | FILE Festival;high;;Highlike / site oficial do artista;high;FILE;;53.20335;-105.75307;;;;;;"site oficial recente indica atividade artística; sem evidência de óbito.";;FILE;;"nascimento localizado; sem data de morte em fonte consultada";high
Mike Rijnierse;1974;;Netherlands;ArtScience Interfaculty > Royal Academy of Art, The Hague (KABK) > Royal Conservatoire, The Hague;52.08 > 52.08161111111111 > 52.0809;4.31 > 4.319166666666667 > 4.3249;Haarlem, Netherlands;;male;highlike — Mike Rijnierse;medium;;Highlike / CV do artista;medium;FILE;;52.381044553;4.642828229;;;;;;"site oficial recente indica atividade profissional e mentoria; sem evidência de óbito.";;Haagse Kunstenaars;;"nascimento localizado; sem data de morte em fonte consultada";high
Mike von Rotz;;;Netherlands;Utrecht University of the Arts (HKU);52.0957532;5.1115386;;;male;FILE Festival — Mike von Rotz;high;local de nascimento não localizado em fonte auditável;;;FILE;;;;;;;;;"registro profissional recente indica atividade em efeitos visuais; sem evidência de óbito.";;;;;
Miki Del Prete;1935;;Italy;;;;Bari;;male;;;;Wikidata;high;FILE;;41.1259135;16.8721133;100.0;;;;;não localizei fonte institucional ou biográfica robusta que confirme local de morte.;;Wikidata;;;high
Mikkel Vedel;;;Kingdom of Denmark;The Animation Workshop;56.4561;9.40611;Odense, Denmark;;male;blog/showreel de Mikkel Vedel;medium;;IMDb;medium;FILE;;55.403756;10.40237;;;;;;"biografia de festival identifica atividade artística/estudantil; sem evidência de óbito.";;;;;
Milan Zulic;1972;;Serbia;;;;Sombor, Serbia;;male;;;;FILE Festival;medium;FILE;;45.773313;19.11311;;;;;;"site oficial recente registra exposições em 2025; sem evidência de óbito.";;site oficial de Milan Zulic | FILE;;"nascimento localizado; sem data de morte em fonte consultada";high
Milton Dacosta;1915;1988;Brazil;studio of August Hantv > Escola Nacional de Belas Artes; > -22.8625055; > -43.2256622;Niterói;Rio de Janeiro;male;Itaú Cultural> Guia das Artes;medium;Frequenta por cerca de três meses o curso livre da Enba em 1930.;Wikidata;high;MAC USP;high;-22.8898227;-43.1220775;100.0;-22.9014475;-43.1789159;100.0;Itaú Cultural;"local de morte auditado; fonte institucional registra Rio de Janeiro.";high;Wikidata > Ulan;Wikidata > Ulan;;high
Min Liu;;;;National Taiwan University > School of Visual Arts;25.016 > 40.73861111;121.536 > -73.98222222;Taiwan;;female;site oficial da artista | FILE Festival;high;fonte biográfica identifica apenas o país> preenchimento mantido em nível de país.;FILE Festival;medium;FILE;;23.69781;120.960515;;;;;;"site oficial recente indica atividade profissional em animação e direção de arte; sem evidência de óbito.";;;;;
Minoru Kawabata;1911;2001;Japan;Tokyo University of the Arts > Tokyo Academy of Fine Arts;35.7195782 > 35.68944444444445;139.7726862 > 139.6916666666667;Tokyo;;male;https://www.alisonbradleyprojects.com/artists/41-minoru-kawabata/biography/;high;;Wikidata;high;MAC USP;high;35.68945633;139.69171609;100.0;;;;;instituição consultada confirma o ano de falecimento, mas não localizei local de morte em fonte robusta.;;Wikidata > Ulan;Wikidata > Ulan;;high
Mira Schendel;1919;1988;Brazil;Università Cattolica del Sacro Cuore > escola de arte não especificada;45.466944444444 >;9.19 >;Zurich;São Paulo;female;https://enciclopedia.itaucultural.org.br/pessoas/708-mira-schendel> https://pt.wikipedia.org/wiki/Mira_Schendel;medium;instituição artística em Milão não especificada na fonte consultada;Wikidata;high;MAC USP;low;47.38454096;8.529927493;100.0;-23.5486657;-46.6382522;100.0;Itaú Cultural;"local de morte auditado; fonte institucional registra São Paulo.";high;Wikidata > Ulan;Wikidata > Ulan;;high
Mirjam Weder;;;Switzerland;Universität Zürich > Universität Basel;47.374722222222 > 47.55852;8.5483333333333 > 7.58346;Switzerland;;female;Universität Basel — perfil de Mirjam Weder;medium;Ficha FILE explicita País de Origem.;FILE Archive — ficha de participante;high;FILE;high;46.818188;8.227512;;;;;;"página universitária recente indica atividade docente; sem evidência de óbito.";;;;;
Miro Soares;1981;;Brazil;École Supérieure d’Art de Grenoble > Université Paris 1 Panthéon-Sorbonne;45.1867 > 48.85666666666667;5.72657 > 2.352222222222222;Mantena, Minas Gerais, Brazil;;male;perfil acadêmico de Miro Soares (UFES/Academia.edu);low;;FILE Festival;high;FILE;;-18.7767;-40.9869;;;;;;registros profissionais consultados não permitem confirmar local de morte com segurança.;;FILE;;"nascimento localizado; sem data de morte em fonte consultada";high
Mladen Srbinović;1925;2009;Yugoslavia;Academy of Fine Arts, Belgrade;44.819524;20.453494;Sushica;Belgrade;male;https://en.wikipedia.org/wiki/Mladen_Srbinovi%C4%87;medium;The identifiable source confirms graduation from the Belgrade Art Academy in 1951.;Wikidata;high;MAC USP;medium;57.6175411;31.0548933;100.0;44.80401;20.46513;;SANU;"local de morte auditado; fonte institucional registra Belgrado.";high;;;;
Mme. A. Deharmel;;;;;;;;;female;;;;;;Museu Histórico Nacional;;;;;;;;;registro de autoridade identifica a autora, mas não traz dados biográficos suficientes para auditar local de morte.;;;;;
Moacyr de Vicentis Rocha;1929;2000;;Estúdio Gravura, escola de Lívio Abramo;-23.550394444444;-46.633947222222;São Paulo, SP, Brazil;;;https://revistas.belasartes.br/revistabelasartes/article/view/263 | https://livrozilla.com/doc/412295/zita-viana-de-barros-e-moacyr-de-vicentis-rocha | https://www.academia.edu/26758427/ZITA_VIANA_DE_BARROS_E_MOACYR_DE_VICENTIS_ROCHA_A_PRODU%C3%87%C3%83O_SOB_A_INFLU%C3%8ANCIA_DE_L%C3%8DVIO_ABRAMO;high;;MAC USP;high;MAC USP;high;-23.5486657;-46.6382522;;;;;;fontes consultadas confirmam a data de falecimento, mas não localizei local de morte auditável.;;Revista Belas Artes;Revista Belas Artes;datas confirmadas em artigo acadêmico sobre a produção do artista;high
Modesto Brocos Gómez;1852;1936;Spain;Academia de Belas Artes da Corunha > Academia Imperial de Belas Artes;43.37385694021591 > -22.9071;-8.400027032341967 > -43.1829;Santiago de Compostela;Rio de Janeiro;male;https://pt.wikipedia.org/wiki/Modesto_Brocos | https://www.catalogodasartes.com.br/artista/Modesto%20Brocos%20-%20Modesto%20Brocos%20y%20Gomez/;medium;A formação inicial inclui desenho com o irmão Isidoro Brocos y Gómez.;Wikidata;high;Museu Nacional de Belas Artes;high;42.8806228;-8.5466071;100.0;-22.9014475;-43.1789159;100.0;Itaú Cultural;"local de morte auditado; fonte institucional registra Rio de Janeiro.";high;Wikidata;Wikidata;;high
Modesto Cuixart;1925;2007;Spain;Acadèmia Lliure de Pintura de Barcelona;41.3825;2.1769444444444;Barcelona;Palamós;male;https://es.wikipedia.org/wiki/Modest_Cuixart;medium;Biografia confirma academia livre em Barcelona e frequência universitária em Paris, sem detalhar a instituição parisiense.;Wikidata;high;MAC USP;low;41.387917;2.1699187;100.0;41.84674675;3.12865803;100.0;https://www.wikiart.org/pt/modest-cuixart;"Place of death corrected to Palamós; Palafrugell is the seat of the Cuixart Foundation.";high;Wikidata > Ulan;Wikidata;;high
Moisés Patrício;1984;;Brazil;Escola de Comunicações e Artes da USP (ECA-USP);-23.55833333;-46.72694444;São Paulo, São Paulo, Brazil;;male;https://galeriaestacao.com.br/documents/portfolio_100_df714-portfolio-moises-patricio-%28portugues%29-.pdf | https://amlatina.contemporaryand.com/pt/people/moises-patricio/0/ | https://acervo.macrs.rs.gov.br/artistas-macrs/moises-patricio/;high;As fontes consultadas confirmam a formação na ECA-USP, mas não trazem cronologia detalhada.;https://enciclopedia.itaucultural.org.br/pessoas/37362-moises-patricio;high;MAC USP;high;-23.5486657;-46.6382522;;;;;;"fontes institucionais recentes indicam atividade artística; sem evidência de óbito.";;;;;
Monica Manalo;;;United States;School of Visual Arts;40.73861111;-73.98222222;;;female;currículo de Monica Manalo;medium;local de nascimento não localizado em fonte auditável;;;FILE;;;;;;;;;"site oficial recente indica atividade artística; sem evidência de óbito.";;;;;
Montez Magno;1934;2023;Brazil;;;;Timbaúba, Pernambuco, Brazil;Recife;male;;;a fonte registra estudos de desenho e pintura, mas não nomeia com segurança a instituição;https://galatea.art/artists/24?language=pt;medium;MAC USP;medium;-7.5051;-35.3182;;-8.0538888889;-34.8808333333;;Itaú Cultural;"local de morte auditado; fonte institucional registra Recife.";high;Ulan;Ulan;;high
Morehshin Allahyari;1985;;Iran;University of Tehran > University of Denver > University of North Texas;35.70333333333333 > 39.678333 > 33.21095;51.419444444444444 > -104.962222 > -97.146958333333;Tehran;;female;CV da artista;medium;;Wikidata;high;FILE;;35.6863968;51.4328575;100.0;;;;;"página universitária recente indica atividade docente e artística; sem evidência de óbito.";;Wikidata;;;high
Morgane Stricot;;;France;École Supérieure d’Art d’Avignon > University of Maine;43.948611111111 > 44.8990;4.8083333333333 > -68.6740;France;;female;MAPS | BORN DIGITAL — Morgane Stricot;medium;Ficha FILE explicita País de Origem.;FILE Archive — ficha de participante;high;FILE;high;46.559417044;2.550539953;;;;;;"fontes institucionais recentes indicam atividade profissional em conservação; sem evidência de óbito.";;;;;
Moritz Reichartz;;;Germany;State Academy of Fine Arts Stuttgart;48.7775;9.18;Germany;;male;FILE Festival;high;;FILE Festival (País de Origem);high;FILE;;51.110631049;10.392277932;100.0;;;;;"portfólio e biografia recentes indicam atividade profissional; sem evidência de óbito.";;;;;
Morris Graves;1910;2001;United States;;;;Fox;Loleta;male;;;artista geralmente descrito como autodidata> sem escola formal localizada;Wikidata;high;MAC USP;medium;41.623184;-88.49519;100.0;40.640741;-124.226367;100.0;Seattle Art Museum;"local de morte auditado; fonte museológica registra Loleta, Califórnia.";high;Ulan;Ulan;;high
Moshe Castel;1909;1992;Israel;École du Louvre > Bezalel Art School > estúdio de Yitzhak Frenkel > Académie Julian;48.8627 > 31.78116666666667 >  > 48.871111;2.3364 > 35.22361111111111 >  > 2.341667;Jerusalem;Tel Aviv;male;https://castelmuseum.co.il/en/moshe-castel-artist/moshe-castel;high;O museu do artista documenta a sequência completa de formação em Jerusalém, Tel Aviv e Paris.;Wikidata;high;MAC USP;high;31.7890222;35.2010767;100.0;32.0735802;34.7880511;100.0;El País;"local de morte auditado; obituário de fonte reputada registra Tel Aviv.";medium;Ulan;Ulan;;high
Moussia Pinto Alves;1901;1986;Brazil;;;;Sevastopol;São Paulo;female;;;formação não institucional claramente localizada> mantido local de estudo/atividade;Wikidata;high;MAC USP;low;44.550653;33.5389528;100.0;-23.5486657;-46.6382522;;MASP;"local de morte auditado; fonte museológica registra São Paulo.";high;Wikidata > Ulan;Wikidata > Ulan;;high
Murat Saygıner;1989;;Czech Republic;self-taught;50.071199678;14.450977012;Prague;;male;FILE Festival — Murat Saygıner | IMDb / FilmFreeway;medium;autodidata> coordenadas atribuídas à cidade biográfica associada no início da trajetória;Wikidata;high;FILE;low;50.071199678;14.450977012;100.0;;;;;não localizei fonte robusta que confirme local de morte.;;;;;
Muriel Montini;;;France;Université Paris 8 Saint-Denis;48.944722222222;2.3633333333333;France;;female;Szczecin Film Festival;high;Ficha FILE explicita País de Origem.;FILE Archive — ficha de participante;high;FILE;high;46.559417044;2.550539953;;;;;;"biografia recente indica atividade profissional em desenvolvimento de projetos; sem evidência de óbito.";;;;;
Muriel Paraboni;1977;;Brazil;Universidade Federal de Santa Maria (UFSM) > Universidade Feevale > Universidade do Vale do Rio dos Sinos (Unisinos) > Pontifícia Universidade Católica do Rio Grande do Sul (PUC-RS) > Escuela Internacional de Cine y TV (EICTV) > Universidade Federal do Rio Grande do Sul (UFRGS);-29.8872 > -29.6813 > -29.7950 > -30.0588 > 22.917735 > -30.033611111111;-51.1629 > -51.1328 > -51.1537 > -51.1744 > -82.540882 > -51.219166666667;Southern Brazil;;male;https://murielparaboni.com/bio4cv;high;fonte explicita apenas “born in Southern Brazil”, sem cidade ou estado.;site oficial do artista;high;FILE;;-27.5935;-51.889;;;;;;"site oficial recente indica atividade artística e acadêmica; sem evidência de óbito.";;site oficial de Muriel Paraboni;;"nascimento localizado; sem data de morte em fonte consultada";high
Mustashrik;1985;;"United Kingdom; Bangladesh";Surrey Institute of Art & Design;51.216;-0.806;Dhaka, Bangladesh;;male;IMDb;medium;;Paul Gravett;medium;FILE;;23.810333;90.412521;;;;;;"currículo e biografia recentes indicam atividade profissional; sem evidência de óbito.";;Paul Gravett;;"nascimento localizado em fonte biográfica secundária; sem data de morte em fonte consultada";medium
Mário Bueno;1916;2001;Brazil;self-taught;;;Campinas;Campinas;male;https://enciclopedia.itaucultural.org.br/pessoas/2142-mario-bueno;high;A fonte consultada qualifica a trajetória como autodidata.;https://enciclopedia.itaucultural.org.br/pessoas/2142-mario-bueno;high;MAC USP;medium;-22.9073702;-47.0628996;100.0;-22.9073702;-47.0628996;;https://enciclopedia.itaucultural.org.br/pessoas/2142-mario-bueno;"local de morte auditado; fonte acadêmica registra Campinas.";high;https://enciclopedia.itaucultural.org.br/pessoas/2142-mario-bueno;https://enciclopedia.itaucultural.org.br/pessoas/2142-mario-bueno;;high
Mário Navarro da Costa;1883;1931;Brazil;studies with José Maria de Medeiros > studies with Rodolfo Amoedo; > ; > ;Rio de Janeiro;Florence;male;https://enciclopedia.itaucultural.org.br/pessoas/6111-navarro-da-costa;medium;a fonte também registra estudo com José Maria de Medeiros e Rodolfo Amoedo e frequência a ateliês em Nápoles;Wikidata;high;Museu Nacional de Belas Artes;medium;-22.9014475;-43.1789159;100.0;43.7686976;11.2569291;100.0;Itaú Cultural;"local de morte auditado; fonte institucional registra Florença.";high;Wikidata;Wikidata;;high
Mário Villares Barbosa;1880;1917;Brazil;Liceu de Artes e Ofícios de São Paulo > Académie Julian > School of Fine Arts in Paris > training with Oscar Pereira da Silva;-23.5331446 > 48.871111 > 48.856386 > ;-46.6267577 > 2.341667 > 2.335657 > ;Campinas;Madrid;male;https://www.guiadasartes.com.br/mario-villares-barbosa/obras-e-biografia;medium;As mesmas fontes informam aprendizagem inicial com Oscar Pereira da Silva.;Wikidata;high;Pinacoteca de São Paulo;high;-22.9073702;-47.0628996;100.0;40.4166909;-3.7003454;100.0;Itaú Cultural;"local de morte auditado; fonte institucional registra Madri.";high;Wikidata;Wikidata;;high
Mário Zanini;1907;1971;Brazil;Escola Profissional Masculina do Brás > Liceu de Artes e Ofícios de São Paulo;-23.54504 > -23.5331446;-46.61634 > -46.6267577;São Paulo;São Paulo;male;Escritório de Arte> Guia das Artes;medium;;Wikidata;high;MAC USP;high;-23.5486657;-46.6382522;100.0;-23.5486657;-46.6382522;100.0;Itaú Cultural;"local de morte auditado; fonte institucional registra São Paulo.";high;Wikidata;Wikidata;;high
Mélanie Courtinat;1993;;France;ECAL / École cantonale d'art de Lausanne;46.536742;6.588525;Paris, France;;female;ECAL;medium;;Wikipédia FR;medium;FILE;;48.856372814;2.352529617;100.0;;;;;"site oficial recente indica atividade artística e docente; sem evidência de óbito.";;site oficial de Mélanie Courtinat | CURRENTS New Media;;"nascimento localizado; sem data de morte em fonte consultada";high
Mélanie Lopez;;;France;L'Atelier de Sèvres > Supinfocom Rubika;> 50.35805555555555;> 3.523333333333333;;;female;FILE Festival;high;local de nascimento não localizado em fonte auditável;;;FILE;;;;;;;;;"site oficial recente indica atividade artística; sem evidência de óbito.";;;;;
Míriam Chiaverini;1940;2005;;Escola de Belas Artes da Universidade Federal da Bahia;-12.990785;-38.524427;São Paulo, SP, Brazil;;female;https://coleccionfemsa.com/artistas/miriam-chiaverini/ | https://enciclopedia.itaucultural.org.br/pessoas/6125-miriam-chiaverini;high;;MASC;high;MAC USP;medium;-23.5486657;-46.6382522;;;;;;verbete institucional consultado não informa local de morte.;;Wikidata > Ulan;Wikidata;;high
Mónica Rikić;1986;;Spain;Universitat de Barcelona > Universitat Pompeu Fabra > Universitat Oberta de Catalunya;41.386666666667 > 41.406594 > 41.406594;2.1638888888889 > 2.194429 > 2.194429;Barcelona;;female;FILE Festival;high;;Wikidata;high;FILE;;41.387917;2.1699187;100.0;;;;;"site oficial recente indica atividade artística e acadêmica; sem evidência de óbito.";;;;;
Mônica Nador;1955;;Brazil;Fundação Armando Álvares Penteado (FAAP) > Escola de Comunicações e Artes da USP (ECA-USP);-23.5450155 > -23.55833333;-46.6630802 > -46.72694444;Ribeirão Preto;;female;https://www.guiadasartes.com.br/monica-nador/obras-e-biografia;low;na ECA/USP frequenta curso de gravura planográfica com Regina Silveira;Wikidata;high;MAC USP;high;-21.1766308;-47.8208378;100.0;;;;;"verbete institucional recente apresenta a artista sem informação de óbito; não localizei local de morte auditável.";;Wikidata > Ulan;;;high
Nada Al Dash;;;Jordan;International College of Cyprus;35;33;;;female;site oficial da artista;high;local de nascimento não localizado em fonte auditável | fonte reputada e compatível com a trajetória/formação do registro;;;FILE;;;;;;;;;"registro profissional recente indica atividade em design e mídia; sem evidência de óbito.";;;;;
Naeem Murdic;;;United States;Pratt Institute;40.691111;-73.963889;;;;site oficial do artista;high;local de nascimento não localizado em fonte auditável;;;FILE;;;;;;;;;"portfólio profissional recente indica atividade em motion design; sem evidência de óbito.";;;;;
Nahil Ali Memon;;;United States;;;;New York, United States;;female;;;;FILE Festival;high;FILE;;40.7130466;-74.0072301;;;;;;"registro profissional recente indica atividade em arte e tecnologia; sem evidência de óbito.";;;;;
Nata Metlukh;1982;;United States;Vancouver Film School > Estonian Academy of Arts;49.26083333333333 > 59;-123.1138888888889 > 26;Ukraine;;female;site oficial da artista;high;fonte identifica apenas o país de nascimento;site oficial da artista;high;FILE;;49.026898375;31.374926053;100.0;;;;;"fontes recentes indicam atividade em animação e ilustração; sem evidência de óbito.";;;;;
Natalie Labarre;;;United States;School of Visual Arts;40.73861111;-73.98222222;New York, United States;;female;Mountainfilm / Hornet;medium;fonte descreve a artista como “born and bred New Yorker”> usado com baixa confiança.;Mountainfilm;low;FILE;;40.712728;-74.006015;;;;;;"site profissional recente indica atividade em direção de animação; sem evidência de óbito.";;;;;
Nathalie Lawhead;;;United States;;;;;;non-binary;;;local de nascimento não localizado em fonte auditável;;;FILE;;;;;;;;;"site oficial recente indica atividade em arte digital e games; sem evidência de óbito.";;;;;
Nathan Jurevicius;1973;;Australia;University of South Australia;-34.9205;138.607;Bordertown, South Australia, Australia;;male;entrevista/artigo de perfil (Alison Peters> XLR8R);medium;;AustLit / Vinyl Creep;medium;FILE;;-36.310601001;140.773263075;100.0;;;;;"site oficial recente indica atividade profissional internacional; sem evidência de óbito.";;Wikidata;;;high
Nelson Leirner;1932;2020;Brazil;Lowell Technological Institute > painting classes with Joan Ponç > Ateliê Abstração / Samson Flexor;42.6539 >  >;-71.3257 >  >;São Paulo;Rio de Janeiro;male;https://www.saudeemmovimento.com.br/sites/nelsonleirner/portu/biografia.asp;medium;curso de engenharia têxtil não concluído> formação artística complementar com Joan Ponç e Samson Flexor;Wikidata;high;MAC USP;high;-23.5486657;-46.6382522;100.0;-22.9014475;-43.1789159;100.0;Itaú Cultural;"local de morte auditado; fonte institucional registra Rio de Janeiro.";high;Wikidata;Wikidata;;high
Nelson Ramos;1932;2006;Uruguay;National School of Fine Arts of Montevideo > printmaking studies with Iberê Camargo and Johnny Friedlaender at the Museum of Modern Art of Rio de Janeiro;-34.9011 > -22.9121;-56.1645 > -43.2302;Soriano Department;Montevideo;male;https://mnav.gub.uy/cms.php?a=397;high;"Uruguay’s National Museum of Visual Arts confirms studies at the National School of Fine Arts and later printmaking training in Rio de Janeiro; Taller Torres García was removed.";Wikidata;high;MAC USP;medium;-33.5300;-58.2172;100.0;-34.9055557;-56.1852505;100.0;MAC USP;"local de morte auditado; fonte museológica registra Montevidéu.";high;Ulan;MAC USP (verbete do artista);;high
Nelton Pellenz;;;Brazil;Universidade Federal de Santa Maria (UFSM) > Universidade Luterana do Brasil (ULBRA) > Universidade Federal do Rio Grande do Sul (UFRGS);-29.8872 > -29.9194 > -30.033611111111;-51.1629 > -51.1803 > -51.219166666667;São Paulo das Missões, Rio Grande do Sul, Brazil;;male;CV oficial do artista;high;;CV do artista;high;FILE;;-28.0194;-54.9404;;;;;;"biografia institucional recente informa que vive e trabalha em Porto Alegre; sem evidência de óbito.";;;;;
Nemesio Antúnez;1918;1993;Chile;Pontificia Universidad Católica de Chile > Columbia University > Atelier 17;-33.4411 > 40.8075 > 40.7359;-70.6407 > -73.9626 > -73.9905;Santiago;Santiago;male;https://digitalcommons.otterbein.edu/tebusco/2/ | https://www.encyclopedia.com/humanities/encyclopedias-almanacs-transcripts-and-maps/antunez-nemesio-1918-1993;medium;"Sources confirm an architecture degree at the Catholic University of Chile, later study at Columbia, and training at Atelier 17; the school was removed because it did not represent his principal higher or artistic education.";Wikidata;high;MAC USP;medium;-33.4459946;-70.6670569;100.0;-33.4459946;-70.6670569;100.0;Fundación Nemesio Antúnez;"local de morte auditado; fundação do artista registra Santiago, Chile.";high;Wikidata > Ulan;Wikidata > Ulan;;high
Neryth Yamile Manrique Mendoza;1975;;Colombia;Universidad Industrial de Santander;43.466666666667;-3.8;Bucaramanga, Colombia;;female;FILE Festival;high;;portfólio da artista;high;FILE;;7.1311813;-73.1250327;100.0;;;;;"portfólio recente indica atividade artística; sem evidência de óbito.";;FILE Festival (biografia);;;high
Nick Ladd;;;Canada;Dawson College > Sheridan College;45.489374 > 43.46888888888889;-73.588298 > -79.7;Montreal, Canada;;male;ArtStation / Museum of Other Realities;high;fonte biográfica informa origem em Montreal.;Museum of Other Realities / site oficial do artista;high;FILE;;45.508867;-73.554242;100.0;;;;;"site profissional recente indica atividade em arte em VR; sem evidência de óbito.";;;;;
Nick Luchkiv;1979;;Russia;Academy of Architecture and Arts, Southern Federal University;47.22250;39.71000;Karaganda, USSR;;male;FILE Festival;high;;FILE Festival;high;FILE;;49.802815;73.087749;;;;;;"biografia profissional consultada indica atividade em motion design; sem evidência de óbito.";;FILE Festival (biografia);;;high
Nicola Antonio Facchinetti;1824;1900;Brazil;Escola de Desenho de Bassano > Accademia di Belle Arti di Venezia;45.76666666666667 > 45.4286;11.73416666666667 > 12.3305;Treviso;Rio de Janeiro;male;https://www.guiadasartes.com.br/nicolau-antonio-facchinetti/obras-e-biografia | https://pt.wikipedia.org/wiki/Nicola_Antonio_Facchinetti;medium;A biografia cita curso em Bassano e premiações na academia de Veneza em 1842 e 1843.;Wikidata;high;Pinacoteca de São Paulo;high;45.6662855;12.242072;100.0;-22.9014475;-43.1789159;100.0;Itaú Cultural;"local de morte auditado; fonte institucional registra Rio de Janeiro.";high;Wikidata > Ulan;Wikidata > Ulan;;high
Nicola Gastaldi;;;;;;;Italy;;male;;;Ficha FILE explicita País de Origem.;FILE Archive — ficha de participante;high;FILE;high;42.83333;12.83333;;;;;;"biografia profissional recente indica atividade em design e direção de animação; sem evidência de óbito.";;;;;
Nicola Giannini;;;Italy;Université de Montréal;45.5028;-73.6077;Italy;;male;https://www.nicolagiannini.com/about-2/ | https://musique.umontreal.ca/en/community/get-to-know/portrait/udemportraits/f/nicola-giannini/ | https://archive.file.org.br/participantes/nicola-giannini/;high;;FILE Festival (País de Origem);high;FILE;;42.83333;12.83333;100.0;;;;;"site oficial recente indica atividade em composição e arte sonora; sem evidência de óbito.";;;;;
Nicolas Fong;1982;;;École nationale supérieure des arts visuels de La Cambre;50.818888888889;4.3741666666667;Paris, France;;male;https://mofart.free.fr/index.php/fong/ | https://www.flblb.com/auteur/nicolas-fong/;medium;;Japan Media Arts Festival;high;FILE;;48.856372814;2.352529617;100.0;;;;;"biografias profissionais consultadas indicam atividade em animação e cinema; sem evidência de óbito.";;Japan Media Arts Festival (perfil);;;high
Nicolas Hermansen;;;Belgium;Università di Bologna > Institut del Teatre / Universitat Autònoma de Barcelona / Universitat Pompeu Fabra;44.493888888889 > 41.379166666667;11.342777777778 > 2.1795083333333;Belgium;;male;In-Sonora;medium;fonte biográfica identifica apenas o país> preenchimento mantido em nível de país.;FILE Festival;medium;FILE;;50.833333;4.0;;;;;;"biografias profissionais consultadas indicam atividade artística e performática; sem evidência de óbito.";;;;;
Nicolas Poussin;1594;1665;;;;;Les Andelys, Normandy, France;Rome;male;;;;Britannica;high;;;49.2461;1.4125;;41.8930555556;12.4827777778;100.0;Britannica;"local de morte auditado; enciclopédia registra Roma.";high;Ulan;Ulan;;high
Nicolas Rubió;1928;2024;Spain;Escuela de Arquitectura de Barcelona;41.3842;2.1139;Barcelona;Buenos Aires;male;https://es.wikipedia.org/wiki/Nicol%C3%A1s_Mar%C3%ADa_Rubi%C3%B3_Tudur%C3%AD | https://www.urbipedia.org/hoja/Nicol%C3%A1s_Rubi%C3%B3_Tudur%C3%AD;medium;A correspondência adotada foi com Nicolás Maria Rubió Tudurí.;Wikidata;high;MAC USP;high;41.387917;2.1699187;100.0;-34.6090264;-58.3732215;100.0;Arte de la Argentina;"local de morte auditado; base de arte argentina registra Buenos Aires em 2024.";medium;Zurbarán – El Arte de los Argentinos;fr.wikipedia (verbete Nicolás Rubió);morte localizada em fonte secundária reputada;medium
Nicolas Vlavianos;1929;2022;Brazil;Académie de la Grande Chaumière > Académie du Feu;48.8567 > 48.8567;2.3522 > 2.3522;Athens;São Paulo;male;https://www.fcw.org.br/post/nicolas-vlavianos-autor-do-trof%C3%A9u-do-pr%C3%AAmio-fcw-morre-aos-93-anos;medium;"The located source records sculpture studies in Paris at the Académie de la Grande Chaumière and Académie du Feu; the Athens School of Fine Arts was not confirmed.";Wikidata;high;MAC USP;low;37.9753357;23.7361497;100.0;-23.5486657;-46.6382522;100.0;Bel Galeria;"local de morte auditado; biografia galerística registra São Paulo, Brasil, em 2022.";medium;Wikidata > Ulan;Wikidata;;high
Nicolas-Antoine Taunay;1755;1830;France;École des Beaux-Arts de Paris > studies with François Bernard Lépicié and Nicolas Guy Brenet > advanced training at the French Academy in Rome;48.853997 >  > 41.908333333333;2.333500 >  > 12.4825;Paris;Paris;male;https://pt.wikipedia.org/wiki/Nicolas-Antoine_Taunay;medium;Há mestres nomeados e aperfeiçoamento em Roma> mantida síntese conservadora.;Wikidata;high;Museu Nacional de Belas Artes;medium;48.856372814;2.352529617;100.0;48.856372814;2.352529617;100.0;Itaú Cultural;"local de morte auditado; fonte institucional registra Paris.";high;Wikidata;Wikidata;;high
Nicolas-Louis-Albert Delerive;1755;1818;France;training with Heinsius > studies with o conde de Neuville > escola de Francesco Casanova > Académie de Lille; >  >  > 50.631944444444; >  >  > 3.0575;Lille;Lisbon;male;https://eviterbo.fcsh.unl.pt/wiki/Nicolas_Delerive | https://lusojornal.com/nicolas-delerive-pintor-da-familia-real-portuguesa-ignorado-em-franca/;medium;;Wikidata;high;Museu Histórico Nacional;medium;50.6304582;3.071339915;100.0;38.7070085;-9.1356407;100.0;eViterbo;"local de morte auditado; enciclopédia de arte registra Lisboa em 1818.";high;Wikidata > Ulan;Wikidata > Ulan;;high
Nicolau Del Negro;1904;;Brazil;Escola Nacional de Belas Artes;-22.8625055;-43.2256622;Rio de Janeiro, RJ, Brazil;;male;https://www.catalogodasartes.com.br/artista/Nicolau%20Del%20Negro/;medium;A fonte identifica a ENBA e as aulas de Lucílio de Albuquerque, Rodolfo Chambelland e Rodolfo Amoedo, mas não fornece intervalo cronológico.;Enciclopédia Itaú Cultural;high;Museu Histórico Nacional;high;-22.9014475;-43.1789159;;;;;;não localizei fonte institucional ou biográfica robusta que confirme local de morte.;;Wikidata;;;high
Nicolette Daskalakis;;;United States;Institut supérieur des arts et du design de Toulouse > University of Southern California, School of Cinematic Arts > University of Southern California, Roski School of Art & Design;43.6008 > 34.021667 > 34.021667;1.44043 > -118.285278 > -118.285278;São Francisco, United States;;female;CV oficial da artista;high;;site oficial da artista;high;FILE;;37.7800771;-122.4201615;;;;;;"site profissional recente indica atividade artística em Paris; sem evidência de óbito.";;;;;
Nicolás Alcalá;;;Spain;;;;;;male;;;local de nascimento não localizado em fonte auditável;;;FILE;;;;;;;;;"biografia profissional consultada não informa local de morte com robustez; sem evidência de óbito.";;;;;
Nienke Deutz;1500;;Kingdom of the Netherlands;Maastricht Academy of Fine Arts > KASK School of Arts Ghent;50.848736111111 > 51.045519;5.6830416666667 > 3.718608;Netherlands;;female;Animafest / Batavierhuis;high;fonte biográfica identifica apenas o país> preenchimento mantido em nível de país.;FILE Festival;medium;FILE;;52.249375293;5.616126398;100.0;;;;;"site oficial recente indica atividade em cinema de animação; sem evidência de óbito.";;Ulan;;;high
Nikita Diakur;;;Russia;Royal College of Art;51.501388888889;-0.17888888888889;Russia;;male;FILE Festival;high;;FILE Festival / Re-Imagine Europe;high;FILE;;61.989526183;96.805371534;100.0;;;;;"site oficial recente indica atividade em cinema e animação; sem evidência de óbito.";;;;;
Nilda Neves;1961;;;curso de contabilidade (institution not identified in the source);-14.203611111111112;-41.66527777777778;;;female;https://www.catalogodasartes.com.br/artista/Nilda%20Neves/ | https://www.centralgaleria.com/exposicoes/nildaneves-visagens> https://www.catalogodasartes.com.br/artista/Nilda%20Neves/;medium;A fonte confirma estudo de contabilidade, mas não informa a instituição. | fontes divergentes sobre o local de nascimento (Botuporã/BA e Camanducaia/MG)> campo não preenchido.;;;MAC USP;low;;;;;;;;"fontes institucionais recentes indicam atividade artística; sem evidência de óbito.";;Enciclopédia Itaú Cultural;;;high
Niobe Xandó;1915;2010;Brazil;studio of Raphael Galvez;-23.5331446;-46.6267577;Campos Novos Paulista, São Paulo, Brazil;São Paulo;female;https://pt.wikipedia.org/wiki/Niobe_Xand%C3%B3;medium;artista frequentemente descrita como autodidata> registro mantido apenas para o estudo em ateliê explicitado na fonte;Guia das Artes;medium;MAC USP;medium;-22.6029;-50.0163;;-23.5486657;-46.6382522;100.0;Itaú Cultural;"local de morte auditado; fonte institucional registra São Paulo.";high;Wikidata;Wikidata;;high
Niura Bellavinha;1962;;Brazil;Escola Guignard > Universidade Federal de Minas Gerais (UFMG) > Parsons School of Design;-19.9552 > -19.8690878 > 40.735357;-43.9202 > -43.9663841 > -73.994533;Belo Horizonte;;female;https://www.niurabellavinha.com.br/biografia | https://pt.wikipedia.org/wiki/Niura_Bellavinha;medium;As fontes também registram oficinas e orientação de Amílcar de Castro.;Wikidata;high;MAC USP;high;-19.9181771;-43.9370534;100.0;;;;;"site oficial recente indica exposição em 2024; sem evidência de óbito.";;;;;
Noha Eid;;;Egypt;Alexandria University;31.20194;29.90528;Alexandria, Egypt;;female;East-West Dialogue / Racotis Art;medium;;East-West Dialogue;high;FILE;;31.199005;29.894378;;;;;;"biografias profissionais consultadas indicam atividade em design e direção de arte; sem evidência de óbito.";;;;;
Nonnnon;;;United States;;;;Salt Lake City, Utah, United States;;male;;;nome artístico vinculado no FILE a Dave Madden, descrito como “de Salt Lake City”.;FILE Festival;high;FILE;;40.759619;-111.886798;;;;;;"registro FILE remete a pseudônimo/projeto coletivo; sem fonte biográfica robusta que confirme local de morte.";;;;;
Norha Beltran;1929;;;Academia de Belas Artes (Viena) e outras academias de belas-artes na Bolívia, Áustria, Espanha e Brasil > studies in Museology and Psychology in Brazil;48.20833333333334 >;16.3725 >;La Paz, Bolivia;La Paz;female;https://www.catalogodasartes.com.br/artista/Norha%20Beltr%EF%BF%BDn/ | https://www.museonacionaldearte.gob.bo/2023/10/11/norah-beltran/> https://www.catalogodasartes.com.br/artista/Norha%20Beltr%EF%BF%BDn/ | https://www.museonacionaldearte.gob.bo/2023/10/11/norah-beltran/ | https://www.guiadasartes.com.br/norha-beltran/obras-principais;medium;As fontes confirmam formação em várias academias, mas sem cronologia fina> mantida formulação prudente.;Museo Nacional de Arte (Bolívia);high;MAC USP;low;-16.4977871;-68.1258403;;-16.4977871;-68.1258403;100.0;Museo Nacional de Arte;"local de morte auditado; museu registra La Paz, Bolívia, em 2016.";high;Ulan;;;high
Nuno Ramos;1960;;Brazil;Faculdade de Filosofia, Letras e Ciências Humanas da USP (FFLCH-USP);-23.5613991;-46.7307891;São Paulo;;male;https://pt.wikipedia.org/wiki/Nuno_Ramos;medium;formação em filosofia> passa a integrar a Casa 7 em 1984;Wikidata;high;MAC USP;high;-23.5486657;-46.6382522;100.0;;;;;"site oficial recente indica atividade artística e editorial; sem evidência de óbito.";;Ulan;;;high
Nury Iyem;1915;2005;;Istanbul State Academy of Fine Arts > Higher Department of Painting;41.01 > 41.01;28.960277777778 > 28.960277777778;;Istanbul;;https://www.evin-art.com/sanatcilar/nuri-iyem?lang=en;medium;The gallery maintaining his biographical record confirms graduation from the Istanbul State Academy of Fine Arts and his return for the Higher Department of Painting.;;;MAC USP;high;;;;41.01;28.9602777778;;"Kültür Portalı; Vikipedi tr";"Grafia do nome no arquivo diverge de Nuri İyem; local de morte convergente em Istanbul.";medium;;;;
Não identificada;;;;;;;;;;;;autoria não identificada;;;Museu do Diamante;;;;;;;;;"Identificação incompleta; não desambiguada com segurança.";;;;;
Não identificado;;;;;;;;;;;;autoria não identificada;;;Museu Regional do Caeté;;;;;;;;;"Identificação incompleta; não desambiguada com segurança.";;;;;
O. Brieu;;;;;;;;;male;;;assinatura abreviada> não foi possível desambiguar com segurança;;;Pinacoteca de São Paulo;;;;;;;;;"Assinatura abreviada; identidade não desambiguada com segurança.";;;;;
Octave Tassaert;1800;1874;France;École des Beaux-Arts de Paris > printmaking training with Alexis-François Girard;48.853997 > ;2.333500 > ;Paris;Paris;male;https://fr.wikipedia.org/wiki/Octave_Tassaert;medium;;Wikidata;high;Museu Nacional de Belas Artes;medium;48.856372814;2.352529617;100.0;48.8566666667;2.3522222222;100.0;Wikipedia fr;Local de morte normalizado de arrondissement para a cidade de Paris com base em fonte biográfica secundária.;medium;Wikidata > Ulan;Wikidata > Ulan;;high
Odilla Mestriner;1928;2009;Brazil;Escola Municipal de Belas Artes de Ribeirão Preto;-21.1776315;-47.8100983;Ribeirão Preto;Ribeirão Preto;female;https://enciclopedia.itaucultural.org.br/pessoas/2074-odilla-mestriner;high;"Student of Domenico Lazzarini; she pursued self-taught learning before and alongside her attendance at Escola Municipal de Belas Artes de Ribeirão Preto.";Wikidata;high;MAC USP;high;-21.1766308;-47.8208378;100.0;-21.1776315;-47.8100983056;;MAC USP;;high;Wikidata;Wikidata;;high
Oliver Grau;1965;;Germany;Humboldt-Universität zu Berlin;52.518055555555556;13.393333333333333;Germany;;male;ZKM;high;fonte biográfica identifica apenas o país> preenchimento mantido em nível de país.;ISEA Symposium Archives / Wikipedia;medium;FILE;;51.110631049;10.392277932;100.0;;;;;"perfil institucional recente do ZKM; sem óbito identificado";;;;;
Olle Bærtling;1911;1981;Sweden;escola de Otte Sköld > Académie André Lhote;59.3293 > 48.85666666666667;18.0686 > 2.352222222222222;Halmstad;Stockholm;male;fontes biográficas de referência;medium;formação combinando ateliê e academia;Wikidata;high;MAC USP;medium;56.6735868;12.8571404;100.0;59.3327881;18.0644881;100.0;"Wikipedia sv; Moderna Museet";"Local de morte auditado por fonte secundária; biografia institucional confirma o óbito em 1981.";medium;;;;
Omar Rayo;1928;2010;Colombia;;;;Roldanillo;Palmira;male;;;;https://www.wikidata.org/wiki/Q2741987;high;MAC USP;high;4.4125;-76.1547;;3.5347222222;-76.2955555556;;Wikipedia es;Local de morte preenchido com base em fonte secundária convergente.;medium;Wikidata > Ulan;Wikidata;;high
Or Kantor;;;Israel;self-taught;32.05043;34.75224;;;male;site oficial do artista;high;local de nascimento não localizado em fonte auditável> autodidata> coordenadas atribuídas ao estúdio em Jaffa mencionado na biografia oficial;;;FILE;medium;;;;;;;;"site oficial recente; sem óbito identificado";;;;;
Oreste Sercelli;1867;1927;Kingdom of Italy;Escola Profissional de Artes Industriais e Decorativas de Florença;43.771388888889;11.254166666667;Florence;São Paulo;male;https://pt.wikipedia.org/wiki/Oreste_Sercelli;medium;A fonte também o descreve como professor de artes decorativas ao chegar ao Brasil.;Wikidata;high;Museu Paulista;high;43.7686976;11.2569291;100.0;-23.5503944444;-46.6339472222;100.0;Wikipedia pt;"Local de morte mantido; fonte secundária biográfica.";medium;;;;
Oscar Dominguez;1906;1957;Spain > France;Instituto de La Laguna;28.4881163;-16.3147761;San Cristóbal de La Laguna;Paris;male;https://oliviermalingue.com/artists/53-oscar-dominguez/biography/;low;A biografia confirma estudos no Instituto de La Laguna, mas sem datas precisas no trecho consultado.;Wikidata;high;MAC USP;medium;28.4881163;-16.3147761;100.0;48.8566666667;2.3522222222;100.0;Fundación MAPFRE;;high;Ulan;Ulan;;high
Oscar Garcia Reino;1910;1993;Uruguay;Círculo de Bellas Artes > Escuela Taller de Artes Plásticas > cursos de composição de Cecilia Marcovich > Gobelins, l'école de l'image > Escuela Superior de Bellas Artes de Bruselas;40.418307 > 50.84666666666666 >  > 48.836944444444 >;-3.696575 > 4.351666666666667 >  > 2.3536111111111 >;Montevideo, Uruguay;Montevideo;male;https://www.askart.com/bio/Oscar_Garcia_Reino/11102130/oscar-garcia-reino | https://www.lmda.uy/garcia-reino;medium;;MAC USP;high;MAC USP;medium;-34.9055557;-56.1852505;100.0;-34.9058333333;-56.1913888889;;MNAV Uruguai;;high;Wikidata;Wikidata;;high
Oscar Pereira da Silva;1867;1939;Brazil;Academia Imperial de Belas Artes;-22.9071;-43.1829;São Fidélis;São Paulo;male;Wikipédia> Guia das Artes;medium;em Paris estudou com Léon Bonnat e Jean-Léon Gérôme;Wikidata;high;Museu Casa de Benjamin Constant;medium;-21.6460048;-41.7531245;100.0;-23.5503944444;-46.6339472222;100.0;Enciclopédia Itaú Cultural;;high;Ulan;Ulan;;high
Osvaldo Carvalho;;;;Escola de Artes Visuais do Parque Lage > Oficina de Escultura do Museu do Ingá > Escola de Comunicações e Artes da USP (ECA-USP);-22.9606 > -22.9056 > -23.55833333;-43.212 > -43.1300 > -46.72694444;Rio de Janeiro, RJ, Brazil;;male;https://www.catalogodasartes.com.br/artista/Osvaldo%20Carvalho/ | https://zbgaleriadearte.com.br/artista/osvaldo-carvalho/ | https://galeriadearte.acervos.ufsc.br/os-artistas/osvaldo-carvalho/;medium;As fontes convergem em estudos no Parque Lage e Museu do Ingá, além do título de mestre em Poéticas Visuais pela ECA-USP. | conflito anterior sobre local/ano de nascimento resolvido por registro do MAC USP.;MAC USP;high;MAC USP;high;-22.9014475;-43.1789159;;;;;;Não localizei fonte auditável suficiente sobre local de morte nesta rodada.;;;;"fontes divergentes sobre nascimento (1966/1976); não preenchido";
Osvaldo Cibils;1961;;Uruguay;;;;Montevideo, Uruguay;;male;;;;PROYECTOR;high;FILE;;-34.9055557;-56.1852505;100.0;;;;;"perfil recente no Videobrasil; sem óbito identificado";;Wikidata;;;high
Osvaldo Oliveira Cunha;;;;Centro Universitário Belas Artes > workshops of the Museu Lasar Segall and da Pinacoteca > studies with Michinori Inagaki;-23.583688 > -23.5947 >;-46.633917 > -46.6356 >;;;male;https://www.newbarbizonartgallery.com/osvaldo-oliveira-personal-art-gallery | https://www.guapufrn.com/0001/osvaldo-oliveira> https://www.newbarbizonartgallery.com/osvaldo-oliveira-personal-art-gallery | https://hotmart.com/pt-br/marketplace/produtos/osvaldo-oliveira/V75861961W;low;As fontes abertas usam 'Osvaldo Oliveira'> mantive associação ao creator 'Osvaldo Oliveira Cunha' com confiança média.;;;MAC USP;medium;;;;;;;;Não localizei fonte auditável suficiente sobre local de morte nesta rodada.;;;;;
Oswald de Andrade Filho;1914;1972;Brazil;studies in Switzerland > classes with Candido Portinari, Anita Malfatti and Lasar Segall;46.798562 >;8.231973 >;São Paulo, SP, Brazil;Guarujá;male;https://enciclopedia.itaucultural.org.br/pessoas/3397-oswald-de-andrade-filho | https://www.guiadasartes.com.br/oswald-de-andrade-filho/obras-e-biografia;high;;Enciclopédia Itaú Cultural;high;MAC USP;medium;-23.5486657;-46.6382522;;-23.9936111111;-46.2563888889;;Enciclopédia Itaú Cultural;;high;Wikidata > Ulan;Wikidata > Ulan;;high
Oswaldo Goeldi;1895;1961;Brazil;Escola Nacional de Belas Artes > Escola Politécnica de Zurique > École des Arts et Métiers;-22.8625055 > 47.37645 > 48.85666666666667;-43.2256622 > 8.54785 > 2.352222222222222;Rio de Janeiro;Rio de Janeiro;male;https://pt.wikipedia.org/wiki/Oswaldo_Goeldi;medium;abandona engenharia e passa por seis meses na Escola de Artes e Ofícios de Genebra;Wikidata;high;MAC USP;high;-22.9014475;-43.1789159;100.0;-22.9111111111;-43.2055555556;100.0;Enciclopédia Itaú Cultural;;high;Wikidata > Ulan;Wikidata > Ulan;;high
Oswaldo Teixeira;1905;1974;Brazil;Escola Nacional de Belas Artes > Liceu de Artes e Ofícios do Rio de Janeiro;-22.8625055 > -22.91111111111111;-43.2256622 > -43.20555555555556;Rio de Janeiro;Rio de Janeiro;male;https://www.oswaldoteixeira.art.br/ | https://www.guiadasartes.com.br/oswaldo-teixeira-do-amaral/biografia;medium;As fontes citam também os mestres Argemiro Cunha, Eurico Moreira Alves, Rodolfo Chambelland e Baptista da Costa.;Wikidata;high;Museu Paulista;high;-22.9014475;-43.1789159;100.0;-22.9111111111;-43.2055555556;100.0;Instituto Oswaldo Teixeira;;high;Wikidata;Wikidata;;high
Ottaviano Nelli;1375;1446;;provável training with his father Martino Nelli > tradição local umbriana;>;>;Gubbio;;male;https://en.wikipedia.org/wiki/Ottaviano_Nelli;medium;Registro prudente por escassez de documentação formativa detalhada.;Wikidata;high;MASP;low;43.3554814;12.5734444;100.0;;;100.0;;"Morte registrada como presumida em 1444; local não confirmado em fonte auditável.";;Wikidata > Ulan;Wikidata > Ulan;;high
Ottone Rosai;1895;1957;Italy;Accademia di Belle Arti di Firenze > School of Engraving (com Celestino Celestini);43.776907 > 43.776907;11.258475 > 11.258475;Florence;Ivrea;male;Estorick Collection> Collezione Giuseppe Iannaccone;high;expulso da academia> continuidade dos estudos em gravura;Wikidata;high;MAC USP;medium;43.7686976;11.2569291;100.0;45.4673788889;7.8747969444;100.0;"Wikipedia pt; Biografia Ottone Rosai";Local de morte mantido com base em fonte biográfica secundária.;medium;Ulan;Ulan;;high
Ottone Zorlini;1891;1967;Brazil;Accademia di Belle Arti di Venezia;45.4286;12.3305;Province of Treviso;São Paulo;male;https://www.guiadasartes.com.br/ottone-zorlini;low;os dados de formação na Itália são descritos como incertos, mas a entrada na academia é explicitada;Wikidata;high;MAC USP;medium;45.83333;12.21667;100.0;-23.5503944444;-46.6339472222;;Enciclopédia Itaú Cultural;;high;Wikidata;Wikidata;;high
Paulo Meytre;;;;;;;;;male;;;Nome resolvido em confiança média pela combinação entre a ficha do Museu da Inconfidência/Brasiliana para a obra Casa Dos Contos, Em Ouro Preto e a autoridade nominal da Enciclopédia Itaú Cultural. Não preenchi nascimento, morte, nacionalidade ou formação porque as fontes localizadas não trazem esses dados de modo auditável.;;;Museu da Inconfidência;low;;;;;;;;Não localizei fonte auditável suficiente sobre local de morte nesta rodada.;;;;;
Pablo Bounous;;;Uruguay;;;;;;male;;;local de nascimento não localizado em fonte auditável;;;FILE;;;;;;;;;Não localizei fonte auditável suficiente sobre local de morte nesta rodada.;;;;;
Pablo Gobira;;;Brazil;Universidade Federal de Minas Gerais (UFMG);-19.8690878;-43.9663841;;;female;Escavador/Lattes;medium;local de nascimento não localizado em fonte auditável;;;FILE;;;;;;;;;"perfil institucional recente (LabFront/UEMG); sem óbito identificado";;;;;
Pablo Picasso;1881;1973;Spain;Real Academia de Bellas Artes de San Fernando > School of Fine Arts of La Lonja;40.4178 > 41.3851;-3.7007 > 2.1734;Málaga;Mougins;male;https://www.museepicassoparis.fr/en/picasso-timeline> https://www.museepicassoparis.fr/en/picassos-training;medium;Treinado também pelo pai, professor de desenho, mas o preenchimento privilegia instituições formais.;Wikidata;high;MAC USP;high;36.7196292;-4.4200007;100.0;43.6;6.9947222222;95.24;Britannica;Local de morte normalizado do imóvel Mas Notre-Dame-de-Vie para a comuna de Mougins.;high;;;;
Pablo-Martín Córdoba;;;Argentina;self-taught;48.856372814;2.352529617;;;male;PROYECTOR | site oficial / FILE Festival;high;local de nascimento não localizado em fonte auditável> autodidata> coordenadas atribuídas à cidade onde vive e trabalha, usada como proxy de formação inicial;;;FILE;low;;;;;;;;Não localizei fonte auditável suficiente sobre local de morte nesta rodada.;;;;;
Paolo Rissone;1925;1989;;self-taught;45.47222222;9.18888889;Reggio Calabria, Italy;;male;https://enciclopedia.itaucultural.org.br/pessoas/7434-paolo-rissone;high;"The Itaú Cultural Encyclopedia records the artist as self-taught in painting; the Brera education was removed.";Enciclopédia Itaú Cultural;high;MAC USP;low;38.111227;15.647649;;;;;;Não localizei fonte auditável suficiente sobre local de morte nesta rodada.;;Enciclopédia Itaú Cultural;Enciclopédia Itaú Cultural;;high
Paolo Serafini;;;;training with his father Serafino Serafini > formative work alongside Simone dei Crocefissi;>;>;Modena, Italy;;male;https://pt.wikipedia.org/wiki/Paolo_Serafini_da_Modena;medium;A formação é reconstruída por vínculos familiares e de oficina, não por academia formal.;Antiqua nuova serie;medium;MASP;medium;44.6471;10.9252;;;;;;"artista histórico; não localizei fonte auditável suficiente sobre local de morte nesta rodada.";;;;;
Paris Bordone;1500;1571;Republic of Venice;studio of Ticiano;45.431078;12.328139;Treviso;Venice;male;https://en.wikipedia.org/wiki/Paris_Bordone | https://www.britannica.com/biography/Paris-Bordone;high;Formação em oficina/atelier.;Wikidata;high;MASP;medium;45.6662855;12.242072;100.0;45.434608;12.338913;100.0;Britannica;;high;Ulan;Ulan;;high
Paris Mavroidis;;;United States;Brown University > Pratt Institute;41.82611111111111 > 40.691111;-71.40305555555555 > -73.963889;;;male;FILE Festival;high;local de nascimento não localizado em fonte auditável;;;FILE;;;;;;;;;Não localizei fonte auditável suficiente sobre local de morte nesta rodada.;;;;;
Patakk;1990;;Croatia;Faculty of Electrical Engineering and Computing, University of Zagreb > Universidad Politécnica de Madrid;45.8150 > 40.448655555556;15.9819 > -3.7088805555556;Zagreb, Croatia;;male;galeria Ragnar Digital;low;;Ragnar Digital;high;FILE;;45.815916177;15.980642745;100.0;;;;;"site oficial recente; sem óbito identificado";;Ragnar Digital (bio de Patakk/Paolo Čerić);;;medium
Patricio Ballesteros Ledesma;1969;;Argentina;Universidad de Buenos Aires (UBA);-34.599722222222;-58.373055555556;Buenos Aires;;male;https://data.videoartworld.com/files/artists-cv/patricio-ballesteros%20ledesma-cvb9fc68.pdf | https://archive.file.org.br/participantes/patricio-ballesteros-ledesma/;high;;Wikidata;high;FILE;;-34.6090264;-58.3732215;100.0;;;;;Não localizei fonte auditável suficiente sobre local de morte nesta rodada.;;CV do artista (VideoArtWorld, PDF);;data localizada em CV autoral;medium
Patricio Gonzalez Vivo;1982;;Argentina;Parsons School of Design;40.735357;-73.994533;Buenos Aires, Argentina;;male;site oficial do artista;high;;Eyeo Festival;high;FILE;;-34.6090264;-58.3732215;100.0;;;;;"site oficial recente; sem óbito identificado";;GitHub – thebookofshaders (About the Authors);;data localizada em perfil autoral;medium
Paul Clement;;;France;Athénée de Luxembourg > École des Beaux-Arts de Paris;49.60388889 > 48.853997;6.11083333 > 2.333500;Aix-en-Provence, France;;male;https://de.wikipedia.org/wiki/Paul_Clement_(Maler);medium;;Montmartre Montparnasse;medium;MAC USP;medium;43.529850239;5.447376271;;;;;;Não localizei fonte auditável suficiente sobre local de morte nesta rodada.;;;;;
Paul Cézanne;1839;1906;France;Aix-Marseille Université > Académie Suisse;43.29349444444444 > 48.8545;5.357841666666666 > 2.3446;Aix-en-Provence;Aix-en-Provence;male;https://en.wikipedia.org/wiki/Paul_C%C3%A9zanne | https://www.worldhistory.org/Paul_Cezanne/;medium;A fonte também menciona aulas de desenho com Joseph Gibert antes da ida a Paris.;Wikidata;high;MASP;high;43.529850239;5.447376271;100.0;43.529850239;5.447376271;100.0;Britannica;;high;Ulan;Ulan;;high
Paul de Geslin;;;France;;;;;;male;;;The record corresponds to the French painter Paul de Geslin, active in Rio de Janeiro from 1837, and not to the namesake priest born in Rennes in 1817. Academic sources provisionally indicate a birth year of 1804, with no confirmed birthplace or date of death. His claimed training at the Paris Academy was not confirmed in French archives.;;;Museu do Diamante;medium;;;;;;;;The painter Paul de Geslin's place and date of death were not confirmed.;;;;"An academic source provisionally indicates a birth year of 1804; the year was not transferred to the biographical field as a precaution.";
Paul Gauguin;1848;1903;France;lycée Pothier > Petit Séminaire de La Chapelle-Saint-Mesmin > Loriol Institute > Lycée Jeanne d'Arc > self-taught artistic training and informal com mentorship by Camille Pissarro;47.8822 > 47.8900 > 48.85666666666667 > 47.8822 >;1.839 > 1.8400 > 2.352222222222222 > 1.839 >;Paris;Atuona;male;https://en.wikipedia.org/wiki/Paul_Gauguin;medium;A formação artística é explicitamente descrita como largely self-taught and informal.;Wikidata;high;MASP;medium;48.856372814;2.352529617;100.0;-9.8030555556;-139.0397222222;100.0;Musée d’Orsay;;high;;;;
Paul Jenkins;1923;2012;United States;Art Students League of New York > Kansas City Art Institute > Cleveland Play House;40.766083333333 > 39.0463 > 41.49916666666667;-73.980861111111 > -94.5831 > -81.69472222222223;Kansas City;New York;male;https://www.pauljenkins.net/bio/chro.html;high;na Art Students League estuda com Yasuo Kuniyoshi;https://www.pauljenkins.net/bio/chro.html;high;MAC USP;medium;39.099792;-94.578559;100.0;40.7127777778;-74.0061111111;100.0;https://www.pauljenkins.net/bio/chro.html;Local de morte auditado por obituário e fonte biográfica secundária.;high;https://www.pauljenkins.net/bio/chro.html;https://www.pauljenkins.net/bio/chro.html;;high
Paul Émile Chabas;1869;1937;France;lycée Georges-Clemenceau > Académie Julian;47.2189 > 48.871111;-1.545 > 2.341667;Nantes;Paris;male;https://pt.wikipedia.org/wiki/Paul_Chabas | https://myopenmuseum.com/en/artist/paul-emile-chabas-964791;high;A fonte também cita formação com William-Adolphe Bouguereau e Tony Robert-Fleury.;Wikidata;high;MASP;high;47.21838348;-1.554317317;100.0;48.856372814;2.352529617;100.0;Musée d’Orsay;;high;Wikidata > Ulan;Wikidata > Ulan;;high
Paula Perissinotto;1963;;Brazil;Fundação Armando Álvares Penteado (FAAP) > Escola de Comunicações e Artes da USP (ECA-USP) > MECAD / ESDI;-23.5450155 > -23.55833333 > 41.3874;-46.6630802 > -46.72694444 > 2.1686;São Paulo, São Paulo, Brazil;;female;Biblioteca Virtual da FAPESP;medium;;Currículo Lattes (espelho USP/Academia.edu);medium;FILE;;-23.5486657;-46.6382522;;;;;;"Perfil institucional recente; sem óbito identificado.";;Currículo Lattes espelhado em Academia.edu;;data localizada em currículo Lattes espelhado;medium
Paulina Rutman;;;Chile;School of the Art Institute of Chicago (SAIC) > The Edit Center;41.879444444444 > 40.71277777777778;-87.623888888889 > -74.00611111111111;Chile;;female;FILE Festival;high;fonte biográfica identifica apenas o país> preenchimento mantido em nível de país.;FILE Festival;medium;FILE;;-35.675147;-71.542969;;;;;;"Perfil recente no FILE; sem óbito identificado.";;;;;
Pauline Le Bris;;;France;Supinfocom Valenciennes;50.35805555555555;3.523333333333333;France;;female;portfólio / CV da artista;medium;FILE explicita “País de Origem”> preenchido em nível de país.;FILE Festival (País de Origem);high;FILE;;46.559417044;2.550539953;100.0;;;;;"CV/perfil recente; sem óbito identificado.";;;;;
Paulo Almeida;1977;;Brazil;Fundação Armando Álvares Penteado (FAAP);-23.5450155;-46.6630802;São Paulo, Brazil;;male;Prêmio PIPA — https://www.premiopipa.com/pag/paulo-almeida/ | FAAP — https://www.faap.br/residencia-artistica/artista/paulo-almeida/;high;Row reconstructed after identifying a conflation with another person.;Prêmio PIPA — https://www.premiopipa.com/pag/paulo-almeida/ | Galeria Leme — https://galerialeme.com/expo/individual-simultanea/;low;FILE;high;-23.5486657;-46.6382522;100.0;;;;;"Recent institutional sources document the artist as active; no death identified.";;Prêmio PIPA — https://www.premiopipa.com/pag/paulo-almeida/ | FAAP — https://www.faap.br/residencia-artistica/artista/paulo-almeida/;;Birth in São Paulo in 1977 confirmed by institutional and professional sources.;high
Paulo Becker;1927;;Brazil;Fundação Getulio Vargas > artistic studies in New York;-22.9411429 >;-43.1803971 >;Santa Cruz do Sul, RS, Brazil;;male;https://www.guiadasartes.com.br/paulo-becker/quem-foi;low;"Studied with Santa Rosa at Fundação Getulio Vargas and continued artistic studies in New York; the New York institution was not identified.";https://www.guiadasartes.com.br/paulo-becker/quem-foi;low;MAC USP;low;-29.7175;-52.4259;;;;;;;;https://www.guiadasartes.com.br/paulo-becker/quem-foi;;;low
Paulo Franco;;;;;;;;;male;;;"The biographical identity could not be reliably disambiguated; the education at Centro Universitário Belas Artes was not confirmed.";;;Museu de Arte Religiosa e Tradicional;low;;;;;;;;Homônimo não desambiguado com segurança.;;;;;
Paulo Monteiro;1961;;Brazil;Centro Universitário Belas Artes;-23.583688;-46.633917;São Paulo;;male;https://www.guiadasartes.com.br/paulo-bacellar-monteiro;medium;;Wikidata;high;MAC USP;high;-23.5486657;-46.6382522;100.0;;;;;"Atividade expositiva recente; sem óbito identificado.";;Ulan;;;high
Paulo Pasta;1959;;Brazil;School of Communications and Arts, University of São Paulo (ECA-USP);-23.56012;-46.72985;Ariranha, São Paulo, Brazil;;male;https://enciclopedia.itaucultural.org.br/pessoas/3017-paulo-pasta;high;"A reference source records a fine arts degree at ECA-USP; FAAP corresponds to later teaching activity.";Iberê Camargo;high;MAC USP;high;-21.1874;-48.7867;;;;;;"Verbete recente; sem óbito identificado.";;Wikidata > Ulan;;;high
Paulo Renato Gaiad;1953;2016;Brazil;Universidade de Brasília (UnB) > Pontifícia Universidade Católica de Campinas (PUC-Campinas) > Universidade de Oslo;-15.7631 > -22.8337 > 59.9400;-47.8701 > -47.0514 > 10.7215;Piracicaba;Florianópolis;male;https://enciclopedia.itaucultural.org.br/pessoas/2526-paulo-gaiad;high;began Architecture and Urbanism at Universidade de Brasília and received a scholarship to Universidade de Oslo;Wikidata;high;Museu Victor Meirelles;medium;-22.724976;-47.6476;100.0;-27.5969123;-48.5495751;100.0;Itaú Cultural;;high;Wikidata;Wikidata;;high
Paulo Rossi Osir;1890;1959;Brazil;Accademia di Belle Arti di Bologna;44.497811111111;11.353188888889;São Paulo;São Paulo;male;https://teses.usp.br/teses/disponiveis/93/93131/tde-19102011-133617/publico/final.pdf;high;A University of São Paulo academic study confirms his architecture diploma from the Royal Academy of Bologna.;Wikidata;high;MAC USP;medium;-23.5486657;-46.6382522;100.0;-23.5503944444;-46.6339472222;100.0;MAC USP;;high;Wikidata > Ulan;Wikidata > Ulan;;high
Paulo Whitaker;1958;;Brazil;Universidade do Estado de Santa Catarina (UDESC);-27.60111111;-48.52;São Paulo, São Paulo, Brazil;;male;https://enciclopedia.itaucultural.org.br/pessoas/2240-paulo-whitaker | https://www.referenciagaleria.com.br/artista/paulo-whitaker/;high;;AM Galeria;medium;MAC USP;high;-23.5486657;-46.6382522;;;;;;"Verbete recente; sem óbito identificado.";;Wikidata;;;high
Pedro Alexandrino Borges;1856;1942;Brazil;Academia Imperial de Belas Artes > Escola Nacional de Belas Artes > studies with Almeida Júnior > drawing studies with José Maria de Medeiros > painting studies with Zeferino da Costa;-22.9071 > -22.8625055 >  >  > ;-43.1829 > -43.2256622 >  >  > ;São Paulo;São Paulo;male;https://enciclopedia.itaucultural.org.br/pessoas/2268-pedro-alexandrino;high;"In his youth he worked as Claude-Paul Barandier's assistant on decorative projects; the relationship is recorded in the notes rather than as formal education.";Wikidata;high;Pinacoteca de São Paulo;high;-23.5486657;-46.6382522;100.0;-23.5503944444;-46.6339472222;100.0;Itaú Cultural;;high;Ulan;Ulan;;high
Pedro Américo;1843;1905;Brazil;École des Beaux-Arts de Paris > Academia Imperial de Belas Artes > Université libre de Bruxelles;48.853997 > -22.9071 > 50.811667;2.333500 > -43.1829 > 4.381111;Areia;Florence;male;https://pt.wikipedia.org/wiki/Pedro_Am%C3%A9rico;medium;The source confirms studies at the Imperial Academy, the École des Beaux-Arts in Paris, and the Free University of Brussels.;Wikidata;high;Museu Paulista;high;-6.9660876;-35.6899708;100.0;43.7686976;11.2569291;100.0;Itaú Cultural;;high;Ulan;Ulan;;high
Pedro Augusto Simões Pires;1946;;;self-taught > Atelier Livre de Porto Alegre > Museu de Arte de Santa Catarina (MASC); > -30.0389 > -27.5884; > -51.2266 > -48.5524;São Paulo, SP, Brazil;;male;https://museuvictormeirelles.acervos.museus.gov.br/autores/pedro-augusto-simoes-pires-2/;high;"self-taught artist; attended lithography courses with Danúbio Gonçalves at Atelier Livre de Porto Alegre and with Antônio Grosso at MASC";MASC (FCC/SC);high;Museu Victor Meirelles;low;-23.5486657;-46.6382522;;;;;;"Site oficial recente; sem óbito identificado.";;site oficial Pedro Pires;;;high
Pedro Bruno;1888;1949;Brazil;Conservatório de Nápoles > Conservatório de Roma > Academia Inglesa (curso de pintura, in Rome) > Escola Nacional de Belas Artes;40.83583333333333 > 41.893055555556 > 41.893055555556 > -22.8625055;14.24861111111111 > 12.482777777778 > 12.482777777778 > -43.2256622;Paquetá Island;Rio de Janeiro;male;https://pt.wikipedia.org/wiki/Pedro_Bruno | https://pintorpedrobruno.com.br/biografia-pedro-bruno/;medium;A trajetória combina formação musical e posterior aperfeiçoamento em pintura.;Wikidata;high;Museu Histórico Nacional;medium;-22.7558;-43.1053;93.69;-22.9111111111;-43.2055555556;100.0;Itaú Cultural;;high;Ulan;Ulan;;high
Pedro Correia de Araújo;1874;1961;;Liceu de Artes e Ofícios de Pernambuco;-8.06127;-34.879077;Paris;Rio de Janeiro;male;fontes biográficas de referência;medium;;Wikidata;high;Museu da Inconfidência;low;48.856372814;2.352529617;100.0;-22.9014475;-43.1789159;100.0;Itaú Cultural;Nome completo na fonte: Pedro Luiz Correia de Araújo.;high;Ulan;Ulan;;high
Pedro Galbiati;;;;Italian-Brazilian sculptural training;;;;;male;https://www.catalogodasartes.com.br/artista/Pedro%20Galbiati/;medium;A fonte disponível é insuficiente para nomear escola específica> registro mantido cauteloso.;;;Museu Paulista;low;;;;;;;;Não localizei fonte auditável suficiente sobre local de morte nesta rodada.;;;;;
Pedro Ivo Carvalho;;;Brazil;The Animation Workshop;56.4561;9.40611;Niterói, Brazil;;male;FILE Festival | blog pessoal;high;;FILE Festival;high;FILE;;-22.8898227;-43.1220775;;;;;;"Perfil recente no FILE; sem óbito identificado.";;;;;
Pedro José Pinto Peres;1841;1923;;Liceu de Artes e Ofícios do Rio de Janeiro > Academia Imperial de Belas Artes;-22.91111111111111 > -22.9071;-43.20555555555556 > -43.1829;Lisbon, Portugal;Rio de Janeiro;male;Catálogo das Artes> Escritório de Arte> Wikipédia;medium;chegou ao Brasil ainda criança e realizou sua formação artística no Rio de Janeiro;Enciclopédia Itaú Cultural;high;Museu Victor Meirelles;high;38.7070085;-9.1356407;;-22.9014475;-43.1789159;100.0;Itaú Cultural;;high;Pedro Peres (verbete / Google Arts & Culture);Pedro Peres (verbete / Google Arts & Culture);;medium
Pedro Riva;1983;;Argentina;Universidad de Buenos Aires (UBA) > University of Bergen > Kuvataideakatemia / University of the Arts Helsinki;-34.599722222222 > 60.3830 > 60.1699;-58.373055555556 > 5.3330 > 24.9384;;;male;NOBA;medium;local de nascimento não localizado em fonte auditável;;;FILE;;;;;;;;;"Perfil recente; sem óbito identificado.";;MutualArt (perfil do artista);;;medium
Pedro Veneroso;1987;;Brazil;Universidade Federal de Minas Gerais (UFMG);-19.8690878;-43.9663841;Belo Horizonte, Minas Gerais, Brazil;;male;Lab|Front / currículo;medium;;GAL;high;FILE;;-19.9181771;-43.9370534;;;;;;"Atividade acadêmica recente; sem óbito identificado.";;GAL Art (perfil do artista);;;medium
Pedro Weingärtner;1853;1929;Brazil;Académie Julian > Liceu de Artes e Ofícios de Hamburgo > Academia Grão-ducal de Arte de Baden > Real Academia de Artes da Prússia;48.871111 > 53.5511 > 49.0144 > 52.516666666667;2.341667 > 9.9937 > 8.38726 > 13.383333333333;Porto Alegre;Porto Alegre;male;https://pt.wikipedia.org/wiki/Pedro_Weing%C3%A4rtner | https://www.arrematearte.com.br/artistas/pedro-weingartner-1853;medium;;Wikidata;high;Museu Nacional de Belas Artes;high;-30.027679;-51.2286404;100.0;-30.0328305556;-51.2301888889;100.0;Itaú Cultural;;high;Wikidata > Ulan;Wikidata > Ulan;;high
Pereira, A.J.;;;;;;;;;;;;;;;Museu Histórico Nacional;;;;;;;;;"Identificação incompleta; não desambiguada com segurança.";;;;;
Pete Burkeet;;;United States;The University of Akron;41.0752;-81.5115;;;male;site da artista | fellowship.xyz;medium;local de nascimento não localizado em fonte auditável;;;FILE;;;;;;;;;"Site oficial recente; sem óbito identificado.";;;;;
Peter Burr;1980;;United States;Carnegie Mellon University;40.4425;-79.94333333333333;Brooklyn;;male;CV do artista;medium;;Wikidata;high;FILE;;40.692529;-73.990996;100.0;;;;;"Site oficial recente; sem óbito identificado.";;;;;
Peter Lubarda;1907;1974;;Academy of Fine Arts, Belgrade;44.819524;20.453494;Ljubotin, Montenegro;Belgrade;male;biografia institucional do artista> fontes de referência;medium;denominação institucional varia entre fontes | fonte usa a grafia Petar Lubarda.;Museum of Contemporary Art Skopje;high;MAC USP;medium;42.4463;19.1338;;44.8177777778;20.4569444444;100.0;Centre Pompidou;"Grafia do nome no arquivo diverge de Petar Lubarda; local de morte convergente em Belgrade.";high;;;;
Peter Paul Rubens;1577;1640;Spanish Netherlands;University of Cambridge > apprentice to Tobias Verhaecht, Adam van Noort and Otto van Veen;52.205355979757925 >;0.11315726963968827 >;Siegen;Antwerp;male;https://en.wikipedia.org/wiki/Peter_Paul_Rubens | https://www.britannica.com/biography/Peter-Paul-Rubens;high;;Wikidata;high;MASP;high;50.874558999;8.024625;100.0;51.25942418;4.371799938;100.0;"Rubenshuis; MuseumTV";Local de morte mantido com base em fonte museológica e fonte secundária convergente.;high;Ulan;Ulan;;high
Peter Sussmann;1927;;;Colegio Nacional Manuel Belgrano;-34.599722222222;-58.381944444444;Berlin, Germany;Buenos Aires;male;https://artedelaargentina.com.ar/disciplinas/artista/pintura/peter-sussmann;high;fonte confirma egresso do colegio> não localizei escola de arte formal;Arte de la Argentina;medium;MAC USP;medium;52.517669999;13.405537999;;-34.6090264;-58.3732215;100.0;Arte de la Argentina;Local de morte preenchido com base em fonte secundária artística.;medium;Museo del Holocausto de Buenos Aires;;"fontes divergentes sobre data de morte; nascimento confirmado";medium
Peter Whittenberger;;;United States;University of Montana > University of Nevada, Reno;46.86 > 39.545833333333;-113.98527777778 > -119.81666666667;St. Louis, Missouri, United States;;male;CV do artista;medium;;Saatchi Art;medium;FILE;;38.635355;-90.2009855;;;;;;"Site oficial recente; sem óbito identificado.";;;;;
Peter William Holden;1970;;United Kingdom;;;;Burnley, United Kingdom;;male;;;;site oficial do artista;high;FILE;;53.789287;-2.240503;;;;;;"Site/CV recente; sem óbito identificado.";;site oficial Peter William Holden;;;high
Petros Vrellis;1974;;Greece;University of Patras > University of Ioannina;38.286666666667 > 39.62;21.786388888889 > 20.84;Greece;;male;Saatchi Art;medium;fonte identifica apenas o país de nascimento;bio do artista;medium;FILE;;39.0;22.0;100.0;;;;;"Perfil recente no FILE; sem óbito identificado.";;FILE;;;high
Philipp Artus;1982;;Germany;École des Beaux-Arts de Nantes > Academy of Media Arts Cologne (KHM);47.206475 > 50.93475582568144;-1.560904 > 6.962159950772375;Bremen;;male;site oficial do artista;high;;Wikidata;high;FILE;;53.075605999;8.809338;100.0;;;;;"Site oficial recente; sem óbito identificado.";;Wikidata;;;high
Philippe Lamy;1800;;France;École nationale supérieure des beaux-arts de Toulouse;43.6000831;1.4403543;Casablanca, Morocco;;male;site oficial do artista;high;;site oficial do artista;high;FILE;;33.57311;-7.589843;;;;;;"Biografia recente; sem óbito identificado.";;Ulan;;;high
Piero di Cosimo;1462;1522;;apprentice of Cosimo Rosselli;43.776907;11.258475;Florence;Florence;male;https://en.wikipedia.org/wiki/Piero_di_Cosimo | https://www.britannica.com/biography/Piero-di-Cosimo;high;;Wikidata;high;MASP;medium;43.7686976;11.2569291;100.0;43.7686976;11.2569291;100.0;Uffizi Firenze;;high;;;;
Piero Marussig;1879;1937;Kingdom of Italy;;;;Trieste;Pavia;male;;;;https://www.wikidata.org/wiki/Q1680724;high;;high;45.6535974;13.7785154;100.0;45.1858877;9.1565627;100.0;MAC USP;;high;Wikidata > Ulan;Wikidata > Ulan;;high
Pierre Alechinsky;1927;;France;École nationale supérieure des arts visuels de La Cambre;50.818888888889;4.3741666666667;Brussels;;male;https://www.praemiumimperiale.org/en/laureate/alechinsky/;high;The official Praemium Imperiale biography confirms studies in illustration and typography at La Cambre in Brussels.;Wikidata;high;MAC USP;high;50.89806471;4.406264339;100.0;;;;;"Atividade expositiva recente; sem óbito identificado.";;Ulan;;;high
Pierre Chaumont;1850;;Canada;Université du Québec à Montréal (UQAM) > Campus ADN;45.513888888889 >;-73.560277777778 >;Libourne;;male;CV do artista;medium;;Wikidata;high;FILE;;44.914458002;-0.245192324;100.0;;;;;"CV recente; sem óbito identificado.";;Ulan;;;high
Pierre Depaz;;;France;Université Sorbonne Nouvelle – Paris 3;48.84488888888889;2.396988888888889;Bordeaux, France;;male;Cosyll / AI Fictions;medium;fonte biográfica informa origem em Bordeaux.;site oficial do artista;high;FILE;;44.837898313;-0.579380299;;;;;;"Perfil acadêmico recente; sem óbito identificado.";;;;;
Pierre F. K.;;;;;;;;;male;;;;;;Museu Paulista;;;;;;;;;"Identificação incompleta; não desambiguada com segurança.";;;;;
Pierre Gobert;1662;1744;France;studies with Pierre Mignard > Académie royale de peinture et de sculpture;> 48.85722222222222;> 2.3369444444444443;Fontainebleau;Paris;male;https://en.wikipedia.org/wiki/Pierre_Gobert;medium;;Wikidata;high;MASP;medium;48.404740851;2.701648778;100.0;48.856372814;2.352529617;100.0;Museo del Prado;;high;;;;
Pierre Soulages;1919;2022;France;Montpellier Fine Arts School;43.61755318089179;3.8841390694349522;Rodez;Nîmes;male;https://www.museefabre.fr/hommage-pierre-soulages-1919-2022;high;Musée Fabre confirms that Soulages studied at the Montpellier School of Fine Arts.;Wikidata;high;MAC USP;high;44.349408655;2.576021508;100.0;43.83665;4.35788;100.0;Centre Pompidou;Local normalizado do hospital para a cidade.;high;Ulan;Ulan;;high
Pierre-Auguste Renoir;1841;1919;France;École des Beaux-Arts de Paris > studio of Charles Gleyre;48.853997 >;2.333500 >;Limoges;Cagnes-sur-Mer;male;https://sammlung.staedelmuseum.de/en/person/renoir-auguste;high;;Wikidata;high;MASP;high;45.826337539;1.260531636;100.0;43.663746502;7.148767541;100.0;"Musée Renoir; Britannica";;high;Ulan;Ulan;;high
Pierre-Jean Le Moël;;;France;;;;France;;male;;;fonte biográfica identifica apenas o país> preenchimento mantido em nível de país.;Vimeo;medium;FILE;;46.559417044;2.550539953;100.0;;;;;"Perfil recente no FILE; sem óbito identificado.";;;;;
Pieter Tjabbes;1958;;Netherlands;Leiden University;52.15694444444444;4.485277777777778;Netherlands;;male;FILE Festival;high;fonte biográfica identifica apenas o país> preenchimento mantido em nível de país.;Itaú Cultural / FILE Festival;medium;FILE;;52.249375293;5.616126398;100.0;;;;;"Atuação curatorial recente; sem óbito identificado.";;FILE;;;high
Pietro Perugino;1450;1523;Italy;workshop of Andrea del Verrocchio >;43.11194444444445 > 43.776907;12.38861111111111 > 11.258475;Città della Pieve;Fontignano;male;https://en.wikipedia.org/wiki/Perugino | https://www.britannica.com/biography/Perugino;high;As fontes também mencionam formação inicial em Perugia antes da ida a Florença.;Wikidata;high;MASP;medium;42.953051;12.003567;100.0;43.0262392;12.1913319;100.0;Treccani;;high;;;;
Pio Semeghini;1878;1964;Italy;Accademia di Belle Arti di Modena > Accademia di Belle Arti di Firenze > Académie Julian;44.64445277777778 > 43.776907 > 48.871111;10.92485277777778 > 11.258475 > 2.341667;Quistello;Verona;male;https://it.wikipedia.org/wiki/Pio_Semeghini> https://piosemeghini.it/biografia.php;medium;As fontes convergem sobre a formação nas academias de Modena e Florença e a frequência à Académie Julian em Paris, mas sem datas precisas localizadas.;Wikidata;high;MAC USP;medium;45.006574;10.9834629;100.0;45.4383527;10.9917125;100.0;Treccani;;high;Wikidata > Ulan;Wikidata > Ulan;;high
Pola Rezende;1906;1978;;Escola de Belas Artes da Universidade Federal de Minas Gerais (UFMG);-19.8690878;-43.9663841;;São Paulo;female;fontes biográficas de referência;medium;fontes divergentes sobre local de nascimento (Rússia/Polônia);;;MAC USP;low;;;;-23.5503944444;-46.6339472222;100.0;MAC USP;;high;;;;
Prisciliano Silva;1883;1965;Brazil;Universidade Federal da Bahia (UFBA) > Escola de Belas Artes da Bahia > Liceu de Artes e Ofícios > Académie Julian;-12.990785 > -12.990785 > -12.9714 > 48.871111;-38.524427 > -38.524427 > -38.5014 > 2.341667;Salvador;Rio de Janeiro;male;https://pt.wikipedia.org/wiki/Prisciliano_Silva | https://www.escritoriodearte.com/artista/presciliano-silva;medium;As fontes também citam aulas particulares com Manoel Lopes Rodrigues.;Wikidata;high;Museu Histórico Nacional;high;-12.9641527;-38.5058208;100.0;-22.9111111111;-43.2055555556;100.0;Itaú Cultural;Fonte usa a grafia Presciliano Silva.;high;Wikidata;Wikidata;;high
Przemek Wegrzyn;1977;;Poland;University of Wroclaw > Academy of Fine Arts in Wroclaw;51.11361111111111 > 51.111944;17.03333333333333 > 17.008611;Nowy Sącz, Poland;;male;FILE Festival;high;;currículo do artista;high;FILE;;49.624944;20.697464;;;;;;"CV/biografia recente; sem óbito identificado.";;currículo / site oficial Przemek Węgrzyn;;;high
Q10288297;1897;1929;;;;;;;;;;;;;;;;;;;;;;"Identificação insuficiente; creator registrado apenas como QID.";;Wikidata;Wikidata;;high
Quba Michalski;1976;;Poland;;;;Poland;;male;;;fonte identifica apenas o país de nascimento;FILE Festival;medium;FILE;;52.123790154;19.398768986;100.0;;;;;"CV recente; sem óbito identificado.";;;;;
Quentin Pointillart;;;;Supinfocom Rubika > BTS communication visuelle > Reims Management School > Tomas Bata University in Zlín;50.35805555555555 >  > 49.2583 > 49.2226556;3.523333333333333 >  > 4.0317 > 17.6648556;;;male;Zerply;medium;local de nascimento não localizado em fonte auditável;;;FILE;;;;;;;;;"Perfil profissional recente; sem óbito identificado.";;;;;
Quinten Metsys;1466;1530;Duchy of Brabant;initial training in Leuven > provável apprenticeship in family workshops Bouts > Guilda de São Lucas de Antuérpia;50.8775 > 51.22111111111112 >;4.704444 > 4.399722222222223 >;Leuven;Antwerp;male;https://en.wikipedia.org/wiki/Quentin_Matsys | https://www.wikiart.org/en/quentin-matsys | https://thekleschcollection.com/selected-works/quinten-metsys-christ-blessing/> https://en.wikipedia.org/wiki/Quentin_Matsys | https://thekleschcollection.com/selected-works/quinten-metsys-christ-blessing/;medium;A formação inicial é reconstruída por historiadores> registros de guilda em Leuven não foram preservados.;Wikidata;high;MASP;low;50.882173608;4.705906182;100.0;51.25942418;4.371799938;100.0;Britannica;;high;;;;
Quirino da Silva;1897;1981;Brazil;Liceu de Artes e Ofícios de São Paulo;-23.5331446;-46.6267577;Rio de Janeiro;São Paulo;male;fontes biográficas de referência;medium;instituição identificada> datas aproximadas;Wikidata;high;MAC USP;medium;-22.9014475;-43.1789159;100.0;-23.5503944444;-46.6339472222;100.0;Itaú Cultural;;high;Wikidata > Ulan;Wikidata > Ulan;;high
Rafael Frederico;1865;1934;Brazil;Academia Imperial de Belas Artes;-22.9071;-43.1829;Rio de Janeiro;Rio de Janeiro;male;https://enciclopedia.itaucultural.org.br/pessoas/7385-rafael-frederico | https://www.catalogodasartes.com.br/artista/Rafael%20Frederico/;medium;A fonte aberta também informa depois atuação como assistente de Zeferino da Costa.;Wikidata;high;Museu Nacional de Belas Artes;high;-22.9014475;-43.1789159;100.0;-22.9014475;-43.1789159;100.0;Itaú Cultural;Fonte usa a grafia Raphael Frederico.;high;https://enciclopedia.itaucultural.org.br/pessoas/7385-rafael-frederico;https://enciclopedia.itaucultural.org.br/pessoas/7385-rafael-frederico;;high
Raheed Allaf;;;United Arab Emirates;American University of Sharjah;25.309722;55.490556;Saudi Arabia;;female;site oficial da artista;high;fonte descreve a artista como “storyteller from Saudi Arabia”> usado com baixa confiança.;FILE Festival;high;FILE;;23.885942;45.079162;;;;;;"Perfil recente no FILE; sem óbito identificado.";;;;;
Raimundo de Oliveira;1930;1966;Brazil;seminary in Feira de Santana > School of Fine Arts of the University of Bahia;-12.266944444444 > -12.990785;-38.966944444444 > -38.524427;Feira de Santana, BA, Brazil;Salvador;male;https://enciclopedia.itaucultural.org.br/pessoas/2741-raimundo-de-oliveira;high;Initial education at a seminary in Feira de Santana and studies at the School of Fine Arts of the University of Bahia.;MAC USP;high;MAC USP;high;-12.2664;-38.9663;;-12.9641527;-38.5058208;100.0;Itaú Cultural;;high;Ulan;Ulan;;high
Raj Jeshang;;;Tanzania;Savannah College of Art and Design;32.073;-81.0961;Dar es Salaam, Tanzania;;male;The AOI | Graphic Days;medium;;FILE Festival;high;FILE;;-6.792354;39.208328;;;;;;"Perfil profissional recente; sem óbito identificado.";;;;;
Ralph Du Casse;1916;2003;United States;University of Cincinnati > University of California, Berkeley > studies with Hans Hofmann > California College of Arts and Crafts;39.1329 > 37.871944444444445 >  > 37.7670;-84.5150 > -122.25833333333334 >  > -122.3990;Paducah;São Francisco;male;https://fostergwin.com/artist-bios/ralph-ducasse/ | https://www.carlsonartprojects.com/ralph-ducasse;high;;Wikidata;high;MAC USP;high;37.07639;-88.633016;100.0;37.7800771;-122.4201615;100.0;SFGate;Local de morte sustentado por obituário jornalístico.;medium;Wikidata > Ulan;Wikidata > Ulan;;high
Raman Djafari;;;Germany;Hamburg University of Applied Sciences (HAW);53.55627;10.02196;Germany;;male;FILE Festival;high;Ficha FILE explicita País de Origem.;FILE Archive — ficha de participante;high;FILE;high;51.110631049;10.392277932;;;;;;"Site/portfólio recente; sem óbito identificado.";;;;;
Ramiro AMK Fernández;;;Argentina;;;;Buenos Aires, Argentina;;male;;;;Mundos Digitales;high;FILE;;-34.6090264;-58.3732215;100.0;;;;;"Atuação profissional recente; sem óbito identificado.";;;;;
Ramon Vergara Grez;1923;2012;Chile;Escuela de Bellas Artes de la Universidad de Chile;-33.44454888888889;-70.65095388888889;Mejillones;Santiago;male;https://www.rallimuseums.com/en/Santiago_de_Chile_News_and_Events_More_than_Geometry;high;The Ralli Museum biography confirms enrollment at the University of Chile School of Fine Arts and graduation in 1946.;Wikidata;high;MAC USP;low;-23.1000;-70.4500;100.0;-33.4459946;-70.6670569;100.0;Academia Chilena de Bellas Artes;;high;Wikidata;Wikidata;;high
Raoul Dufy;1877;1953;France;École supérieure d'art du Havre > École des Beaux-Arts du Havre > École nationale supérieure des beaux-arts;49.494166666667 > 49.4927 > 48.853997;0.10805555555556 > 0.1079 > 2.333500;Le Havre;Forcalquier;male;Wikipedia> Britannica;high;;Wikidata;high;MAC USP;high;49.494261098;0.107801459;100.0;43.960133439;5.780591181;100.0;Britannica;;high;Ulan;Ulan;;high
Raphael;1483;1520;Holy Romen Empire;Liceu de Artes e Ofícios de São Paulo;-23.5331446;-46.6267577;Urbino;Rome;male;fontes biográficas de referência;medium;instituição identificada em biografias sumárias;Wikidata;high;;low;43.7247469;12.6366847;100.0;41.8930555556;12.4827777778;100.0;Britannica;;high;;;;
Raphael Galvez;1907;1998;Brazil;Liceu de Artes e Ofícios de São Paulo;-23.5331446;-46.6267577;São Paulo;São Paulo;male;https://www.getty.edu/vow/ULANFullDisplay?subjectid=500356462;high;ULAN confirms his enrollment at the São Paulo School of Arts and Crafts in 1921.;https://enciclopedia.itaucultural.org.br/pessoas/7442-raphael-galvez;high;MASP;low;-23.5486657;-46.6382522;100.0;-23.5503944444;-46.6339472222;100.0;https://enciclopedia.itaucultural.org.br/pessoas/7442-raphael-galvez;Nome completo na fonte: Raphael Dazzani Galvez.;high;https://enciclopedia.itaucultural.org.br/pessoas/7442-raphael-galvez;https://enciclopedia.itaucultural.org.br/pessoas/7442-raphael-galvez;;high
Raphaël Collin;1850;1916;France;studio of William-Adolphe Bouguereau > studio of Alexandre Cabanel; > ; > ;Paris;Brionne;male;https://en.wikipedia.org/wiki/Rapha%C3%ABl_Collin;medium;;https://en.wikipedia.org/wiki/Rapha%C3%ABl_Collin;medium;Museu Nacional de Belas Artes;high;48.856372814;2.352529617;81.21;49.193448918;0.721791538;100.0;Musée d’Orsay;;high;Ulan;Ulan;;high
Raquel Fukuda;;;Brazil;Faculdade Santa Marcelina (FASM);-23.550394444444;-46.633947222222;São Paulo;;female;Escavador / Lattes;medium;;Wikidata;high;FILE;;-23.5486657;-46.6382522;100.0;;;;;"Atuação profissional recente; sem óbito identificado.";;;;;
Raquel Piantino;;;Brazil;Universidade de Brasília (UnB) > The University of Texas at Dallas;-15.76138888888889 > 32.9857;-47.86638888888889 > -96.7501;Brasília;;female;FILE Festival | UIVO Filmes;high;;Wikidata;high;FILE;;-15.7793842;-47.9257379;100.0;;;;;"Biografia recente no FILE; sem óbito identificado.";;;;;
Raul Milian;1914;1984;Cuba;Academia de San Alejandro;23.087472;-82.426917;Havana;Havana;male;fontes biográficas de referência;medium;instituição identificada> datas não localizadas com precisão;Wikidata;high;MAC USP;low;23.1281371;-82.3897195;100.0;23.1281371;-82.3897195;100.0;Museo Nacional de Bellas Artes de Cuba;;high;Wikidata > Ulan;Wikidata > Ulan;;high
Raul Porto;1936;1999;;;;;Dois Córregos, SP, Brazil;Campinas;male;;;;Galeria Berenice Arvani / Catálogo das Artes;medium;MAC USP;low;-22.3677;-48.3814;;-22.900833333;-47.057222222;100.0;"Galeria Berenice Arvani; Catálogo das Artes";Local de morte preenchido com base em fontes secundárias convergentes.;medium;Enciclopédia Itaú Cultural;Enciclopédia Itaú Cultural;;high
Ravana;;;India;;;;New Delhi, India;;male;;;;FILE Festival;high;FILE;;28.613939;77.209021;;;;;;Pseudônimo/nome artístico não desambiguado com segurança.;;;;;
Raven Kwok;1989;;United States;Shanghai Institute of Visual Art > Rensselaer Polytechnic Institute;31.048 > 42.729014;121.202 > -73.676728;Shanghai, China;;male;site oficial / CV do artista;high;;site oficial do artista;high;FILE;;31.22222;121.45806;100.0;;;;;"Site/portfólio recente; sem óbito identificado.";;;;;
Ray Gropius;1988;;Italy;self-taught;;;Netherlands;;male;FILE Festival;high;fonte identifica apenas o país de nascimento> autodidata mantido sem coordenadas> fontes localizadas informam apenas Países Baixos, sem cidade auditável;site oficial do artista;high;FILE;;52.249375293;5.616126398;100.0;;;;;"Site oficial recente; sem óbito identificado.";;site oficial Ray Gropius;;;high
Regina Silveira;1939;;Brazil;Instituto de Artes da Universidade Federal do Rio Grande do Sul (UFRGS) > Escola de Comunicações e Artes da USP (ECA-USP);-30.0292 > -23.55833333;-51.2233 > -46.72694444;Porto Alegre;;female;https://reginasilveira.c2midia.com.br/sobre-a-artista/;high;graduação na UFRGS> depois mestrado e doutorado na ECA/USP;Wikidata;high;MAC USP;high;-30.027679;-51.2286404;100.0;;;;;"Verbete recente; sem óbito identificado.";;Wikidata > Ulan;;;high
Regina Veiga;1890;1968;Brazil;Académie Julian > studies with Rodolfo Amoedo > training with the painter Heilmann;48.871111 >  >;2.341667 >  >;;Rio de Janeiro;female;https://pt.wikipedia.org/wiki/Regina_Veiga | https://aterraeredonda.com.br/regina-veiga/;medium;Mantive a cronologia de forma conservadora porque a fonte não detalha todos os anos de estudo na Europa.;;;Museu Histórico Nacional;medium;;;;-22.9111111111;-43.2055555556;100.0;Itaú Cultural;;high;;;;
Rei Souza;;;Brazil;self-taught;-16.32667;-48.95278;Bragança Paulista;;male;FILE Festival | Mais Goiás / FILE Festival;high;autodidata> coordenadas atribuídas à cidade de moradia e atuação explicitada em fontes;Wikidata;high;FILE;medium;-22.9517005;-46.5406666;100.0;;;;;"Biografia recente; sem óbito identificado.";;;;;
Rejane Cantoni;1959;;Brazil;Pontifícia Universidade Católica de São Paulo (PUC-SP) > University of Geneva > Universidade de São Paulo (USP);-23.5381 > 46.1991 > -23.5613991;-46.6705 > 6.1458 > -46.7307891;São Paulo;;female;Itaú Cultural | site oficial;high;;Wikidata;high;FILE;;-23.5486657;-46.6382522;100.0;;;100.0;;Nome artístico/pseudônimo não desambiguado com segurança.;;Wikidata;;;high
Rek;1800;1899;Canada;;;;;;female;;;local de nascimento não localizado em fonte auditável;;;FILE;;;;;;;;;"Biografia recente; sem óbito identificado.";;Ulan;Ulan;;high
Rembrandt;1606;1669;Dutch Republic;Leiden University > apprenticeship with Jacob van Swanenburgh > studies with Pieter Lastman;52.15694444444444 >  >;4.485277777777778 >  >;Leiden;Amsterdam;male;https://www.ebiografia.com/rembrandt/ | https://pt.wikipedia.org/wiki/Rembrandt;medium;A formação aparece em oficinas e mestres, não em academia formal.;Wikidata;high;MASP;high;52.158170179;4.48755174;100.0;52.361524688;4.890870311;100.0;Britannica;;high;;;;
Renata Barros;1959;;;Faculty of Nutrition and Food Science of the University of Porto > Fundação Armando Álvares Penteado (FAAP) > Atelier des Beaux Arts;41.14666667 > -23.5450155 >;-8.61555556 > -46.6630802 >;São Paulo, SP, Brazil;;female;https://enciclopedia.itaucultural.org.br/pessoas/5195-renata-barros> https://mapa.pacodasartes.org.br/page.php?id=85905463-b0a1-481d-ae03-7671a882f149&name=artistas&op=detalhe;high;também estuda com Vick Machado, Carlos Fajardo e outros em ateliê;MAC USP;high;MAC USP;high;-23.5486657;-46.6382522;;;;;;"Biografia recente; sem óbito identificado.";;Ulan;;;high
Renata de Andrade;1960;;Brazil;Gerrit Rietveld Academie;52.3413;4.86;Barretos, São Paulo, Brazil;;female;Museu Victor Meirelles> Germina;high;formou-se em pintura na Academia Rietveld> começou a estudar arte aos 29 anos, já na Holanda;https://museuvictormeirelles.acervos.museus.gov.br/autores/renata-de-andrade-2/;high;Museu Victor Meirelles;medium;-20.5531;-48.5698;100.0;;;;;"Verbete recente; sem óbito identificado.";;Ulan;;;high
Renata Pedrosa;1967;;Brazil;European Ceramics Work Center > Pontifícia Universidade Católica de São Paulo (PUC-SP) > Escola de Comunicações e Artes da USP (ECA-USP);51.5833 > -23.5381 > -23.55833333;5.2 > -46.6705 > -46.72694444;Tremembé, SP, Brazil;;female;https://www.escavador.com/sobre/3341664/renata-pedrosa | https://teresaberlinck.com.br/curriculo/> https://www.escavador.com/sobre/3341664/renata-pedrosa;medium;A fonte recuperada é de currículo acadêmico> informação artística complementar não especifica outras formações.;MAC USP;high;MAC USP;medium;-22.9571;-45.5475;;;;;;"Site oficial/biografia recente; sem óbito identificado.";;Guia das Artes;;;medium
Renato Birolli;1905;1959;Kingdom of Italy;Accademia Cignaroli;45.43479753250506;10.9929983708197;Verona;Milan;male;https://galleriadelloscudo.com/en/artist/renato-birolli-biography-artworks-exhibitions/;high;Biografia de arquivo informa estudos na Accademia Cignaroli, da qual foi expulso> não localizei datas exatas nesta passada.;Wikidata;high;MAC USP;medium;45.4383527;10.9917125;100.0;45.4636183;9.1881156;100.0;Fondazione Renato Birolli;;high;Ulan;Ulan;;high
Renato Guttuso;1912;1987;Italy;University of Palermo;38.11768;13.370131;Bagheria;Rome;male;https://en.wikipedia.org/wiki/Renato_Guttuso;medium;Também frequentou o ateliê de Pippo Rizzo> preenchimento institucional mantido apenas para a universidade.;Wikidata;high;MAC USP;medium;38.0783238;13.5069548;100.0;41.8905568;12.4942679;100.0;Archivi Guttuso;;high;Ulan;Ulan;;high
Renzo Filinich;1978;;Chile;University of Chile > University of Valparaíso;-33.44454888888889 > -33.0407143;-70.65095388888889 > -71.6254608;Chile;;male;site oficial do artista;high;FILE explicita “País de Origem”> preenchido em nível de país.;FILE Festival (País de Origem);high;FILE;;-35.675147;-71.542969;;;;;;"Site oficial recente; sem óbito identificado.";;Festival Internacional de la Imagen;;;medium
Renzo Vespignani;1924;2001;Italy;;;;Rome;Rome;male;;;artista geralmente descrito como autodidata> mantido apenas local de formação;Wikidata;high;MAC USP;medium;41.8905568;12.4942679;100.0;41.8905568;12.4942679;100.0;Quadriennale di Roma;;high;Wikidata > Ulan;Wikidata > Ulan;;high
René Bauer;1972;;Switzerland;Universität Zürich;47.374722222222;8.5483333333333;Switzerland;;male;FILE Festival;high;Ficha FILE explicita País de Origem.;FILE Archive — ficha de participante;high;FILE;high;46.818188;8.227512;;;;;;"Perfil institucional recente; sem óbito identificado.";;FILE;;;high
René Guiette;1893;1976;Belgium;Royal Academy of Fine Arts Antwerp;51.2234;4.4069;Antwerp;Wilrijk;male;https://en.wikipedia.org/wiki/Ren%C3%A9_Guiette;medium;datas aproximadas;Wikidata;high;MAC USP;medium;51.25942418;4.371799938;100.0;51.16734;4.39513;100.0;"Galerie AB; Wikipédia (fr)";Local de morte preenchido com base em fontes secundárias convergentes.;medium;Wikidata > Ulan;Wikidata > Ulan;;high
René Portocarrero;1912;1985;Cuba;Academia de San Alejandro;23.087472;-82.426917;Cerro;Havana;male;https://en.wikipedia.org/wiki/Ren%C3%A9_Portocarrero;medium;The source confirms studies at the San Alejandro Academy.;Wikidata;high;MAC USP;medium;23.1157488;-82.3775869;100.0;23.1281371;-82.3897195;100.0;"EcuRed; Wikipedia";Local de morte preenchido com base em fontes secundárias convergentes.;medium;Wikidata > Ulan;Wikidata > Ulan;;high
Renée Lefèvre;1910;1996;Brazil;studies with Pedro Alexandrino Borges > Académie Julian > Académie de la Grande Chaumière;> 48.871111 > 48.842342;> 2.341667 > 2.330848;São Paulo;São Paulo;male;https://pt.wikipedia.org/wiki/Ren%C3%A9e_Lef%C3%A8vre | https://enciclopedia.itaucultural.org.br/pessoas/259-renee-lefevre> https://pt.wikipedia.org/wiki/Ren%C3%A9e_Lef%C3%A8vre | https://enciclopedia.itaucultural.org.br/pessoas/259-renee-lefevre | https://www.escritoriodearte.com/artista/renee-lefevre;medium;;Wikidata;high;MAC USP;medium;-23.5486657;-46.6382522;100.0;-23.5486657;-46.6382522;100.0;Itaú Cultural;;high;Wikidata;Wikidata;;high
Ricardo Barreto;1950;;Brazil;Centro Universitário Belas Artes > Faculdade de Filosofia, Letras e Ciências Humanas da USP (FFLCH-USP);-23.583688 > -23.5613991;-46.633917 > -46.7307891;Rio de Janeiro;;male;Enciclopédia Itaú Cultural;high;;Wikidata;high;FILE;;-22.9014475;-43.1789159;100.0;;;;;"Biografia recente; sem óbito identificado.";;Enciclopédia Itaú Cultural;;;high
Ricardo Dal Farra;1957;;Argentina;Université du Québec à Montréal (UQAM);45.513888888889;-73.560277777778;Buenos Aires;;male;Daniel Langlois Foundation;high;;Wikidata;high;FILE;;-34.6090264;-58.3732215;100.0;;;;;"Perfil institucional recente; sem óbito identificado.";;;;;
Ricardo de Armas;1957;;Argentina;Vicentina de la Torre Arts Academy > Instituto Superior de Arte (ISA);21.378611111111 > 23.0961;-77.918611111111 > -82.3717;Camagüey, Cuba;;male;site oficial do artista;high;;Wikidata;high;FILE;;21.3808;-77.9169;100.0;;;;;"Site oficial recente; sem óbito identificado.";;site oficial Ricardo de Armas;;;high
Ricardo Martínez;1918;2009;Mexico;Academy of San Carlos > self-taught;19.43305556 > ;-99.12888889 > ;Mexico City;Mexico City;male;https://fundacionricardomartinez.net/ricardo-martinez/;high;The artist’s foundation confirms a brief period at the Academy of San Carlos followed by self-directed training.;Wikidata;high;MAC USP;medium;19.430457906;-99.141684761;100.0;19.430457906;-99.141684761;100.0;"Vanguardia MX; Fundación Ricardo Martínez";Local de morte preenchido com base em fontes convergentes.;medium;https://fundacionricardomartinez.net/ricardo-martinez/;https://fundacionricardomartinez.net/ricardo-martinez/;;high
Richard Mortensen;1910;1993;Kingdom of Denmark;Royal Danish Academy of Fine Arts;55.680277777777775;12.587222222222222;Ejby;Ejby;male;https://www.britannica.com/biography/Richard-Mortensen;high;Britannica informa que deixou a academia após dois anos para trabalhar de forma independente.;Wikidata;high;MAC USP;high;55.6982617;12.4119032;100.0;55.6888888889;11.845;100.0;"gravsted.dk; Wikipedia";Corrigido de Copenhagen para Ejby com base em fontes convergentes.;medium;Ulan;Ulan;;high
Richard Paul Lohse;1902;1988;Switzerland;Kunstgewerbeschule Zürich;47.38295;8.5358;Zurich;Zurich;male;https://bilbaomuseoa.eus/en/explore/artist/richard-paul-lohse/4f9f44f8-1dab-4369-a394-2bc2b1d2e178;high;The Bilbao Fine Arts Museum confirms studies at the Kunstgewerbeschule Zürich.;Wikidata;high;MAC USP;medium;47.38454096;8.529927493;100.0;47.38454096;8.529927493;100.0;Richard Paul Lohse / Biography;;high;Ulan;Ulan;;high
Rino Stefano Tagliafierro;1980;;Italy;ISIA Urbino > IED – Istituto Europeo di Design, Milano;43.7252 > 45.466944444444;12.6378 > 9.19;Piacenza, Italy;;male;site oficial do artista;high;;biografia pública / página profissional;medium;FILE;;45.0537735;9.6951421;100.0;;;;;"Site oficial recente; sem óbito identificado.";;;;;
Robert Becker;1900;;;École supérieure des arts décoratifs de Strasbourg > Académie Européenne d’Art de Trèves;48.5825 > 45.539444444444;7.7591 > 4.6761111111111;Sarreguemines, Lorraine, France;;male;arts-direct;medium;;arts-direct.com;medium;FILE;;49.109707574;7.070491816;100.0;;;;;"Site oficial recente; sem óbito identificado.";;Ulan;;;high
Robert Gwathmey;1903;1988;United States;Maryland Institute of Design > Pennsylvania Academy of the Fine Arts;39.2904 > 39.955683;-76.6122 > -75.163217;Manchester;Southampton, New York;male;https://collections.lacma.org/node/165542 | https://www.pafa.org/museum/collection/item/street-scene-1;high;"Museum sources confirm studies at the Maryland Institute and Pennsylvania Academy; the Art Students League was not confirmed.";Wikidata;high;MAC USP;high;37.5207;-77.4483;100.0;40.8852777778;-72.3952777778;100.0;"Wikipedia; Find a Grave";Coordenadas corrigidas para Southampton, Nova York.;medium;Ulan;Ulan;;high
Robert Wallace;;;;;;;New Zealand;;male;;;fonte biográfica identifica apenas o país> preenchimento mantido em nível de país.;FILE Festival;medium;FILE;;-40.900557;174.885971;;;;;;"Biografia recente; sem óbito identificado.";;;;;
Roberto Burle Marx;1909;1994;Brazil;Escola Nacional de Belas Artes > studio of Degner Klemn;-22.8625055 >;-43.2256622 >;São Paulo;Rio de Janeiro;male;Itaú Cultural> Wikipédia;medium;Formação em pintura e arquitetura confirmada> ateliê anterior em Berlim.;Wikidata;high;MAC USP;high;-23.5486657;-46.6382522;100.0;-22.9014475;-43.1789159;100.0;MASC;;high;Ulan;Ulan;;high
Roberto Castellanos;1871;1942;Uruguay;Accademia di Belle Arti di Firenze > classes with José Ciaranfi;43.7696 > ;11.2558 > ;Montevideo;Montevideo;male;https://mnav.gub.uy/cms.php?a=88;high;estuda pintura em Florença com bolsa de estudos;Wikidata;high;Museu Histórico Nacional;medium;-34.9055557;-56.1852505;100.0;-34.9055557;-56.1852505;100.0;Museo Nacional de Artes Visuales;;high;Museo Nacional de Artes Visuales (Uruguai);Museo Nacional de Artes Visuales (Uruguai);;high
Roberto Mertig;;;;Brazilian artistic training;;;;;male;https://www.catalogodasartes.com.br/;medium;Sem base aberta detalhada suficiente.;;;Museu Paulista;low;;;;;;;;Homônimo/identidade insuficiente para individualização segura.;;;;;
Roberto Okinaka;1956;;;Fundação Armando Álvares Penteado (FAAP) > studies in Osaka;-23.5450155 >;-46.6630802 >;São Paulo, SP, Brazil;;male;https://www.smartgallery.com.br/categoria/arte-japonesa-no-brasil/roberto-okinaka/;low;fonte secundária recente> informa formação na FAAP e complementação de estudos em Osaka, sem datas;MAC USP;high;MAC USP;medium;-23.5486657;-46.6382522;;;;;;"Verbete recente; sem óbito identificado.";;MAC USP;;;high
Roberto Sambonet;1924;1993;Kingdom of Italy;Manzoni > Accademia di Belle Arti di Brera > Polytechnic University of Milan;45.45994722 > 45.47222222 > 45.47803055555556;9.17774167 > 9.18888889 > 9.227319444444444;Vercelli;Milan;male;MAC_consolidado_normalized.csv / nationality_applied_dataset.csv;medium;dados recuperados de base auxiliar> datas não localizadas;Wikidata;high;MAC USP;medium;45.3211114;8.4262359;100.0;45.4636183;9.1881156;100.0;Itaú Cultural;;high;Wikidata > Ulan;Wikidata > Ulan;;high
Roberto Santaguida;;;Canada;Concordia University;45.496944444444445;-73.57805555555555;Montreal, Canada;;male;Art Souterrain;medium;;Akademie Schloss Solitude;high;FILE;;45.508867;-73.554242;100.0;;;;;"Biografia recente; sem óbito identificado.";;;;fontes divergentes sobre ano de nascimento (1981/1982);
Robin Baumgarten;1982;;Germany;Imperial College London;51.498308;-0.176882;Germany;;male;site oficial do artista;high;Ficha FILE explicita País de Origem.;FILE Archive — ficha de participante;high;FILE;high;51.110631049;10.392277932;;;;;;"Site oficial recente; sem óbito identificado.";;;;;
Rocío Cano Valiño;1991;;Argentina;Conservatoire national supérieur musique et danse de Lyon (CNSMD Lyon) > Conservatoire à Rayonnement Régional de Lyon (CRR de Lyon) > Universität für Musik und darstellende Kunst Graz (KUG);45.76915 > 45.761 > 47.0725;4.81262 > 4.82234 > 15.4503;Buenos Aires;;female;site oficial da artista;high;;Wikidata;high;FILE;;-34.6090264;-58.3732215;100.0;;;;;"Perfil profissional recente; sem óbito identificado.";;Donne – Women in Music;;;medium
Rodolfo Abularach;1933;2020;Guatemala;National School of Fine Arts, Guatemala City > School of Architecture, University of San Carlos of Guatemala;14.6349 > 14.6349;-90.5069 > -90.5069;Guatemala City;Guatemala City;male;https://rodolfoabularach.com/es/biography/ | https://www.oas.org/artsoftheamericas/rodolfo-abularach;high;"The official website and OAS confirm training at the National School of Fine Arts and architecture studies in Guatemala; the Mexico coordinates were corrected.";Wikidata;high;MAC USP;medium;14.64198;-90.51324;100.0;14.6416666667;-90.5133333333;100.0;"David Nolan Gallery; AGN";;low;Wikidata > Ulan;Wikidata;;high
Rodolfo Amoedo;1857;1941;Brazil;Liceu de Artes e Ofícios do Rio de Janeiro > Academia Imperial de Belas Artes > Académie Julian > École des Beaux-Arts de Paris;-22.908333 > -22.9071 > 48.871111 > 48.856386;-43.184722 > -43.1829 > 2.341667 > 2.335657;Salvador;Rio de Janeiro;male;https://enciclopedia.itaucultural.org.br/pessoas/6112-rodolfo-amoedo;high;;Wikidata;high;Pinacoteca de São Paulo;high;-12.9641527;-38.5058208;100.0;-22.9014475;-43.1789159;100.0;Itaú Cultural;;high;Ulan;Ulan;;high
Rodolfo Bernardelli;1852;1931;Mexico;Academia Imperial de Belas Artes > studies with Giulio Monteverde and Achilles Monteverde;-22.9071 > ;-43.1829 > ;Guadalajara;Rio de Janeiro;male;https://pt.wikipedia.org/wiki/Rodolfo_Bernardelli;medium;A fonte também indica aulas informais com Francisco Manuel Chaves Pinheiro.;Wikidata;high;Museu Histórico Nacional;high;20.674161223;-103.336727247;100.0;-22.9014475;-43.1789159;100.0;Itaú Cultural;;high;Wikidata > Ulan;Wikidata > Ulan;;high
Rodolfo Chambelland;1879;1967;Brazil;Académie Julian > Liceu de Artes e Ofícios > Escola Nacional de Belas Artes;48.871111 > -22.91111111111111 > -22.8625055;2.341667 > -43.20555555555556 > -43.2256622;Rio de Janeiro;Rio de Janeiro;male;https://pt.wikipedia.org/wiki/Rodolfo_Chambelland;medium;;Wikidata;high;Museu Histórico Nacional;high;-22.9014475;-43.1789159;100.0;-22.9014475;-43.1789159;100.0;Itaú Cultural;;high;Wikidata > Ulan;Wikidata > Ulan;;high
Rodrigo Bivar;1981;;;Fundação Armando Álvares Penteado (FAAP);-23.5450155;-46.6630802;Brasília, DF, Brazil;;male;https://www.premiopipa.com/pag/artistas/rodrigo-bivar/;high;A fonte informa graduação em artes plásticas pela FAAP, sem detalhar as datas.;MAC USP;high;MAC USP;high;-15.7793842;-47.9257379;;;;;;"Biografia recente; sem óbito identificado.";;;;;
Rodrigo Faustini;1992;;Brazil;Universidade Estadual de Campinas (UNICAMP) > Universidade de São Paulo (USP) > Goldsmiths, University of London;-22.817222222222 > -23.5613991 > 51.474269444444445;-47.069444444444 > -46.7307891 > -0.03541111111111111;São Paulo, Brazil;;male;USP | FAPESP | Academia.edu;high;;PROYECTOR;high;FILE;;-23.5486657;-46.6382522;100.0;;;;;"Biografia recente; sem óbito identificado.";;PROYECTOR;;;medium
Rodrigo Rezende;;;Brazil;Faculdade Impacta de Tecnologia > Universidade Estadual Paulista Júlio de Mesquita Filho (UNESP);-23.550394444444 > -22.8172;-46.633947222222 > -47.0694;Brazil;;male;site oficial do artista;high;;FILE Festival (País de Origem);high;FILE;;-10.769946429;-53.073466889;100.0;;;;;"Site oficial/produção recente; sem óbito identificado.";;;;;
Rogelio Meléndez;1988;;Mexico;;;;Reynosa, Mexico;;male;;;Biografia explicita local e ano de nascimento.;FILE Archive — biografia de participante;high;FILE;high;26.092178;-98.277793;;;;;;"CV/biografia recente; sem óbito identificado.";;FILE;;;high
Roger Chastel;1897;1981;France;Académie Julian > École des Beaux-Arts de Paris > Fernand Cormon’s studio;48.8567 > 48.8567 > 48.8567;2.3522 > 2.3522 > 2.3522;9th arrondissement of Paris;Saint-Germain-en-Laye;male;https://www.mchampetier.com/oeuvres-vendues-de-Roger-Chastel-59257-0-art-et-estampes-autres.html;medium;"The located biography records studies at the Académie Julian, admission to the École des Beaux-Arts and attendance at Fernand Cormon’s studio; the Académie de La Palette was removed for lack of confirmation.";Wikidata;high;MAC USP;high;48.8769;2.3374;97.02;48.898970617;2.093804863;100.0;Centre Pompidou;;high;Ulan;Ulan;;high
Roger Dudant;1929;2008;Belgium;Academy of Arts of Tournai > École nationale supérieure des arts visuels de La Cambre;50.60555555555555 > 50.818888888889;3.388055555555556 > 4.3741666666667;Brunehaut;Péruwelz;male;Artsy biography;medium;;Wikidata;high;MAC USP;medium;50.527149348;3.395107839;100.0;50.52945214;3.563871239;100.0;"Wikimedia Commons; Wikipédia (fr)";Local de morte preenchido com base em fontes secundárias convergentes.;medium;Wikidata > Ulan;Wikidata > Ulan;;high
Rogério Bedim;;;;self-taught;;;;;male;https://www.youtube.com/watch?v=r6Zl0AAsKPw;medium;"The artist is described as self-taught in the consulted source; no institutional education was located.";;;Museu de Arte Religiosa e Tradicional;low;;;;;;;;Fontes localizadas, mas sem óbito auditável.;;;;;
Rolf van Boxmeer;;;Netherlands;;;;;;male;;;local de nascimento não localizado em fonte auditável;;;FILE;;;;;;;;;"perfil recente; sem óbito identificado.";;;;;
Romane Granger;;;France;Ecole Nationale Supérieure des Arts Décoratifs (ENSAD-Paris);48.8414;2.3441;;;female;https://www.twine.net/RomaneGranger | https://vimeo.com/user30152275;medium;local de nascimento não localizado em fonte auditável;;;FILE;;;;;;;;;"biografia recente; sem óbito identificado.";;;;;
Romano Vicente (atribuição);;;;;;;;;;;;autoria atribuída/incerta> formação não localizada com segurança;;;Museu da Inconfidência;;;;;;;;;"atribuição; autor não individualizado.";;;;;
Romero Britto;1963;;Brazil;;;;Recife;;male;;;biografias consultadas enfatizam trajetória autodidata> sem escola formal confirmada;Wikidata;high;MAC USP;medium;-8.0551894;-34.871176;100.0;;;;;"site oficial recente; sem óbito identificado.";;Wikidata > Ulan;;;high
Ronald van der Meijs;1966;;Kingdom of the Netherlands;AKV > St.Joost Academy of Fine Arts and Design / Avans University of Applied Sciences;51.58888888888889 > 51.58888888888889;4.775833333333333 > 4.775833333333333;Tilburg;;male;FILE Festival;high;;Wikidata;high;FILE;;51.566279732;5.062871894;100.0;;;;;"biografia recente; sem óbito identificado.";;Wikidata;;;high
Ronchi;;;;;;;;;;;;identificação incompleta> não foi possível desambiguar com segurança;;;Museu Casa de Benjamin Constant;;;;;;;;;identidade insuficiente para desambiguação.;;;;;
Rora Blue;;;United States;San Francisco Art Institute > University of Nevada, Reno;37.8035 > 39.545833333333;-122.417 > -119.81666666667;California, United States;;female;site oficial do artista;high;preenchido a partir de fonte secundária auditável> sem fonte institucional localizada no lote.;Wikipedia;medium;FILE;;36.778261;-119.417932;;;;;;"site oficial recente; sem óbito identificado.";;;;;
Rosina Becker do Valle;1914;2000;Brazil;Instituto de Artes da Universidade Federal do Rio Grande do Sul (UFRGS);-30.0292;-51.2233;Rio de Janeiro;Rio de Janeiro;female;fontes biográficas de referência;medium;instituição identificada> datas não localizadas com precisão;Wikidata;high;MAC USP;low;-22.9014475;-43.1789159;100.0;-22.9111111111;-43.2055555556;100.0;MAC USP;;high;Wikidata;Wikidata;;high
Ru Kuwahata;2000;;Japan;Parsons School of Design;40.735357;-73.994533;Japan;;female;site oficial / Parsons;high;;Wikidata;high;FILE;;36.655226998;139.271495;100.0;;;;;"biografia recente; sem óbito identificado.";;Wikidata;;;high
Rubem Valentim;1922;1991;Brazil;;;;Salvador;São Paulo;male;;;;https://museuafrobrasil.org.br/pessoas-grupos-instituicoes-organizacoes/rubem-valentim/;high;MAC USP;medium;-12.9777;-38.5016;100.0;-23.5503944444;-46.6339472222;100.0;Itaú Cultural;;high;https://museuafrobrasil.org.br/pessoas-grupos-instituicoes-organizacoes/rubem-valentim/;https://museuafrobrasil.org.br/pessoas-grupos-instituicoes-organizacoes/rubem-valentim/;;high
Rubens Gerchman;1942;2008;Brazil;Escola Nacional de Belas Artes > Liceu de Artes e Ofícios do Rio de Janeiro;-22.8625055 > -22.91111111111111;-43.2256622 > -43.20555555555556;Rio de Janeiro;São Paulo;male;https://pt.wikipedia.org/wiki/Rubens_Gerchman;medium;na Escola Nacional de Belas Artes estuda xilogravura com Adir Botelho;Wikidata;high;MAC USP;high;-22.9014475;-43.1789159;100.0;-23.5503944444;-46.6339472222;100.0;Itaú Cultural;;high;Wikidata > Ulan;Wikidata;;high
Rune Spaans;;;Norway;;;;Norway;;male;;;;FILE Festival (País de Origem);high;FILE;;62.0;10.0;100.0;;;;;;;;;;
Ruth Gibson;1965;;United Kingdom;Royal Melbourne Institute of Technology (RMIT University);-37.80777777777778;144.96333333333334;;;female;Triarchy Press;medium;local de nascimento não localizado em fonte auditável;;;FILE;;;;;;;;;"perfil institucional recente; sem óbito identificado.";;Art UK;;;high
Ryan Seslow;;;United States;;;;;;male;;;local de nascimento não localizado em fonte auditável;;;FILE;;;;;;;;;"site oficial recente; sem óbito identificado.";;;;;
Ryoya Usuha;1991;;Japan;Graduate School of Film and New Media, Tokyo University of the Arts;35.7195782;139.7726862;Saitama Prefecture, Japan;;male;Tokyo TDC | FILE Festival;high;;Tokyo TDC;high;FILE;;35.996251;139.446601;;;;;;;;Tokyo University of the Arts / GEIDAI GAMES;;;high
S. Rosenthal;;;United Kingdom;;;;;;male;;;;;;Museu Histórico Nacional;;;;;;;;;"nome abreviado; identidade insuficiente para desambiguação.";;;;;
S4RA;;;;;;;;;non-binary;;;local de nascimento não localizado em fonte auditável;;;FILE;;;;;;;;;pseudônimo não desambiguado.;;;;;
Saad Moosajee;1993;;United States;Rhode Island School of Design;41.825833333333;-71.407777777778;;;female;The Talks | shots Awards;medium;local de nascimento não localizado em fonte auditável;;;FILE;;;;;;;;;;;site oficial Saad Moosajee;;;high
Sabato Visconti;;;Brazil;Amherst College;42.370833333333;-72.516944444444;São Paulo;;male;FILE Festival;high;;Wikidata;high;FILE;;-23.5486657;-46.6382522;100.0;;;;;"site/portfólio recente; sem óbito identificado.";;;;;
Sada Yazima;;;;;;;;;female;;;formação não localizada com segurança;;;MAC USP;;;;;;;;;;;;;;
Salar Niknafs;;;Iran;University of Tehran > University of Wollongong;35.70333333333333 > -34.406166666667;51.419444444444444 > 150.87953611111;;;male;https://salarniknafs.com/About | University of Wollongong;high;local de nascimento não localizado em fonte auditável;;;FILE;;;;;;;;;;;;;;
Salomon van Ruysdael;1600;1670;Dutch Republic;student of Esaias van de Velde;52.376609;4.633598;Naarden;Haarlem;male;https://en.wikipedia.org/wiki/Salomon_van_Ruysdael | https://www.britannica.com/biography/Salomon-van-Ruysdael;high;;Wikidata;high;MASP;medium;52.29240476;5.157403567;100.0;52.3802777778;4.6405555556;100.0;Wikipedia (en);;medium;Wikidata > Ulan;Wikidata > Ulan;;high
Salomé Chatriot;1995;;France;École cantonale d'art de Lausanne (ECAL);46.533333333333;6.6333333333333;Paris, France;;female;https://file.org.br/file_sp_2018/salome-chatriot/;high;;Volery Gallery;low;FILE;;48.856372814;2.352529617;100.0;;;;;;;https://www.cnap.fr/annuaire/personne/salome-chatriot;;;high
Salvador Escolá Arimany;1854;1905;Spain;Academia de Belas Artes de Barcelona;41.38240278;2.18358611;Barcelona;Madrid;male;https://pt.wikipedia.org/wiki/Salvador_Escol%C3%A1_Arimany | https://www.salvadorescola.org/;medium;A escola de Barcelona é nomeada> a etapa romana aparece como complemento de formação, sem academia identificada na fonte aberta.;Wikidata;high;Museu Paulista;medium;41.387917;2.1699187;100.0;40.4166909;-3.7003454;100.0;site oficial Salvador Escolá;;high;Wikidata;Wikidata;;high
Salvatore Insana;1984;;Italy;Roma Tre University;41.8625;12.47888888888889;Oppido Mamertina, Calabria, Italy;;male;https://romeartweek.com/en/artists/?code=NITAXH | https://www.klpteatro.it/author/salvatore-insana;medium;"Convergent sources confirm education in the DAMS program at Roma Tre University; the Naples Academy of Fine Arts was removed for lack of confirmation.";CARMA / biografia pública;high;FILE;medium;38.29323;15.98666;;;;;;"biografia recente; sem óbito identificado.";;GAi - Giovani Artisti Italiani;;;high
Sam Twidale;;;United Kingdom;Liverpool University;53.406;-2.967;Hereford, United Kingdom;;male;CCCB | FILE Festival;high;;FILE Festival;high;FILE;;52.056736;-2.714413;;;;;;"site/biografia recente; sem óbito identificado.";;;;;
Samson Flexor;1907;1971;Brazil;Académie royale des Beaux-Arts de Bruxelles > Académie royale des Beaux-Arts de Bruxelles > École nationale supérieure des beaux-arts > Sorbonne;50.844 > 50.844 > 48.853997 > 48.84861111111111;4.3477 > 4.3477 > 2.333500 > 2.343611111111111;Soroca;São Paulo;male;Enciclopédia Itaú Cultural;high;fontes secundárias mencionam ainda academias Ranson e La Grande Chaumière, não consolidadas aqui para manter concisão;Wikidata;high;MAC USP;high;48.138362008203;28.19432030475;100.0;-23.5503944444;-46.6339472222;100.0;Itaú Cultural;;high;Wikidata > Ulan;Wikidata > Ulan;;high
Samuel Fouracre;1977;;United Kingdom;Royal College of Art;51.501388888889;-0.17888888888889;United Kingdom;;male;FILE Festival;high;;FILE Festival / IMDb;medium;FILE;;53.408386605;-1.969559544;100.0;;;;;;;Wikidata;;;high
Samuel Walters;1811;1882;United Kingdom of Great Britain and Ireland;Liverpool Academy > initial training with his father Miles Walters;53.401862 >;-2.983605 >;London;Liverpool;male;https://www.askart.com/bio/Samuel_Walters/9000406/Samuel_Walters | https://en.wikipedia.org/wiki/Samuel_Walters_%28artist%29;medium;A Wikipedia também o descreve como amplamente autodidata após ensino paterno.;Wikidata;high;Coleção Brasiliana Itaú;medium;51.50740836;-0.127698693;100.0;53.409366791;-2.978494817;100.0;"Artnet; Wikipedia (en)";;medium;Ulan;Ulan;;high
Sandra Crisp;;;United Kingdom;Wimbledon School of Art;51.41343;-0.211466;Cheshire, United Kingdom;;female;FILE Festival;high;;FILE Festival;high;FILE;;53.1926;-2.8894;;;;;;;;;;;
Sandrine Deumier;1978;;France;;;;;;female;;;local de nascimento não localizado em fonte auditável;;;FILE;;;;;;;;;;;NRW-Forum Düsseldorf;;;high
Sandro Botticelli;1444;1510;Italy;apprentice in the studio of Fra Filippo Lippi >;43.776907 > 43.88;11.258475 > 11.09833;Florence;Florence;male;https://en.wikipedia.org/wiki/Sandro_Botticelli;medium;Fontes abertas recuperadas não confirmam outra oficina com o mesmo grau de certeza.;Wikidata;high;MASP;high;43.7686976;11.2569291;100.0;43.7686976;11.2569291;100.0;Britannica;;high;Ulan;Ulan;;high
Sandro Miccoli;;;Brazil;Universidade Federal de Minas Gerais (UFMG);-19.8690878;-43.9663841;Belo Horizonte, Minas Gerais, Brazil;;male;FILE Festival;high;fonte descreve o artista como “natural de Belo Horizonte”> usado com baixa confiança.;FILE Festival;high;FILE;;-19.9181771;-43.9370534;100.0;;;;;;;;;;
Sangjun Yoo;1982;;;University of Ulsan College of Medicine;35.52;129.429;Seoul, South Korea;;male;https://orcid.org/0000-0003-4992-7053 | https://www.wikidata.org/wiki/Q56993881;high;;about.me / SEA Foundation;medium;FILE;;37.566;126.9784;100.0;;;;;;;about.me (perfil do artista);;;medium
Santiago Echeverry;;;Colombia;New York University (NYU);40.729591;-73.996895;Bogotá, Colombia;;male;FILE Festival;high;;FilmFreeway / biografia pública;medium;FILE;;4.6068824;-74.071837;100.0;;;;;;;;;;
Sara Kolster;1978;;Kingdom of the Netherlands;Design Academy Eindhoven;51.439825;5.474695;Netherlands;;female;FILE Festival;high;;Wikidata;high;FILE;;52.249375293;5.616126398;100.0;;;;;;;Wikidata > Ulan;;;high
Sara Ávila;1932;;;Escola de Belas Artes de Belo Horizonte / atual Escola Guignard-UEMG;-19.8690878;-43.9663841;;Belo Horizonte;female;https://www.guiadasartes.com.br/sara-avila-de-oliveira/artista | https://www.escritoriodearte.com/artista/sara-avila-de-oliveira;low;Também aparecem aulas com Guignard, Franz Weissmann, Anna Letycia e Quaglia.;;;MAC USP;high;;;;-19.9280555556;-43.9419444444;100.0;"SECULT MG; Hoje em Dia";;high;Ulan;;;high
Sarah Ouazzani;;;France;Conservatoire National de Marseille;43.2959;5.38358;;;female;In-Sonora;medium;local de nascimento não localizado em fonte auditável;;;FILE;;;;;;;;;;;;;;
Saul;;;United Kingdom;self-taught;51.453132471;-2.600983373;;;male;FILE Festival | Sulkybunny / NERD Productions;high;local de nascimento não localizado em fonte auditável> autodidata> coordenadas atribuídas à cidade-base do estúdio e da residência atual;;;FILE;low;;;;;;;;nome insuficiente para desambiguação.;;;;;
Saurabh Datta;;;India;;;;;;male;;;local de nascimento não localizado em fonte auditável;;;FILE;;;;;;;;;;;;;;
Scant Intone;;;Canada;;;;;;male;;;local de nascimento não localizado em fonte auditável;;;FILE;;;;;;;;;"site oficial recente; sem óbito identificado.";;;;;
Scipione;1904;1933;Kingdom of Italy;Scuola Libera del Nudo, Accademia di Belle Arti di Roma;41.9075;12.4756;Macerata;Arco;male;https://en.wikipedia.org/wiki/Scipione_(Gino_Bonichi);medium;instituição confirmada> data de ingresso não localizada com precisão na fonte consultada;Wikidata;high;MAC USP;medium;43.3007462;13.456262;100.0;45.9166666667;10.8833333333;100.0;Treccani;;high;;;;
Scipião Mandira;;;;;;;;;;;;artista autodidata> sem escola formal localizada;;;MAC USP;low;;;;;;;;identidade insuficiente para desambiguação.;;;;;
Sebastian Gatz;;;Kingdom of Denmark;Royal Danish Academy of Fine Arts > HDK-Valand Academy of Art and Design, University of Gothenburg > Konstfack University of Arts, Crafts and Design;55.680277777777775 > 57.7000 > 59.29861111;12.587222222222222 > 11.9700 > 17.99583333;;;male;FILE Festival / site do artista;high;local de nascimento não localizado em fonte auditável;;;FILE;;;;;;;;;"site/biografia recente; sem óbito identificado.";;;;;
Sebastian Tedesco;1968;;Argentina;Universidad de Buenos Aires (UBA) > Universidad Nacional de Tres de Febrero;-34.599722222222 > -34.60166667;-58.373055555556 > -58.52777778;Buenos Aires;;male;CV do artista;medium;;Wikidata;high;FILE;;-34.6090264;-58.3732215;100.0;;;;;"site/CV recente; sem óbito identificado.";;ARTEINFORMADO;;;medium
Serge Poliakoff;1906;1969;Russian Empire;Académie de la Grande Chaumière > Moscow School of Painting, Sculpture and Architecture;48.842342 > 55.7558;2.330848 > 37.6173;Moscow;Paris;male;https://en.wikipedia.org/wiki/Serge_Poliakoff;medium;Fonte confirma formação em Moscou antes do exílio e matrícula na Grande Chaumière em Paris em 1929.;Wikidata;high;MAC USP;medium;55.7565408;37.6149202;100.0;48.8566666667;2.3522222222;100.0;Centre Pompidou;;high;Ulan;Ulan;;high
Sergio Mantilla;;;Colombia;Universidad de los Andes > Fundação Armando Álvares Penteado (FAAP);-33.404007 > -23.5450155;-70.507468 > -46.6630802;;;male;site do artista;high;local de nascimento não localizado em fonte auditável;;;FILE;;;;;;;;;"site oficial recente; sem óbito identificado.";;;;;
Sergio Niculitcheff;1960;;;Instituto de Artes e Decoração (IADÊ) > Ateliê de Gravura da Escola de Comunicações e Artes da USP;-23.550394444444 > -23.55833333;-46.633947222222 > -46.72694444;São Paulo, SP, Brazil;;male;https://enciclopedia.itaucultural.org.br/pessoas/3078-niculitcheff;high;;MAC USP / MAC Encontra os Artistas;high;MAC USP;high;-23.5486657;-46.6382522;;;;;;"biografia recente; sem óbito identificado.";;;;;
Servando Barreiro;;;Spain;;;;Santiago de Compostela, Spain;;male;;;;Art Meets Radical Openness;high;FILE;;42.8806228;-8.5466071;100.0;;;;;"perfil/site recente; sem óbito identificado.";;;;;
Seymor Lipton;1903;1986;;Brooklyn Polytechnic Institute > City College of New York > Columbia University;40.65083333333333 > 40.8194 > 40.8075;-73.94972222222222 > -73.95 > -73.961944444444;New York, New York, United States;Glen Cove;male;https://michaelrosenfeld.com/storage/app/media/Artist/CV/Seymour%20Lipton%20CV.pdf | https://www.britannica.com/biography/Seymour-Lipton> https://michaelrosenfeld.com/storage/app/media/Artist/CV/Seymour%20Lipton%20CV.pdf | https://findingaids.archives.newschool.edu/repositories/3/resources/98;high;"creator grafado como 'Seymor'; fonte biográfica usa 'Seymour Lipton'";Saint Louis Art Museum;high;MAC USP;high;40.7130466;-74.0072301;;40.8672222222;-73.6277777778;;Smithsonian American Art Museum;"registro auditado como Seymour Lipton; grafia divergente em creator.";high;;;;
Sheila Brannigan;;;;ateliers de André Lhote e Henry Goetz > Académie de la Grande Chaumière;> 48.842342;> 2.330848;;London;female;https://www.catalogodasartes.com.br/artista/Sheila%20Brannigan/;medium;A fonte indica início da pintura na Suíça e posterior formação em Paris.;;;MAC USP;high;;;;51.5072222222;-0.1275;;MAC USP;;high;;;;
Shenuka Corea;1995;;Sri Lanka;New York University Abu Dhabi > School of Visual Arts, New York;24.5239 > 40.73861111;54.4346 > -73.98222222;Colombo, Sri Lanka;;female;https://www.shenukacorea.com/about;high;;https://www.shenukacorea.com/about;high;FILE;;6.93444;79.84278;;;;;;"site/portfólio recente; sem óbito identificado.";;Google Arts & Culture;;;medium
Shinzo Adachi;;;;Tokyo School of Fine Arts;35.68944444444445;139.6916666666667;;;;fontes biográficas de referência;medium;instituição identificada em fontes sumárias;;;MAC USP;low;;;;;;;;sem fonte auditável de local de morte.;;;;;
Shirin Abedinirad;1986;;Iran;Shariaty Technical College > Michigan State University;35.62037376586496 > 42.7018637482531;51.399823250684136 > -84.48216117291386;Tabriz;;female;FILE Festival | site oficial da artista;high;;Wikidata;high;FILE;;38.08;46.2919;100.0;;;;;"site oficial recente; sem óbito identificado.";;;;;
Shirley Paes Leme;1955;;Brazil;Federal University of Minas Gerais (UFMG) > University of Arizona > San Francisco Art Institute > University of California, Berkeley > John F. Kennedy University;-19.8691 > 32.2319 > 37.8037 > 37.871944444444445 > 37.9479;-43.9677 > -110.9501 > -122.4166 > -122.25833333333334 > -122.0608;Cachoeira Dourada, GO, Brazil;;female;https://www.shirleypaesleme.com/sobre | https://mam.rio/programacao/composicoes-para-tempos-insurgentes-shirley-paes-leme/;high;"The artist’s website and MAM Rio confirm education at UFMG and subsequent studies in the United States; the record was expanded to include the documented stages.";MACRS;high;MAC USP;high;-18.4916;-49.4766;;;;;;"exposição recente; sem óbito identificado.";;Wikidata;;;high
Shoichiro Mori;1971;;Japan;Waseda University;35.709202777778;139.71933333333;Amagasaki;;male;Enciclopédia Itaú Cultural / bases auxiliares;high;;Wikidata;high;MAC USP;high;34.73377489;135.40636455;100.0;;;;;sem fonte auditável de local de morte.;;Wikidata;;;high
Sigrun Höllrigl;1966;;Austria;University of Vienna;48.213055555555556;16.35972222222222;Innsbruck, Austria;;female;site da artista;medium;;site oficial da artista;high;FILE;;47.26543;11.392768;;;;;;"perfil/atividade recente; sem óbito identificado.";;site oficial Sigrun Höllrigl;;;high
Silvano Bozzolini;1911;1998;Italy;Accademia di Belle Arti di Firenze > École des Beaux-Arts de Paris;43.776907 > 48.853997;11.258475 > 2.333500;Fiesole;Poggibonsi;male;Hanina Fine Arts biography> gallery Champetier;low;;Wikidata;high;MAC USP;medium;43.8069331;11.2927658;100.0;43.4666694444;11.15;100.0;MAC USP;corrigido de Paris para Poggibonsi conforme MAC USP.;high;Wikidata > Ulan;Wikidata > Ulan;;high
Silvano Vescovi;;;;Accademia di Belle Arti di Venezia;45.4286;12.3305;;;;fontes biográficas de referência;medium;instituição identificada> datas não localizadas com precisão;;;MAC USP;medium;;;;;;;;sem fonte auditável de local de morte.;;;;;
Silvia De Gennaro;1961;;Italy;;;;Siena, Italy;;female;;;;galeria / biografia pública;medium;FILE;;43.318809;11.330757;;;;;;"exposição/biografia recente; sem óbito identificado.";;;;;
Silvia Laurentiz;1960;;Brazil;Fundação Armando Álvares Penteado (FAAP);-23.5450155;-46.6630802;;;female;BV FAPESP / Currículo Lattes;medium;local de nascimento não localizado em fonte auditável;;;FILE;;;;;;;;;"perfil institucional recente; sem óbito identificado.";;Wikidata;;;high
Silvia Ruzanka;;;Peru;Smith College > School of the Art Institute of Chicago (SAIC);42.3175 > 41.879444444444;-72.6375 > -87.623888888889;Cusco, Peru;;female;site da artista;medium;;FILE Festival;high;FILE;;-13.53195;-71.967463;;;;;;"perfil institucional recente; sem óbito identificado.";;;;;
Simon Boucly;;;France;Supinfocom Rubika;50.35805555555555;3.523333333333333;;;male;FILE Festival;high;local de nascimento não localizado em fonte auditável;;;FILE;;;;;;;;;"perfil/filmografia recente; sem óbito identificado.";;;;;
Simon Christoph Krenn;1986;;Austria;University of Innsbruck > University of Arts Linz;47.2633 > 48.3066;11.3857 > 14.2857;Feldkirch, Austria;;male;Art Meets Radical Openness;medium;;Art Meets Radical Openness;high;FILE;;47.239443;9.59886;;;;;;"perfil/biografia recente; sem óbito identificado.";;;;;
Simon Scheiber;1985;;Austria;;;;Austria;;male;;;fonte consultada informa nascimento apenas em nível de país;site oficial do artista / Zippy Frames;high;FILE;;47.585810005;14.137076948;100.0;;;;;"site oficial recente; sem óbito identificado.";;Zippy Frames;;;medium
Simone Rebaudengo;;;Italy;Delft University of Technology (TU Delft) > Polytechnic University of Turin;52.001666666667 > 45.063094444444;4.3725 > 7.661075;;;male;ThingsCon;medium;local de nascimento não localizado em fonte auditável;;;FILE;;;;;;;;;"site oficial recente; sem óbito identificado.";;;;;
Simplício Rodrigues de Sá;1785;1839;Kingdom of Portugal;introduction to the artist's trade in Lisbon > training with Jean-Baptiste Debret;38.708042 > ;-9.139016 > ;São Nicolau, Cape Verde;Rio de Janeiro;male;https://pt.wikipedia.org/wiki/Simpl%C3%ADcio_Rodrigues_de_S%C3%A1 | https://enciclopedia.itaucultural.org.br/pessoas/7754-simplicio-de-sa;medium;Sem escola formal nomeada nas fontes recuperadas.;Wikidata;high;Pinacoteca de São Paulo;medium;15.01279;-23.57054;100.0;-22.9014475;-43.1789159;100.0;Itaú Cultural;;high;Wikidata > Ulan;Wikidata > Ulan;;high
Sir Henry Chamberlain, 2nd Baronet;1796;1844;Brazil;British military and diplomatic training > studies in topographic drawing in the context of foreign service;>;>;London;Bermudas;male;https://pt.wikipedia.org/wiki/Henry_Chamberlain;medium;As fontes biográficas abertas enfatizam carreira diplomática e prática de desenho, sem escola formal claramente identificada.;Wikidata;high;MASP;low;51.50740836;-0.127698693;100.0;32.32;-64.74;100.0;Itaú Cultural;;high;Wikidata;Wikidata;;high
Sofia Pardillo;;;United States;Pratt Institute;40.691111;-73.963889;;;female;FILE Festival;high;local de nascimento não localizado em fonte auditável;;;FILE;;;;;;;;;"perfil recente; sem óbito identificado.";;;;;
Sofia Pashaei;1989;;Sweden;The Animation Workshop;56.4561;9.40611;Sweden;;female;FILE Festival;high;;Willow Art Space;high;FILE;;64.712585547;17.260487956;100.0;;;;;"galeria recente; sem óbito identificado.";;;;;
Sofie Kampmark;1988;;Kingdom of Denmark;The Animation Workshop;56.4561;9.40611;Copenhagen, Denmark;;female;Danish Film Institute;high;declaração em entrevista da própria artista.;Genevieve Clee Gallery;medium;FILE;;55.675757;12.5690233;;;;;;"site/biografia recente; sem óbito identificado.";;;;;
Sofía Bertomeu;1991;;Spain;;;;Benidorm, Spain;;female;;;;site oficial da artista;high;FILE;;38.541056;-0.122494;;;;;;"site oficial recente; sem óbito identificado.";;site oficial Sofía Bertomeu;;;high
Solimán López;1981;;Spain;Universidad de Córdoba;37.8847;-4.78833;Burgos;;male;nota de imprensa / Paris College of Art;high;;Wikidata;high;FILE;;42.3408923;-3.6997623;100.0;;;;;"atividade recente; sem óbito identificado.";;Wikidata;;;high
Sonia Li;;;Taiwan;New York University Tisch School of the Arts;40.72922222;-73.99377778;Taiwan;;female;site da artista / NYU Tisch;high;;CreativeMornings;high;FILE;;23.69781;120.960515;;;;;;"site oficial recente; sem óbito identificado.";;;;;
Sonia Paço-Rocchia;1982;;Canada;Université de Montréal;45.50414;-73.61433;Montreal;;female;https://en.wikipedia.org/wiki/Sonia_Pa%C3%A7o-Rocchia | https://archive.file.org.br/participantes/sonia-paco-rocchia/;medium;;Wikidata;high;FILE;;45.508867;-73.554242;100.0;;;;;"site/biografia recente; sem óbito identificado.";;Wikidata;;;high
Sonia von Brüsky;1941;;Brazil;Museu de Arte Moderna do Rio de Janeiro (MAM-RJ) > studio of Ivan Serpa > Escola de Artes Visuais do Parque Lage;-22.91111111111111 >  > -22.9606;-43.20555555555556 >  > -43.212;Rio de Janeiro;;female;https://enciclopedia.itaucultural.org.br/pessoas/177-sonia-von-brusky | https://acervo.macrs.rs.gov.br/artistas-macrs/sonia-von-brusky/;high;As fontes indicam formação inicial no Rio e aperfeiçoamento posterior na Europa.;Wikidata;high;MAC USP;high;-22.9014475;-43.1789159;100.0;;;;;verbete atualizado sem registro de óbito.;;Wikidata;;;high
Sophie Taeuber-Arp;1889;1943;Switzerland;Gewerbeschule / School of Applied Arts > Debschitz-Schule > Kunstgewerbeschule Hamburg;48.1375 > 48.1375 > 53.56757;11.575 > 11.575 > 10.03132;Davos;Zurich;female;https://en.wikipedia.org/wiki/Sophie_Taeuber-Arp;medium;As fontes permitem reconstituir a sequência de formação em St. Gallen, Munique e Hamburgo antes do retorno à Suíça em 1914.;Wikidata;high;MAC USP;high;46.790561747;9.822948957;100.0;47.3744444444;8.5411111111;100.0;Stiftung Arp e.V.;;high;Ulan;Ulan;;high
Soran Ahmed;1980;;Iraq;Universität der Künste Berlin (UdK Berlin);52.50916666666667;13.32694444444444;;;male;site pessoal do artista;medium;local de nascimento não localizado em fonte auditável;;;FILE;;;;;;;;;"site/biografia recente; sem óbito identificado.";;;;;
Stavros Didakis;;;Greece;University of Plymouth > Queen's University Belfast > London Metropolitan University;50.374121 > 54.584166666667 > 51.551574;-4.138512 > -5.9347222222222 > -0.110687;;;male;NYU Shanghai | CV do artista;high;local de nascimento não localizado em fonte auditável;;;FILE;;;;;;;;;"perfil institucional recente; sem óbito identificado.";;;;;
Stefano Delle Monache;;;Italy;Catholic University of Milan > IUAV University of Venice > Conservatory of Como;45.4631 > 45.4331 > 45.81025;9.1769111111111 > 12.3149 > 9.0861388888889;Padua;;male;FILE Festival;high;;Wikidata;high;FILE;;45.4095409;11.8765508;100.0;;;;;"publicação/perfil recente; sem óbito identificado.";;;;;
Stefano Miraglia;1988;;Spain;Università degli Studi Roma Tre > École Normale Supérieure de Lyon;41.8625 > 45.729734;12.47888888888889 > 4.826875;Málaga;;male;bio do artista;medium;;Wikidata;high;FILE;;36.7196292;-4.4200007;100.0;;;;;"biografia/perfil recente; sem óbito identificado.";;Wikidata;;;high
Stella Speziali;;;Switzerland;École cantonale d’art de Lausanne (ECAL) > Zürcher Hochschule der Künste (ZHdK);46.5197 > 47.38295;6.6336 > 8.5358;;;female;ZHdK | CV da artista;medium;local de nascimento não localizado em fonte auditável;;;FILE;;;;;;;;;"perfil profissional recente; sem óbito identificado.";;;;;
Stephan Kessler;1622;1700;;training with his father Georg Kessler, pintor;;;Donauwörth;Brixen;male;https://de.wikipedia.org/wiki/Stephan_Kessler_%28Maler%29 | https://www.dorotheum.com/en/l/6534426/;medium;As fontes abertas recuperadas não indicam academia formal> a formação foi registrada de modo conservador pela tradição familiar/oficina.;Wikidata;high;Pinacoteca de São Paulo;low;48.719138999;10.777945;100.0;46.7165488889;11.6578511111;100.0;Wikidata;;high;https://de.wikipedia.org/wiki/Stephan_Kessler_(Maler);https://de.wikipedia.org/wiki/Stephan_Kessler_(Maler);;high
Stuart Pound;1944;;United Kingdom;Nottingham Trent University;52.9564;-1.15203;London, England, United Kingdom;;male;Experimental Cinema;medium;;FilmFreeway / IMDb;medium;FILE;;51.50740836;-0.127698693;;;;;;"site/biografia recente; sem óbito identificado.";;;;;
Susana Wald;1937;;Chile;National School of Ceramics of Buenos Aires;-34.6037;-58.3816;Budapest;;female;https://www.artistasvisualeschilenos.cl/658/w3-printer-100432.html | https://www.mnba.gob.cl/publicaciones/librillo-exposicion-susana-wald-en-busca-de-lo-inasible;high;"Sources from Chile’s National Museum of Fine Arts confirm formal studies at the National School of Ceramics in Buenos Aires; the University of Chile was not confirmed as artistic education.";Wikidata;high;MAC USP;low;47.4981441;19.0405528;100.0;;;;;"biografia institucional recente; sem óbito identificado.";;Wikidata > Ulan;;;high
Susanna Flock;1988;;Austria;University of Arts Linz > Akademie der bildenden Künste Wien;48.3066 > 48.201388888889;14.2857 > 16.365277777778;Graz;;female;FILE Festival;high;;Wikidata;high;FILE;;47.0695512;15.4381829;100.0;;;;;"perfil/biografia recente; sem óbito identificado.";;Wikidata;;;high
Susanne Slavick;1956;;United States;Yale University > Jagiellonian University > Tyler School of Art;41.311111111111 > 50.06166666666667 > 39.9832;-72.926666666667 > 19.933888888888887 > -75.1536;;;female;Carnegie Mellon University;high;local de nascimento não localizado em fonte auditável;;;FILE;;;;;;;;;"perfil institucional recente; sem óbito identificado.";;Wikidata;;;high
Susanne Wiegner;1850;;Germany;Akademie der Bildenden Künste München > Pratt Institute;48.1531959202723 > 40.691111;11.5803123911292 > -73.963889;Germany;;female;Haus der Kunst | ADAF;high;FILE explicita “País de Origem: Alemanha”> preenchido em nível de país.;FILE Festival (País de Origem);high;FILE;high;51.110631049;10.392277932;100.0;;;;;"site/CV recente; sem óbito identificado.";;Ulan;;;high
Suzanne Valadon;1865;1938;France;no formal training > training with artistas do meio parisiense and guidance from Edgar Degas;>;>;Bessines-sur-Gartempe;Paris;female;https://nmwa.org/art/artists/suzanne-valadon/ | https://pt.wikipedia.org/wiki/Suzanne_Valadon> https://nmwa.org/art/artists/suzanne-valadon/;medium;As fontes indicam explicitamente ausência de aulas formais de arte.;Wikidata;high;MASP;medium;46.108999393;1.369008025;100.0;48.8566666667;2.3522222222;100.0;Musée d’Orsay;"fonte indica Paris/Paris 16e; local normalizado para Paris.";high;Ulan;Ulan;;high
Svend Wiig Hansen;1922;1997;Kingdom of Denmark;The Royal Danish Academy of Fine Arts School of Visual Arts;55.6801;12.5874;Møgeltønder;Helsingør;male;https://www.aros.dk/en/press-releases-and-press-contact/press/svend-wiig-hansen-puts-human-emotions-centre-stage-in-new-exhibition/;high;;Wikidata;high;;;54.9405144;8.8039655;100.0;56.0358333333;12.6105555556;100.0;Den Store Danske;;high;Ulan;Ulan;;high
Sydenham Edwards;1768;1819;Wales;botanical illustration studies with William Curtis;51.50740836;-0.127698693;Usk;;male;https://artcollection.dcms.gov.uk/person/edwards-sydenham-teast/ | https://en.wikipedia.org/wiki/Sydenham_Edwards;medium;As fontes descrevem formação com William Curtis, sem instituição formal nomeada.;Wikidata;high;Coleção Brasiliana Itaú;medium;51.701047166;-2.902065141;100.0;;;;;"fontes divergentes entre Brompton/Queen’s Elms e Chelsea; campo não preenchido.";;Wikidata > Ulan;Wikidata > Ulan;;high
Sylvain Souklaye;;;France;self-taught;45.767634724;4.835037488;France;;male;FILE Festival | Prospect Art | Prospect Art / In-Sonora;high;FILE explicita “País de Origem: França”> preenchido em nível de país.> autodidata> fonte explicita início da prática performática em Lyon;FILE Festival (País de Origem);high;FILE;high;46.559417044;2.550539953;100.0;;;;;"site/atividade recente; sem óbito identificado.";;;;;
Sérgio Ferro;1938;;Brazil;Faculdade de Arquitetura e Urbanismo e de Design da USP (FAU-USP) > Universidade Presbiteriana Mackenzie > pós-graduação em museologia e evolução urbana na FAU-USP;-23.56012 > -23.547 > -23.56012;-46.72985 > -46.652 > -46.72985;Curitiba;;male;https://www.escritoriodearte.com/artista/sergio-ferro | https://pt.wikipedia.org/wiki/S%C3%A9rgio_Ferro;medium;Mantida a identificação completa do artista como Sérgio Ferro Pereira.;Wikidata;high;MAC USP;high;-25.4283563;-49.2732515;100.0;;;;;"entrevista/exposição recente; sem óbito identificado.";;Ulan;;;high
Sérgio Ferro Pereira;1938;;;Faculdade de Arquitetura e Urbanismo e de Design da USP (FAU-USP) > Universidade Presbiteriana Mackenzie > pós-graduação em museologia e evolução urbana na FAU-USP;-23.56012 > -23.547 > -23.56012;-46.72985 > -46.652 > -46.72985;Curitiba, PR, Brazil;;male;https://www.escritoriodearte.com/artista/sergio-ferro | https://pt.wikipedia.org/wiki/S%C3%A9rgio_Ferro;medium;Mantida a identificação completa do artista como Sérgio Ferro Pereira.;Enciclopédia Itaú Cultural;high;MAC USP;high;-25.4283563;-49.2732515;;;;;;"registro com nome expandido; atividade recente; sem óbito identificado.";;Ulan;;;high
Sérgio Fingermann;1953;;Brazil;Escola Brasil > Faculty of Architecture and Urbanism and Design, University of São Paulo (FAU-USP);-23.5505 > -23.56012;-46.6333 > -46.72985;São Paulo;;male;https://sergiofingermann.com.br/ | https://www.gov.br/museus/pt-br/museus-ibram/mnba/acesso-a-informacao/acoes-e-programas/1sergiofingermann.pdf;high;"The official website and the National Museum of Fine Arts confirm Escola Brasil and the architecture degree at FAU-USP; FAAP was removed for lack of confirmation.";Wikidata;high;MAC USP;medium;-23.5486657;-46.6382522;100.0;;;;;"site oficial recente; sem óbito identificado.";;Wikidata > Ulan;;;high
Sérgio Luís de Castro Bonson;1949;2005;Brazil;Universidade Federal de Santa Catarina (UFSC) > artistic training with Sílvio Pléticos;-27.6011 > ;-48.52 > ;Florianópolis, SC, Brazil;Florianópolis;male;Quadrinhopédia | https://museuvictormeirelles.museus.gov.br/exposicoes/temporarias/arquivo/1999-2/sergio-bonson-desenhos/;high;"graduated from Universidade Federal de Santa Catarina; artistic training with Sílvio Pléticos";MASC;high;Museu Victor Meirelles;medium;-27.5969123;-48.5495751;;-27.5969123;-48.5495751;100.0;MASC;;high;ANPUH/Udesc (artigo);;;medium
Sérgio Milliet;1898;1966;Brazil;University of Bern > Universidade de Genebra;46.9480 > 46.19899;7.4474 > 6.14446;São Paulo;São Paulo;male;fontes biográficas de referência;medium;formação em ciências sociais/letras, não em escola de arte;Wikidata;high;MAC USP;high;-23.5486657;-46.6382522;100.0;-23.5503944444;-46.6339472222;100.0;Itaú Cultural;;high;;;;
Sérgio Sister;1948;;Brazil;Fundação Armando Álvares Penteado (FAAP) > studio of Ernestina Karman;-23.5450155 >;-46.6630802 >;São Paulo, SP, Brazil;;male;https://enciclopedia.itaucultural.org.br/pessoas/1045-sergio-sister;high;;Enciclopédia Itaú Cultural;high;MAC USP;high;-23.5486657;-46.6382522;;;;;;"site/atividade recente; sem óbito identificado.";;Wikidata;;;high
Sérvulo Esmeraldo;1929;2017;Brazil;École nationale supérieure des beaux-arts;48.853997;2.333500;Crato;Fortaleza;male;https://www.guiadasartes.com.br/servulo-esmeraldo/obras-e-biografia;medium;estuda litografia em Paris> datas precisas não localizadas na fonte consultada;Wikidata;high;MAC USP;medium;-7.2370585;-39.4160774;100.0;-3.7275;-38.5275;100.0;MAC USP;;high;Wikidata;Wikidata;;high
Tadahiro Ono;1913;2001;Japan;Ritsumeikan University;35.032579;135.724041;Aomori, Aomori, Japan;Fukui;male;place_of_birth_tiered_dataset.csv;medium;dados recuperados de base auxiliar> datas não localizadas;MAC USP;high;MAC USP;high;40.822072;140.747365;;36.0640555556;136.2195833333;100.0;The National Museum of Art, Osaka;;high;Aomori Museum of Art;Aomori Museum of Art;;high
Tadashi Kaminagai;1899;1982;Japan;;;;Hiroshima;Paris;male;;;muda-se para Paris e é orientado na pintura por Tsuguharu Foujita> não foi localizada instituição formal;Wikidata;high;MAC USP;medium;34.38524389;132.45534115;100.0;48.8566666667;2.3522222222;100.0;MARGS;"fonte indica Paris, França; local normalizado para Paris.";high;Ulan;Ulan;;high
Takashi Fukushima;1950;;;studies with Luiz Paulo Baravelli > Faculty of Architecture and Urbanism and Design, University of São Paulo (FAU-USP) > Tokyo National University of Fine Arts and Music;-23.5505 > -23.56012 > 35.7198;-46.6333 > -46.72985 > 139.7138;São Paulo, SP, Brazil;;male;https://enciclopedia.itaucultural.org.br/pessoas/1994-takashi-fukushima | https://www.escritoriodearte.com/en/artista/takashi-fukushima;high;"Sources confirm studies with Luiz Paulo Baravelli, admission to FAU-USP and a later period at Tokyo’s national university of fine arts; Muso School of Fine Arts was removed.";MAC USP;high;MAC USP;high;-23.5486657;-46.6382522;;;;;;"verbete atualizado; sem óbito identificado.";;Ulan;;;high
Takuji Narumi;1983;;Japan;University of Tokyo;35.71339;139.76232;Japan;;male;The University of Tokyo;high;FILE explicita “País de Origem: Japão”> preenchido em nível de país.;FILE Festival (País de Origem);high;FILE;high;36.655226998;139.271495;100.0;;;;;"perfil institucional recente; sem óbito identificado.";;FILE (yonakani);;;medium
Tamiko Thiel;1957;;United States;Stanford University > Massachusetts Institute of Technology > Akademie der Bildenden Künste München;37.4275 > 42.359722222222224 > 48.1531959202723;-122.17 > -71.09194444444445 > 11.5803123911292;Oakland;;female;CV oficial da artista;high;;Wikidata;high;FILE;;37.804828;-122.27248;100.0;;;;;"site/atividade recente; sem óbito identificado.";;Wikidata > Ulan;;;high
Tania Aedo;;;Mexico;Escuela Superior de Artes de Yucatán > Escuela Nacional de Artes Visuales, Universidad Nacional Autónoma de México;21 > 19.353773;-89.6 > -99.13589;Mexico;;female;ZKM | FILE Festival;high;FILE explicita “País de Origem: México”> preenchido em nível de país.;FILE Festival (País de Origem);high;FILE;high;23.634501;-102.552784;;;;;;"perfil institucional recente; sem óbito identificado.";;;;;
Tarcizo;;;;;;;;;;;;identificação incompleta> não foi possível desambiguar com segurança;;;MAC USP;;;;;;;;;identidade insuficiente para desambiguação.;;;;;
Tarsila do Amaral;1886;1973;Brazil;Académie Julian > Colégio Sion;48.871111 >;2.341667 >;Capivari;São Paulo;female;site oficial Tarsila do Amaral;high;também estudou com Pedro Alexandrino, Fernand Léger, André Lhote e Albert Gleizes;Wikidata;high;MAC USP;high;-22.9993972;-47.5026334;100.0;-23.5503944444;-46.6339472222;100.0;MAC USP;;high;Wikidata > Ulan;Wikidata > Ulan;;high
Tatiana Blass;1979;2009;Brazil;São Paulo State University > Universidade Estadual Paulista Júlio de Mesquita Filho (UNESP);-22.8172 > -22.8172;-47.0694 > -47.0694;São Paulo;;female;https://pt.wikipedia.org/wiki/Tatiana_Blass;medium;;Wikidata;high;MAC USP;high;-23.5486657;-46.6382522;100.0;;;;;"site oficial recente; sem óbito identificado.";;Wikidata > Ulan;Ulan;;high
Tatsuo Arai;1905;1955;;Tokyo School of Fine Arts;35.68944444444445;139.6916666666667;Nakatsu, Oita, Japan;;male;fontes biográficas de referência;medium;instituição identificada em fontes secundárias;MAC USP;high;MAC USP;low;33.5982;131.1883;;;;;;sem fonte auditável de local de morte.;;Ulan;Ulan;;high
Tatsuoki Nambata;1905;1997;Japan;Tokyo School of Fine Arts;35.68944444444445;139.6916666666667;Asahikawa;Tokyo;male;fontes biográficas de referência;medium;instituição identificada em fontes sumárias;Wikidata;high;MAC USP;low;43.77149871;142.36532907;100.0;35.6894444444;139.6916666667;100.0;The National Museum of Art, Osaka;;high;Wikidata > Ulan;Wikidata > Ulan;;high
Teodoro Braga;1872;1953;Brazil;Académie Julian > Faculdade de Direito do Recife > Escola Nacional de Belas Artes;48.871111 > -8.0583 > -22.8625055;2.341667 > -34.8811 > -43.2256622;Belém;São Paulo;male;https://pt.wikipedia.org/wiki/Teodoro_Braga | https://obrasraras.fcp.pa.gov.br/book-author/theodoro-jose-da-silva-braga-1872-1953/ | https://fcp.pa.gov.br/galeriasfcp/pagina/209;medium;As fontes citam Jean-Paul Laurens e Benjamin Constant como mestres em Paris.;Wikidata;high;Museu Paulista;high;-1.4549817;-48.502273;100.0;-23.5503944444;-46.6339472222;100.0;Itaú Cultural;;high;Wikidata > Ulan;Wikidata > Ulan;;high
Teresa Berlinck;1962;;;Faculdade Santa Marcelina (FASM);-23.550394444444;-46.633947222222;;;female;https://teresaberlinck.com.br/curriculo/;medium;A página consultada só explicita o mestrado em Produção, Teoria e Crítica em Artes Visuais.;;;MAC USP;medium;;;;;;;;"site/CV recente; sem óbito identificado.";;Pivô;;;high
Teresa Viana;1960;;Brazil;Escola de Artes Visuais do Parque Lage;-22.9606;-43.212;Rio de Janeiro, RJ, Brazil;;female;place_of_birth_tiered_dataset.csv;medium;dados recuperados de base auxiliar> datas não localizadas;site oficial da artista;high;MAC USP;high;-22.9014475;-43.1789159;;;;;;"site oficial recente; sem óbito identificado.";;;;;
Terezinha Veloso;1936;2003;Brazil;Universidade Federal de Minas Gerais (UFMG) > Escola de Belas Artes da Universidade Federal de Minas Gerais (UFMG);-19.8690878 > -19.8690878;-43.9663841 > -43.9663841;Espinosa, MG, Brazil;Belo Horizonte;female;https://pt.wikipedia.org/wiki/Terezinha_Veloso;medium;a fonte indica que se formou em artes plásticas na EBA/UFMG;Enciclopédia Itaú Cultural;high;MAC USP;medium;-14.9249;-42.8192;;-19.9280555556;-43.9419444444;100.0;Itaú Cultural;;high;Wikidata;Wikidata;;high
Tess Adams;;;United States;Pratt Institute;40.691111;-73.963889;United States;;female;Pratt Institute | FILE Festival;high;FILE explicita “País de Origem: Estados Unidos”> preenchido em nível de país.;FILE Festival (País de Origem);high;FILE;high;39.398703156;-99.41461919;100.0;;;;;"site/biografia recente; sem óbito identificado.";;;;;
Tessa Peters;;;Netherlands;Winchester School of Art > Middlesex University;51.066 > 51.5893495;-1.309 > -0.2282466;Netherlands;;female;University of Westminster;high;FILE explicita “País de Origem: Países Baixos”> preenchido em nível de país.;FILE Festival (País de Origem);high;FILE;high;52.249375293;5.616126398;100.0;;;;;"site/biografia recente; sem óbito identificado.";;;;;
Teun Vonk;1986;;Kingdom of the Netherlands;Royal Academy of Art, The Hague (KABK);52.08161111111111;4.319166666666667;Uden;;male;Lab for the Unstable Media;medium;;Wikidata;high;FILE;;51.659797218;5.621042999;100.0;;;;;"site/biografia recente; sem óbito identificado.";;Wikidata;;;high
Thais Weiller;;;Brazil;Universidade de São Paulo (USP) > Centro Universitário de Maringá;-23.5613991 > -23.425;-46.7307891 > -51.938888888889;Brazil;;female;ORCID | site da artista;medium;FILE explicita “País de Origem: Brasil”> preenchido em nível de país.;FILE Festival (País de Origem);high;FILE;high;-10.769946429;-53.073466889;100.0;;;;;"perfil/atividade recente; sem óbito identificado.";;;;;
Theodor Werner;1886;1969;Germany;State Academy of Fine Arts Stuttgart > studio of Charles Guérin;48.7775 >;9.18 >;Itzehoe;Munich;male;https://de.wikipedia.org/wiki/Theodor_Werner_(Maler);medium;formação artística paralela à atividade como professor;Wikidata;high;MAC USP;medium;53.920549999;9.515569;100.0;48.143438999;11.573599;100.0;Stadt München;;high;Ulan;Ulan;;high
Thiago Cóser;;;Brazil;Universidade Estadual de Campinas (UNICAMP);-22.817222222222;-47.069444444444;Brazil;;male;FILE Festival;high;FILE explicita “País de Origem: Brasil”> preenchido em nível de país.;FILE Festival (País de Origem);high;FILE;high;-10.769946429;-53.073466889;100.0;;;;;"atividade profissional recente; sem óbito identificado.";;;;;
Thiago Sacramento;1981;;Brazil;Universidade Federal de Juiz de Fora > Faculdade Angel Vianna;-21.7747 > -22.9396151;-43.3683 > -43.1805362;Nova Iguaçu, Brazil;;male;FILE Festival;high;Biografia do FILE explicita nascimento em Nova Iguaçu.;FILE Festival (biografia do artista);high;FILE;high;-22.7597835;-43.45151;;;;;;"perfil FILE recente; sem óbito identificado.";;FILE Festival;;;high
Thoka Maer;1984;;Germany;Universität der Künste Berlin (UdK Berlin);52.50916666666667;13.32694444444444;Germany;;female;site pessoal da artista | Goethe-Institut;medium;FILE explicita “País de Origem: Alemanha”> preenchido em nível de país.;FILE Festival (País de Origem);high;FILE;high;51.110631049;10.392277932;100.0;;;;;"site autoral/Behance recentes; sem óbito identificado.";;Goethe-Institut;;;high
Thomas Ender;1793;1875;Austrian Empire;Akademie der bildenden Künste Wien;48.201388888889;16.365277777778;Vienna;Vienna;male;https://en.wikipedia.org/wiki/Thomas_Ender | https://enciclopedia.itaucultural.org.br/pessoas/3910-thomas-ender;medium;As fontes citam estudo com Hubert Maurer, Laurenz Janscha e Joseph Mössmer.;Wikidata;high;MASP;high;48.2092062;16.3727778;100.0;48.2092062;16.3727778;100.0;Wikipedia;"fontes adicionadas em auditoria; coordenadas auditadas para a cidade.";medium;Ulan;Ulan;;high
Thomas Gainsborough;1727;1788;United Kingdom;Sudbury Grammar School > St Martin's Lane Academy > studies with Hubert Gravelot and Francis Hayman;52.0417 > 51.5117 >;0.7300 > -0.127333 >;Sudbury;London;male;https://en.wikipedia.org/wiki/Thomas_Gainsborough | https://www.britannica.com/biography/Thomas-Gainsborough;high;;Wikidata;high;MASP;high;52.039223856;0.731878053;100.0;51.50722;-0.1275;100.0;National Galleries of Scotland;"fontes adicionadas em auditoria; coordenadas auditadas para a cidade.";high;;;;
Thomas Lawrence;1769;1830;United Kingdom of Great Britain and Ireland;Royal Academy of Arts > artistic training largely self-taught, with guidance from his father;51.507222222222 > ;-0.1275 > ;Bristol;London;male;https://en.wikipedia.org/wiki/Thomas_Lawrence;medium;As fontes não sustentam escola formal clara> mantido como autodidata/orientação familiar.;Wikidata;high;MASP;low;51.453132471;-2.600983373;100.0;51.50722;-0.1275;100.0;Wikipedia;"fontes adicionadas em auditoria; coordenadas auditadas para a cidade.";medium;;;;
Thomas Lyde Hornbrook;1780;1850;Kingdom of Great Britain;British military training and topographic drawing practice;;;;;male;https://www.brasilianaiconografica.art.br/autores/20146/thomas-lyde-hornbrook;medium;A fonte aberta consultada não nomeia instituição específica.;;;Coleção Brasiliana Itaú;low;;;;;;;;óbito localizado, mas local de morte não confirmado com fonte robusta.;;Ulan;Ulan;;high
Thy Nguyen;;;United Kingdom;Bournemouth University;50.7432;-1.8969;United Kingdom;;female;FILE Festival;high;FILE explicita “País de Origem: Reino Unido”> preenchido em nível de país.;FILE Festival (País de Origem);high;FILE;high;53.408386605;-1.969559544;100.0;;;;;"perfil/atividade recente; sem óbito identificado.";;;;;
Tikashi Fukushima;1920;2001;Japan;apprenticeship/assistance with Tadashi Kaminagai;-22.8625055;-43.2256622;Sōma-shi;São Paulo;male;Enciclopédia Itaú Cultural;high;instituição formal não localizada com segurança nesta passada;Wikidata;high;MAC USP;medium;37.79733207;140.91896953;100.0;-23.5503944444;-46.6339472222;100.0;Enciclopédia Itaú Cultural;"fontes adicionadas em auditoria; coordenadas auditadas para o município de São Paulo.";high;Wikidata > Ulan;Wikidata > Ulan;;high
Timothy Weaver;1954;2026;United States;University of Colorado Boulder > Purdue University;40.006666666667 > 40.425;-105.26722222222 > -86.92305555555555;United States;;male;University of Denver;high;FILE explicita “País de Origem: Estados Unidos”> preenchido em nível de país.;FILE Festival (País de Origem);high;FILE;high;39.398703156;-99.41461919;100.0;;;;;óbito confirmado em fonte institucional, mas local de morte não explicitado.;;In Memoriam Services;University of Denver | In Memoriam Services;;medium
Titian;;1576;Republic of Venice;apprenticeship with Sebastiano Zuccato > workshop of Gentile Bellini > workshop of Giovanni Bellini;>  >;>  >;Pieve di Cadore;Venice;male;https://www.britannica.com/biography/Titian | https://en.wikipedia.org/wiki/Titian;high;Formação descrita por mestres e oficinas venezianas.;Wikidata;high;MASP;high;46.4285225;12.3740656;100.0;45.434608;12.338913;100.0;Wikipedia;"fontes adicionadas em auditoria; coordenadas auditadas para a cidade.";medium;;;"ano de nascimento disputado em fontes de referência; não preenchido";
Tivon Rice;1978;;Netherlands;University of Colorado Boulder > University of Washington;40.006666666667 > 47.65416666666667;-105.26722222222 > -122.30805555555555;;;male;DXARTS | Artist Trust;medium;local de nascimento não localizado em fonte auditável;;;FILE;;;;;;;;;"perfil universitário recente; sem óbito identificado.";;BEK;;;medium
Tom Morris;;;;;;;;;male;;;local de nascimento não localizado em fonte auditável;;;FILE;;;;;;;;;homônimo não desambiguado com segurança.;;;;;
Tomek Jarolim;1983;;France;École supérieure d'art d'Aix-en-Provence > School of the Art Institute of Chicago (SAIC);43.5307 > 41.879444444444;5.44105 > -87.623888888889;Aix-en-Provence;;male;FILE Festival;high;;Wikidata;high;FILE;;43.529850239;5.447376271;100.0;;;;;"site/biografia recente; sem óbito identificado.";;;;;
Tomie Ohtake;1913;2015;Brazil;Doshisha University > studies with Keisuke Sugano;35.029737 >;135.760725 >;Kyoto;São Paulo;female;https://pt.wikipedia.org/wiki/Tomie_Ohtake;medium;formação localizada por mestre/ateliê, sem instituição formal identificada;Wikidata;high;MAC USP;medium;35.01169705;135.76816161;100.0;-23.5503944444;-46.6339472222;100.0;Universidade de São Paulo / IEA;"fontes adicionadas em auditoria; coordenadas auditadas para o município de São Paulo.";high;Wikidata > Ulan;Wikidata > Ulan;;high
Tommaso Minardi;1787;1871;Kingdom of Italy;Giuseppe Zauli's drawing school > studies in Rome funded by the Congregation of San Gregorio; > 41.893055555556; > 12.482777777778;Faenza;Rome;male;https://www.carlovirgilio.it/autore/tommaso-minardi-1787-1871/ | https://artsandculture.google.com/story/tommaso-minardi-l-album-degli-apostoli-national-academy-of-san-luca/lwXR6d-lwFY8Ig?hl=en;high;"in 1810 he won a competition held by the Accademia di Belle Arti di Bologna and later taught at the Accademia di San Luca; these institutions were not treated as direct academic training";Wikidata;high;Museu Victor Meirelles;medium;44.2853477;11.8829895;100.0;41.8930555556;12.4827777778;100.0;Spencer Museum of Art;"fontes adicionadas em auditoria; coordenadas auditadas para a cidade.";high;Wikidata > Ulan;Wikidata > Ulan;;high
Tommy Becker;;;United States;San Francisco Art Institute > California College of the Arts;37.8035 > 37.8359;-122.417 > -122.25;United States;;male;FILE Festival | Canyon Cinema;high;FILE explicita “País de Origem: Estados Unidos”> preenchido em nível de país.;FILE Festival (País de Origem);high;FILE;high;39.398703156;-99.41461919;100.0;;;;;"site oficial/FILE recentes; sem óbito identificado.";;;;;
Tomoshige Kusuno;1935;;;Tokyo School of Fine Arts;35.68944444444445;139.6916666666667;Yūbari, Hokkaido, Japan;;male;fontes biográficas de referência;medium;instituição identificada em fontes secundárias;MAC USP;high;MAC USP;low;43.03707;141.95718;;;;;;"verbete institucional recente; sem óbito identificado.";;Ulan;;;high
Toni Mitjanit;1977;;Spain;Universitat de les Illes Balears > Universitat Oberta de Catalunya > Escola Superior de Disseny de Palma;39.63805555555555 > 41.406594 > 39.57730555555555;2.648055555555556 > 2.194429 > 2.645638888888889;Manacor, Spain;;male;Technarte | FILE Festival;high;;FILE Festival (biografia do artista);high;FILE;high;39.569637;3.209618;;;;;;"perfil/atividade recente; sem óbito identificado.";;FILE Festival;;;high
Traugott Spiess;1919;2007;Switzerland;studies with Johannes Itten;;;;;male;https://www.espacel.net/maill-seau/;medium;Fonte consultada identifica apenas formação com Johannes Itten, sem instituição explicitada.;;;MAC USP;low;;;;;;;;data de óbito localizada, mas local de morte não confirmado.;;Wikidata > Ulan;Wikidata;;high
Tuneu;1920;;;studies with Tarsila do Amaral;-23.5505;-46.6333;São Paulo, SP, Brazil;;male;https://raquelarnaud.com/artistas/tuneu-2/ | https://enciclopedia.itaucultural.org.br/pessoas/2665-tuneu;high;"The gallery and Itaú Cultural Encyclopedia confirm studies with Tarsila do Amaral; FAAP was removed for lack of confirmation.";Centro Cultural UFG;high;MAC USP;medium;-23.5486657;-46.6382522;;;;;;"site/biografia recente; sem óbito identificado.";;Ulan;;;high
Tzu-Hsin (Cindy) Yang;;;Taiwan;Taipei National University of the Arts > California Institute of the Arts (CalArts);25.13406 > 34.393055555556;121.47038 > -118.56694444444;Taichung;;female;FILE Festival | site da artista;high;;Wikidata;high;FILE;;24.1634888;120.6467399;100.0;;;;;"perfil/atividade recente; sem óbito identificado.";;;;;
Tânia Rodrigues;;;Brazil;Faculdade de Ciências Humanas e Sociais da Universidade do Algarve;37.0224;-7.92764;Brazil;;female;ORCID | Ciência Iscte;medium;FILE explicita “País de Origem: Brasil”> preenchido em nível de país.;FILE Festival (País de Origem);high;FILE;high;-10.769946429;-53.073466889;100.0;;;;;"perfil acadêmico recente; sem óbito identificado.";;;;;
Ubirajara Ribeiro;1930;2002;Brazil;Universidade Presbiteriana Mackenzie > free course in printmaking at Escola de Belas Artes da Universidade da Bahia > studies with Vicente Mecozzi, Pedro Corona, João Rossi and Waldemar da Costa;-23.547 > -12.9928637 >;-46.652 > -38.5205973 >;São Paulo, SP, Brazil;São Paulo;male;https://www.escritoriodearte.com/artista/ubirajara-ribeiro | https://www.glatt.com.br/artistas/ubirajara-ribeiro> https://www.escritoriodearte.com/artista/ubirajara-ribeiro | https://www.glatt.com.br/artistas/ubirajara-ribeiro | https://fvcb.com.br/acervo/artista/ubirajara-ribeiro/;low;A formação combina estudos com artistas, graduação em arquitetura e curso livre de gravura.;Fundação Vera Chaves Barcellos;high;MAC USP;high;-23.5486657;-46.6382522;;-23.5503944444;-46.6339472222;100.0;MAC USP;;high;;;;
Ulpiano Checa;1860;1916;Spain;Real Academia de Bellas Artes de San Fernando > Escuela de Bellas Artes y Oficios > Academia Española de Bellas Artes de Roma;40.4178 > 40.4178 > 41.893055555556;-3.7007 > -3.7007 > 12.482777777778;Colmenar de Oreja;Dax;male;https://es.wikipedia.org/wiki/Ulpiano_Checa | https://museoulpianocheca.com/ulpiano-checa-pintor.html;medium;;Wikidata;high;Museu Histórico Nacional;high;40.107583;-3.387693;100.0;43.7069444444;-1.0513888889;100.0;Wikipedia;"fontes adicionadas em auditoria; coordenadas auditadas para a comuna de Dax.";medium;Ulan;Ulan;;high
Ulrich Steffen;;;Switzerland;German technical and artistic training;;;;;male;https://www.wikidata.org/wiki/Q24989942;high;Sem documentação aberta suficiente para detalhar instituição e datas nesta rodada.;;;Museu Histórico Nacional;low;;;;;;;;trajetória localizada, mas local de morte não confirmado com segurança.;;;;;
Umberto Lilloni;1898;1980;Italy;Accademia di Belle Arti di Brera > Società Umanitaria;45.47222222 > 45.47222222;9.18888889 > 9.18888889;Milan;Milan;male;https://www.treccani.it/enciclopedia/umberto-lilloni_(Dizionario-Biografico)/;high;interrompe os estudos em 1917 para servir na guerra;Wikidata;high;MAC USP;high;45.4636183;9.1881156;100.0;45.4636183;9.1881156;100.0;Wikidata;;high;Wikidata > Ulan;Wikidata > Ulan;;high
unknown;;;;;;;;;;;;creator registrado como 'unknown';;;Museu Paulista;;;;;;;;;"autoria indicada como unknown; sem identificação biográfica auditável.";;;;;
Uwe Heine Debrodt;;;Mexico;Facultad de Química, Universidad Nacional Autónoma de México;19.33191;-99.18193;Mexico;;male;Miami New Media Festival;high;FILE explicita “País de Origem: México”> preenchido em nível de país.;FILE Festival (País de Origem);high;FILE;high;23.634501;-102.552784;;;;;;"perfil/atividade recente; sem óbito identificado.";;;;;
V. F. Leite;;;;;;;;;;;;;;;Museu Histórico Nacional;;;;;;;;;"assinatura abreviada; identidade não desambiguada com segurança.";;;;;
Vadinho Santa Rosa (atribuído);;;;;;;;;;;;autoria atribuída/incerta> formação não localizada com segurança;;;Museu de Arte Religiosa e Tradicional;;;;;;;;;"registro em atribuição; identidade não confirmada para preenchimento do óbito.";;;;;
Valdeir Maciel;1937;2001;;;;;Bacabal, MA, Brazil;São Paulo;male;;;Também grafado Valdir/Waldeir em fontes secundárias.;Museu de Arte do Parlamento de São Paulo;high;MAC USP;high;-4.2249;-44.7832;;-23.5503944444;-46.6339472222;100.0;Museu de Arte do Parlamento de São Paulo;;high;Museu de Arte do Parlamento;Museu de Arte do Parlamento;;high
Valentina Besegher;1976;;Italy;;;;Italy;;female;;;FILE explicita “País de Origem: Itália”> preenchido em nível de país.;FILE Festival (País de Origem);high;FILE;high;42.83333;12.83333;100.0;;;;;"site/biografia recente; sem óbito identificado.";;;;;
Valerie LeBlanc;1950;;Canada;Alberta College of Art and Design > School of the Art Institute of Chicago (SAIC) > University of Sydney;51.062 > 41.879444444444 > -33.8886;-114.091 > -87.623888888889 > 151.1873;Halifax, Nova Scotia, Canada;;female;site da artista | Vtape;medium;;site oficial / FILE Festival;high;FILE;;44.648881;-63.575312;100.0;;;;;"site/biografia recente; sem óbito identificado.";;National Gallery of Canada;;;high
Valério Vieira;1862;1941;Brazil;Academia Imperial de Belas Artes;-22.9071;-43.1829;Angra dos Reis, RJ, Brazil;São Paulo;male;https://enciclopedia.itaucultural.org.br/pessoas/6241-valerio-vieira | https://pt.wikipedia.org/wiki/Val%C3%A9rio_Vieira> https://enciclopedia.itaucultural.org.br/pessoas/6241-valerio-vieira;medium;;Enciclopédia Itaú Cultural;high;Museu Paulista;high;-23.0067;-44.3181;;-23.5503944444;-46.6339472222;100.0;Enciclopédia Itaú Cultural;;high;Ulan;Ulan;;high
Veneta Androva;1985;;Bulgaria;weißensee kunsthochschule berlin > Humboldt-Universität zu Berlin > Bezalel Academy of Arts and Design;52.5581 > 52.518055555555556 > 31.781166666666667;13.4393 > 13.393333333333333 > 35.22361111111111;Sofia, Bulgaria;;female;site da artista;medium;;FILE Festival (biografia do artista);high;FILE;high;42.6964917;23.3260106;100.0;;;;;"site/biografia recente; sem óbito identificado.";;FILE Festival;;;high
Vera Sebert;1987;;Germany;University of Fine Arts Braunschweig > Akademie der bildenden Künste Wien;52.2575 > 48.201388888889;10.50166667 > 16.365277777778;Freiburg im Breisgau, Germany;;female;esc medien kunst labor;high;;Arts Foundation BW;high;FILE;;47.994785999;7.849876999;100.0;;;;;"site/biografia recente; sem óbito identificado.";;FILE Festival;;;high
Veronika Obertová;;;Slovakia;Academy of Fine Arts and Design in Bratislava;48.1416;17.1072;Bratislava, Slovakia;;female;Animafest;high;Biografia a apresenta como artista de Bratislava> usado com baixa.;FILE Festival (biografia do artista);high;FILE;low;48.151699;17.109306;;;;;;"site/biografia recente; sem óbito identificado.";;;;;
Vicente do Rego Monteiro;1899;1970;Brazil;Académie Julian > Escola Nacional de Belas Artes;48.871111 > -22.8625055;2.341667 > -43.2256622;Recife;Recife;male;Wikipédia;medium;fontes secundárias mencionam também Académie Colarossi e Académie de la Grande Chaumière;Wikidata;high;MAC USP;medium;-8.0551894;-34.871176;100.0;-8.0538888889;-34.8808333333;100.0;Enciclopédia Itaú Cultural;"fontes adicionadas em auditoria; coordenadas auditadas para a cidade.";high;Wikidata > Ulan;Wikidata > Ulan;;high
Vicente José de Micolta (atribuição);;;;;;;;;;;;autoria atribuída/incerta> formação não localizada com segurança;;;Museu da Inconfidência;;;;;;;;;"registro em atribuição; identidade não confirmada para preenchimento do óbito.";;;;;
Vicente Mallio;1832;1892;Portugal;;;;Açores;Rio de Janeiro;male;;;;https://artsandculture.google.com/asset/princess-isabel-vicente-pereira-mallio/BwFJuAoL835ITw?hl=pt;high;Museu Histórico Nacional;;37.74058;-25.67282;100.0;-22.9014475;-43.1789159;100.0;https://artsandculture.google.com/asset/princess-isabel-vicente-pereira-mallio/BwFJuAoL835ITw?hl=pt;;high;https://artsandculture.google.com/asset/princess-isabel-vicente-pereira-mallio/BwFJuAoL835ITw?hl=pt;https://artsandculture.google.com/asset/princess-isabel-vicente-pereira-mallio/BwFJuAoL835ITw?hl=pt;;high
Victor Barrat;;;;French artistic training;;;;;male;https://www.brasilianaiconografica.art.br/;medium;Registro prudente por carência de detalhe aberto.;;;Coleção Brasiliana Itaú;low;;;;;;;;identidade insuficiente para localizar óbito com segurança.;;;;;
Victor Brecheret;1894;1955;Brazil;Liceu de Artes e Ofícios de São Paulo > training with Arturo Dazzi;-23.5331446 >;-46.6267577 >;Farnese;São Paulo;male;https://enciclopedia.itaucultural.org.br/pessoas/522-victor-brecheret> https://pt.wikipedia.org/wiki/Victor_Brecheret;medium;;Wikidata;high;MAC USP;medium;42.5504814;11.7267407;100.0;-23.5503944444;-46.6339472222;100.0;Wikipedia;"fontes adicionadas em auditoria; coordenadas auditadas para o município de São Paulo.";medium;Wikidata > Ulan;Wikidata > Ulan;;high
Victor Meirelles;1832;1903;Brazil;Academia Imperial de Belas Artes > École Supérieure des Beaux-Arts de Paris;-22.9071 > 48.856386;-43.1829 > 2.335657;Florianópolis;Rio de Janeiro;male;https://enciclopedia.itaucultural.org.br/pessoas/2176-victor-meirelles;high;;Wikidata;high;Museu Nacional de Belas Artes;medium;-27.5969123;-48.5495751;100.0;-22.9014475;-43.1789159;100.0;Enciclopédia Itaú Cultural;"fontes adicionadas em auditoria; coordenadas auditadas para a cidade.";high;Ulan;Ulan;;high
Victor Meirelles de Lima;1832;1903;Brazil;Academia Imperial de Belas Artes > École Supérieure des Beaux-Arts de Paris;-22.9071 > 48.856386;-43.1829 > 2.335657;Florianópolis;Rio de Janeiro;male;https://enciclopedia.itaucultural.org.br/pessoas/2176-victor-meirelles;high;;Wikidata;high;Museu Nacional de Belas Artes;medium;-27.5969123;-48.5495751;100.0;-22.9014475;-43.1789159;100.0;Enciclopédia Itaú Cultural;"fontes adicionadas em auditoria; coordenadas auditadas para a cidade.";high;Wikidata > Ulan;Wikidata > Ulan;;high
Victor Pinto;;;;;;;;;;;;"The biographical identity could not be reliably disambiguated; the education at the Escola Nacional de Belas Artes was not confirmed.";;;Museu da Inconfidência;low;;;;;;;;identidade insuficiente para localizar óbito com segurança.;;;;;
Victor Ribeiro;;;;Ar.Co;41.15;-8.610833333333334;Porto, Portugal;;male;https://www.fundacaoplmj.com/pt/colecao/artistas/vitor-ribeiro/1017/ | https://dev.cps.pt/pt/artistas/vitor-ribeiro;high;A base usa Victor Ribeiro> as fontes consultadas usam Vitor Ribeiro.;Clube Português de Artes e Ideias (CPS);medium;MAC USP;high;41.1501526;-8.610318;;;;;;"perfil/atividade recente; sem óbito identificado.";;;;;
Victor Vasarely;1906;1997;Hungary;Eötvös Loránd University > University of Budapest > Podolini-Volkmann Academy > Muhely;47.4906 > 47.498333333333 > 47.498333333333 > 47.498333333333;19.0585 > 19.040833333333 > 19.040833333333 > 19.040833333333;Pécs;16th arrondissement of Paris;male;https://www.fondationvasarely.org/architectonic-center/victor-vasarely/> https://www.fairheadfineart.com/biographies/victor-vasarely;medium;Muhely é frequentemente descrita como a Bauhaus de Budapeste.;Wikidata;high;MAC USP;medium;46.0713012;18.2331371;100.0;48.86361;2.27639;100.0;Wikipedia;"fontes adicionadas em auditoria; coordenadas auditadas para o arrondissement.";medium;Ulan;Ulan;;high
Vienot et Morissete;;;;;;;;;;;;;;;Museu Histórico Nacional;;;;;;;;;"entrada não individual/não desambiguada; sem preenchimento do óbito.";;;;;
Vilma Pasqualini;1930;2012;;Escuela Nacional de Bellas Artes;14.09871944444444;-87.20715833333334;Rio de Janeiro, RJ, Brazil;Rio de Janeiro;female;fontes biográficas de referência;medium;instituição identificada> datas não localizadas com precisão;MAC USP;high;MAC USP;low;-22.9014475;-43.1789159;;-22.9111111111;-43.2055555556;100.0;Enciclopédia Itaú Cultural;;high;Enciclopédia Itaú Cultural;Enciclopédia Itaú Cultural;;high
Vilma Teresa Rodrigues de Carvalho;;;Brazil;Brazilian artistic training;;;;;female;https://www.catalogodasartes.com.br/;medium;Não localizei escola formal aberta confiável nesta rodada.;;;Museu Histórico Nacional;low;;;;;;;;sem fonte auditável de local de morte.;;;;;
Vincent Gallut;;;France;;;;France;;male;;;FILE explicita “País de Origem: França”> preenchido em nível de país.;FILE Festival (País de Origem);high;FILE;high;46.559417044;2.550539953;100.0;;;;;"site/biografia recente; sem óbito identificado.";;;;;
Vincent Houzé;;;France;;;;France;;male;;;FILE explicita “País de Origem: França”> preenchido em nível de país.;FILE Festival (País de Origem);high;FILE;high;46.559417044;2.550539953;100.0;;;;;"site/biografia recente; sem óbito identificado.";;;;;
Vincent van Gogh;1853;1890;Kingdom of the Netherlands;Royal Academy of Fine Arts Antwerp > Fernand Cormon’s studio;51.2234 > 48.8567;4.4069 > 2.3522;Zundert;Auvers-sur-Oise;male;https://www.vangoghmuseum.nl/en/art-and-stories/vincent-van-gogh-faq/where-did-vincent-van-gogh-study-art;high;"The Van Gogh Museum confirms studies at the Antwerp academy and Fernand Cormon’s studio in Paris; the missing coordinate pair for Paris was added.";Wikidata;high;MASP;high;51.470497894;4.659364233;100.0;49.0716666667;2.1741666667;100.0;Wikipedia;"fontes adicionadas em auditoria; coordenadas auditadas para a comuna.";medium;;;;
Vincenzo Lodigiani;;;Italy;;;;;Rome;male;;;local de nascimento não localizado em fonte auditável;;;FILE;;;;;41.8930555556;12.4827777778;100.0;Wikipedia (it);;medium;;;;
Virgilio Guidi;1891;1984;Italy;Scuola Libera di Pittura > Accademia di Belle Arti di Roma;41.9075 > 41.9075;12.4756 > 12.4756;Rome;Venice;male;https://en.wikipedia.org/wiki/Virgilio_Guidi;medium;Fontes apontam formação inicial na escola livre de pintura e continuidade dos estudos na Academia de Belas Artes de Roma.;Wikidata;high;MAC USP;medium;41.8905568;12.4942679;100.0;45.434608;12.338913;100.0;MAC USP;"fontes adicionadas em auditoria; coordenadas auditadas para a cidade.";high;Wikidata > Ulan;Wikidata > Ulan;;high
Virgílio Lopes Rodrigues;1863;1944;Brazil;colônia agrícola Frei Caneca, dirigida por religiosos > tentativa de matrícula no Colégio Militar;-8.8027777777778 >;-35.828888888889 >;;;male;https://www.guiadasartes.com.br/virgilio-lopes-rodrigues/resumo | https://www.saladearte.com.br/virgilio-lopes-rodrigues> https://www.guiadasartes.com.br/virgilio-lopes-rodrigues/resumo;medium;O dado recuperado refere-se à educação geral/documentada> as fontes consultadas não sustentam formação artística formal posterior.;;;Museu Histórico Nacional;low;;;;;;;;óbito datado em fontes secundárias, mas local de morte não confirmado.;;Wikidata;Wikidata;;high
Virgílio Maurício;1892;1937;Brazil;artistic training with Rosalvo Ribeiro > attendance at several studios in Paris; > 48.85666666666667; > 2.352222222222222;Lagoa da Canoa;Belo Horizonte;male;https://pt.wikipedia.org/wiki/Virg%C3%ADlio_Maur%C3%ADcio | https://wp.historiadealagoas.com.br/virgilio-mauricio-genial-e-polemico.html;medium;A fonte indica que era estudante de medicina e que frequentou ateliês na França> sem instituição única identificada.;Wikidata;high;Pinacoteca de São Paulo;medium;-9.8292288;-36.7373101;100.0;-19.9280555556;-43.9419444444;100.0;Wikipedia;"fontes adicionadas em auditoria; coordenadas auditadas para a cidade.";medium;Ulan;Ulan;;high
Vittorio Gobbis;1894;1968;Brazil;Accademia di Belle Arti di Venezia;45.4286;12.3305;Motta di Livenza, Italy;São Paulo;male;fontes biográficas de referência;medium;"instituição identificada> datas não localizadas com precisão; fontes biográficas convergem para a localidade, com variação de grafia do topônimo";"Enciclopédia Itaú Cultural; Escritório de Arte";high;MAC USP;medium;45.7756;12.6047;;-23.5503944444;-46.6339472222;100.0;MAC USP;;high;Wikidata > Ulan;Wikidata > Ulan;;high
Vj Iluminous (Manolo Fraga);;;Brazil;Universidade Federal do Paraná;-25.428888888889;-49.2675;Rio de Janeiro, Brazil;;male;FILE Festival;high;Biografia o qualifica como “carioca”> usado com baixa.;FILE Festival (biografia do artista);high;FILE;low;-22.9014475;-43.1789159;;;;;;"perfil/atividade recente; sem óbito identificado.";;;;;
Vladimir Leschiov;1970;;Latvia;J. Rosenthal Riga Art School > Konstfack University of Arts, Crafts and Design;56.9475 > 59.29861111;24.106944444444 > 17.99583333;Daugavpils;;male;FILE Festival | Animation World Network;high;;Wikidata;high;FILE;;55.874818283;26.536061783;100.0;;;;;"perfil institucional recente; sem óbito identificado.";;Wikidata;;;high
Vânia Mignone;1967;;;Universidade Estadual de Campinas (UNICAMP) > Pontifícia Universidade Católica de Campinas (PUC-Campinas);-22.817222222222 > -22.8346;-47.069444444444 > -47.0476;Campinas, SP, Brazil;;female;https://www.guiadasartes.com.br/vania-mignone/obras-e-biografia;low;A fonte informa Artes Plásticas na UNICAMP e Publicidade na PUC-Campinas.;Enciclopédia Itaú Cultural;high;MAC USP;high;-22.9073702;-47.0628996;;;;;;"site/biografia recente; sem óbito identificado.";;;;;
Waichi Tsutaka;1911;1995;Japan;Nakanoshima Yōga Kenkyūjo;34.69389;135.50222;Naniwa-ku;Nishinomiya;male;https://en.wikipedia.org/wiki/Waichi_Tsutaka;medium;escola privada de pintura ocidental;Wikidata;high;MAC USP;medium;34.6594048;135.49954261;100.0;34.737607;135.34172987;100.0;Art Platform Japan;"MAC USP indica Kobe; Art Platform Japan indica Nishinomiya; mantido Nishinomiya por fonte de autoridade japonesa.";medium;Wikidata > Ulan;Wikidata > Ulan;;high
Waldemar Cordeiro;1925;1973;Italy;Liceo Tasso > Accademia di Belle Arti di Roma;41.91 > 41.9075;12.49583333 > 12.4756;Rome;São Paulo;male;https://pt.wikipedia.org/wiki/Waldemar_Cordeiro;medium;formação artística identificada> datas precisas não localizadas;Wikidata;high;MAC USP;medium;41.8905568;12.4942679;100.0;-23.5503944444;-46.6339472222;100.0;Arquivo Waldemar Cordeiro / ARQ;"fontes adicionadas em auditoria; coordenadas auditadas para o município de São Paulo.";high;Ulan;Ulan;;high
Walter Jonas;1910;1979;Switzerland;Reimannsche Kunstschule, Berlin;;;Oberursel (Taunus);Zurich;male;https://www.walterjonas.ch/walter-jonas---english/biography/index.php;high;instituição identificada> datas não localizadas com precisão;https://www.walterjonas.ch/walter-jonas---english/biography/index.php;high;MAC USP;medium;50.200587999;8.582282;100.0;47.3744444444;8.5411111111;100.0;https://www.walterjonas.ch/walter-jonas---english/biography/index.php;"fontes adicionadas em auditoria; coordenadas auditadas para a cidade.";high;https://www.walterjonas.ch/walter-jonas---english/biography/index.php;https://www.walterjonas.ch/walter-jonas---english/biography/index.php;;high
Walter Lewy;1905;1995;Brazil;Escola de Artes e Ofícios de Dortmund;51.513888888889;7.4652777777778;Bad Oldesloe;São Paulo;male;https://pt.wikipedia.org/wiki/Walter_Lewy;medium;;Wikidata;high;MAC USP;high;53.810045999;10.373196001;100.0;-23.5503944444;-46.6339472222;100.0;Enciclopédia Itaú Cultural;"fontes adicionadas em auditoria; coordenadas auditadas para o município de São Paulo.";high;Ulan;Ulan;;high
Wani Soruku;;;;;;;;;male;;;formação não localizada com segurança> fonte usa variante Soroku Wani;;;MAC USP;;;;;;;;;trajetória localizada, mas local de óbito não confirmado com segurança.;;;;"possível variante de nome para Soroku Wani; dado não preenchido por cautela";
Wassily Kandinsky;1866;1944;Russian Empire;Akademie der Bildenden Künste München > Universidade de Moscou > escola particular de Anton Ažbe;48.1531959202723 > 55.7025 > 48.153196;11.5803123911292 > 37.530555555556 > 11.580312;Moscow;Neuilly-sur-Seine;male;https://www.wassily-kandinsky.org/Biography.jsp> https://municharttogo.zikg.eu/items/show/141> https://www.tate.org.uk/art/artists/wassily-kandinsky-1382;high;;Wikidata;high;MAC USP;high;55.7565408;37.6149202;100.0;48.884828024;2.269704778;100.0;Wikipedia;"fontes adicionadas em auditoria; coordenadas auditadas para a comuna.";medium;;;;
Wayne Kirby;1946;;United States;Juilliard School > Yale University > New York University (NYU);40.773871 > 41.311111111111 > 40.729591;-73.983178 > -72.926666666667 > -73.996895;United States;;male;site pessoal | FILE Festival;high;FILE explicita “País de Origem: Estados Unidos”> preenchido em nível de país.;FILE Festival (País de Origem);high;FILE;high;39.398703156;-99.41461919;100.0;;;;;"perfil/atividade recente; sem óbito identificado.";;site oficial do artista;;;high
Wega Nery;1912;2007;Brazil;Escola de Belas Artes de São Paulo > Atelier-Abstração de Samson Flexor;-23.56111111111111 >;-46.65583333333333 >;Corumbá;Guarujá;female;https://www.guiadasartes.com.br/wega-nery-gomes-pinto/obras-e-biografia;medium;;Wikidata;high;MAC USP;medium;-19.0095613;-57.6524928;100.0;-23.9936111111;-46.2563888889;100.0;Guia das Artes / Instituto Wega Nery;"fontes adicionadas em auditoria; coordenadas auditadas para o município.";medium;Wikidata > Ulan;Wikidata > Ulan;;high
Wesley Duke Lee;1931;2010;Brazil;Académie de la Grande Chaumière > curso de desenho livre do MASP > Parsons School of Design > American Institute of Graphic Arts;48.842342 > -23.56111111111111 > 40.735357 > 40.71277777777778;2.330848 > -46.65583333333333 > -73.994533 > -74.00611111111111;São Paulo;São Paulo;male;https://wesleydukelee.com.br/o-artista/;high;formação em Paris identificada sem data precisa localizada;Wikidata;high;MAC USP;medium;-23.5486657;-46.6382522;100.0;-23.5503944444;-46.6339472222;100.0;MAC USP;"fontes adicionadas em auditoria; coordenadas auditadas para o município de São Paulo.";high;Wikidata > Ulan;Wikidata;;high
Whanki Kim;1913;1974;South Korea;Nihon University > Avant-Garde Western Painting Institute;35.691 > 35.691;139.73760833 > 139.73760833;Zenra-nan Province;New York;male;https://en.wikipedia.org/wiki/Whanki_Kim;medium;ingressa no programa de artes da Nihon University e, no segundo ano, junta-se ao instituto de pintura de vanguarda;Wikidata;high;MAC USP;medium;38.05511004;140.1483323;87.11;40.7127777778;-74.0061111111;100.0;Wikipedia;"fontes adicionadas em auditoria; coordenadas auditadas para a cidade.";medium;Wikidata > Ulan;Wikidata > Ulan;;high
Will Luers;;;United States;Columbia University > University of Pennsylvania;40.8075 > 39.95388888888889;-73.961944444444 > -75.19305555555556;United States;;male;CV do artista;medium;FILE explicita “País de Origem: Estados Unidos”> preenchido em nível de país.;FILE Festival (País de Origem);high;FILE;high;39.398703156;-99.41461919;100.0;;;;;"perfil universitário recente; sem óbito identificado.";;;;;
Willem Roelofs;1822;1897;Kingdom of the Netherlands;Koninklijke Academie van Beeldende Kunsten, Den Haag > studio of Hendrik van de Sande Bakhuyzen;52.08161111111111 >;4.319166666666667 >;Amsterdam;Berchem;male;https://en.wikipedia.org/wiki/Willem_Roelofs | https://alazraki.com/artworks/artists/roelofs-willem/;medium;A fonte também registra aulas anteriores com Abraham Hendrik Winter.;Wikidata;high;Pinacoteca de São Paulo;high;52.361524688;4.890870311;100.0;51.1930555556;4.4211111111;100.0;Wikipedia;"fontes adicionadas em auditoria; coordenadas auditadas para o distrito.";medium;;;;
Willi Baumeister;1889;1955;Germany;Friedrich-Eugens-Gymnasium Stuttgart > Königlich Württembergische Akademie / Stuttgart Art Academy > classe de Adolf Hölzel na Stuttgart Art Academy;48.7775 > 48.8002 > 48.8002;9.18 > 9.1743 > 9.1743;Stuttgart;Stuttgart;male;https://en.wikipedia.org/wiki/Willi_Baumeister;medium;A biografia explicita estudos na academia de Stuttgart e, depois, na classe de composição de Adolf Hölzel.;Wikidata;high;MAC USP;high;48.775816999;9.177734;100.0;48.775816999;9.177734;100.0;Willi Baumeister Foundation;"fontes adicionadas em auditoria; coordenadas auditadas para a cidade.";high;Ulan;Ulan;;high
William A. Brown;;;United States;University of Florida > Emory University;29.6475 > 33.791111111111;-82.345 > -84.323333333333;;;male;https://cocaproject.art/artists/william-brown/ | https://vimeo.com/williamabrownvideoart;medium;local de nascimento não localizado em fonte auditável;;;FILE;;;;;;;;;"site/atividade recente; sem óbito identificado.";;;;;
William Gore Ouseley;1797;1866;United Kingdom;Trinity College Dublin;53.3444;-6.2577;London, England;London;male;https://en.wikipedia.org/wiki/William_Gore_Ouseley;medium;A fonte aberta documenta formação universitária, não artística.;historia-brasil.com;medium;Pinacoteca de São Paulo;high;51.507446;-0.127765;;51.5072222222;-0.1275;100.0;Wikidata;;high;Ulan;Ulan;;high
William Loew;;;France;;;;France;;male;;;FILE explicita “País de Origem: França”> preenchido em nível de país.;FILE Festival (País de Origem);high;FILE;high;46.559417044;2.550539953;100.0;;;;;"perfil/atividade recente; sem óbito identificado.";;;;;
William Scott;1913;1989;United Kingdom;Ulster University > Belfast College of Art > Royal Academy Schools;54.60383341944372 > 54.60383341944372 > 51.507222222222;-5.9288864017592 > -5.9288864017592 > -0.1275;Greenock;Coleford;male;Tate> biografia institucional;high;datas aproximadas em parte;Wikidata;high;MAC USP;medium;55.948493719;-4.757131636;100.0;51.2441666667;-2.4519444444;100.0;Wikipedia;"place of death corrigido em auditoria; coordenadas auditadas para a vila.";medium;;;;
Willys de Castro;1926;1988;Brazil;drawing studies with André Fort;;;Uberlândia;São Paulo;male;https://enciclopedia.itaucultural.org.br/pessoas/3479-willys-de-castro;high;"Artistic training in drawing with André Fort; studies in Chemistry and music were not incorporated into the artistic education field.";Wikidata;high;MAC USP;medium;-18.9097091;-48.2619157;100.0;-23.5503944444;-46.6339472222;100.0;Enciclopédia Itaú Cultural;"fontes adicionadas em auditoria; coordenadas auditadas para o município de São Paulo.";high;Wikidata > Ulan;Wikidata > Ulan;;high
Wilson Alves;1948;;;Escola Guignard;-19.9552;-43.9202;;;;fontes biográficas de referência;medium;A reference was located to a namesake artist born in 1948 and associated with Escola Guignard, but correspondence with the collection artist still requires confirmation.;;;Museu de Arte Religiosa e Tradicional;low;;;;;;;;identidade insuficiente para localizar óbito com segurança.;;;;;
Wim van der Plas;1946;;Netherlands;Erasmus University Rotterdam;51.918061111111;4.5258305555556;Netherlands;;male;ACM SIGGRAPH History Archives;high;FILE explicita “País de Origem: Países Baixos”> preenchido em nível de país.;FILE Festival (País de Origem);high;FILE;high;52.249375293;5.616126398;100.0;;;;;"perfil/atividade recente; sem óbito identificado.";;Prabook;;;medium
Xabier Monreal;;;Spain;Escola Massana;41.380944;2.169583;Spain;;male;FILE Festival;high;FILE explicita “País de Origem: Espanha”> preenchido em nível de país.;FILE Festival (País de Origem);high;FILE;high;40.22794966;-3.646063105;100.0;;;;;"site/biografia recente; sem óbito identificado.";;;;;
Xavier Boissarie;;;France;Université Paris 8 Saint-Denis > Villa Arson > École supérieure d'art d'Aix-en-Provence;48.944722222222 > 43.7194 > 43.5307;2.3633333333333 > 7.2536 > 5.44105;France;;male;site da Orbe;medium;FILE explicita “País de Origem: França”> preenchido em nível de país.;FILE Festival (País de Origem);high;FILE;high;46.559417044;2.550539953;100.0;;;;;"perfil/atividade recente; sem óbito identificado.";;;;;
Xaviera Lopez;;;Chile;;;;Santiago, Chile;;female;;;;FILE Festival (biografia do artista);high;FILE;high;-33.4459946;-70.6670569;;;;;;"site oficial recente; sem óbito identificado.";;;;;
XXIIVV;1986;;Canada;;;;;;male;;;local de nascimento não localizado em fonte auditável;;;FILE;;;;;;;;;"site/atividade recente; sem óbito identificado.";;site oficial do artista;;;high
Yali Herbet;1989;;Israel;Bezalel Academy of Arts and Design;31.781166666666667;35.22361111111111;Israel;;female;FILE Festival | Animafest;high;FILE explicita “País de Origem: Israel”> preenchido em nível de país.;FILE Festival (País de Origem);high;FILE;high;31.977711512;34.979217692;100.0;;;;;"site/atividade recente; sem óbito identificado.";;Wikidata;;;high
Yasmin Salama;;;Palestine;;;;Palestine;;female;;;fonte secundária explícita> fonte institucional direta não localizada nesta rodada;Wikidata;high;FILE;;31.912719787;35.204684057;100.0;;;;;"perfil localizado; sem óbito identificado.";;;;;
Yiannis Kranidiotis;1974;;Greece;University of Patras > University of Essex > National and Kapodistrian University of Athens;38.286666666667 > 51.87845 > 37.969166666666666;21.786388888889 > 0.94942 > 23.780833333333334;Greece;;male;site do artista | Onassis Foundation;high;FILE explicita “País de Origem: Grécia”> preenchido em nível de país.;FILE Festival (País de Origem);high;FILE;high;39.0;22.0;100.0;;;;;"site/atividade recente; sem óbito identificado.";;;;;
Yo Yoshitome;1925;;Japan;Escola de Navegação > Escola de Belas Artes de Tóquio;35.68944444444445 > 35.68944444444445;139.6916666666667 > 139.6916666666667;Shimane Prefecture;;female;https://enciclopedia.itaucultural.org.br/pessoas/6124-yo-yoshitome;high;;Wikidata;high;MAC USP;high;35.47229492;133.05050166;100.0;;;;;fontes consultadas registram a trajetória, mas não localizam o lugar de morte.;;Wikidata > Ulan;;;high
Yola Cintra;;;;;;;;;female;;;formação não localizada com segurança;;;MAC USP;;;;;;;;;identidade insuficiente para localizar óbito com segurança.;;;;;
Yolanda Mohalyi;1909;1978;Brazil;Real Academia de Belas-Artes;38.708042;-9.139016;Cluj-Napoca;São Paulo;female;Wikipédia;medium;em 1935 estuda com Lasar Segall em São Paulo> datas da formação acadêmica não localizadas com precisão;Wikidata;high;MAC USP;medium;46.7709185;23.5899178;100.0;-23.5503944444;-46.6339472222;100.0;Wikipedia;"fontes adicionadas em auditoria; coordenadas auditadas para o município de São Paulo.";medium;Wikidata > Ulan;Wikidata > Ulan;;high
Yuki Ban;;;Japan;University of Tokyo;35.71339;139.76232;Kanagawa, Japan;;male;Universidade de Tóquio (perfil institucional);high;;Universidade de Tóquio (página do projeto Unlimited Corridor);high;FILE;;35.447754;139.642514;;;;;;"perfil acadêmico recente; sem óbito identificado.";;;;;
Yukun Wang;;;United Kingdom;West China Hospital;30.643222;104.061097;China;;female;https://orcid.org/0000-0001-6304-9379 | https://www.wikidata.org/wiki/Q92142958;high;;SAIC Fashion Show / site pessoal;medium;FILE;;36.567348398;103.930027033;100.0;;;;;"perfil/atividade recente; sem óbito identificado.";;;;;
Yutaka Toyota;1931;;Japan;Universidade de Arte de Tóquio;35.7195782;139.7726862;Tendo, Japan;;male;https://www.escritoriodearte.com/artista/yutaka-toyota;low;;Enciclopédia Itaú Cultural;high;MAC USP;high;38.362143;140.377671;;;;;;"site/atividade recente; sem óbito identificado.";;Wikidata > Ulan;;;high
Yōhei Yanase;1976;;Japan;University of Electro-Communications;35.653497;139.539831;Setagaya;;male;https://archive.file.org.br/participantes/yohei-yanase/ | https://www.wikidata.org/wiki/Q11534488 | https://www.uec.ac.jp/eng/about/access/;high;;Wikidata;high;FILE;;35.6465436;139.65322156;100.0;;;;;"perfil/atividade recente; sem óbito identificado.";;FILE Festival;;;high
Zac Cooper;;;;University of Washington;47.65416666666667;-122.30805555555555;;;male;University of Washington;high;local de nascimento não localizado em fonte auditável;;;FILE;;;;;;;;;"site/atividade recente; sem óbito identificado.";;;;;
Zbigniew Makowski;1930;2019;Poland;Academy of Fine Arts, Warsaw;52.239444444444445;21.015833333333333;Warsaw;Warsaw;male;https://en.wikipedia.org/wiki/Zbigniew_Makowski;medium;;Wikidata;high;MAC USP;medium;52.229827082;21.011731518;100.0;52.229827082;21.011731518;100.0;Wikipedia (pl);"fontes adicionadas em auditoria; coordenadas auditadas para a cidade.";medium;Ulan;Muzeum Narodowe we Wrocławiu;;high
Zed Nesti;1969;;;Fundação Armando Álvares Penteado (FAAP);-23.5450155;-46.6630802;Rio de Janeiro, RJ, Brazil;;male;https://www.zednesti.com.br/curriculo | https://www.mac.usp.br/mac/conteudo/cursoseventos/mac_encontra/2013_2/zednesti.asp;high;fonte pública de perfil do artista informa curso na FAAP> datas não localizadas;MAC USP;high;MAC USP;medium;-22.9014475;-43.1789159;;;;;;"site/atividade recente; sem óbito identificado.";;;;;
Zeno van den Broek;1982;;Kingdom of the Netherlands;Delft University of Technology (TU Delft);52.001666666667;4.3725;Rotterdam, Netherlands;;male;CV oficial do artista;medium;;site oficial do artista;high;FILE;;51.918323034;4.493749988;100.0;;;;;"site/atividade recente; sem óbito identificado.";;Wikidata;;;high
Zlatan Filipović;1973;;Bosnia and Herzegovina;Alfred University, New York State College of Ceramics;42.253261;-77.787486;Sarajevo;;male;American University of Sharjah;high;;Wikidata;high;FILE;;43.8581843;18.4123422;100.0;;;;;"perfil acadêmico recente; sem óbito identificado.";;;;;
Zlatko Prica;1916;2003;Hungary;Academy of Fine Arts, Zagreb;45.8121;15.9624;Pécs;Rijeka;male;fontes biográficas de referência;medium;instituição identificada em biografias sumárias;Wikidata;high;MAC USP;medium;46.0713012;18.2331371;100.0;45.3333333333;14.4333333333;100.0;Hrvatska enciklopedija;"fontes adicionadas em auditoria; coordenadas auditadas para a cidade.";high;Wikidata > Ulan;Wikidata > Ulan;;high
Zoran Dragelj;1975;;Croatia;Emily Carr Institute of Art and Design (ECIAD);49.26083333333333;-123.1138888888889;Split;;male;FILE Festival | bauform.it;high;;Wikidata;high;FILE;;43.512822779;16.458086061;100.0;;;;;"artista em atividade em fonte recente; sem óbito identificado";;Wikidata;;;high
Zuza Banasinska;1994;;Poland;Jagiellonian University > Jan Matejko Academy of Fine Arts in Kraków > Universität der Künste Berlin (UdK Berlin) > Sandberg Instituut;50.061667 > 50.066389 > 52.50916666666667 > 52.3599;19.933889 > 19.941667 > 13.32694444444444 > 4.9075;Warsaw;;female;FILE Festival | Berlinale;high;;Wikidata;high;FILE;;52.229827082;21.011731518;100.0;;;;;"artista em atividade em fonte recente; sem óbito identificado";;Wikidata;;;high
Édouard Manet;1832;1883;France;Collège-lycée Jacques-Decour > Collège Rollin > special drawing course > studies with Thomas Couture > Académie Suisse;48.8822 > 48.8822 >  >  > 48.8545;2.3478 > 2.3478 >  >  > 2.3446;former 10th arrondissement of Paris;8th arrondissement of Paris;male;https://en.wikipedia.org/wiki/%C3%89douard_Manet;medium;Priorizados os dados formativos explicitamente visíveis no snippet de busca.;Wikidata;high;MASP;high;48.8526667;2.329375;78.35;48.8741666667;2.3111111111;83.21;Saint Louis Art Museum;"fontes adicionadas em auditoria; coordenadas corrigidas para o 8th arrondissement.";high;Ulan;Ulan;;high
Édouard Viénot;1804;1872;France;École des Beaux-Arts de Paris > discípulo de Louis Hersent e Paulin Guérin;48.853997 > ;2.333500 > ;Fontainebleau;Brussels;male;https://pt.wikipedia.org/wiki/%C3%89douard_Vi%C3%A9not | https://artsandculture.google.com/entity/%C3%89douard-vi%C3%A9not/m05c3q8;medium;;Wikidata;high;Museu Paulista;high;48.404740851;2.701648778;100.0;50.8466666667;4.3516666667;78.78;Wikipédia (fr);"fontes adicionadas em auditoria; local ajustado para Brussels e coordenadas corrigidas.";medium;Google Arts & Culture;Google Arts & Culture;;medium
Érica Azzellini;;;Brazil;Faculdade Cásper Líbero;-23.56552983;-46.651333;Brazil;;female;FAPESP;medium;FILE explicita “País de Origem: Brasil”> preenchido em nível de país.;FILE Festival (País de Origem);high;FILE;high;-10.769946429;-53.073466889;100.0;;;;;"perfil oficial/FILE recente; sem óbito identificado";;;;;
Özge Samancı;1975;;Turkey;Georgia Institute of Technology;33.77580555555556;-84.39469444444444;Izmir;;female;site da artista | Northwestern University;high;;Wikidata;high;FILE;;38.418724;27.129601;100.0;;;;;"perfil institucional recente; sem óbito identificado";;;;;
‡Starvingpoet§;;;United States;self-taught;44.97997;-93.26384;;;non-binary;FILE Festival | site da artista | Discogs / Mixcloud / SoundCloud;high;local de nascimento não localizado em fonte auditável> autodidata> coordenadas atribuídas à cidade biográfica recorrente nas fontes localizadas;;;FILE;low;;;;;;;;"perfil autoral recente; sem óbito identificado";;;;;
