creator;country of citizenship;educated at;lat_educated_at;lon_educated_at;place of birth;place of burial;place of death;sex or gender;fonte_educated_at;confianca_educated_at;observacoes_pesquisa;fonte_place_of_birth;confianca_place_of_birth;acervo;onde estudou;datas em que estudou;fonte_datas_estudo;confianca_preenchimento;lat_birth;lon_birth;score_birth;lat_death;lon_death;score_death
Jordão de Oliveira;Brazil;primeiros estudos de desenho com Quintino Marques;;;Aracaju;;Brazil;male;https://www.guiadasartes.com.br/jordao-de-oliveira/biografia | https://ihgse.org.br/wordpress/jordao-eduardo-de-oliveira-nunes/;;"As fontes abertas disponíveis sustentam os estudos iniciais com Quintino Marques; não localizei nesta rodada fonte aberta robusta para a etapa posterior no Rio.";;;"outros; Museu Histórico Nacional";Aracaju;;;media;-10.9093538;-37.0743967;100.0;-10.769946429;-53.073466889;100.0
José Vieira Ottoni;;;;;;;;;;;;;;outros;;;;;;;;;;
A. Bierry;;;;;;;;;;;"assinatura abreviada; não foi possível desambiguar com segurança";;;"outros; Museu da Inconfidência";;;;;;;;;;
A. Bill Miller;United States;University of Wisconsin-Milwaukee;43.07503;-87.882915;Cleveland, Ohio, USA;;;male;University of Wisconsin-Whitewater / Transfer Gallery;médio;;dieFirma / Wikipedia;alto;FILE;;;;;41.5051414;-81.6914575;100.0;;;
A. Correa Costa;;;;;;;;;;;;;;"outros; Museu Histórico Nacional";;;;;;;;;;
A. Tinoco;;;;;;;;;;;;;;"outros; Museu Histórico Nacional";;;;;;;;;;
A.Guedes;;;;;;;;;;;"assinatura abreviada; não foi possível desambiguar com segurança";;;"outros; Museu do Diamante";;;;;;;;;;
A.L. Crego;Spain;autodidata;;;A Coruña, Spain;;;male;FILE Festival;alto;;La Voz de Galicia / ARTEINFORMADO;médio;FILE;;;;;43.3707332;-8.3958532;100.0;;;
Aaron Bradbury;Republic of Abkhazia;;;;;;;male;;;"metadado de país de origem no FILE inconsistente com a biografia; não preenchido; pesquisa sem fonte robusta para local de nascimento";;;FILE;;;;;;;;;;
Abe Abraham;United States;Tisch School of the Arts, New York University;40.73;-73.995;United States;;;male;CURRENTS New Media (bio do artista);médio;"FILE explicita “País de Origem: United States”; preenchido em nível de país.";FILE Festival (País de Origem);alta;FILE;;;;alta;;;;;;
Abel-Dominique Boyé;France;"école des beaux-arts de Bordeaux; École nationale supérieure des beaux-arts de Paris";"44.83111111111111; 48.85680555555555";"-0.5611111111111111; 2.333277777777778";Marmande;;Marmande;male;https://pt.wikipedia.org/wiki/Abel-Dominique_Boy%C3%A9 | https://franco.wiki/fr/Abel-Dominique_Boy%C3%A9.html;;;;;"outros; MASP";"Bordeaux; Paris";"a partir de 1881; desde 1883 em Paris";https://pt.wikipedia.org/wiki/Abel-Dominique_Boy%C3%A9 | https://franco.wiki/fr/Abel-Dominique_Boy%C3%A9.html;alta;44.499151322;0.166416496;100.0;44.499151322;0.166416496;100.0
Abelardo Zaluar;;Escola Nacional de Belas Artes (Enba);-22.90879805555556;-43.17573111111111;Niterói, Rio de Janeiro, Brazil;;;;https://enciclopedia.itaucultural.org.br/pessoas/2112-zaluar | https://www.guiadasartes.com.br/abelardo-zaluar/obras-e-biografia;;;Galeria Ipanema;media;"MAC; outros; MAC USP";Rio de Janeiro;1944-1948;https://enciclopedia.itaucultural.org.br/pessoas/2112-zaluar;media;;;;;;
Abraham Brueghel;Spanish Netherlands;Formação com Jan Brueghel the Younger (pai);;;Antwerp;;Naples;male;https://en.wikipedia.org/wiki/Abraham_Brueghel | https://www.christies.com/en/lot/lot-4836790;;Fontes indicam formação com o pai, sem instituição formal nomeada.;;;"outros; Museu Nacional de Belas Artes";Antuérpia;"antes da ida para a Itália; sem data exata na fonte";;media;51.25942418;4.371799938;100.0;40.8399833;14.2525421;100.0
Abraham Naton;Israel;Bucharest Art Academy;44.44366667;26.09016667;Reni;Kiryat Shaul Cemetery;Givatayim;male;https://www.beloosesky.com/artists/avraham-naton/biography | https://www.dangallery.co.il/artists/avraham-naton/;;As fontes consultadas usam a forma Avraham Naton.;;;"MAC; outros; MAC USP";Bucareste (Romênia);1930-1935;https://www.beloosesky.com/artists/avraham-naton/biography | https://www.dangallery.co.il/artists/avraham-naton/;alta;27.165741;76.739915;100.0;32.0708088;34.8128794;100.0
Abreu;;;;;;;;;;;"identificação incompleta; não foi possível desambiguar com segurança";;;outros;;;;;;;;;;
Achille Funi;Italy;"Brera Academy; Art School “Dosso Dossi”; Accademia di Brera";"44.83916666666666; 45.47222222";"11.6175; 9.18888889";Ferrara;;Appiano Gentile;male;https://www.laocoontegalleria.it/en/achille-funi/;;A data da etapa inicial em Ferrara não aparece com precisão no trecho consultado.;;;"MAC; outros; MAC USP";"Ferrara, Itália; Milão, Itália";"s.d.; 1906–1910";https://www.laocoontegalleria.it/en/achille-funi/;alta;44.8378378;11.6203994;100.0;45.7386111;8.9798518;100.0
Adam Martinakis;Poland;estudou Interior Architecture, Decorative Arts and Industrial Design em Atenas;37.98416666666667;23.72805555555556;Lubań, Poland;;;male;site oficial do artista;baixo;;site oficial do artista;alto;FILE;;;;;51.119999978;15.289444427;100.0;;;
Adam Pizurny;Slovakia;;;;Slovakia;;;male;;;;FILE Festival;alto;FILE;;;;;48.708702094;19.487749196;100.0;;;
Adam Winkels;Canada;;;;Canada;;;male;;;;FILE Festival (País de Origem);alto;FILE;;;;;;;;;;
Ademar Shimabukuro;;Pontifícia Universidade Católica de Campinas;-22.8346;-47.0476;;;;;https://www.escavador.com/sobre/1882197/ademar-kazumi-shimabukuro;;graduação em arquitetura e urbanismo;;;"MAC; outros; MAC USP";Campinas, Brasil;1991;https://www.escavador.com/sobre/1882197/ademar-kazumi-shimabukuro;media;;;;;;
Adir Sodré de Souza;;Ateliê Livre da Fundação Cultural de Mato Grosso;-20.468611111111;-54.622222222222;Rondonópolis, Mato Grosso, Brazil;;;male;https://museudeartesacra.org.br/2021/09/15/adir-sodre/;;"formação em ateliê; escola formal não localizada";Enciclopédia Itaú Cultural;alta;"MAC; outros; MAC USP";Cuiabá, Brasil;a partir de 1977;https://museudeartesacra.org.br/2021/09/15/adir-sodre/;alta;;;;;;
Adolf Methfessel;Switzerland;"aprendizagem como jardineiro; primeiras aulas de desenho em Bruxelas; estudos de arquitetura de jardins em Berlim; professor de desenho no State College of Tucumán";"50.84666666666666; 52.516666666667; -27";"4.351666666666667; 13.383333333333; -65.5";Bern;;Bern;male;"https://www.askart.com/bio/Adolf_Methfessel/11054168/Adolf_Methfessel | https://www.swissinfo.ch/por/cultura/o-artista-su%C3%AD%C3%A7o-que-documentou-a-guerra-da-tr%C3%ADplice-alian%C3%A7a/87475847; https://www.askart.com/bio/Adolf_Methfessel/11054168/Adolf_Methfessel";;"A fonte aberta mais específica informa aulas de desenho em Bruxelas em 1856 e estudos de arquitetura de jardins em Berlim; registrei a aprendizagem inicial de jardineiro como etapa formativa documentada.";;;"outros; Museu Paulista";"Berna; Bruxelas; Berlim; Tucumán";"1856; 1878-1885";https://www.askart.com/bio/Adolf_Methfessel/11054168/Adolf_Methfessel;media;46.948998594;7.437170775;100.0;46.948998594;7.437170775;100.0
Adolfo Matarelli;Kingdom of Italy;"Liceu de Artes e Ofícios de São Paulo; Accademia di Belle Arti di Roma";"-23.5331446; 41.9075";"-46.6267577; 12.4756";;monumental cemetery of Milan;Cisano Bergamasco;male;fontes biográficas de referência;;datas aproximadas;;;"outros; Museu da Inconfidência";"São Paulo, Brasil; Roma, Itália";"1910s; 1920s";fontes biográficas de referência;media;;;;45.7424838;9.4700594;100.0
Adolphe Martial-Potémont;France;"École des Beaux-Arts; aluno de Léon Cogniet";48.85666666666667;2.333611111111112;Paris;;Paris;male;https://en.wikipedia.org/wiki/Adolphe_Martial_Pot%C3%A9mont;;;;;"outros; Museu Nacional de Belas Artes";Paris;;;media;48.856372814;2.352529617;100.0;48.856372814;2.352529617;100.0
Adrian Dexter;;"European Film College; The Animation Workshop";"56.1937; 56.4561";"10.6913; 9.40611";;;;male;Animafest (biografia do autor);médio;"local de nascimento não localizado com segurança; pesquisa sem fonte robusta para local de nascimento";;;FILE;;;;;;;;;;
Adrian Flury;Switzerland;Lucerne University of Applied Sciences and Arts;47.014;8.306;Zug, Switzerland;;;male;"videokunst.ch; swissfilms";médio;;HSLU / videokunst.ch;alto;FILE;;;;;47.177534475;8.508559443;100.0;;;
Adriano Monteiro;Brazil;Universidade Estadual de Campinas;-22.817222222222;-47.069444444444;Brazil;;;male;FILE Festival;médio;"FILE explicita “País de Origem: Brazil”; preenchido em nível de país.";FILE Festival (País de Origem);alta;FILE;;;;alta;;;;;;
Adrien Cuvit;France;ARIES School of Graphic and Motion Design;48.85666666666667;2.352222222222222;France;;;male;FILE Festival;médio;;FILE Festival (País de Origem);alto;FILE;;;;;;;;;;
Adrien Henri Vital van Emelen;Belgium;"Escola de Belas Artes de Lovaina; estudos com Constantin Meunier; aperfeiçoamento com Auguste Rodin";50.8775;4.704444;Leuven;;São Paulo;male;https://pt.wikipedia.org/wiki/Adrien_Henri_Vital_van_Emelen;;;;;"outros; Museu Paulista";"Lovaina; Paris";"1892 em Paris; demais datas sem cronologia completa na fonte";https://pt.wikipedia.org/wiki/Adrien_Henri_Vital_van_Emelen;alta;50.882173608;4.705906182;100.0;-23.5486657;-46.6382522;100.0
Adrián Regnier;Mexico;"Escuela Nacional de Escultura, Pintura y Grabado ""La Esmeralda""; Universidad Veracruzana";19.353773;-99.13589;Mexico City;;;male;"site oficial do artista; Fundación CERGUI";alto;;;;FILE;;;;;19.430457906;-99.141684761;100.0;;;
Afro Basaldella;Italy;"Liceo Artistico Di Porta Romana E S.F.; Accademia di Belle Arti di Venezia";"43.7599; 45.4286";"11.24626; 12.3305";Udine;;Zurich;male;"biografia institucional do artista; fontes de referência";;"formação artística registrada de modo geral; datas aproximadas";;;"MAC; outros; MAC USP";Veneza, Itália;c. 1930s;"biografia institucional do artista; fontes de referência";media;46.0649418;13.2307247;100.0;47.38454096;8.529927493;100.0
Aggie Pak Yee Lee;Hong Kong;Estonian Academy of Arts;59;26;Hong Kong;;;female;Estonian Academy of Arts | FILE Festival;alto;;;;FILE;;;;;22.351958323;114.119385987;100.0;;;
Agostinho José da Mota;Brazil;"Academia Imperial de Belas Artes; Accademia di San Luca";"-22.91111111111111; 41.90166";"-43.20555555555556; 12.483586";Rio de Janeiro;;Rio de Janeiro;male;fontes biográficas de referência;;datas aproximadas;;;"outros; Museu Nacional de Belas Artes";"Rio de Janeiro, Brasil; Roma, Itália";"1840s; 1850s";fontes biográficas de referência;media;-22.9014475;-43.1789159;100.0;-22.9014475;-43.1789159;100.0
Agostino Masucci;Papal States;formação com Benedetto Luti e Carlo Maratta;;;Rome;;Rome;male;https://en.wikipedia.org/wiki/Agostino_Masucci | https://www.britannica.com/biography/Agostino-Masucci;;;;;"outros; Museu Nacional de Belas Artes";Roma;;;media;41.8905568;12.4942679;100.0;41.8905568;12.4942679;100.0
Agustín Abreu;Uruguay;"Universidad Modelo; University of Texas at El Paso; University of Pittsburgh";"21.0285; 31.77; 40.444565";"-89.5678; -106.505; -79.953274";Ciudad de México, México;;;male;ORCID;médio;"identificação alinhada pela formação; fonte indica nascimento em Ciudad de México; metadado de cidadania na planilha diverge";Biblioteca Virtual Sedeculta / Wikipedia;médio;"FILE; Museu da Inconfidência";;;;;;;;;;
Agustín Salinas Teruel;Spain;"Escuelas de Comercio, Artes y Oficios de Madrid; Escuela Superior de Bellas Artes; Academia Española de Roma";"40.41694444444445; 41.893055555556";"-3.703333333333333; 12.482777777778";Zaragoza;;Rome;male;"https://www.epdlp.com/pintor.php?id=8747 | https://pt.wikipedia.org/wiki/Augustin_Salinas_y_Teruel; https://www.epdlp.com/pintor.php?id=8747 | https://galeriandre.com.br/artistas-interna/375/augustin-salinas/";;"A grafia do creator foi mantida; as fontes também usam Augustin/Agostyn Salinas.";;;"outros; Museu Nacional de Belas Artes";"Madri; Roma";"até 1882; 1882-1885, com prorrogação em 1886-1887";https://www.epdlp.com/pintor.php?id=8747;alta;41.656837;-0.8794245;100.0;41.8905568;12.4942679;100.0
Ahron Giladi;;Bezalel Academy of Arts and Design;31.781166666666667;35.22361111111111;Gomel, Belarus;;;;fontes biográficas de referência;;;Israel Museum / galeria;médio;"MAC; outros; MAC USP";Jerusalém, Israel;s.d.;fontes biográficas de referência;media;;;;;;
Aieda Freitas;Brazil;Universidade Municipal de São Caetano do Sul;-23.6131956;-46.5712354;Brazil;;;female;Lar Galeria | Intercom Sudeste;médio;;FILE Festival (País de Origem);alto;FILE;;;;;-10.769946429;-53.073466889;100.0;;;
Ailadi;Italy;"Politecnico di Milano; ENSCI, Les Ateliers; Köln International School of Design";"45.47803055555556; 48.8584";"9.227319444444444; 2.3693";Italian Alps, Italy;;;female;site oficial da artista;alto;;Kinomural;médio;FILE;;;;;45013.0;6.9418;100.0;;;
Aimée;;;;;;;;;;;"identificação incompleta; não foi possível desambiguar com segurança";;;"MAC; outros; MAC USP";;;;;;;;;;
Akihito Ito;Japan;"Nagoya University of Arts; Nagoya City University";35.256;136.881056;Nagoya, Japan;;;male;perfil oficial do artista | ISEA Symposium Archives;alto;;site oficial (akihitoito.com);alto;FILE;;;;;35.18142047;136.90668338;100.0;;;
Alaa Omari;Palestine;American University of Sharjah;25.309722;55.490556;Palestine;;;;American University of Sharjah;alto;;;;FILE;;;;;31.912719787;35.204684057;100.0;;;
Alan Davie;United Kingdom;Edinburgh College of Art;55.9458;-3.19964;Grangemouth;;Hertford;male;"https://en.wikipedia.org/wiki/Alan_Davie; https://gulbenkian.pt/cam/artist/alan-davie/";;As fontes convergem para Edinburgh College of Art.;;;"MAC; outros; MAC USP";Edimburgo, Escócia;1937–1941;https://en.wikipedia.org/wiki/Alan_Davie;alta;56.019555095;-3.721883769;100.0;51.796979662;-0.076742238;100.0
Albert Bayona i Fernández;Spain;School of the Circle of Fine Arts;;;Lleida;;;male;Wikipedia;baixo;;;;FILE;;;;;41.6141646;0.6258029;100.0;;;
Albert Eckhout;Dutch Republic;formação em pintura com Gheert Roeleffs (tio);;;Groningen;;Groningen;male;https://pesquisaescolar.fundaj.gov.br/pt-br/artigo/eckhout-albert/ | https://www.guiadasartes.com.br/albert-van-der-eckhout/principais-obras;;"As fontes recuperadas não nomeiam uma academia formal; a formação aparece como aprendizado com o tio pintor.";;;"outros; Coleção Brasiliana Itaú";Países Baixos;antes de 1636;https://pesquisaescolar.fundaj.gov.br/pt-br/artigo/eckhout-albert/;media;53.219956308;6.564955801;100.0;53.219956308;6.564955801;100.0
Albert Gleizes;France;;;;Paris;;Saint-Rémy-de-Provence;male;https://en.wikipedia.org/wiki/Albert_Gleizes;;"Autodidata; não foi localizada instituição formal de ensino artístico.";;;"MAC; outros; MAC USP";Paris, França;c. 1901;https://en.wikipedia.org/wiki/Albert_Gleizes;media;48.856372814;2.352529617;100.0;43.788708024;4.831555932;100.0
Albert Merino;Spain;"University of Barcelona; Kunsthochschule Berlin-Weißensee";52.5581;13.4393;Barcelona, Spain;;;male;"CCCB; WRO Art Center";médio;;FILE Festival / CCCB;alto;FILE;;;;;41.387917;2.1699187;100.0;;;
Alberto André Feijó Delpino;;Escola Nacional de Belas Artes;-22.8625055;-43.2256622;;;;;fontes biográficas de referência;;datas aproximadas;;;"outros; Museu da Inconfidência";Rio de Janeiro, Brasil;1930s;fontes biográficas de referência;baixa;;;;;;
Alberto da Veiga Guignard;Brazil;"Academy of Fine Arts, Munich; Academias de Belas Artes de Munique";48.1531959202723;11.5803123911292;Nova Friburgo;Church of Saint Francis of Assisi (Ouro Preto);Belo Horizonte;male;Wikipédia;;estudos em Florença localizados, mas sem nome formal da instituição no trecho consultado;;;"MAC; outros; Museu da Inconfidência";"Munique, Alemanha; Florença, Itália";;;media;-22.2891837;-42.5345547;100.0;-19.9181771;-43.9370534;100.0
Alberto Lima;Portugal;;;;Porto;;;male;https://www.catalogodasartes.com.br/noticia/ABeU/;;A fonte indica início da pintura incentivado por Carlos Scliar, sem escola formal nomeada.;;;"outros; Museu Paulista";"formação autodidata; Cabo Frio, RJ";começa a pintar em 1973;https://www.catalogodasartes.com.br/noticia/ABeU/;media;41.1501526;-8.610318;100.0;;;
Alberto Magnelli;Italy;;;;Florence;Longs-Réages cemetery;Meudon;male;"https://prabook.com/web/alberto.magnelli/2557564; https://www.wikiart.org/en/alberto-magnelli";;"Autodidata; fontes consultadas indicam ausência de formação formal em escola de arte.";;;"MAC; outros; MAC USP";Florença, Itália;c. 1907;https://www.wikiart.org/en/alberto-magnelli;media;43.7686976;11.2569291;100.0;48.813028121;2.23857165;100.0
Alberto Salietti;Italy;Accademia di Brera;45.47222222;9.18888889;Ravenna;;Chiavari;male;"Wikipedia (it); Pittori Liguri";;;;;"MAC; outros; MAC USP";Milão, Itália;até 1914;"Wikipedia (it); Pittori Liguri";media;44.4157367;12.1965892;100.0;44.317063;9.3202459;100.0
Alberto Silva;;"Escola Industrial Infante D. Henrique; Escola de Belas Artes do Porto";"41.15068; 41.15";"-8.63128; -8.610833333333334";;;;male;https://sigarra.up.pt/up/pt/p/antigos%20estudantes%20ilustres%20-%20alberto%20silva | https://serralvesantiguidades.com/lote/alberto-silva-1882-1940;;Mantida identificação cautelosa por se tratar de nome relativamente comum.;;;"outros; Museu Histórico Nacional";Porto;1900-1909;https://sigarra.up.pt/up/pt/p/antigos%20estudantes%20ilustres%20-%20alberto%20silva;media;;;;;;
Alberto Teixeira;Brazil;"Sociedade Nacional de Belas Artes; aulas com Samson Flexor; Atelier-Abstração";"; ; ";"; ; ";São João do Estoril, Portugal;;;male;https://enciclopedia.itaucultural.org.br/pessoas/2955-alberto-teixeira | https://www.apap.art.br/associados/338/alberto-teixeira-em-memoria/;;;APAP;alto;"MAC; outros; MAC USP";"Lisboa (Portugal); São Paulo (SP); Paris (França)";"1947-1950; 1952-1955; 1956-1958";https://enciclopedia.itaucultural.org.br/pessoas/2955-alberto-teixeira | https://www.apap.art.br/associados/338/alberto-teixeira-em-memoria/;alta;;;;;;
Alcindo Da Conceiçao;France;ARIES School of Graphic and Motion Design;48.85666666666667;2.352222222222222;France;;;male;FILE Festival;médio;"FILE explicita “País de Origem: France”; preenchido em nível de país.";FILE Festival (País de Origem);alta;FILE;;;;alta;;;;;;
Aldemir Martins;Brazil;"Colégio Militar de Fortaleza; Ateneu São José";"-3.7275; -20.82";"-38.5275; -49.378888888889";Aurora;;São Paulo;male;https://pt.wikipedia.org/wiki/Aldemir_Martins;;;;;"MAC; outros; MAC USP";"Fortaleza, Brasil; Fortaleza, Brasil";"1934; 1939";https://pt.wikipedia.org/wiki/Aldemir_Martins;media;39.7129336;-104.8195761;100.0;-23.5486657;-46.6382522;100.0
Aldo Beck;Brazil;"formação com Manoel Francisco de Oliveira (""Maneca Margarida"")";;;Florianópolis;;Florianópolis;male;"artigo UDESC; site do artista";;"formação artística informal com o mestre Maneca Margarida; escola/instituição não localizada";;;"outros; Museu Victor Meirelles";Florianópolis, SC;;;media;-27.5969123;-48.5495751;100.0;-27.5969123;-48.5495751;100.0
Aldo Bonadei;Brazil;ateliê de Pedro Alexandrino;;;São Paulo;;São Paulo;male;Guia das Artes;;também frequentou o ateliê de Antonio Rocco;;;"MAC; outros; MAC USP";São Paulo;1923–1928;Guia das Artes;media;-23.5486657;-46.6382522;100.0;-23.5486657;-46.6382522;100.0
Aldo João Nunes;Brazil;"Grupo Escolar Arquidiocesano São José; Instituto de Educação de Santa Catarina (IEE)";"-23.58959; -27.593280555556";"-46.600006; -48.553047222222";;;;male;MASC;;"estudos iniciais no Grupo Escolar Arquidiocesano São José; ingressou no IEE em 1939 e concluiu o curso normal em 1944";;;"outros; Museu Victor Meirelles";Florianópolis, SC;1939–1944;MASC;alta;;;;;;
Alejandro Casales;Mexico;"Escuela Nacional de Música, Universidad Nacional Autónoma de México; Escuela Nacional de Pintura, Escultura y Grabado ""La Esmeralda""";19.328888888889;-99.187222222222;Mexico City, Mexico;;Axochiapan;male;FILE Festival;médio;;site oficial do artista;alto;FILE;;;;;19.430457906;-99.141684761;100.0;18.525238962;-98.752114012;100.0
Alejandro Cicarelli;Chile;"Instituto de Bellas Artes de Nápoles; estudos em Roma";"40.8516; 41.893055555556";"14.2512; 12.482777777778";Naples;;Santiago;male;https://es.wikipedia.org/wiki/Alejandro_Cicarelli;;;;;"outros; Pinacoteca de São Paulo";"Nápoles, Itália; Roma, Itália";"s.d.; s.d.";https://es.wikipedia.org/wiki/Alejandro_Cicarelli;media;40.8399833;14.2525421;100.0;-33.4459946;-70.6670569;100.0
Alejandro Thornton;Argentina;National School of Fine Arts Prilidiano Pueyrredon;-34.59171466023074;-58.39131357322754;Buenos Aires;;;male;;;;;;FILE;;;;;-34.6090264;-58.3732215;100.0;;;
Aleksander Kobzdej;Poland;"Jan Matejko Academy of Fine Arts in Krakow; Academy of Fine Arts in Kraków";"50.066389; 50.066389";"19.941667; 19.941667";Olesko;Powązki Military Cemetery;Warsaw;male;"biografia institucional do artista; fontes de referência";;datas aproximadas;;;"MAC; outros; MAC USP";Cracóvia, Polônia;c. 1946–1951;"biografia institucional do artista; fontes de referência";media;50.48064272;14.196104789;100.0;52.229827082;21.011731518;100.0
Alessandra Plaza Saravia;Peru;"Pontificia Universidad Católica del Perú; Universität der Künste Berlin";"-12.06944444444444; 52.50916666666667";"-77.07944444444445; 13.32694444444444";Lima;;;female;"PUCP (perfil docente); Decolonize Modul21";alto;;;;FILE;;;;;-12.04318;-77.02824;100.0;;;
Alessandro Amaducci;Italy;Università degli Studi di Torino;45.069444444444;7.6888888888889;Torino, Italy;;;male;Università degli Studi di Torino;alto;;site oficial / FILE Festival;alto;FILE;;;;;45.0683751;7.6830662;100.0;;;
Alessandro Massobrio;;"Istituto di Musica G. Verdi di Asti; University of Turin; C.I.B.R.A., University of Pavia";44.9;8.2069444444444;Torino, Italy;;;male;site oficial do artista | Symby;médio;;Artribune / Sinewaves;médio;FILE;;;;;45.0683751;7.6830662;100.0;;;
Alessandro Varotari;Republic of Venice;formação com o pai Dario Varotari the Elder;;;Padua;;Venice;male;https://en.wikipedia.org/wiki/Alessandro_Varotari | https://www.britannica.com/biography/Padovanino;;Também conhecido como Padovanino.;;;"outros; Museu Nacional de Belas Artes";"Pádua; Veneza";;;media;45.4095409;11.8765508;100.0;45.434608;12.338913;100.0
Alessio De Vecchi;Italy;Istituto Europeo di Design;45.44625233345661;9.194896909398269;Milan, Italy;;;male;FILE Festival;médio;;FILE Festival / WUF Magazine;alto;FILE;;;;;45.4636183;9.1881156;100.0;;;
Alex Flemming;Brazil;"Curso Livre de Cinema da Fundação Armando Álvares Penteado (FAAP); Faculdade de Arquitetura e Urbanismo da USP; estudos de serigrafia e gravura com Regina Silveira, Julio Plaza e Romildo Paiva; Pratt Institute Manhattan";-23.56012;-46.72985;São Paulo;;;male;"https://alexflemming.com.br/alexflemming/; https://www.ieb.usp.br/alex-flemming/; https://pt.wikipedia.org/wiki/Alex_Flemming";;Formação combinou curso livre, passagem universitária e estudos técnicos com artistas-professores.;;;"MAC; outros; MAC USP";"São Paulo, Brasil; São Paulo, Brasil; São Paulo, Brasil; Nova Iorque, Estados Unidos";"1972–1974; até 1976; 1979–1980; 1981–1983";"https://alexflemming.com.br/alexflemming/; https://www.ieb.usp.br/alex-flemming/";alta;-23.5486657;-46.6382522;100.0;;;
Alex Moy;United States;DePaul University;41.923558;-87.653542;United States;;;male;FILE Festival;médio;;FILE Festival (País de Origem);alto;FILE;;;;;39.398703156;-99.41461919;100.0;;;
Alexandre Cabanel;France;"Beaux-Arts de Paris; Montpellier School of Fine Arts; École des Beaux-Arts de Paris; Villa Medici";"43.61755318089179; 41.908333333333";"3.884139069434952; 12.4825";Montpellier;cemetery Saint-Lazare (Montpellier);Paris;male;https://en.wikipedia.org/wiki/Alexandre_Cabanel;;;;;"outros; Museu Nacional de Belas Artes";"Montpellier; Paris; Roma";"1839; 1840; 1845-1850";https://en.wikipedia.org/wiki/Alexandre_Cabanel;alta;43.598499355;3.896845979;100.0;48.856372814;2.352529617;100.0
Alexandre Cruz (Sesper);;;;;Santos, São Paulo, Brazil;;;;;;;Itaú Cultural;alto;"MAC; outros; MAC USP";;;;;;;;;;
Alexandre Estebanez;United States;;;;United States;;;male;;;;FILE Festival (País de Origem);alto;FILE;;;;;39.398703156;-99.41461919;100.0;;;
Alexandre Mário Parko;;"formação acadêmica em São Paulo; instituição não identificada na fonte aberta consultada";-23.550394444444;-46.633947222222;;;;male;https://www.catalogodasartes.com.br/;;"Dados insuficientes para nomear escola oficial; mantido em formulação prudente.";;;"outros; Museu Histórico Nacional";São Paulo;;;baixa;;;;;;
Alexandre Veaux;France;Supinfocom – RUBIKA;50.35805555555555;3.523333333333333;France;;;male;"portfólio oficial do artista; FILE Festival";alto;;FILE Festival (País de Origem);alta;FILE;;;;alta;;;;;;
Alexandre Wollner;Brazil;"Instituto de Arte Contemporânea do Museu de Arte de São Paulo; Hochschule für Gestaltung Ulm";"-23.56111111111111; 48.3806";"-46.65583333333333; 9.95278";São Paulo;;São Paulo;male;"https://pt.wikipedia.org/wiki/Alexandre_Wollner; https://enciclopedia.itaucultural.org.br/instituicoes/75180-hochschule-fur-gestaltung-ulm-hfg";;"instituições identificadas; datas não localizadas";;;"MAC; outros; MAC USP";"São Paulo, Brasil; Ulm, Alemanha";;;media;-23.5486657;-46.6382522;100.0;-23.5486657;-46.6382522;100.0
Alexis Marie Lahaye;France;atelier de Carolus-Duran;;;Paris;;;male;https://fr.wikipedia.org/wiki/Alexis_Marie_Lahaye;;A formação recuperada é em ateliê, não em academia formal explicitada na fonte consultada.;;;"outros; Museu Nacional de Belas Artes";Paris;;;media;48.856372814;2.352529617;100.0;;;
Alfonso Pretelt;Colombia;University of Barcelona;41.386666666667;2.1638888888889;Bogotá, Colombia;;;;site do artista;médio;;Sonic Matter / Intermediaciones;alto;FILE;;;;;4.6068824;-74.071837;100.0;;;
Alfred Leslie;United States;"New York University; Art Students League; Pratt Institute";"40.73; 40.766083333333; 40.691111";"-73.995; -73.980861111111; -73.963889";New York City;;Brooklyn;male;"https://ngabiographies.org/biographies/alfredleslie; https://en.wikipedia.org/wiki/Alfred_Leslie";;Datas da Pratt Institute não apareceram com precisão nas fontes revisadas.;;;"MAC; outros; MAC USP";"Nova York, EUA; Nova York, EUA; Nova York, EUA";"c. 1946; 1947–1949; s.d.";https://ngabiographies.org/biographies/alfredleslie;media;40.7130466;-74.0072301;100.0;40.692529;-73.990996;100.0
Alfred Manessier;France;"Beaux-Arts de Paris; Amiens Higher School of Art and Design";49.891944444444;2.2977777777778;Saint-Ouen;Saint-Ouen;Orléans;male;MAC_consolidado_normalized.csv / enriched_batch1.csv;;"dados recuperados de base auxiliar; datas não localizadas";;;"MAC; outros; MAC USP";"Paris, França; Amiens, França";;;alta;49.237305387922;-2.21881450916;100.0;47.902857326;1.909331693;100.0
Alfred Sisley;United Kingdom of Great Britain and Ireland;"Beaux-Arts de Paris; Atelier de Marc-Charles-Gabriel Gleyre, École des Beaux-Arts";48.85666666666667;2.333611111111112;former 4th arrondissement of Paris;Moret-sur-Loing;cemetery of Moret-sur-Loing;male;Wikipédia;;formação no ateliê de Gleyre;;;"outros; Museu Nacional de Belas Artes";Paris;1862–1863;Wikipédia;media;48.8561982;2.3556748;88.0;48.37239;2.81713;86.04
Alfredo Andersen;Brazil;"Academia de Belas-Artes de Cristiânia; Royal Danish Academy of Fine Arts";55.673588888889;12.599711111111;Kristiansand;;Curitiba;male;Wikipédia;;identificado como artista;;;"outros; MASP";"Cristiânia (Oslo); Copenhague";"c. 1877–1879; 1879–1883";Wikipédia;alta;58.1446946;7.9982841;100.0;-25.4283563;-49.2732515;100.0
Alfredo Ardia;Italy;"Bauhaus-Universität Weimar; Sibelius Academy; Conservatorio Rossini";43.90941;12.91018;Italy;;;male;site oficial do artista;alto;;site oficial (alfredoardia.com);médio;FILE;;;;;42.83333;12.83333;100.0;;;
Alfredo Nicolaievsky;;"Atelier Livre de Porto Alegre; Universidade Federal do Rio Grande do Sul";-30.032777777778;-51.23;Porto Alegre, Rio Grande do Sul, Brazil;;;;https://pt.wikipedia.org/wiki/Alfredo_Nicolaiewsky;;;UFRGS / Wikipédia;alto;"MAC; outros; MAC USP";"Porto Alegre, Brasil; Porto Alegre, Brasil";"desde a adolescência; 1976";https://pt.wikipedia.org/wiki/Alfredo_Nicolaiewsky;media;;;;;;
Alfredo Norfini;Brazil;Istituto di Belle Arti di Lucca;43.85;10.516666666667;Florence;;Rio de Janeiro;male;https://enciclopedia.itaucultural.org.br/pessoas/5415-alfredo-norfini;;;;;"outros; Museu Paulista";Lucca;;;media;43.7686976;11.2569291;100.0;-22.9014475;-43.1789159;100.0
Alfredo Volpi;Brazil;Escola Profissional Masculina do Brás;-23.54504;-46.61634;Lucca;;São Paulo;male;https://enciclopedia.itaucultural.org.br/pessoas/512-alfredo-volpi;;"instituição identificada; datas não localizadas";;;"MAC; outros; MAC USP";São Paulo, Brasil;;;media;43.8430139;10.507994;100.0;-23.5486657;-46.6382522;100.0
Alia Alharmi;United Arab Emirates;New York University Abu Dhabi;24.5239;54.4346;Dubai, United Arab Emirates;;;female;FILE Festival (biografia do artista);médio;;FILE Festival;alto;FILE;;;;;25.2674058;55.2926806;100.0;;;
Alice Jaunet;France;Supinfocom Rubika School;;;France;;;female;FILE Festival;médio;"FILE explicita “País de Origem: France”; preenchido em nível de país.";FILE Festival (País de Origem);alta;FILE;;;;alta;;;;;;
Alice Saey;France;Haute école des arts du Rhin (HEAR);48.5825;7.7591;Paris, France;;;female;HEAR (página institucional);alto;;La Courneuve / MacDowell;médio;FILE;;;;;48.856372814;2.352529617;100.0;;;
Aligi Sassu;Italy;"Accademia di Brera; Accademia Libera";"45.47222222; 43.771388888889";"9.18888889; 11.254166666667";Milan;;Pollença;male;https://sangiorgioarte.it/en/artisti/sassu-aligi/;;Fontes de biografia indicam passagem por Brera e, depois, pela Accademia Libera, sem datas exatas nesta passada.;;;"MAC; outros; MAC USP";"Milão, Itália; Milão, Itália";"c. 1920s; c. 1920s";;media;45.4636183;9.1881156;100.0;39.8777448;3.0172052;100.0
Aliénor Vallet;France;;;;Paris, France;;;female;;;;site oficial / FILE Festival;alto;FILE;;;;;48.856372814;2.352529617;100.0;;;
Alois Di Leo;Peru;National Film and Television School;51.6054;-0.6374;Lima;;;male;Semaine de la Critique (entrevista);médio;;;;FILE;;;;;-12.04318;-77.02824;100.0;;;
Alonso Pérez;Spain;formação acadêmica provável, sem instituição identificada nas fontes;;;Zaragoza;;;male;https://en.wikipedia.org/wiki/Alonso_P%C3%A9rez | https://prabook.com/web/alonso.perez/2572493;;"As fontes abertas apenas indicam que é 'believed that he received some academic training'; mantida formulação extremamente conservadora.";;;"outros; Museu Histórico Nacional";Espanha;antes de 1901;;baixa;41.656837;-0.8794245;100.0;;;
Aloísio Lucas de Siqueira;;;;;Serra Talhada, Pernambuco, Brazil;;;;https://hroficinadeartes.blogspot.com/2011/07/pintura-aloisio-lucas-siqueira.html;;;Google Arts & Culture;alto;"MAC; outros; MAC USP";Formação autodidata;;;media;;;;;;
Aloísio Magalhães;Brazil;"Universidade Federal de Pernambuco; curso de museologia; Atelier 17";"-8.0517328; ; 48.83972898207762";"-34.9507155; ; 2.3325339";Recife;;Padua;male;"https://pt.wikipedia.org/wiki/Alo%C3%ADsio_Magalh%C3%A3es; https://portal.iphan.gov.br/noticias/detalhes/3216";;O aperfeiçoamento em design gráfico nos EUA aparece sem instituição específica no trecho consultado.;;;"MAC; outros; MAC USP";"Recife, Brasil; Paris, França; Paris, França";"1950; 1951–1953; 1951–1953";https://pt.wikipedia.org/wiki/Alo%C3%ADsio_Magalh%C3%A3es;alta;-8.0551894;-34.871176;100.0;45.4095409;11.8765508;100.0
Alzira Fragoso;;;;;São Carlos, São Paulo, Brazil;;;;;;;MAC USP;alto;"MAC; outros; MAC USP";;;;;;;;;;
Alípio Dutra;Brazil;"Escola Complementar de Piracicaba; Academia Julian; Real Academia de Belas Artes de Bruxelas; Escola Nacional de Belas Artes de Paris";"-22.72915863999999; 50.844; 48.85666666666667";"-47.64438155000001; 4.3477; 2.333611111111112";Jaú;;São Paulo;male;https://pt.wikipedia.org/wiki/Al%C3%ADpio_Dutra | https://enciclopedia.itaucultural.org.br/pessoas/6462-alipio-dutra;;A cronologia europeia é particularmente clara nas fontes consultadas.;;;"outros; Museu Paulista";"Piracicaba; Paris; Bruxelas";"formação concluída em 1909; 1913-1914; 1918; 1921-1923";https://pt.wikipedia.org/wiki/Al%C3%ADpio_Dutra | https://enciclopedia.itaucultural.org.br/pessoas/6462-alipio-dutra;alta;-22.2962115;-48.5575955;100.0;-23.5486657;-46.6382522;100.0
Amador de Carvalho Perez;;MAM Rio de Janeiro (estudos com Aloísio Carvão e outros professores);-22.91375;-43.171805555556;Rio de Janeiro, Brazil;;;male;https://www.catalogodasartes.com.br/artista/Amador%20de%20Carvalho%20Perez%20-%20Amador%20Perez/ | https://www.youtube.com/%40amadordecarvalhoperez;;"O canal do artista informa também graduação em Projeto Gráfico pela Escola de Belas Artes; mantido o dado mais seguro no campo principal.";Catálogo das Artes;media;"MAC; outros; MAC USP";Rio de Janeiro, RJ;"antes da atuação expositiva; sem data exata na fonte";https://www.youtube.com/%40amadordecarvalhoperez;media;;;;;;
Amanda Varghese;India;American University of Sharjah;25.309722;55.490556;India;;;female;FILE Festival;médio;;FILE Festival (País de Origem);alta;FILE;;;;alta;;;;;;
Amber Xu;People's Republic of China;Shanghai University;31.316666666666666;121.38888888888889;China;;;female;Al-Tiba9 Contemporary Art;médio;;FILE Festival (País de Origem);alta;FILE;;;;alta;;;;;;
Amedeo Modigliani;Kingdom of Italy;"Accademia delle Arti del Disegno; estudos com Guglielmo Micheli; Accademia di Belle Arti di Firenze";43.776907;11.258475;Livorno;Père Lachaise Cemetery;Hôpital de la Charité;male;"https://en.wikipedia.org/wiki/Amedeo_Modigliani; https://www.britannica.com/biography/Amedeo-Modigliani";;;;;"MAC; outros; MAC USP";"Livorno, Itália; Florença, Itália";"1898; 1902";"https://en.wikipedia.org/wiki/Amedeo_Modigliani; https://www.britannica.com/biography/Amedeo-Modigliani";media;43.5518876;10.3078411;100.0;47.8674;5.3367;100.0
Americo Sposito;Uruguay;"escola italiana de Enzo Kabregú; Círculo de Bellas Artes de Montevideo; Taller Torres García";"-34.90591666666667; -34.90591666666667";"-56.19131111111111; -56.19131111111111";Montevideo;;;male;https://es.wikipedia.org/wiki/Am%C3%A9rico_Sp%C3%B3sito;;;;;"MAC; outros; MAC USP";"Montevidéu, Uruguai; Montevidéu, Uruguai; Montevidéu, Uruguai";"s.d.; s.d.; 1942";https://es.wikipedia.org/wiki/Am%C3%A9rico_Sp%C3%B3sito;media;-34.9055557;-56.1852505;100.0;;;
Amy Karle;United States;"Alfred University; Cornell University";"42.255555555556; 42.44916666666666";"-77.787527777778; -76.48388888888888";New York, USA;;;female;American Arts Incubator;médio;;Wikipedia / AMEI Magazine;médio;FILE;;;;;40.7130466;-74.0072301;100.0;;;
Amália Pasqualina Fernandes Filha;;Instituto de Artes da UFRGS;-30.0292;-51.2233;;;;;fontes biográficas de referência;;instituição identificada em fontes sumárias;;;"MAC; outros; MAC USP";Porto Alegre, Brasil;s.d.;fontes biográficas de referência;baixa;;;;;;
Amélia Toledo;Brazil;"University of Brasília; Ateliê de Anita Malfatti; estudos com Yoshiya Takaoka; estudos com Waldemar da Costa; Central School of Arts and Crafts";51.5189;-0.1207;São Paulo;;Cotia;female;"https://www.ameliatoledo.com/biografia; https://pt.wikipedia.org/wiki/Amelia_Toledo";;"Parte da formação ocorreu em ateliês; a data da escola em Londres não apareceu com precisão nas fontes vistas.";;;"MAC; outros; MAC USP";"São Paulo, Brasil; São Paulo, Brasil; São Paulo, Brasil; Londres, Reino Unido";"c. final dos anos 1930; c. 1940s; c. 1940s; s.d.";https://www.ameliatoledo.com/biografia;media;-23.5486657;-46.6382522;100.0;-23.6006667;-46.8973921;100.0
Amélie Nilles;France;Paris 8 University;48.944722222222;2.3633333333333;France;;;female;Kunstuniversität Linz / TAMLab;médio;"FILE explicita “País de Origem: France”; preenchido em nível de país.";FILE Festival (País de Origem);alta;FILE;;;;alta;;;;;;
Amílcar de Castro;Brazil;"Federal University of Minas Gerais; Faculdade de Direito da Universidade Federal de Minas Gerais; Escola de Belas Artes de Belo Horizonte";"-19.925667; -19.8690878";"-43.936686; -43.9663841";Paraisópolis;;Belo Horizonte;male;"Instituto Amílcar de Castro; Enciclopédia Itaú Cultural";;;;;"MAC; outros; MAC USP";"Belo Horizonte, Brasil; Belo Horizonte, Brasil";"1941–1945; desde 1944";"Instituto Amílcar de Castro; Guia das Artes";alta;-22.5494836;-45.7839767;100.0;-19.9181771;-43.9370534;100.0
Ana Lagator;Serbia;Faculty of Dramatic Arts, Belgrade;44.8146;20.4087;Serbia;;;female;FILE Festival;médio;"FILE explicita “País de Origem: Sérvia”; preenchido em nível de país.";FILE Festival (País de Origem);alta;FILE;;;;;;;;;;
Ana Mouyis;Cyprus;"Parsons The New School for Design; Pratt Institute";"40.73534; 40.691111";"-73.99704; -73.963889";New York, USA;;;female;site oficial da artista;alto;;Millennium Film Workshop (entrevista);alto;FILE;;;;;40.7130466;-74.0072301;100.0;;;
Ana Teixeira;;Faculdade de Arquitetura e Urbanismo da Universidade de São Paulo;-23.56012;-46.72985;Caçapava, São Paulo, Brazil;;;;fontes biográficas de referência;;;currículo / site oficial da artista;alto;"MAC; outros; MAC USP";São Paulo, Brasil;1980s;fontes biográficas de referência;media;;;;;;
Anabela Costa;Portugal;Lisbon Fine Arts University;38.70893;-9.14067;Lisbon, Portugal;;;female;monografia / Institut Français;médio;;FILE Festival / IFdigital;alto;FILE;;;;;38.7070085;-9.1356407;100.0;;;
Anaisa Franco;Brazil;"Fundação Armando Alvares Penteado; University of Plymouth";"-23.5450155; 50.374121";"-46.6630802; -4.138512";Minas Gerais;;;female;Enciclopédia Itaú Cultural;alto;;;;FILE;;;;;-18.456295297924;-44.673412162104;100.0;;;
Anastasia Melikhova;Russia;Ural State Academy of Architecture and Arts;56.83989;60.61183;Pyt-Yakh, Russia;;;female;FILE Festival;médio;;FILE Festival / Doha Film Institute;alto;FILE;;;;;60.74985;72.85824;100.0;;;
Anatol Wladyslaw;;;;;;;;;;;;;;;;;;;;;;;;
Ander Ugartemendia;Spain;autodidata;;;Spain;;;male;FILE Festival;médio;;FILE Festival (País de Origem);alta;FILE;;;;alta;;;;;;
Andrea Cristini;Italy;;;;;;;male;;;"local de nascimento não localizado em fonte auditável; biografias consultadas indicam nacionalidade e atuação, não local de nascimento";;;FILE;;;;;;;;;;
Andrea Familari;Italy;University of Pisa;43.716508333333;10.398458333333;Italy;;;male;CV/website oficial;alto;;site oficial (famifax.com) / FILE Festival;médio;FILE;;;;;42.83333;12.83333;100.0;;;
Andrea Mantegna;Republic of Venice;escola/oficina de Francesco Squarcione;;;Isola Mantegna;Basilica of Sant'Andrea;Mantua;male;https://en.wikipedia.org/wiki/Andrea_Mantegna;;;;;"outros; MASP";Pádua;"a partir dos 11 anos; antes de 1448";https://en.wikipedia.org/wiki/Andrea_Mantegna;alta;45.5706918;11.7335521;100.0;22.325912382819;-84.242471004414;100.0
Andreas Lutz;Germany;Offenburg University of Applied Sciences;48.4589;7.94278;Freiburg im Breisgau, Germany;;;male;CURRENTS New Media;médio;;CV oficial / Wikipedia;alto;FILE;;;;;47.994785999;7.849876999;100.0;;;
Andreas Nicolas Fischer;Germany;Berlin University of the Arts;52.509166666666665;13.326944444444445;Munich, Germany;;;male;Studio ANF (site oficial);alto;;IDN World / Sedition;médio;FILE;;;;;48.143438999;11.573599;100.0;;;
Andressa Hadig Haidar;Brazil;Universidade de Fortaleza (UNIFOR);-3.7687753;-38.478061;Brazil;;;female;FILE Festival (biografia do artista);médio;;FILE Festival (País de Origem);alta;FILE;;;;alta;;;;;;
Andrew Ellis Johnson;United States;"State University of New York at Buffalo; School of the Art Institute of Chicago; Carnegie Mellon University";43;-78.78916666666667;Cortland, New York, USA;;;male;Carnegie Mellon University;alto;;site oficial / SUNY Cortland;alto;FILE;;;;;42.601213;-76.180483;100.0;;;
Andrew Wilson;;"Ringling College of Art and Design; CG Master Academy";34.05223;-118.24368;United States;;;;Zerply;médio;"FILE explicita “País de Origem: United States”; preenchido em nível de país.";FILE Festival (País de Origem);alta;FILE;;;;alta;;;;;;
André Berlemont;France;;;;France;;;male;;;;FILE Festival (País de Origem);alta;FILE;;;;alta;;;;;;
André Figurey;France;"École des Beaux-Arts de Lyon; ateliês de gravura em Paris";"45.768055555556; 48.85666666666667";"4.8172222222222; 2.352222222222222";Lyon;;Barbacena;male;https://fr.wikipedia.org/wiki/Andr%C3%A9_Figurey;;Formação reconstruída a partir de fontes biográficas abertas francesas.;;;"outros; Museu Paulista";"Lyon; Paris";;;media;45.767634724;4.835037488;100.0;-21.2264611;-43.7740274;100.0
André Lhote;France;école des beaux-arts de Bordeaux;44.83111111111111;-0.5611111111111111;Bordeaux;Montparnasse Cemetery;Paris;male;Wikipédia;;identificado como artista;;;"MAC; outros; MAC USP";Bordeaux;1898–1904;Wikipédia;alta;44.837898313;-0.579380299;100.0;48.856372814;2.352529617;100.0
André Masson;;;;;;;;;;;;;;;;;;;;;;;;
André-Charles Voillemot;France;aluno de Michel Martin Drolling;;;Paris;;Paris;male;https://fr.wikipedia.org/wiki/Andr%C3%A9-Charles_Voillemot;;A fonte recuperada informa o mestre, mas não detalha cronologia formativa.;;;"outros; Museu Nacional de Belas Artes";Paris;;;media;48.856372814;2.352529617;100.0;48.856372814;2.352529617;100.0
Angela Stempel;United States;"Tufts University; School of the Museum of Fine Arts at Tufts";"42.406949; 42.3386";"-71.11982; -71.0968";San Francisco, California, USA;;;female;FILE Festival (biografia do artista);médio;;The Bureau / FILE Festival;alto;FILE;;;;;37.7800771;-122.4201615;100.0;;;
Angelina Agostini;Brazil;"Escola Nacional de Belas Artes; Escola Nacional de Belas Artes (Enba); ateliê de Henrique Bernardelli";-22.90879805555556;-43.17573111111111;Rio de Janeiro;;Rio de Janeiro;female;https://pt.wikipedia.org/wiki/Angelina_Agostini | https://enciclopedia.itaucultural.org.br/pessoas/6491-angelina-agostini;;Os estudos iniciais com o pai Angelo Agostini aparecem na fonte complementar.;;;"outros; Museu Histórico Nacional";"Rio de Janeiro; Londres";"1906-1911; a partir de 1911";https://pt.wikipedia.org/wiki/Angelina_Agostini | https://enciclopedia.itaucultural.org.br/pessoas/6491-angelina-agostini;alta;-22.9014475;-43.1789159;100.0;-22.9014475;-43.1789159;100.0
Angelo Agostini;Brazil;Escola de Belas Artes;;;Vercelli;;Rio de Janeiro;male;"https://nanquim.com.br/angelo-agostini-1843-1910/; https://nacao.net/2006/01/30/angelo-agostini-1843-1910/";;"Preenchimento baseado em biografias de referência sobre o caricaturista; falta confirmação institucional mais específica.";;;"outros; Museu Histórico Nacional";Paris, França;c. década de 1850;https://nanquim.com.br/angelo-agostini-1843-1910/;baixa;45.3211114;8.4262359;100.0;-22.9014475;-43.1789159;100.0
Angelo da Silva Romão;;;;;;;;male;;;identificação localizada, mas formação não localizada com segurança;;;"outros; Museu Nacional de Belas Artes";;;;;;;;;;
Angelo Dall'Oca Bianca;Kingdom of Italy;Accademia Cignaroli;45.43479753250506;10.9929983708197;Verona;Verona;Verona;male;https://en.wikipedia.org/wiki/Angelo_Dall%27Oca_Bianca;;As fontes também associam a formação a Napoleone Nani.;;;"outros; Museu Nacional de Belas Artes";Verona;;;media;45.4383527;10.9917125;100.0;45.4383527;10.9917125;100.0
Anita Malfatti;Brazil;"Mackenzie Presbyterian University; Escola Americana; Mackenzie College; Academia de Belas Artes de Berlim";"-16.68055555555556; -23.54564; 52.516666666667";"-49.25638888888889; -46.652302; 13.383333333333";São Paulo;;São Paulo;female;https://pt.wikipedia.org/wiki/Anita_Malfatti;;"instituição em Berlim identificada; data precisa não localizada";;;"MAC; outros; MAC USP";"São Paulo, Brasil; São Paulo, Brasil; Berlim, Alemanha";"1903; 1906;";https://pt.wikipedia.org/wiki/Anita_Malfatti;media;-23.5486657;-46.6382522;100.0;-23.5486657;-46.6382522;100.0
Anna Barros;;"Otis Art Institute; Escola de Comunicações e Artes da USP";"33.956611; -23.55833333";"-118.417135; -46.72694444";São Paulo, São Paulo, Brazil;;;;https://enciclopedia.itaucultural.org.br/pessoas/8485-anna-barros;;graduação em artes plásticas e mestrado em artes;Enciclopédia Itaú Cultural;alta;"MAC; outros; MAC USP";"Los Angeles, EUA; São Paulo, Brasil";"1984; 1990";https://enciclopedia.itaucultural.org.br/pessoas/8485-anna-barros;alta;;;;;;
Anna Beata Baranska;Poland;Maria Curie-Skłodowska University in Lublin;51.2425;22.5405;Ilza, Poland;;;female;FILE Festival;médio;;site oficial da artista / FILE Festival;alto;FILE;;;;;51.16365665;21.236986846;100.0;;;
Anna Eyler;Canada;"Carleton University; University of Ottawa; Algonquin College; Concordia University";45.346936111111;-75.759386111111;Canada;;;female;Université du Québec en Outaouais;alto;;FILE Festival (País de Origem);alta;FILE;;;;alta;;;;;;
Anna Leterq;France;Lycée René Descartes;11.575;104.91972222;France;;;female;FILE Festival;médio;;FILE Festival (País de Origem);alta;FILE;;;;alta;;;;;;
Anna Salvatore;Italy;Accademia di Belle Arti di Napoli;40.8516;14.2512;Rome;;Rome;female;fontes biográficas de referência;;"instituição identificada; datas não localizadas com precisão";;;"MAC; outros; MAC USP";Nápoles, Itália;s.d.;fontes biográficas de referência;media;41.8905568;12.4942679;100.0;41.8905568;12.4942679;100.0
Anna Vasof;Greece;University of Thessaly;39.3576754;22.9484265;Prague;;;female;;;;;;FILE;;;;;50.071199678;14.450977012;100.0;;;
Annapurna Kumar;United States;California Institute of the Arts (CalArts);34.393055555556;-118.56694444444;Seattle, USA;;;female;Girls in Film;médio;Fonte institucional usa formulação de origem (“originally from Seattle”), sem afirmar nascimento.;Queen’s Film and Media;baixa;FILE;;;;;;;;;;
Anne Beal;United States;Rhode Island School of Design;41.825833333333;-71.407777777778;United States;;;female;site oficial da artista;médio;"FILE explicita “País de Origem: United States”; preenchido em nível de país.";FILE Festival (País de Origem);alta;FILE;;;;alta;;;;;;
Anne Charlotte Benasouli;France;ARIES School of Graphic and Motion Design;48.85666666666667;2.352222222222222;France;;;female;FILE Festival;médio;"FILE explicita “País de Origem: France”; preenchido em nível de país.";FILE Festival (País de Origem);alta;FILE;;;;alta;;;;;;
Anne Ethuin;France;"sem formação formal identificada; início do desenho e pintura em Paris; participação no Congrès Cobra em Bregnerød";"48.85666666666667; 56.102189";"2.352222222222222; 12.339152";Le Cateau-Cambrésis, France;Père Lachaise Cemetery;;female;https://www.dorothysgallery.com/2012/03/31/ethuin/ | https://www.appl-lachaise.net/ethuin-simone-jaguer-dite-anne-1921-2009/ | https://www.galerie-lesyeuxfertiles.com/artiste/ethuin-anne-;;;Dorothy's Gallery / Find a Grave;médio;"MAC; outros; MAC USP";"Paris, França; Bregnerød, Dinamarca";começa a desenhar e pintar em 1949;https://www.dorothysgallery.com/2012/03/31/ethuin/ | https://www.appl-lachaise.net/ethuin-simone-jaguer-dite-anne-1921-2009/;baixa;;;;;;
Annet Dekker;Kingdom of the Netherlands;"Goldsmiths, University of London; Utrecht University";"51.474269444444445; 52.085277777777776";"-0.03541111111111111; 5.175";Vorden, Netherlands;;;female;CV oficial da pesquisadora;médio;;ZKM;alto;FILE;;;;;;;;;;
Anthony Cavieles;United States;Pratt Institute;40.691111;-73.963889;;;;male;Pratt Institute / FILE Festival;médio;local de nascimento não localizado em fonte auditável;;;FILE;;;;;;;;;;
Anthony Rousseau;France;"École des beaux-arts de Rennes; Le Fresnoy – Studio national des arts contemporains";"48.114166666667; 50.7001129";"-1.6808333333333; 3.1547097";Mayenne, France;;;male;Le Fresnoy / Atmosphères 53;médio;;Light Cone;alto;FILE;;;;;48.147284256;-0.657415002;100.0;;;
Anthony van Dyck;Spanish Netherlands;"formação com Hendrick van Balen; trabalho no ateliê de Peter Paul Rubens";"; ";"; ";Antwerp;St Paul's Cathedral;Blackfriars;male;https://en.wikipedia.org/wiki/Anthony_van_Dyck | https://www.britannica.com/biography/Sir-Anthony-Van-Dyck;;;;;"outros; MASP";Antuérpia;c.1609-1620;https://en.wikipedia.org/wiki/Anthony_van_Dyck;alta;51.25942418;4.371799938;100.0;51.7562;-1.2601;100.0
Antoine Briot;France;"ENSATT de Lyon; ESAAix d’Aix-en-Provence";"45.7533; 43.5307";"4.81142; 5.44105";France;;;male;Théâtre Ouvert;alta;"FILE explicita “País de Origem: França”; preenchido em nível de país.";FILE Festival (País de Origem);alta;FILE;;;;;;;;;;
Antoine Léon Morel-Fatio;France;"Lycée Louis-le-Grand; Lycée Pierre-Corneille; Lycée Condorcet";"48.848018; 49.445311; 48.874803";"2.344176; 1.100213; 2.326933";Rouen;Montmartre Cemetery;1st arrondissement of Paris;male;https://pt.wikipedia.org/wiki/Antoine_L%C3%A9on_Morel-Fatio;;As fontes recuperadas indicam escolarização geral, mas não identificam academia artística específica.;;;"outros; Museu Nacional de Belas Artes";"Ruão; Paris";;;baixa;49.44350314;1.100060105;100.0;48.8600577;2.3410912;100.0
Antoine Mortier;Belgium;Académie des Beaux-Arts de Bruxelles;50.844;4.3477;Saint-Gilles;;Auderghem;male;fontes biográficas de referência;;"instituição identificada; datas não localizadas com precisão";;;"MAC; outros; MAC USP";Bruxelas, Bélgica;s.d.;fontes biográficas de referência;baixa;50.828543192;4.342225635;100.0;50.810184819;4.438037006;100.0
Antoine Vestier;France;Ateliê de Jean-Baptiste Pierre;;;Avallon;;Paris;male;"https://en.wikipedia.org/wiki/Antoine_Vestier | https://www.metmuseum.org/art/collection/search/437894?amp%3Boffset=0%3Brpp%3D40%3Bpos%3D11; https://en.wikipedia.org/wiki/Antoine_Vestier | https://artsandculture.google.com/entity/%D8%A3%D9%86%D8%B7%D9%88%D8%A7%D9%86-%D9%81%D9%8A%D8%B3%D8%AA%D9%8A%D8%B1/m04q8cfk";;;;;"outros; Museu Nacional de Belas Artes";Paris;desde o fim da década de 1750 (sem data exata de início/fim);;media;47.488286634;3.907628992;100.0;48.856372814;2.352529617;100.0
Antoine Vollon;France;"École nationale supérieure des beaux-arts de Lyon; École des Beaux-Arts de Lyon";45.768055555556;4.8172222222222;Lyon;Père Lachaise Cemetery;Paris;male;https://en.wikipedia.org/wiki/Antoine_Vollon | https://www.britannica.com/biography/Antoine-Vollon;;;;;"outros; MASP";"Lyon; Paris";;;media;45.767634724;4.835037488;100.0;48.856372814;2.352529617;100.0
Antonella Mignone;Italy;"Teatro Nuovo Ballet Academy of Turin; Accademia Isola Danza; La Sapienza University of Rome";"45.048762; 45.42872";"7.680982; 12.34297";Turin, Italy;;;female;APOTROPIA (site oficial);alta;;APOTROPIA (bio oficial);alto;FILE;;;;;45.0683751;7.6830662;100.0;;;
Antoni Tàpies;;;;;;;;;;;;;;;;;;;;;;;;
Antonio Alice;Argentina;"primeiras aulas com Decoroso Bonifanti; Royal Academy of Painting in Turin / Real Academia Albertina de Turim";"; ";"; ";Buenos Aires;;Buenos Aires;male;https://en.wikipedia.org/wiki/Antonio_Alice | https://coleccionamalita.org.ar/artistas/antonio-alice;;;;;"outros; Museu Nacional de Belas Artes";"Buenos Aires; Turim";"1897; 1904-1908";https://en.wikipedia.org/wiki/Antonio_Alice | https://coleccionamalita.org.ar/artistas/antonio-alice;alta;-34.6090264;-58.3732215;100.0;-34.6090264;-58.3732215;100.0
Antonio Bandeira;Brazil;"Beaux-Arts de Paris; Academia Imperial de Belas Artes (Aiba)";-22.91111111111111;-43.20555555555556;Fortaleza;;Paris;male;https://enciclopedia.itaucultural.org.br/pessoas/7649-rafael-pinto-bandeira;;;;;"MAC; outros; Museu Nacional de Belas Artes";Rio de Janeiro;ingresso em 1879;https://enciclopedia.itaucultural.org.br/pessoas/7649-rafael-pinto-bandeira;alta;-3.7184625;-38.5416698;100.0;48.856372814;2.352529617;100.0
Antonio Corpora;Kingdom of Italy;Tunis Institute of Fine Arts;36.820884;10.180469;Tunis;;Rome;male;https://artsandculture.google.com/entity/g120n2xv9;;Fonte indica formação no instituto de belas-artes de Túnis sob Armand Vergeaud antes da ida a Paris.;;;"MAC; outros; MAC USP";Túnis, Tunísia;c. 1920s–1929;https://artsandculture.google.com/entity/g120n2xv9;media;34.116317988;9.608516496;100.0;41.8905568;12.4942679;100.0
Antonio Dias;Brazil;Atelier Livre de Gravura da Escola Nacional de Belas Artes;-22.8625055;-43.2256622;Campina Grande;;Rio de Janeiro;male;https://pt.wikipedia.org/wiki/Antonio_Manuel_Lima_Dias;;"instituição identificada; datas não localizadas";;;"MAC; outros; MAC USP";Rio de Janeiro, Brasil;;;media;-7.2309326;-35.8818436;100.0;-22.9014475;-43.1789159;100.0
Antonio Fernández Gómez;Spain;"formação no Brasil; lições com Karl Ernst Papf";"; ";"; ";Goián;;Goián;male;"https://pt.wikipedia.org/wiki/Antonio_Fern%C3%A1ndez_G%C3%B3mez | https://palavracomum.com/antonio-fernandez-pintor-de-tres-mundos-brasil-italia-e-galiza/; https://pt.wikipedia.org/wiki/Antonio_Fern%C3%A1ndez_G%C3%B3mez";;As fontes não especificam instituição formal para a etapa brasileira.;;;"outros; Museu Paulista";"Brasil; Itália";"a partir de 1894; Itália em 1901-1902";https://pt.wikipedia.org/wiki/Antonio_Fern%C3%A1ndez_G%C3%B3mez | https://palavracomum.com/antonio-fernandez-pintor-de-tres-mundos-brasil-italia-e-galiza/;media;43.2340935;-8.7359679;100.0;43.2340935;-8.7359679;100.0
Antonio Ferrigno;Kingdom of Italy;"Accademia di Belle Arti di Napoli; Academia de Belas Artes de Nápoles; estudos com Giacomo Di Chirico, Teofilo Patini e Domenico Morelli";40.8516;14.2512;Maiori;;Salerno;male;https://pt.wikipedia.org/wiki/Antonio_Ferrigno;;;;;"outros; Museu Paulista";"Nápoles; Salerno";"1883-1885; 1884-1886";https://pt.wikipedia.org/wiki/Antonio_Ferrigno;alta;40.648443;14.640415;100.0;40.6779181;14.7659539;100.0
Antonio Henrique Amaral;Brazil;"Escola do Museu de Arte de São Paulo (MASP); Museu de Arte Moderna de São Paulo (MAM/SP); Pratt Graphic Institute";"-23.56111111111111; -23.588229; 40.691111";"-46.65583333333333; -46.655328; -73.963889";São Paulo;;São Paulo;male;"https://pt.wikipedia.org/wiki/Antonio_Henrique_do_Amaral; https://blombo.com/artistas/antonio-henrique-amaral; https://www.acervo.sp.gov.br/ObrasAudioteca/AntonioAmaral";;Fontes convergem para formação no MASP, MAM/SP e Pratt Graphic Institute.;;;"MAC; outros; MAC USP";"São Paulo, Brasil; São Paulo, Brasil; Nova Iorque, Estados Unidos";"1952; 1956; 1959";https://blombo.com/artistas/antonio-henrique-amaral;alta;-23.5486657;-46.6382522;100.0;-23.5486657;-46.6382522;100.0
Antonio Mancini;Kingdom of Italy;"Accademia di Belle Arti di Napoli; Institute of Fine Arts in Naples";40.8516;14.2512;Albano Laziale;Santi Bonifacio e Alessio;Rome;male;https://en.wikipedia.org/wiki/Antonio_Mancini;;ingressa aos 12 anos;;;"outros; Museu Nacional de Belas Artes";Nápoles, Itália;c. 1864;https://en.wikipedia.org/wiki/Antonio_Mancini;media;41.7284032;12.6608942;100.0;41.8905568;12.4942679;100.0
Antonio Maria Vassallo;history of Genoa;formação com Vincent Malo;;;Genoa;;Milan;male;https://en.wikipedia.org/wiki/Antonio_Maria_Vassallo;;Formação descrita em oficina/atelier.;;;"outros; Museu Nacional de Belas Artes";Gênova;;;media;44.4070624;8.9339889;100.0;45.4636183;9.1881156;100.0
Antonio Segui;Argentina;"Real Academia de Bellas Artes de San Fernando; École nationale supérieure des beaux-arts";40.4178;-3.7007;Villa Allende;Cemetery of Arcueil;Buenos Aires;male;https://en.wikipedia.org/wiki/Antonio_Segu%C3%AD;;A fonte consultada registra o período das passagens por Madri e Paris como estudante visitante.;;;"MAC; outros; MAC USP";"Madri, Espanha; Paris, França";"1951–1954; 1951–1954";https://en.wikipedia.org/wiki/Antonio_Segu%C3%AD;alta;-31.2946118;-64.29924;100.0;-34.6090264;-58.3732215;100.0
António Carneiro;Portugal;"University of Porto; Academia Portuense de Belas-Artes; Académie Julian";41.15;-8.610833333333334;Amarante;;Porto;male;"https://amarantetourism.com/poi/antonio-carneiro/ | https://www.infopedia.pt/artigos/%24antonio-carneiro | https://pt.wikipedia.org/wiki/Ant%C3%B3nio_Carneiro; https://amarantetourism.com/poi/antonio-carneiro/ | https://www.infopedia.pt/artigos/%24antonio-carneiro";;A Infopédia menciona ainda Soares dos Reis e Marques de Oliveira como mestres na academia do Porto.;;;"outros; Pinacoteca de São Paulo";"Porto; Paris";"ingresso em 1884; estudos em Paris a partir de 1897";https://amarantetourism.com/poi/antonio-carneiro/ | https://pt.wikipedia.org/wiki/Ant%C3%B3nio_Carneiro;alta;41.2697487;-8.0783357;100.0;41.1501526;-8.610318;100.0
António Carvalho de Silva Porto;Kingdom of Portugal;"Beaux-Arts de Paris; Academia Portuense de Belas Artes; École des Beaux-Arts de Paris";41.15;-8.610833333333334;Porto;Alto de São João Cemetery;Lisbon;male;https://pt.wikipedia.org/wiki/Ant%C3%B3nio_da_Silva_Porto | https://sigarra.up.pt/up/pt/p/antigos%20estudantes%20ilustres%20-%20ant%C3%B3nio%20silva%20porto;;As fontes citam aulas com Adolphe Yvon e Alexandre Cabanel em Paris.;;;"outros; Museu Nacional de Belas Artes";"Porto; Paris";"matrícula em 1865; 1873 em diante";https://pt.wikipedia.org/wiki/Ant%C3%B3nio_da_Silva_Porto;alta;41.1501526;-8.610318;100.0;38.7070085;-9.1356407;100.0
Antônio Correa e Castro, “Antonico”;;;;;;;;;;;formação não localizada com segurança;;;"outros; Museu Casa da Hera";;;;;;;;;;
Antônio de Souza Lobo;Brazil;Academia Imperial de Belas Artes;-22.91111111111111;-43.20555555555556;Campos dos Goytacazes;;Rio de Janeiro;male;https://pt.wikipedia.org/wiki/Ant%C3%B4nio_de_Souza_Lobo;;Formação citada sob supervisão de Agostinho da Mota, Augusto Müller e Victor Meirelles.;;;"outros; Museu Nacional de Belas Artes";Rio de Janeiro;;;alta;-21.75227;-41.33044;100.0;-22.9014475;-43.1789159;100.0
Antônio Diogo da Silva Parreiras;;;;;;;;;;;;;;;;;;;;;;;;
Antônio Firmino Monteiro;Brazil;Academia Imperial de Belas Artes;-22.91111111111111;-43.20555555555556;Rio de Janeiro;;Niterói;male;https://pt.wikipedia.org/wiki/Ant%C3%B4nio_Firmino_Monteiro | https://enciclopedia.itaucultural.org.br/pessoas/293-antonio-firmino-monteiro;;;;;"outros; Museu Nacional de Belas Artes";Rio de Janeiro;;;media;-22.9014475;-43.1789159;100.0;-22.8898227;-43.1220775;100.0
Antônio Francisco Lisboa, Aleijadinho (atribuição);;"oficina de Manuel Francisco Lisboa; Seminário dos Franciscanos Donatos do Hospício da Terra Santa";-20.385277777778;-43.503611111111;;;;;"BNDigital; Wikipédia";;"aprendizado inicial na oficina do pai e do tio; fontes também indicam frequência ao seminário; registro do acervo está como atribuição";;;"outros; Museu da Inconfidência";Ouro Preto (Vila Rica), MG;c. 1750–1759;Wikipédia;media;;;;;;
Antônio Frederico de Castro Alves;Brazil;"Faculdade de Direito do Recife; ensino primário em São Félix; colégio de Abílio César Borges; curso preparatório anexo à Faculdade de Direito do Recife";-12.605;-38.971944444444;Muritiba;Cemitério do Campo Santo;Salvador;male;https://pt.wikipedia.org/wiki/Castro_Alves | https://www.academia.org.br/academicos/castro-alves/biografia;;"Creator tratado como Castro Alves; a formação recuperada é escolar/literária, não de artes visuais.";;;"outros; Museu Histórico Nacional";"São Félix; Salvador; Recife";"1853 em diante; 1862";https://pt.wikipedia.org/wiki/Castro_Alves | https://www.academia.org.br/academicos/castro-alves/biografia;alta;-12.6222124;-38.9898379;100.0;-12.9641527;-38.5058208;100.0
Antônio Gomide;Brazil;"Escola de Comércio de Genebra; Escola de Belas Artes de Genebra";"46.224; 46.2";"6.101; 6.15";Itapetininga;;;male;Wikipédia;;"também praticou afresco com Marcel-Lenoir em Paris; datas não localizadas com segurança";;;"MAC; outros; MAC USP";"Genebra, Suíça; França";;;media;-23.5905428;-48.0534686;100.0;;;
Antônio Guimarães;Brazil;"Escola de Artes Decorativas António Arroio; Escola Superior de Belas Artes";"38.73611111; 41.15";"-9.12722222; -8.610833333333334";Rio de Janeiro;;;male;Art Book - Catálogo Internacional de Artes;;instituições identificadas, datas não localizadas;;;"MAC; outros; MAC USP";"Lisboa, Portugal; Lisboa, Portugal";;;media;-22.9014475;-43.1789159;100.0;;;
Antônio José dos Santos;;formação inicial como auxiliar do pintor Roberto Lúcio;;;;;;;https://www.catalogodasartes.com.br/artista/Antonio%20de%20Olinda%20-%20Ant%EF%BF%BDnio%20de%20Olinda%20-%20Ant%EF%BF%BDnio%20Jos%EF%BF%BD%20dos%20Santos/;;A identificação do creator foi associada ao artista 'Antônio de Olinda / Antônio José dos Santos' conforme a fonte disponível.;;;"outros; Museu Histórico Nacional";Olinda;;;media;;;;;;
Antônio Lizárraga;;"Academia de San Carlos; Escola Nacional de Artes Plásticas";"19.433086;";"-99.128844;";Buenos Aires, Argentina;;;male;https://livroresumido.com.br/2024/02/18/antonio-lizarraga-quadrados-em-quadrados-maria-jose-spiteri/;;"formação localizada em fonte secundária; datas não confirmadas em fonte institucional";Revista USP;media;"MAC; outros; MAC USP";Cidade do México, México;;;media;;;;;;
Antônio Parreiras;Brazil;"Academia Imperial de Belas Artes; Accademia di Belle Arti di Venezia";-22.91111111111111;-43.20555555555556;Niterói;;Niterói;male;"Wikipédia; InfoEscola";;"abandonou a Academia Imperial e prosseguiu estudos com Georg Grimm; datas não localizadas com segurança";;;"outros; Pinacoteca de São Paulo";"Rio de Janeiro; Veneza, Itália";;;media;-22.8898227;-43.1220775;100.0;-22.8898227;-43.1220775;100.0
Antônio Pedro;Portugal;"University of Lisbon; Liceu Pedro Nunes; Instituto Nuno Álvares; liceu em Santarém; liceu em Coimbra";"38.71659; 41.557222222222; 39.240212; 40.19935062631279";"-9.158899; -8.5438888888889; -8.67913; -8.43134784215179";Praia;;Freguesia de Moledo;male;https://pt.wikipedia.org/wiki/Ant%C3%B3nio_Pedro;;"formação escolar geral antes da carreira artística; datas exatas não localizadas";;;"MAC; outros; MAC USP";"Lisboa, Portugal; A Guarda, Galiza, Espanha; Santarém, Portugal; Coimbra, Portugal";"s.d.; s.d.; s.d.; s.d.";https://pt.wikipedia.org/wiki/Ant%C3%B3nio_Pedro;media;14.9167041;-23.5074979;100.0;41.8480681;-8.859368;82.2
Antônio Rafael Pinto Bandeira;Brazil;Academia Imperial de Belas Artes (Aiba);-22.91111111111111;-43.20555555555556;Niterói;;Rio de Janeiro;male;https://enciclopedia.itaucultural.org.br/pessoas/7649-rafael-pinto-bandeira;;;;;outros;Rio de Janeiro;ingresso em 1879;https://enciclopedia.itaucultural.org.br/pessoas/7649-rafael-pinto-bandeira;alta;-22.8898227;-43.1220775;100.0;-22.9014475;-43.1789159;100.0
Anuar Elías;Mexico;autodidata;;;Mexico City;;;male;Goethe-Institut Bolivien;alta;;;;FILE;;;;;19.430457906;-99.141684761;100.0;;;
Anushka Naanayakkara;Sri Lanka;The National Film and Television School;51.6054;-0.6374;Loughborough, United Kingdom;;;female;site oficial da artista | FILE Festival;alto;;Japan Media Arts Festival;alto;FILE;;;;;52.772119611;-1.206157309;100.0;;;
Aram Sarkisian;United States;California Institute of the Arts;34.393055555556;-118.56694444444;Russia;;;male;FILE Festival;alta;;Animators for Armenia;médio;FILE;;;;;61.989526183;96.805371534;100.0;;;
Arcangelo Ianelli;Brazil;"Associação Paulista de Belas Artes; estudos com Colette Pujol";-23.550394444444;-46.633947222222;São Paulo;;São Paulo;male;"https://www.guiadasartes.com.br/arcangelo-ianelli/biografia; https://blombo.com/artistas/arcangelo-ianelli";;Formação inicial combinou associação artística e orientação de ateliê.;;;"MAC; outros; MAC USP";"São Paulo, Brasil; São Paulo, Brasil";"1940; 1942";https://www.guiadasartes.com.br/arcangelo-ianelli/biografia;alta;-23.5486657;-46.6382522;100.0;-23.5486657;-46.6382522;100.0
Ardengo Soffici;Kingdom of Italy;"Accademia di Belle Arti di Firenze; Scuola Libera del Nudo";43.776907;11.258475;Rignano sull'Arno;;Vittoria Apuana;male;https://en.wikipedia.org/wiki/Ardengo_Soffici;;Fontes apontam estudos na Academia de Belas Artes de Florença e na escola livre do nu antes da ida a Paris.;;;"MAC; outros; MAC USP";"Florença, Itália; Florença, Itália";"1897–1900; c. 1897–1900";https://en.wikipedia.org/wiki/Ardengo_Soffici;alta;43.72182;11.45342;100.0;43.9755905;10.150689;100.0
Ariana Boaventura;Brazil;"Universidade Federal de Rondônia; União das Faculdades de Rondônia (UNIRON/UNINTES); Serviço Nacional de Aprendizagem Comercial - MT (SENAC/MT); Universidade do Estado de Mato Grosso";"-8.8356; -8.7619444444444; -15.595833333333; -15.595833333333";"-63.9389; -63.903888888889; -56.096944444444; -56.096944444444";Brazil;;;female;Escavador (Lattes);médio;;FILE Festival (País de Origem);alta;FILE;;;;alta;;;;;;
Arlindo Daibert;;"Universidade Federal de Juiz de Fora; Atelier Calevaert-Brun";"-21.7747;";"-43.3683;";;;;male;https://www.escritoriodearte.com/artista/arlindo-daibert;;formação universitária em letras e aperfeiçoamento em gravura em Paris;;;"MAC; outros; MAC USP";"Juiz de Fora, Brasil; Paris, França";"1973; 1975–1976";https://www.escritoriodearte.com/artista/arlindo-daibert;alta;;;;;;
Armand Guillaumin;France;Académie Suisse;48.8545;2.3446;Paris;;Orly;male;fontes biográficas de referência;;formação também ligada ao convívio com Pissarro e Cézanne;;;"outros; Museu Nacional de Belas Artes";Paris, França;1860s;fontes biográficas de referência;media;48.856372814;2.352529617;100.0;48.743079252;2.400551222;100.0
Armando Morales;Nicaragua;School of Plastic Arts in Managua;14.0986;-87.2072;Granada;;Miami;male;https://www.oas.org/artsoftheamericas/armando-morales;;;;;"MAC; outros; MAC USP";Manágua, Nicarágua;1948–1953;https://www.oas.org/artsoftheamericas/armando-morales;alta;12.151965053;-61.659644959;100.0;25.775084;-80.194702;100.0
Armando Viana;Brazil;"Liceu de Artes e Ofícios; Escola Nacional de Belas Artes";"; -22.8625055";"; -43.2256622";;;;male;https://pt.wikipedia.org/wiki/Armando_Viana | https://www.catalogodasartes.com.br/artista/Armando%20Vianna/;;As fontes também citam Rodolfo Amoedo e Rodolfo Chambelland como mestres.;;;"outros; Museu Histórico Nacional";Rio de Janeiro;a partir de 1919;https://pt.wikipedia.org/wiki/Armando_Viana | https://www.catalogodasartes.com.br/artista/Armando%20Vianna/;alta;;;;;;
Arnaldo Ferrari;Brazil;Liceu de Artes e Ofícios de São Paulo;-23.5331446;-46.6267577;;;;male;https://enciclopedia.itaucultural.org.br/pessoas/2171-arnaldo-ferrari | https://www.escritoriodearte.com/artista/arnaldo-ferrari;;;;;"MAC; outros; MAC USP";São Paulo (SP);1925-1935;https://enciclopedia.itaucultural.org.br/pessoas/2171-arnaldo-ferrari | https://www.escritoriodearte.com/artista/arnaldo-ferrari;alta;;;;;;
Arnaldo Pedroso D'Horta;;Faculdade de Direito da Universidade de São Paulo (USP);-23.55;-46.63722222;São Paulo;;São Paulo;male;https://enciclopedia.itaucultural.org.br/pessoas/2977-arnaldo-pedroso-d-horta | https://www.guiadasartes.com.br/arnaldo-pedroso-dhorta/quem-foi;;A fonte informa formação em ciências jurídicas e sociais pela USP, sem cronologia detalhada.;;;"MAC; outros; MAC USP";São Paulo (SP);;;alta;-23.5486657;-46.6382522;100.0;-23.5486657;-46.6382522;100.0
Arnaud Julien Pallière;France;estudo de retrato e pintura histórica em Paris;48.85666666666667;2.352222222222222;Bordeaux;;Bordeaux;male;https://front.master.enciclopedia-ic.org/pessoa22523/arnaud-julien-palliere;;A fonte confirma a formação em Paris, mas não nomeia a instituição de ensino.;;;"outros; Coleção Brasiliana Itaú";Paris, França;1805;https://front.master.enciclopedia-ic.org/pessoa22523/arnaud-julien-palliere;baixa;44.837898313;-0.579380299;100.0;44.837898313;-0.579380299;100.0
Arnaud Pallière;France;estudo de retrato e pintura histórica em Paris;48.85666666666667;2.352222222222222;Bordeaux;;Bordeaux;male;https://front.master.enciclopedia-ic.org/pessoa22523/arnaud-julien-palliere;;A fonte confirma a formação em Paris, mas não nomeia a instituição de ensino.;;;"outros; Coleção Brasiliana Itaú";Paris, França;1805;https://front.master.enciclopedia-ic.org/pessoa22523/arnaud-julien-palliere;baixa;44.837898313;-0.579380299;100.0;44.837898313;-0.579380299;100.0
Arnold Bagasha;Kingdom of Denmark;The Animation Workshop;56.4561;9.40611;Denmark;;;male;site oficial / portfólio do artista;médio;;FILE Festival (País de Origem);alta;FILE;;;;alta;;;;;;
Arsênio da Silva;Brazil;"primeiros ensinamentos artísticos em Recife; aperfeiçoamento em Roma e Paris";-8.0538888888889;-34.880833333333;Recife;;Salvador;male;"https://pt.wikipedia.org/wiki/Ars%C3%AAnio_da_Silva | https://www.guiadasartes.com.br/arsenio-cintra-da-silva/obras-e-biografia | https://www.escritoriodearte.com/artista/arsenio-da-silva; https://pt.wikipedia.org/wiki/Ars%C3%AAnio_da_Silva | https://www.guiadasartes.com.br/arsenio-cintra-da-silva/obras-e-biografia";;As fontes disponíveis não nomeiam instituições específicas em Roma e Paris.;;;"outros; Museu Nacional de Belas Artes";"Recife; Roma; Paris";;;media;-8.0551894;-34.871176;100.0;-12.9641527;-38.5058208;100.0
Arthur Garfield Dove;United States;Cornell University;42.44916666666666;-76.48388888888888;Canandaigua;;Huntington;male;"Britannica; biografia institucional";;formação universitária com posterior migração para artes;;;"MAC; outros; MAC USP";Ithaca, Nova York, EUA;1900–1903;"Britannica; biografia institucional";alta;42.887495;-77.282497;100.0;38.4191237;-82.4452246;100.0
Arthur Kaufmann;Germany;"Kunstakademie Düsseldorf; Akademie der bildenden Künste Wien";48.201388888889;16.365277777778;Mülheim an der Ruhr;;Nova Friburgo;male;https://de.wikipedia.org/wiki/Arthur_Kaufmann_(Maler);;"academia identificada; datas não localizadas com precisão";;;"MAC; outros; MAC USP";Viena, Áustria;;;media;51.428106999;6.88505;100.0;-22.2891837;-42.5345547;100.0
Arthur Luiz Piza;Brazil;ateliê de Antonio Gomide;;;São Paulo;;Neuilly-sur-Seine;male;"https://www.guiadasartes.com.br/arthur-luiz-piza/biografia; https://www.arthur-luiz-piza.com/biographie/?lang=pt-br";;A formação registrada nas fontes consultadas é de ateliê, não escolar formal.;;;"MAC; outros; MAC USP";São Paulo, Brasil;1943;https://www.guiadasartes.com.br/arthur-luiz-piza/biografia;media;-23.5486657;-46.6382522;100.0;48.884828024;2.269704778;100.0
Arthur Osver;United States;School of the Art Institute of Chicago;41.879444444444;-87.623888888889;Chicago;;St. Louis;male;https://www.annexgalleries.com/artists/biography/3594/Osver/Arthur;;;;;"MAC; outros; MAC USP";Chicago, EUA;1931–1936;https://www.annexgalleries.com/artists/biography/3594/Osver/Arthur;alta;41.883229;-87.632398;100.0;38.635355;-90.2009855;100.0
Arthur Zeferino;Brazil;;;;Brazil;;;male;;;;FILE Festival (País de Origem);alta;FILE;;;;alta;;;;;;
Artur Barrio;Portugal;"Escola Nacional de Belas Artes; Escola de Belas Artes";"-22.8625055;";"-43.2256622;";Porto;;;male;https://pt.wikipedia.org/wiki/Artur_Barrio;;A fonte consultada não especifica no trecho o nome institucional completo da escola.;;;"MAC; outros; MAC USP";Rio de Janeiro, Brasil;1967;https://pt.wikipedia.org/wiki/Artur_Barrio;media;41.1501526;-8.610318;100.0;;;
Artur Timóteo da Costa;Brazil;"Federal University of Rio de Janeiro; Escola Nacional de Belas Artes";"-22.8625; -22.8625055";"-43.223888888889; -43.2256622";Rio de Janeiro;;Rio de Janeiro;male;Wikipédia;;"instituição formal identificada no Rio; período em Paris sem escola explicitada";;;"outros; Museu Nacional de Belas Artes";"Rio de Janeiro; Paris";"1894–1907; c. 1908–1910";Wikipédia;media;-22.9014475;-43.1789159;100.0;-22.9014475;-43.1789159;100.0
Arturo Tosi;Kingdom of Italy;"Brera Academy; Brera Academy of Fine Arts (escola de estudos do nu)";"45.47222222; 45.47222222";"9.18888889; 9.18888889";Busto Arsizio;;Milan;male;https://en.wikipedia.org/wiki/Arturo_Tosi;;A biografia indica frequência à escola de estudos do nu da Brera entre 1890 e 1891.;;;"MAC; outros; MAC USP";Milão, Itália;1890–1891;https://en.wikipedia.org/wiki/Arturo_Tosi;alta;45.6114064;8.8502715;100.0;45.4636183;9.1881156;100.0
Ash Thorp;United States;autodidata;;;San Diego County;;;male;Creative Bloq (entrevista);médio;;;;FILE;;;;;33.02820215874;-116.770213466758;100.0;;;
Atanasio Soldati;Italy;"University of Parma; Politecnico di Torino";45.063094444444;7.661075;Parma;;Parma;male;fontes biográficas de referência;;formação universitária anterior à atividade artística abstrata;;;"MAC; outros; MAC USP";Turim, Itália;c. 1910s;fontes biográficas de referência;media;44.8078212;10.3296266;100.0;44.8078212;10.3296266;100.0
Auguste Petit;France;estudos de desenho e pintura com Eugène Nestle;;;Châtillon-sur-Seine;;Rio de Janeiro;male;https://www.arrematearte.com.br/artistas/auguste-petit-1844;;A fonte registra formação com o paisagista Eugène Nestle, sem escola formal nomeada.;;;"outros; Museu Nacional de Belas Artes";Châtillon-sur-Seine, França;antes de 1864;https://www.arrematearte.com.br/artistas/auguste-petit-1844;media;47.86046539;4.573734591;100.0;-22.9014475;-43.1789159;100.0
Augusto Bracet;Brazil;Escola Nacional de Belas Artes;-22.8625055;-43.2256622;Rio de Janeiro;;Rio de Janeiro;male;"https://www.guiadasartes.com.br/augusto-bracet/biografia; https://pt.wikipedia.org/wiki/Augusto_Bracet";;"na Europa estudou com Morelli e Louis Billoul; as fontes consultadas não especificam instituição formal";;;"outros; Museu Histórico Nacional";"Rio de Janeiro, RJ; Itália; França";"1902; 1911–1914";https://pt.wikipedia.org/wiki/Augusto_Bracet;media;-22.9014475;-43.1789159;100.0;-22.9014475;-43.1789159;100.0
Augusto Müller;Brazil;Academia Imperial de Belas Artes;-22.91111111111111;-43.20555555555556;Baden-Baden;;Rio de Janeiro;male;https://pt.wikipedia.org/wiki/Augusto_M%C3%BCller | https://enciclopedia.itaucultural.org.br/pessoas/6590-august-muller;;As fontes indicam Debret como mestre.;;;"outros; Museu Nacional de Belas Artes";Rio de Janeiro;matrícula em 1829;https://pt.wikipedia.org/wiki/Augusto_M%C3%BCller | https://enciclopedia.itaucultural.org.br/pessoas/6590-august-muller;alta;48.761793999;8.239951;100.0;-22.9014475;-43.1789159;100.0
Augusto Rodrigues Duarte;Brazil;"Academia Imperial de Belas Artes; Escola Superior de Belas Artes";"-22.91111111111111; 41.15";"-43.20555555555556; -8.610833333333334";Portugal;;Rio de Janeiro;male;https://pt.wikipedia.org/wiki/Augusto_Rodrigues_Duarte;;A fonte indica também estudos com Léon Gérôme em Paris.;;;outros;"Rio de Janeiro; Paris";"matrícula em 1866; aperfeiçoamento em Paris entre 1874 e 1879";https://pt.wikipedia.org/wiki/Augusto_Rodrigues_Duarte;alta;39.593139046;-8.51981299;100.0;-22.9014475;-43.1789159;100.0
Aurélie Herbet;France;"Université Paris 1 Panthéon-Sorbonne; EnsadLab";48.85666666666667;2.352222222222222;France;;;female;Université Paris 1 / bleuOrange;médio;;FILE Festival (País de Origem);alta;FILE;;;;alta;;;;;;
Aurélio de Figueiredo;Brazil;Academia Imperial de Belas Artes;-22.91111111111111;-43.20555555555556;Areia;;Rio de Janeiro;male;"https://enciclopedia.itaucultural.org.br/pessoas/3417-aurelio-de-figueiredo; https://pt.wikipedia.org/wiki/Aur%C3%A9lio_de_Figueiredo";;"em Florença estudou com Antonio Ciseri, Nicolò Barabino e Stefano Ussi; fontes consultadas não indicam escola formal nesse período";;;"outros; Museu Histórico Nacional";"Rio de Janeiro, RJ; Florença, Itália";"1870s; 1876–1878";https://pt.wikipedia.org/wiki/Aur%C3%A9lio_de_Figueiredo;media;-6.9660876;-35.6899708;100.0;-22.9014475;-43.1789159;100.0
Aurélio Zimmermann;Brazil;"Escola de Belas Artes de Berlim; Escola de Belas Artes de Dresden";"52.50916666666667; 51.05284167";"13.32694444444444; 13.74244444";Germany;;São Paulo;male;https://pt.wikipedia.org/wiki/Aur%C3%A9lio_Zimmermann;;;;;"outros; Museu Paulista";"Berlim; Dresden";;;alta;51.110631049;10.392277932;100.0;-23.5486657;-46.6382522;100.0
Autoria não identificada;;;;;;;;;;;autoria não identificada no próprio registro;;;"MAC; outros; MAC USP";;;;;;;;;;
Ava I-Wen Huang;Taiwan;New York University;40.73;-73.995;Taipei;;;female;Cake profile / NYU ITP archive;baixa;;;;FILE;;;;;25.0384125;121.5637046;100.0;;;
Ayanna Duran;;Universidade Federal de Goiás - Regional Jataí;-16.604916666667;-49.261138888889;;;;;Escavador;;fonte sugere vínculo com contexto indígena, mas sem base suficiente para preencher;;;"outros; Museu das Bandeiras";Jataí, GO;;;media;;;;;;
Ayao Okamoto;Brazil;"Fundação Armando Alvares Penteado (FAAP); Escola de Comunicações e Artes da Universidade de São Paulo (ECA-USP)";"-23.5450155; -23.55833333";"-46.6630802; -46.72694444";Assaí;;;male;https://www.escavador.com/sobre/355844/ayao-okamoto | https://www.ayaookamoto.art.br/sobre;;As fontes indicam graduação em Artes Plásticas, mestrado e doutorado.;;;"MAC; outros; MAC USP";São Paulo (SP);"1980; 2003; 2009";https://www.escavador.com/sobre/355844/ayao-okamoto;alta;-23.377919;-50.8430309;100.0;;;
Aysha Abulfateh;Bahrain;American University of Sharjah;25.309722;55.490556;;;;female;site oficial da artista / CV;médio;fontes localizadas informam atuação em Bahrain e formação, sem local de nascimento explícito;;;FILE;;;;;;;;;;
B. Constante Neto;;;;;;;;;;;;;;"outros; Museu Histórico Nacional";;;;;;;;;;
Barbara Schubert Spanoudis;;"estudos com João Fahrion; estudos com Yolanda Mohalyi e Ernesto Klasing; Academia de Arte de Düsseldorf";51.23054;6.77365;;;;;https://www.catalogodasartes.com.br/artista/B%EF%BF%BDrbara%20Schubert%20Spanoudis%20-%20Barbara%20Spanoudis/ | https://www.escritoriodearte.com/artista/barbara-schubert-spanoudis;;"No CSV o creator está sem acento em 'Barbara'; mantida a grafia original do creator.";;;"MAC; outros; MAC USP";"Porto Alegre; São Paulo; Düsseldorf";"1949-1951; c.1951-c.1952; 1952-1955";https://www.catalogodasartes.com.br/artista/B%EF%BF%BDrbara%20Schubert%20Spanoudis%20-%20Barbara%20Spanoudis/;alta;;;;;;
Barkın Şimşek;United States;New York University Abu Dhabi;24.5239;54.4346;Ankara, Turkey;;;male;FILE Festival;médio;;site pessoal;alto;FILE;;;;;39.8965202;32.8619738;100.0;;;
Baron Lanteigne;Canada;;;;Canada;;;male;;;;Artsy;médio;FILE;;;;;60.10867;-113.64258;100.0;;;
Barthélemy Lauvergne;France;estudos com Anne-Louis Girodet;;;Toulon;;Carcès;male;https://en.wikipedia.org/wiki/Barth%C3%A9lemy_Lauvergne;;Não foi localizada academia formal específica nas fontes consultadas.;;;"outros; Museu Histórico Nacional";Paris;;;media;43.12442;5.92836;100.0;43.476374453;6.181974647;100.0
Bas Jansen;Kingdom of the Netherlands;"HKU University of the Arts Utrecht; University of Amsterdam";52.09303055555556;5.121088888888889;Netherlands;;;male;Next Nature interview;médio;;FILE Festival (País de Origem);alta;FILE;;;;alta;;;;;;
Beat Suter;Switzerland;University of Zurich;47.374722222222;8.5483333333333;Baden, Switzerland;;;male;Zurich University of the Arts (ZHdK);alto;;Kunstradio / Literaturhaus Graz;alto;FILE;;;;;47.465543336;8.288254058;100.0;;;
Bego M Santiago;Spain;Technical University of Valencia;39.48088957948802;-0.3411099306510339;Santiago de Compostela, Spain;;;female;;;;Wikipedia (gl) / FIC KAKV;médio;FILE;;;;;42.8806228;-8.5466071;100.0;;;
Belmiro Barbosa de Almeida Junior;Brazil;"Liceu de Artes e Ofícios do Rio de Janeiro; Academia Imperial de Belas Artes";"-22.91111111111111; -22.91111111111111";"-43.20555555555556; -43.20555555555556";Brazil;;Paris;male;Wikipédia;;"na França frequentou o ateliê de Jules Joseph Lefebvre; datas não localizadas com segurança";;;"outros; Pinacoteca de São Paulo";"Rio de Janeiro; Paris, França";;;media;-10.769946429;-53.073466889;100.0;48.856372814;2.352529617;100.0
Belmiro de Almeida;Brazil;"Liceu de Artes e Ofícios do Rio de Janeiro; Academia Imperial de Belas Artes";"-22.91111111111111; -22.91111111111111";"-43.20555555555556; -43.20555555555556";Brazil;;Paris;male;Wikipédia;;"na França frequentou o ateliê de Jules Joseph Lefebvre; datas não localizadas com segurança";;;"outros; Pinacoteca de São Paulo";"Rio de Janeiro; Paris, França";;;media;-10.769946429;-53.073466889;100.0;48.856372814;2.352529617;100.0
Ben Chang;United States;Walsh School of Foreign Service;38.907222222222;-77.072777777778;United States;;;male;;;;FILE Festival (País de Origem);alto;FILE;;;;;;;;;;
Ben Ozeri;;The Animation Workshop;56.4561;9.40611;;;;male;FBF Animación;médio;fontes localizadas informam formação e atuação, sem local de nascimento explícito;;;FILE;;;;;;;;;;
Benedito Calixto;Brazil;"Académie des beaux-arts; Académie Julian";"48.857222; 48.871111111111";"2.336889; 2.3416666666667";Itanhaém;;São Paulo;male;Wikipédia;;fontes consultadas indicam formação inicial autodidata/ateliês em São Paulo;;;"outros; MASP";Paris, França;;;media;-24.1831686;-46.7895176;100.0;-23.5486657;-46.6382522;100.0
Beniamino Parlagreco;Brazil;Academia de Belas Artes de Nápoles;40.8516;14.2512;Caltanissetta;;Rio de Janeiro;male;https://pt.wikipedia.org/wiki/Beniamino_Parlagreco;;A fonte também menciona estudo com Domenico Morelli e Filippo Palizzi.;;;"outros; Pinacoteca de São Paulo";Nápoles;;;alta;37.4899089;14.0632893;100.0;-22.9014475;-43.1789159;100.0
Benjamin Lebourgeois;France;Supinfocom – RUBIKA;50.35805555555555;3.523333333333333;France;;;male;FILE Festival;médio;;FILE Festival (País de Origem);alta;FILE;;;;alta;;;;;;
Benjamin Mary;Belgium;treinamento desde a infância com um tio, incluindo fundamentos de desenho e gravura;;;Province of Liege;;Bagnères-de-Luchon;male;"https://www.brasilianaiconografica.org.br/artigos/20213/o-diplomata-e-desenhista-benjamin-mary | https://pt.wikipedia.org/wiki/Benjamin_Mary; https://www.brasilianaiconografica.org.br/artigos/20213/o-diplomata-e-desenhista-benjamin-mary";;A fonte disponível descreve formação inicial familiar, sem escola formal nomeada.;;;"outros; Pinacoteca de São Paulo";Bélgica;;;media;50.521163361;5.7405201;98.57;42.789181889;0.592557215;100.0
Benno Treidler;German Empire;Academia de Belas Artes de Berlim;52.516666666667;13.383333333333;Berlin;;Rio de Janeiro;male;https://enciclopedia.itaucultural.org.br/pessoas/6622-benno-treidler;;A fonte aberta também cita Christian Wilberg e Lechner como mestres.;;;"outros; Pinacoteca de São Paulo";Berlim;1875-1880;https://enciclopedia.itaucultural.org.br/pessoas/6622-benno-treidler;alta;52.517669999;13.405537999;100.0;-22.9014475;-43.1789159;100.0
Benoît Piccolini;Canada;;;;Canada;;;male;;;;FILE Festival (País de Origem);alta;FILE;;;;alta;;;;;;
Bento José Rufino Capinam;Brazil;formação com Franco Velasco;;;Salvador;;Salvador;male;https://pt.wikipedia.org/wiki/Bento_Jos%C3%A9_Rufino_Capinam;;A fonte disponível registra vínculo formativo com Franco Velasco, sem instituição formal nomeada.;;;outros;Salvador;sem data exata na fonte;https://pt.wikipedia.org/wiki/Bento_Jos%C3%A9_Rufino_Capinam;media;-12.9641527;-38.5058208;100.0;-12.9641527;-38.5058208;100.0
Bernardo Cid;;;;;;;;;;;;;;;;;;;;;;;;
Bernardo Loureiro;Brazil;"Universidade de São Paulo; Parsons School of Design; Escola Superior de Belas-Artes de Lisboa";38.708042;-9.139016;Brazil;;;male;"FILE Festival (biografia do artista); fontes biográficas de referência";médio;;FILE Festival (País de Origem);alta;FILE;Lisboa, Portugal;s.d.;fontes biográficas de referência;alta;;;;;;
Bernhard Wiegandt;Kingdom of Prussia;"Academy of Fine Arts, Munich; Academia de Belas Artes de Munique";48.1531959202723;11.5803123911292;Cologne;;Bremen;male;"https://pt.wikipedia.org/wiki/Bernhard_Wiegandt | https://www.brasilianaiconografica.art.br/autores/19894/bernhard-wiegandt; https://pt.wikipedia.org/wiki/Bernhard_Wiegandt";;A página também menciona aulas com Julius von Benczúr e Ludwig von Löfftz.;;;"outros; Museu Paulista";Munique;1880;https://pt.wikipedia.org/wiki/Bernhard_Wiegandt;alta;50.938106999;6.957068;100.0;53.075605999;8.809338;100.0
Bertha Worms;Brazil;"Escola de Belas-Artes de Paris; Académie Julian";48.85666666666667;2.333611111111112;Uckange;;São Paulo;female;"https://pt.wikipedia.org/wiki/Bertha_Worms; https://static.even3.com/anais/428011.pdf";;Datas baseadas em fontes biográficas e trabalho acadêmico sobre a artista.;;;"outros; Pinacoteca de São Paulo";"Paris, França; Paris, França";"1881; 1885";https://static.even3.com/anais/428011.pdf;media;49.300628451;6.158524336;100.0;-23.5486657;-46.6382522;100.0
Bettina Vaz Guimarães;;Faculdade de Artes Plásticas da FAAP;-23.5450155;-46.6630802;;;;female;"Artsoul; Guia das Artes";;"formação em Comunicação Visual/Artes Plásticas na FAAP; fontes convergem para 1982";;;"MAC; outros; Museu Victor Meirelles";São Paulo, SP;1982;"Artsoul; Guia das Artes";alta;;;;;;
Bill Domonkos;United States;Cleveland Institute of Art;41.5105;-81.6025;Toledo, Ohio;;;male;VideoChannel Interview Project;médio;;VideoChannel Interview Project;alto;FILE;;;;;41.655298;-83.535717;100.0;;;
Bill Psarras;Greece;"Goldsmiths, University of London; Ionian University; University of the Arts London";"51.474269444444445; 39.62055556; 51.5178";"-0.03541111111111111; 19.91555556; -0.116389";Greece;;;male;FILE Festival (biografia do artista);médio;;FILE Festival;médio;FILE;;;;;39.0;22.0;100.0;;;
Bin Kondo;;Tokyo University of the Arts;35.7195782;139.7726862;;;;;fontes biográficas de referência;;instituição identificada em fontes secundárias;;;"MAC; outros; MAC USP";Tóquio, Japão;s.d.;fontes biográficas de referência;baixa;;;;;;
Binh Minh Herbst;Vietnam;Burg Giebichenstein Kunsthochschule Halle;51.5027;11.9549;Vietnam;;;female;Burg Giebichenstein Kunsthochschule Halle;alta;;FILE Festival;médio;FILE;;;;;16.16667;107.83333;100.0;;;
Bird Swarm;Portugal;;;;Funchal, Madeira;;;male;;;;FILE Festival;alto;FILE;;;;;32.6475379;-16.9050158;100.0;;;
Birk Von Brockdorff;;The Animation Workshop;56.4561;9.40611;Denmark;;;male;MOME;médio;"fonte biográfica identifica apenas o país; preenchimento mantido em nível de país.";MOME;médio;FILE;;;;;;;;;;
Bittler Bernard;France;autodidata;;;;;;male;Bedetheque;médio;fontes localizadas informam residência e nacionalidade, não nascimento;;;FILE;;;;;;;;;;
Bjørn Svin;Kingdom of Denmark;;;;Ringsted, Denmark;;;male;;;;Discogs / Wikipedia (fontes convergentes);médio;FILE;;;;;55.457294990286;11.817460156874;100.0;;;
Blake Marques Carrington;United States;"Indiana University Bloomington; Syracuse University";"39.167222; 43.037638888889";"-86.521389; -76.134";Indiana, United States;;;male;Pratt Institute (perfil institucional);alta;biografia do FILE explicita o local de nascimento.;FILE Festival (biografia do artista);alta;FILE;;;;alta;;;;;;
Bo Mathorne;Kingdom of Denmark;"The Drawing Academy; The Animation Workshop";"; 56.4561";"; 9.40611";Denmark;;;male;FILE Festival (biografia do artista);médio;;FILE Festival (biografia do artista);alto;FILE;;;;;55.959300779;10.053934054;100.0;;;
Bohyun Yoon;South Korea;Tama Art University;35.611933666075636;139.35045408465814;Seoul;;;male;;;;;;FILE;;;;;37566.0;126.9784;100.0;;;
Bonnie Mitchell;United States;University of Oregon;44.044166666667;-123.07583333333;Estados Unidos;;;female;ACM SIGGRAPH History Archives;médio;Ficha FILE explicita País de Origem.;FILE Archive — ficha de participante;alta;FILE;;;;alta;;;;;;
Boris du Boullay;France;"Université Paris 8 Saint-Denis; Greta Sud Isère; Institut des Arts de Diffusion (IAD); Université Paris-Sorbonne";"48.944722222222; 48.848333333333";"2.3633333333333; 2.3427777777778";France;;;male;Viadeo;baixo;"FILE explicita “País de Origem: France”; preenchido em nível de país.";FILE Festival (País de Origem);alta;FILE;;;;alta;;;;;;
Boris Labbé;France;"École Supérieure d’Art et de Céramique de Tarbes; EMCA École des Métiers du Cinéma d’Animation";43.23642;0.074619;Lannemezan, France;;;male;Cinemambiente | Expanded Animation;médio;;Semaine de la Critique / Media Art Festival;alto;FILE;;;;;43.125425768;0.384017969;100.0;;;
Boris Seewald;Germany;"Filmarche; Berlin University";52.516666666667;13.383333333333;Germany;;;male;Numeridanse;médio;;FILE Festival (País de Origem);alto;FILE;;;;;;;;;;
Bramante Buffoni;Italy;Accademia di Brera;45.47222222;9.18888889;;;;male;fontes biográficas de referência;;instituição de formação associada à carreira gráfica em Milão;;;"MAC; outros; MAC USP";Milão, Itália;c. 1930s;fontes biográficas de referência;media;;;;;;
Brandon Blommaert;Canada;Alberta College of Art and Design;51.062;-114.091;Edmonton, Alberta, Canada;;;male;FILE Festival;médio;;Animafest / FILE Festival;alto;FILE;;;;;53.54545;-113.49014;100.0;;;
Brandon Morse;United States;"University of Wisconsin–Stevens Point; The Ohio State University";44.523036;-89.560321;Arlington, Texas;;;male;University of Maryland (perfil institucional);alta;;artnet;médio;FILE;;;;;32.735594;-97.10711;100.0;;;
Brice Roy;France;Université de Technologie de Compiègne;49.400272222222;2.799775;France;;;male;HAL (tese UTC);alto;;FILE Festival (País de Origem);alta;FILE;;;;alta;;;;;;
Brit Bunkley;United States;Macalester College;44.93944444444445;-93.1686111111111;New York City;;;male;;;;;;FILE;;;;;40.7130466;-74.0072301;100.0;;;
Bruno Borne;Brazil;Universidade Federal do Rio Grande do Sul;-30.033611111111;-51.219166666667;Porto Alegre, RS;;;male;Galeria Mamute / perfil institucional;alta;;Fundação Vera Chaves Barcellos;alto;FILE;;;;;-30.027679;-51.2286404;100.0;;;
Bruno Cassinari;Italy;"Brera Academy; Istituto Gazzola; Umanitaria; escola do Castello Sforzesco; Accademia di Brera";"45.05524; 45.50388888888889; 45.47222222";"9.68822; 9.099166666666669; 9.18888889";Piacenza;;Milan;male;https://galleriamichelangelo.it/en/artista/275/bruno-cassinari/bio;;Biografia de galeria documenta a sequência formativa em Piacenza e Milão e explicita o período da Brera.;;;"MAC; outros; MAC USP";"Piacenza, Itália; Milão, Itália; Milão, Itália; Milão, Itália";"c. 1920s; c. 1920s; c. 1920s; 1934–1938";https://galleriamichelangelo.it/en/artista/275/bruno-cassinari/bio;media;45.0537735;9.6951421;100.0;45.4636183;9.1881156;100.0
Bruno Dunley;;"Faculdade Santa Marcelina; Senac São Paulo";"-23.550394444444; -23.669369";"-46.633947222222; -46.700551";;;;;https://dasartes.com.br/artistas/bruno-dunley/;;As fontes vistas confirmam as instituições, mas não trazem no trecho datas precisas de frequência.;;;"MAC; outros; MAC USP";"São Paulo, Brasil; São Paulo, Brasil";"s.d.; s.d.";https://dasartes.com.br/artistas/bruno-dunley/;media;;;;;;
Bruno Martelli;United Kingdom;Central Saint Martins;51.535555555556;-125;United Kingdom;;;male;Computer Arts Society;médio;"FILE explicita “País de Origem: United Kingdom”; preenchido em nível de país.";FILE Festival (País de Origem);alta;FILE;;;;alta;;;;;;
Bruno Ministro;Portugal;"Faculdade de Letras da Universidade de Coimbra; Faculdade de Ciências Sociais e Humanas da Universidade Nova de Lisboa";38.74049;-9.150902;Portugal;;;male;FILE Festival (biografia do artista);médio;;A Glimpse Of;médio;FILE;;;;;39.593139046;-8.51981299;100.0;;;
Bruno Saetti;Italy;Accademia di Belle Arti di Bologna;44.497811111111;11.353188888889;Bologna;Certosa di Bologna;Bologna;male;EmporiumArt biography;;;;;"MAC; outros; MAC USP";Bolonha, Itália;até 1924;EmporiumArt biography;media;44.4941903;11.3465185;100.0;44.4941903;11.3465185;100.0
Bryn Oh;Canada;"Ontario College of Art and Design; Toronto School of Art; Seneca College";"43.653055555556; 43.670277777778; 43.79395";"-79.391194444444; -79.386666666667; -79.349047222222";Toronto, Canada;;;;FILE Festival (biografia da artista);médio;;Patreon oficial da artista;alto;FILE;;;;;43.653524;-79.383907;100.0;;;
Burcu Sankur;Turkey;Supinfocom;50.35805555555555;3.523333333333333;Istanbul, Turkey;;;female;Acme Filmworks (biografia);media;;FILE Festival;alto;FILE;;;;;41.0129952;28.9747973;100.0;;;
Byron Browne;United States;"National Academy of Design; estudos com Hans Hofmann";40.73769444444444;-73.98675;Yonkers;;New York City;male;"https://en.wikipedia.org/wiki/Byron_Browne_%28artist%29; https://www.caldwellgallery.com/artists/byron-browne/biography";;Formação combinou academia formal e estudos posteriores com Hofmann.;;;"MAC; outros; MAC USP";"Nova Iorque, Estados Unidos; Nova Iorque, Estados Unidos";"1925–1928; 1935";https://en.wikipedia.org/wiki/Byron_Browne_%28artist%29;alta;40.930794;-73.898294;100.0;40.7130466;-74.0072301;100.0
Bárbara Cani;Brazil;"Universidade Federal do Espírito Santo; Accademia Europea di Firenze";43.771388888889;11.254166666667;Brazil;;;female;site oficial da artista | FILE Festival;alto;"FILE explicita “País de Origem: Brazil”; preenchido em nível de país.";FILE Festival (País de Origem);alta;FILE;;;;alta;;;;;;
Béatrice Viguier;France;Supinfocom Rubika School;;;France;;;female;FILE Festival (biografia da artista);médio;"FILE explicita “País de Origem: France”; preenchido em nível de país.";FILE Festival (País de Origem);alta;FILE;;;;alta;;;;;;
C. Bacchi;;;;;;;;;;;;;;;;;;;;;;;;
C. Castro;;;;;;;;;;;;;;;;;;;;;;;;
C. Linde, c.i.d.;;;;;;;;;;;"assinatura abreviada; não foi possível desambiguar com segurança";;;"outros; Museu Casa da Hera";;;;;;;;;;
C130;;;;;;;;male;;;nome artístico ou identidade civil não confirmada com segurança;;;FILE;;;;;;;;;;
Caciporé Torres;Brazil;Université de Paris (Sorbonne);48.848333333333;2.3427777777778;Araçatuba;;;male;Wikipédia;;cursos de História da Arte e Civilização Francesa;;;"MAC; outros; MAC USP";Paris;1956–1959;Wikipédia;media;-21.2109137;-50.4259918;100.0;;;
Cadmo Fausto de Sousa;Brazil;"Escola Nacional de Belas Artes (Enba); Académie de la Grande Chaumière";-22.90879805555556;-43.17573111111111;;;;male;https://pt.wikipedia.org/wiki/Cadmo_Fausto_de_Sousa | https://www.diniznumismatica.com/2021/02/cadmo-fausto-o-artista-dos-cruzeiros-1.html;;;;;"outros; Museu Histórico Nacional";"Rio de Janeiro; Paris";"antes de 1931; 1931 em diante";https://pt.wikipedia.org/wiki/Cadmo_Fausto_de_Sousa | https://www.diniznumismatica.com/2021/02/cadmo-fausto-o-artista-dos-cruzeiros-1.html;alta;;;;;;
Caetano de Almeida;Brazil;"Academia Imperial de Belas Artes; Fundação Armando Álvares Penteado (FAAP); ateliês de gravura da Pinacoteca do Estado de São Paulo";"-22.91111111111111; -23.534444444444";"-43.20555555555556; -46.633888888889";Rio de Janeiro;;Rio de Janeiro;male;"https://www.guiadasartes.com.br/caetano-de-almeida; https://enciclopedia.itaucultural.org.br/pessoas/2090-caetano-de-almeida";;Formação formal na FAAP e complementação nos ateliês de gravura da Pinacoteca.;;;"MAC; outros; MAC USP";"São Paulo, Brasil; São Paulo, Brasil";"1983–1988; c. 1984";https://www.guiadasartes.com.br/caetano-de-almeida;alta;-22.9014475;-43.1789159;100.0;-22.9014475;-43.1789159;100.0
Caetano Luiz de Miranda;;Academia Imperial de Belas Artes;-22.91111111111111;-43.20555555555556;;;;;fontes biográficas de referência;;datas aproximadas;;;"outros; Museu do Diamante";Rio de Janeiro, Brasil;século XIX;fontes biográficas de referência;baixa;;;;;;
Caetano Luiz de Miranda (?);;Academia Imperial de Belas Artes;-22.91111111111111;-43.20555555555556;;;;;fontes biográficas de referência;;datas aproximadas;;;"outros; Museu do Diamante";Rio de Janeiro, Brasil;século XIX;fontes biográficas de referência;baixa;;;;;;
Camila Kamimura;Brazil;;;;São Paulo;;;female;;;;;;FILE;;;;;-23.5486657;-46.6382522;100.0;;;
Camille Burdy;France;ARIES School of Graphic and Motion Design;48.85666666666667;2.352222222222222;France;;;female;Ruffled Crow / créditos do filme escolar;media;;FILE Festival (País de Origem);alta;FILE;;;;alta;;;;;;
Camille Graeser;Switzerland;"State Academy of Fine Arts Stuttgart; Königliche Kunstgewerbeschule";"48.7775; 48.1375";"9.18; 11.575";Carouge;;Wald;male;https://legacy.vonbartha.com/artists/camille-graeser/;;Curso identificado como mobiliário e design de interiores.;;;"MAC; outros; MAC USP";Stuttgart, Alemanha;1911;https://legacy.vonbartha.com/artists/camille-graeser/;alta;46.181758875;6.139965114;100.0;47.275597293;8.911770999;100.0
Camille Kachani;;"formação em fotografia e pintura; estudos em Economia e História (instituições não identificadas na fonte)";"; ";"; ";;;;male;https://pt.wikipedia.org/wiki/Camille_Kachani;;"As áreas de formação aparecem na fonte, mas sem nome de instituição; mantida redação conservadora.";;;"MAC; outros; MAC USP";Brasil;;;baixa;;;;;;
Camilo Colmenares;Colombia;"National University of Colombia; Academy of Media Arts Cologne";"4.6355555555556; 50.93475582568144";"-74.082777777778; 6.962159950772375";Bogotá, Colombia;;;male;Animafest | KHM | FILE Festival;médio;;ISM ISM ISM / Deutsche Biographie;alto;FILE;;;;;4.6068824;-74.071837;100.0;;;
Camilo Giraldo Angel;Colombia;Instituto Superior de Arte, La Habana;23.088783;-82.446802;Pereira;;;male;biografia oficial do artista;médio;;;;FILE;;;;;4.812216;-75.6920466;100.0;;;
Camilo Herminda;Colombia;"Jorge Tadeo Lozano University; National University of Córdoba; University of Caldas";"4.606805555555556; -31.4375; 5.05611";"-74.06755555555556; -64.18777778; -75.4928";Colombia;;;male;ISEA Symposium Archives;media;"FILE explicita “País de Origem”; preenchido em nível de país.";FILE Festival (País de Origem);alto;FILE;;;;;;;;;;
Campos Ayres;Brazil;"formação autodidata inicial; Pensionato Artístico do Estado de São Paulo; Académie Julian";"; ; 48.871111111111";"; ; 2.3416666666667";Itapetininga;;;male;https://www.ufrgs.br/acervopbsa/autor_/campos-ayres-diogenes/ | https://pt.wikipedia.org/wiki/Campos_Ayres;;As fontes também citam aulas com Henry Royer, Robert Fleury/Tony Robert-Fleury e Jean-Paul Laurens em Paris.;;;"outros; Museu Paulista";"Avaré; Paris";"até 1909; 1909-1910";https://www.ufrgs.br/acervopbsa/autor_/campos-ayres-diogenes/ | https://pt.wikipedia.org/wiki/Campos_Ayres;alta;-23.5905428;-48.0534686;100.0;;;
Candido Portinari;Brazil;Escola Nacional de Belas Artes;-22.8625055;-43.2256622;Brodowski;;Rio de Janeiro;male;Projeto Portinari;;;;;"MAC; outros; MAC USP";Rio de Janeiro;desde 1920;Projeto Portinari;alta;-20.9904425;-47.6579131;100.0;-22.9014475;-43.1789159;100.0
Carl Burton;;;;;;;;male;;;local de nascimento não localizado em fonte auditável;;;FILE;;;;;;;;;;
Carl Emil Carlsen;Kingdom of Denmark;Designskolen Kolding;55.4862;9.4803;Denmark;;;male;Worksome;médio;;cec.dk;médio;FILE;;;;;55.959300779;10.053934054;100.0;;;
Carl Friedrich Philipp von Martius;Kingdom of Bavaria;"Friedrich-Alexander-Universität Erlangen-Nürnberg; Friedrich-Alexander-Universität Erlangen; Royal Bavarian Academy";48.1531959202723;11.5803123911292;Erlangen;Alter Südfriedhof;Munich;male;https://arquivo.acad-ciencias.pt/details?detailsType=Authority&id=20910 | https://www.britannica.com/biography/Karl-Friedrich-Philipp-von-Martius;;"Creator tratado como botânico/ilustrador-viajante; dados de formação acadêmica são bem documentados.";;;"outros; Coleção Brasiliana Itaú";"Erlangen; Baviera";"doutorado em medicina antes de 1814; 1814-1817";https://www.britannica.com/biography/Karl-Friedrich-Philipp-von-Martius | https://arquivo.acad-ciencias.pt/details?detailsType=Authority&id=20910;alta;49.595132999;11.00498;100.0;48.143438999;11.573599;100.0
Carl Morris;United States;"School of the Art Institute of Chicago; Chicago Art Institute; Kunstgewerbeschule; Vienna Academy of Fine Art";"41.87944444444445; 48.201388888889";"-87.62388888888889; 16.365277777778";Yorba Linda;;;male;https://www.usbr.gov/museumproperty/art/biomorri.html;;datas não localizadas na fonte consultada;;;"MAC; outros; MAC USP";"Chicago, EUA; Viena, Áustria; Viena, Áustria";"s.d.; s.d.; s.d.";https://www.usbr.gov/museumproperty/art/biomorri.html;media;33.888526;-117.824314;100.0;;;
Carla Gannis;United States;Boston University College of Fine Arts;42.34888888888889;-71.10027777777778;Oxford;;;female;;;;;;FILE;;;;;51.751982657;-1.257628623;100.0;;;
Carlito Contini;Brazil;Fundação Armando Alvares Penteado;-23.5450155;-46.6630802;São Paulo;;;male;place_of_birth_tiered_dataset.csv;;"dados recuperados de base auxiliar; datas não localizadas";;;"MAC; outros; MAC USP";São Paulo, Brasil;;;alta;-23.5486657;-46.6382522;100.0;;;
Carlo Carrà;Italy;"Brera Academy; Accademia di Brera";45.47222222;9.18888889;Quargnento;;Milan;male;https://www.britannica.com/biography/Carlo-Carra;;Fontes consultadas indicam estudo breve na academia e forte componente autodidata.;;;"MAC; outros; MAC USP";Milão, Itália;1906;https://www.britannica.com/biography/Carlo-Carra;media;44.9459444;8.4881296;100.0;45.4636183;9.1881156;100.0
Carlo De Servi;Brazil;"Escola de Belas Artes de Lucca; estudos em Roma com Alfredo Norfini";43.85;10.516666666667;Lucca;;Rome;male;https://pt.wikipedia.org/wiki/Carlo_De_Servi | https://www.catalogodasartes.com.br/artista/Carlo%20de%20Servi/;;;;;"outros; Museu Paulista";"Lucca; Roma";;;alta;43.8430139;10.507994;100.0;41.8905568;12.4942679;100.0
Carlos Alberto Carneiro Asp;Brazil;"Universidade Federal do Rio Grande do Sul (Pintura e Gravura); CEART/UDESC (Educação Artística – Artes Plásticas)";"-30.033611111111; -27.60111111";"-51.219166666667; -48.52";Porto Alegre;;;male;"MASC; UDESC";;"bacharel em Artes Plásticas pela UFRGS e licenciado em Educação Artística pelo CEART/UDESC; datas não localizadas";;;"outros; Museu Victor Meirelles";"Porto Alegre, RS; Florianópolis, SC";;;alta;-30.027679;-51.2286404;100.0;;;
Carlos Aliseris;Uruguay;Escuela Industrial Nº1 de Montevideo;-34.90591666666667;-56.19131111111111;Montevideo;;Montevideo;male;https://arte.parlamento.gub.uy/autor/view/258;;frequenta aulas de modelado com Luis Falcini;;;"MAC; outros; MAC USP";Montevidéu, Uruguai;1924–1928;https://arte.parlamento.gub.uy/autor/view/258;media;-34.9055557;-56.1852505;100.0;-34.9055557;-56.1852505;100.0
Carlos Antônio Botelho;;;;;;;;;;;;;;;;;;;;;;;;
Carlos Balliester;Brazil;estudos com Auguste Petit;;;Rio de Janeiro;;Rio de Janeiro;male;https://pt.wikipedia.org/wiki/Carlos_Balliester | https://www.netsaber.com.br/biografias/biografia-3563/biografia-de-carlos-balliester;;A formação aberta recuperável é o estudo com Auguste Petit.;;;"outros; Museu Histórico Nacional";Rio de Janeiro;;;media;-22.9014475;-43.1789159;100.0;-22.9014475;-43.1789159;100.0
Carlos Chambelland;Brazil;"Escola Nacional de Belas Artes; Liceu de Artes e Ofícios do Rio de Janeiro";-22.91111111111111;-43.20555555555556;Rio de Janeiro;;Rio de Janeiro;male;"https://www.guiadasartes.com.br/carlos-chambelland/biografia; https://pt.wikipedia.org/wiki/Carlos_Chambelland";;"em Paris frequentou o ateliê de Puvis de Chavannes; a fonte não traz escola formal para esse período";;;"outros; Museu Histórico Nacional";"Rio de Janeiro, RJ; Paris, França";1901–1907;https://www.guiadasartes.com.br/carlos-chambelland/biografia;media;-22.9014475;-43.1789159;100.0;-22.9014475;-43.1789159;100.0
Carlos Delfino;Argentina;ateliê de Carlos Fajardo;;;Santa Fe;;;male;https://www.catalogodasartes.com.br/artista/Carlos%20Delfino/;;"estudo em ateliê; escola formal não localizada";;;"MAC; outros; MAC USP";São Paulo, Brasil;1982;https://www.catalogodasartes.com.br/artista/Carlos%20Delfino/;media;35.692133;-105.939593;100.0;;;
Carlos Franklin;Colombia;"Universidad de los Andes; Le Fresnoy - Studio national des arts contemporains";50.7001129;3.1547097;Colombia;;;male;FMSH | FILE Festival;alto;;FMSH / FILE Festival;alto;FILE;;;;;3.901115804;-73.075754924;100.0;;;
Carlos Lima;;;;;;;;;https://www.catalogodasartes.com.br/noticia/ABeU/;;A fonte indica início da pintura incentivado por Carlos Scliar, sem escola formal nomeada.;;;outros;"formação autodidata; Cabo Frio, RJ";começa a pintar em 1973;https://www.catalogodasartes.com.br/noticia/ABeU/;media;;;;;;
Carlos Mendonça;Portugal;"Escola Veiga Beirão; estudos de dança com Ruth Asvin, Anna Mascolo e Isabel Santa Rosa; Estúdios Vaquer; estudos com Jacques Van de Veld; Ealing College of Art";"38.71194444; 51.5064";"-9.14083333; -0.3052";Lisbon;;;male;https://pt.wikipedia.org/wiki/Carlos_Mendon%C3%A7a | https://www.bertrand.pt/autor/carlos-mendonca/3384784 | https://www.revistadadanca.com/2457/;;Formação artística combinada entre teatro, dança clássica e desenho/história do traje.;;;"outros; Museu de Arte Religiosa e Tradicional";"Lisboa; Paris; Bélgica; Inglaterra";"estudos secundários; 1964 em diante para Ealing College of Art";https://pt.wikipedia.org/wiki/Carlos_Mendon%C3%A7a;alta;38.7070085;-9.1356407;100.0;;;
Carlos Mérida;Guatemala;Académie Colarossi;48.842222222222;2.3308333333333;Guatemala City;;Mexico City;male;Wikipédia;;identificado como artista;;;"MAC; outros; MAC USP";Paris;c. 1910–1914;Wikipédia;media;14.64198;-90.51324;100.0;19.430457906;-99.141684761;100.0
Carlos Prado;Brazil;Liceu de Artes e Ofícios de São Paulo;-23.5331446;-46.6267577;São Paulo;;São Paulo;male;fontes biográficas de referência;;instituição identificada em fontes sumárias;;;"MAC; outros; MAC USP";São Paulo, Brasil;s.d.;fontes biográficas de referência;baixa;-23.5486657;-46.6382522;100.0;-23.5486657;-46.6382522;100.0
Carlos Reis;Portugal;Academia de Belas-Artes de Lisboa;38.708042;-9.139016;Torres Novas;;Coimbra;male;"https://arteweek.blogspot.com/2020/09/o-naturalismo-de-carlos-reis.html | https://pt.wikipedia.org/wiki/Carlos_Ant%C3%B3nio_Rodrigues_dos_Reis; https://arteweek.blogspot.com/2020/09/o-naturalismo-de-carlos-reis.html";;A fonte consultada aponta Carlos Reis como discípulo de Silva Porto.;;;"outros; Museu Nacional de Belas Artes";"Lisboa; Paris";"até 1889; permanência em Paris a partir de 1889 até meados da década de 1890";https://arteweek.blogspot.com/2020/09/o-naturalismo-de-carlos-reis.html | https://wikitejo.mediotejo.pt/index.php/geografia-biografia-historia/biografias-genealogia-heraldica-bandeiras/559-carlos-reis;media;39.505553540741;-8.550812193704;100.0;40.211491;-8.4292014;100.0
Carlos Scliar;Brazil;aulas com Gustav Epstein;;;Santa Maria;;Rio de Janeiro;male;Wikipédia;;formação artística inicial por aulas, não por instituição formal;;;"MAC; outros; MAC USP";Porto Alegre;c. 1934;Wikipédia;baixa;34.948403;-120.435881;100.0;-22.9014475;-43.1789159;100.0
Carlos Vázquez Úbeda;Spain;"formação inicial com Joaquín Herrer y Rodríguez; Academia de Bellas Artes de San Fernando; estudos com Léon Bonnat";40.4178;-3.7007;Ciudad Real;;Barcelona;male;https://www.museodelprado.es/coleccion/artista/vazquez-ubeda-carlos/a81a11e7-5afa-459b-83af-ea6ef9c8c7c3 | https://en.wikipedia.org/wiki/Carlos_V%C3%A1zquez_%C3%9Abeda;;;;;"outros; MASP";"Ciudad Real; Madri; Paris";"até 1889; 1889 em diante";https://www.museodelprado.es/coleccion/artista/vazquez-ubeda-carlos/a81a11e7-5afa-459b-83af-ea6ef9c8c7c3;alta;38.9861041;-3.9272645;100.0;41.387917;2.1699187;100.0
Carlos Zilio;Brazil;"Federal University of Rio de Janeiro; Instituto de Belas Artes do Rio de Janeiro";-22.91111111111111;-43.20555555555556;Rio de Janeiro;;;male;Wikipédia;;"identificado como artista; período aproximado";;;"MAC; outros; MAC USP";Rio de Janeiro;c. 1960s;Wikipédia;media;-22.9014475;-43.1789159;100.0;;;
Carmela Gross;Brazil;"Fundação Armando Alvares Penteado; Fundação Armando Álvares Penteado (FAAP)";"-23.5450155; -23.5450155";"-46.6630802; -46.6630802";São Paulo;;;female;"Wikipédia; Enciclopédia Itaú Cultural";;"identificado como artista; data final de graduação localizada";;;"MAC; outros; MAC USP";São Paulo;até 1969;Wikipédia;alta;-23.5486657;-46.6382522;100.0;;;
Carmen Gil Vrolijk;Colombia;"Universidad de los Andes; Pontificia Universidad Javeriana";4.62894444;-74.06485;;;;female;CvLAC / Voltaje;alto;fontes localizadas informam atuação e residência em Bogotá, não nascimento;;;FILE;;;;;;;;;;
Carmélio Cruz;;formação com o mestre Jacinto de Souza;;;;;;;https://enciclopedia.itaucultural.org.br/pessoas/3411-carmelio-cruz | https://www.escritoriodearte.com/artista/carmelio-cruz;;Fonte registra aprendizado com mestre, não instituição formal.;;;"MAC; outros; MAC USP";Canindé (CE);1935-1940;https://enciclopedia.itaucultural.org.br/pessoas/3411-carmelio-cruz;media;;;;;;
Carolus Duran;France;"École des beaux-arts de Lille; Académie de Lille; ateliê de François Souchon; Académie Suisse";50.631944444444;3.0575;Lille;Fréjus;14th arrondissement of Paris;male;"https://pt.wikipedia.org/wiki/Carolus-Duran; https://iamasf.org/art/artists/carolus-duran/";;formação combinando academia local, estudo em ateliê e frequência posterior à Académie Suisse;;;"outros; Museu Casa da Hera";"Lille, França; Lille, França; Paris, França";"c. 1840s–1850s; c. 1850s; 1859–1861";"https://pt.wikipedia.org/wiki/Carolus-Duran ; https://iamasf.org/art/artists/carolus-duran/";media;50.6304582;3.071339915;100.0;48.8329218;2.3267959;100.0
CaRTe bLaNChe: Tanaami;Japan;Musashino Art University;35.72611111;139.4475;Tokyo, Japan;;;male;The National Art Center, Tokyo;alta;;The National Art Center, Tokyo;alto;FILE;;;;;35.68945633;139.69171609;100.0;;;
Carybé;Brazil;Escola Nacional de Belas Artes;-22.8625055;-43.2256622;Lanús;;Salvador;male;"Escritório de Arte; Wikipédia";;também completou estudos secundários no Rio de Janeiro;;;"MAC; outros; MAC USP";Rio de Janeiro, Brasil;1927–1929;Wikipédia;media;-34.6955253;-58.4076546;100.0;-12.9641527;-38.5058208;100.0
Castan C.;;;;;;;;;;;"identificação incompleta; não foi possível desambiguar com segurança";;;"outros; Museu Casa da Hera";;;;;;;;;;
Cedric Yon;;Pratt Institute;40.691111;-73.963889;;;;male;Saatchi Art;médio;"homônimos recorrentes em fontes abertas; local de nascimento não desambiguado com segurança";;;FILE;;;;;;;;;;
Celina Portella;Brazil;"Pontifícia Universidade Católica do Rio de Janeiro; Université Paris VIII";"-22.97868; 48.944722222222";"-43.232819; 2.3633333333333";Rio de Janeiro, Rio de Janeiro, Brazil;;;female;FILE Festival;médio;;Itaú Cultural / Zipper Galeria;alto;FILE;;;;;-22.9014475;-43.1789159;100.0;;;
Chan Stéphie Peang;;Supinfocom Rubika School;;;;;;;FILE Festival;médio;fontes localizadas informam formação e atuação, sem local de nascimento explícito;;;FILE;;;;;;;;;;
Charles Frederic Le Brun;Switzerland;"ateliê de Simon Vouet; formação complementar com François Perrier";"; ";"; ";Colmar;;Veysonnaz;male;"https://en.wikipedia.org/wiki/Charles_Le_Brun | https://www.britannica.com/biography/Charles-Le-Brun; https://en.wikipedia.org/wiki/Charles_Le_Brun | https://www.wikiart.org/en/charles-le-brun";;"O creator parece corresponder a Charles Le Brun; mantida observação prudente sobre a variação do nome.";;;"outros; Museu Regional São João Del Rey";Paris;"desde cerca dos 11 anos; sem cronologia completa na fonte";https://en.wikipedia.org/wiki/Charles_Le_Brun;media;48.079343502;7.358139881;100.0;46.193356862;7.337602777;100.0
Charles Joseph Suares;;"Victoria College; ateliês de Othon Friesz e André Lhote";"; ";"; ";;;;;https://fr.wikipedia.org/wiki/Charles_Suares;;formação artística principal em ateliês em Paris;;;"MAC; outros; MAC USP";"Alexandria, Egito; Paris, França";"até 1919; 1920s";https://fr.wikipedia.org/wiki/Charles_Suares;media;;;;;;
Charles Landseer;United Kingdom;"Royal Academy Schools; formação com Benjamin Robert Haydon";51.507222222222;-0.1275;London;;London;male;https://en.wikipedia.org/wiki/Charles_Landseer | https://www.britannica.com/biography/Charles-Landseer;;;;;"outros; Pinacoteca de São Paulo";Londres;a partir de 1816;https://en.wikipedia.org/wiki/Charles_Landseer;alta;51.50740836;-0.127698693;100.0;51.50740836;-0.127698693;100.0
Charles Watson;United Kingdom;Bath Academy of Art / Bath University;;;Norwich;;London;male;https://enciclopedia.itaucultural.org.br/pessoas/2841-charles-watson | https://www.pipaprize.com/pag/charles-watson/;;;;;"MAC; outros; MAC USP";Bath (Inglaterra);1970-1974;https://enciclopedia.itaucultural.org.br/pessoas/2841-charles-watson | https://www.pipaprize.com/pag/charles-watson/;alta;52.628893307;1.293330365;100.0;51.50740836;-0.127698693;100.0
Charlote Gross;;;;;;;;;;;"grafia possivelmente variante; não foi possível desambiguar com segurança";;;"MAC; outros; MAC USP";;;;;;;;;;
Charlotta Adlerová;Germany;"Escola de Artes e Ofícios Berlim-Charlottenburg; Escola Reimann; Atelier-Abstração";52.516666666667;13.383333333333;Berlin;;São Paulo;female;Enciclopédia Itaú Cultural;;;;;"MAC; outros; MAC USP";"Berlim-Charlottenburg, Alemanha; Berlim, Alemanha; São Paulo, Brasil";"1926; c. 1930; 1952";Enciclopédia Itaú Cultural;alta;52.517669999;13.405537999;100.0;-23.5486657;-46.6382522;100.0
Chen-kong Fang;Brazil;"estudos de sumi-ê e aquarela com Chang-Zenshen; estudos de pintura com Yoshiya Takaoka";"; ";"; ";;;;male;https://pt.wikipedia.org/wiki/Chen_Kong_Fang | https://almeidaedale.com.br/artistas/chen-kong-fang/;;A formação aparece por mestres, não por instituição formal única.;;;"MAC; outros; MAC USP";"China; São Paulo";"1945; 1954-1956";https://pt.wikipedia.org/wiki/Chen_Kong_Fang | https://almeidaedale.com.br/artistas/chen-kong-fang/;alta;;;;;;
Chi Po Hao;Taiwan;Goldsmiths, University of London;51.474269444444445;-0.03541111111111111;Taipei;;;male;;;;;;FILE;;;;;25.0384125;121.5637046;100.0;;;
Chris Romero;United States;New York University;40.73;-73.995;New Brunswick, New Jersey, USA;;;male;AIR 3331 / Tokyo Arts and Space;médio;;site oficial do artista;alto;FILE;;;;;40.4959469;-74.4441187;100.0;;;
Chrischa Venus Oswald;Germany;University of Art and Design Linz;48.3066;14.2857;Germany;;;female;site oficial da artista;alta;;site oficial da artista / FILE Festival;médio;FILE;;;;;51.110631049;10.392277932;100.0;;;
Christian Larrave;United States;Rhode Island School of Design;41.825833333333;-71.407777777778;United States;;;male;FILE Festival (biografia do artista);médio;;FILE Festival (País de Origem);alto;FILE;;;;;;;;;;
Christian Merrill;United States;Bowling Green State University;41.38;-83.64;United States;;;male;FILE Festival;médio;;FILE Festival (País de Origem);alta;FILE;;;;alta;;;;;;
Christin Marczinzik;Germany;"Magdeburg-Stendal University; International University of Fine Arts in Poznan; Burg Giebichenstein University of Art and Design";"52.1315889; 52.40833333333333";"11.6399609; 16.93361111111111";Magdeburg, Germany;;;female;Frankfurter Kunstverein;alta;;FILE Vitória;alto;FILE;;;;;52.126247999;11.632726;100.0;;;
Christina Radner;;University of Vienna;48.213055555555556;16.35972222222222;;;;female;FILE Festival (biografia da artista);médio;fontes localizadas informam atuação institucional e formação, sem local de nascimento explícito;;;FILE;;;;;;;;;;
Christo Guelov;Spain;Universidad Complutense de Madrid;40.44903888888889;-3.727030555555555;Veliko Tarnovo, Bulgaria;;;male;FILE Festival (biografia do artista);médio;;highlike / ARTEINFORMADO;media;FILE;;;;;43.0785562;25.6271574;100.0;;;
Cildo Meireles;Brazil;"Fundação Cultural do Distrito Federal; Escola Nacional de Belas Artes";-15.793888888889;-47.882777777778;Rio de Janeiro;;;male;"https://www.itaucultural.org.br/ocupacao/cildo-meireles/cildo/; https://www.ccta.ufpb.br/pinacoteca/contents/menu/institucional/biografia/cildo-meireles-1948";;"também estudou com Félix Barrenechea; fontes convergem sobre 1963 em Brasília e estudo breve na ENBA em 1967";;;"MAC; outros; MAC USP";"Brasília, DF; Rio de Janeiro, RJ";"1963; 1967";https://www.itaucultural.org.br/ocupacao/cildo-meireles/cildo/;alta;-22.9014475;-43.1789159;100.0;;;
Cimbelino Ramos de Freitas;Brazil;"Escola Normal de São Paulo; aluno de Pietro Strina";-23.550394444444;-46.633947222222;São Paulo;;São Paulo;male;https://enciclopedia.itaucultural.org.br/pessoas/6698-cimbelino-de-freitas | https://www.academia.edu/64104524/O_Desenho_na_forma%C3%A7%C3%A3o_de_professores;;A formação recuperada combina escola normal e aprendizado com Pietro Strina.;;;"outros; Museu Histórico Nacional";São Paulo;1903;https://enciclopedia.itaucultural.org.br/pessoas/6698-cimbelino-de-freitas;media;-23.5486657;-46.6382522;100.0;-23.5486657;-46.6382522;100.0
Cincinato Mavignier;;"Escola Nacional de Belas Artes; Académie de la Grande Chaumière; Hochschule für Gestaltung Ulm";48.3806;9.95278;;;;male;"https://enciclopedia.itaucultural.org.br/pessoa8462/cincinato-mavignier | https://pt.wikipedia.org/wiki/Alu%C3%ADsio_Carv%C3%A3o; https://enciclopedia.itaucultural.org.br/pessoa8462/cincinato-mavignier";;"A etapa em Ulm é especialmente bem documentada; nomeei as instituições com forma oficial.";;;"outros; Museu Histórico Nacional";"Rio de Janeiro; Paris; Ulm";"década de 1940; 1949-1951; 1953-1958";https://enciclopedia.itaucultural.org.br/pessoa8462/cincinato-mavignier;alta;;;;;;
Ciro Cozzolino;Brazil;Instituto de Artes e Decorações (Iadê);-23.550394444444;-46.633947222222;São Paulo;;;male;https://enciclopedia.itaucultural.org.br/pessoas/2217-ciro-cozzolino | https://www.catalogodasartes.com.br/artista/Ciro%20Cozzolino/;;;;;"MAC; outros; MAC USP";São Paulo;1975-1979;https://enciclopedia.itaucultural.org.br/pessoas/2217-ciro-cozzolino | https://www.catalogodasartes.com.br/artista/Ciro%20Cozzolino/;alta;-23.5486657;-46.6382522;100.0;;;
Ciça Santos;;;;;;;;;;;"identificação parcial; não foi possível desambiguar com segurança";;;"outros; Museu Casa da Princesa";;;;;;;;;;
Claire Dejoie;France;RUBIKA;50.37418867266314;3.523292769496986;France;;;female;SIGGRAPH History Archives / créditos de produção;media;;FILE Festival (País de Origem);alta;FILE;;;;alta;;;;;;
Claire Vandermeersh;France;Supinfocom – RUBIKA;50.35805555555555;3.523333333333333;France;;;female;FILE Festival;médio;"FILE explicita “País de Origem: France”; preenchido em nível de país.";FILE Festival (País de Origem);alta;FILE;;;;alta;;;;;;
Claire Villacorta;Philippines;University of the Philippines Diliman;14.654861111111;121.06446944444;Philippines;;;female;Department of Art Studies, UP Diliman;media;"FILE explicita “País de Origem: Philippines”; preenchido em nível de país.";FILE Festival (País de Origem);alta;FILE;;;;alta;;;;;;
claRa apaRicio yoldi;Spain;"Universidad Complutense de Madrid; London Metropolitan University; Goldsmiths, University of London";40.44903888888889;-3.727030555555555;Spain;;;female;dossiê da artista | Domestika;alto;;;;FILE;;;;;40.22794966;-3.646063105;100.0;;;
Clara Heteny;Italy;"School of Applied Arts; Tibor Galle School of Drawing; Strasser Atelier";"; ; ";"; ; ";Budapest;;;female;https://www.hetenyfrancini.com/en/clara-heteny-biography/ | https://www.catalogodasartes.com.br/artista/Clara%20Heteny/;;A biografia consultada lista a formação inicial em Budapeste, mas sem datas precisas.;;;"MAC; outros; MAC USP";Budapeste (Hungria);;;alta;47.4981441;19.0405528;100.0;;;
Clara Reial;Brazil;Universidade de Fortaleza;-3.7687753;-38.478061;Brazil;;;female;FILE Festival;médio;;FILE Festival (País de Origem);alta;FILE;;;;alta;;;;;;
Clarissa Ribeiro;Brazil;Escola de Comunicações e Artes da Universidade de São Paulo (ECA-USP);-23.55833333;-46.72694444;Visconde do Rio Branco, Minas Gerais, Brazil;;;female;FILE Festival (biografia da artista);médio;;Enciclopédia Itaú Cultural;alto;FILE;;;;;;;;;;
Claude Monet;France;Beaux-Arts de Paris;48.85680555555555;2.333277777777778;Paris;Giverny Churchyard;Giverny;male;https://www.britannica.com/biography/Claude-Monet;;"sem formação artística formal; estudou desenho com artista local e com Eugène Boudin";;;"outros; MASP";Le Havre, França;c. 1850s;https://www.britannica.com/biography/Claude-Monet;media;48.856372814;2.352529617;100.0;49.07611;1.52917;100.0
Claudio Cretti;;"Instituto de Arte e Decoração (Iade); Escola de Belas Artes";-23.550394444444;-46.633947222222;;;;;"https://amgaleria.com.br/artista/claudio-cretti/; https://enciclopedia.itaucultural.org.br/pessoas/3685-claudio-cretti";;abandona o curso de artes plásticas no mesmo ano de ingresso;;;"MAC; outros; MAC USP";"São Paulo, Brasil; São Paulo, Brasil";"1981–1983; 1984";"https://amgaleria.com.br/artista/claudio-cretti/ ; https://enciclopedia.itaucultural.org.br/pessoas/3685-claudio-cretti";alta;;;;;;
Claudio Tozzi;Brazil;"Faculty of Architecture and Urbanism of the University of São Paulo; Faculdade de Arquitetura e Urbanismo da Universidade de São Paulo (FAU/USP)";-23.56012;-46.72985;São Paulo;;;male;Wikipédia;;"identificado como artista; formação em arquitetura";;;"MAC; outros; MAC USP";São Paulo;1963–1968;Wikipédia;alta;-23.5486657;-46.6382522;100.0;;;
Clayton Shonkwiler;United States;University of Pennsylvania;39.95388888888889;-75.19305555555556;United States;;;male;;;;FILE Festival (País de Origem);alto;FILE;;;;;;;;;;
Clemens Wirth;Austria;Salzburg University of Applied Sciences (FH Salzburg);47.7237;13.087;Austria;;;male;"FILE Festival; FH Salzburg";médio;;FILE Festival (País de Origem);alta;FILE;;;;alta;;;;;;
Clóvis Graciano;Brazil;"estudos com Waldemar da Costa; Escola Paulista de Belas Artes (aluno ouvinte); estudos de gravura e pintura mural";-23.550394444444;-46.633947222222;Araras;;São Paulo;male;"Itaú Cultural; Guia das Artes; Escritório de Arte";;"Também estudou gravura e pintura mural em Paris, mas a instituição não foi identificada com segurança nas fontes revisadas; Parte da formação ocorreu com mestre e como aluno ouvinte; estudos posteriores em Paris após prêmio de viagem.";;;"MAC; outros; MAC USP";"São Paulo, Brasil; São Paulo, Brasil; Paris, França";"1935–1937; até 1938; 1949–1951";"Guia das Artes; Wikipédia";media;-22.3864448;-47.3847424;100.0;-23.5486657;-46.6382522;100.0
Colin Potter;United Kingdom;;;;York, United Kingdom;;;male;;;;Musichearts / Last.fm;médio;FILE;;;;;53.962026649;-1.083683588;100.0;;;
Columbano Bordalo Pinheiro;Portugal;"Academia de Belas-Artes de Lisboa; Academia Colarossi / ateliers em Paris";38.708042;-9.139016;Lisbon;Prazeres Cemetery;Lisbon;male;https://pt.wikipedia.org/wiki/Columbano_Bordalo_Pinheiro;;em Paris também estuda com Gustave Courtois e Raphael Collin;;;"outros; MASP";"Lisboa, Portugal; Paris, França";"desde c. 1871; 1881–1883";https://pt.wikipedia.org/wiki/Columbano_Bordalo_Pinheiro;media;38.7070085;-9.1356407;100.0;38.7070085;-9.1356407;100.0
Constance Joliff;France;"Beaux-Arts de Bordeaux; École de Cinéma d’Animation Georges Méliès";48.74245192283895;2.392101897752613;Vannes, France;;;female;FILE Festival (biografia da artista);médio;;KuB / FILE Festival;alto;FILE;;;;;47.65836516;-2.760916527;100.0;;;
Constant Permeke;Belgium;"Royal Academy of Fine Arts of Gent; Academy of Bruges; Academy of Ghent";"51.20888888888889; 51.05361111111111";"3.224166666666666; 3.725277777777778";Antwerp;Jabbeke;Ostend;male;https://www.britannica.com/biography/Constant-Permeke;;Britannica informa formação em academias de arte em Bruges e Ghent com datas específicas.;;;"MAC; outros; MAC USP";"Bruges, Bélgica; Ghent, Bélgica";"1903–1906; 1906–1908";https://www.britannica.com/biography/Constant-Permeke;alta;51.25942418;4.371799938;100.0;51.21551;2927.0;100.0
Corentin Monnier;France;The Animation Workshop;56.4561;9.40611;Saint-Malo, France;;;male;CV do artista;médio;;CV oficial;alto;FILE;;;;;48.651516337;-2.022738492;100.0;;;
Corinto Brissac de Lucena;;Escola Nacional de Belas Artes;-22.8625055;-43.2256622;;;;male;https://www.culturaniteroi.com.br/blog/cultura-atividades-culturais-163 | https://pt.wikipedia.org/wiki/Corinto_Brissac_de_Lucena;;"A formação aparece após a reforma do Exército; a fonte aberta não traz ano de ingresso com precisão.";;;"outros; Museu Histórico Nacional";Rio de Janeiro;;;media;;;;;;
Cornelius Joksch;Germany;"Weissensee School of Art Berlin; University of the West of England";52.5581;13.4393;Germany;;;male;site oficial do artista;alta;;FILE Festival (País de Origem);alta;FILE;;;;alta;;;;;;
Corrado Cagli;Italy;Accademia di Belle Arti;45.47222222;9.18888889;Ancona;;Rome;male;https://it.wikipedia.org/wiki/Corrado_Cagli;;Fontes consultadas confirmam a academia, mas não trouxeram datas precisas nesta passada.;;;"MAC; outros; MAC USP";Roma, Itália;s.d.;;baixa;43.6171493;13.51599;100.0;41.8905568;12.4942679;100.0
Costa Miranda;Brazil;"Academia Imperial de Belas Artes (Aiba); aluno de Debret e Grandjean de Montigny";-22.91111111111111;-43.20555555555556;;;;male;https://pt.wikipedia.org/wiki/Costa_Miranda | https://www.escritoriodearte.com/artista/costa-miranda;;;;;"outros; Museu Histórico Nacional";Rio de Janeiro;;;alta;;;;;;
Costanza Savarese;Italy;Conservatorio di Musica Santa Cecilia;41.90679;12.47865;Italy;;;female;Viterbo Oggi;médio;;FILE Festival (País de Origem);alta;FILE;;;;alta;;;;;;
Couto Filho;;Escola Nacional de Belas Artes (Enba);-22.90879805555556;-43.17573111111111;;;;;https://enciclopedia.itaucultural.org.br/;;"Registro conservador baseado em fonte aberta secundária; faltam datas precisas.";;;"outros; Museu Histórico Nacional";Rio de Janeiro;;;baixa;;;;;;
Crisaldo Morais;;;;;;;;;;;"fontes indicam formação em economia e percurso autodidata na pintura; instituição não localizada";;;"MAC; outros; MAC USP";;;;;;;;;;
Cristiano Panepuccia;Italy;;;;Rome, Italy;;;male;;;;APOTROPIA / FILE Festival;alto;FILE;;;;;41.8905568;12.4942679;100.0;;;
Cuzco school;;;;;;;;;;;;;;"outros; Museu Histórico Nacional";;;;;;;;;;
Cybèle Varela;Brazil;"École du Louvre; Museu de Arte Moderna do Rio de Janeiro; École des Hautes Études-Sorbonne";"-22.91111111111111; 48.85666666666667";"-43.20555555555556; 2.352222222222222";Petrópolis;;;female;"https://cybelevarela.com/pt-br/biografia/; https://enciclopedia.itaucultural.org.br/pessoas/2209-cybele-varela";;as fontes tratam os períodos em Paris como bolsas de estudo em história da arte;;;"MAC; outros; MAC USP";"Rio de Janeiro, RJ; Paris, França";"1962–1966; 1968; 1971";https://cybelevarela.com/pt-br/biografia/;alta;-22.5097992;-43.1753928;100.0;;;
Cyprien Eugène Boulet;France;École des Beaux-Arts;48.85666666666667;2.333611111111112;Toulouse;;Toulon;male;https://en.wikipedia.org/wiki/Cyprien_Eug%C3%A8ne_Boulet;;Cronologia formativa não explicitada na fonte consultada.;;;"outros; Pinacoteca de São Paulo";Paris;;;baixa;43.604595206;1.444217454;100.0;43.12442;5.92836;100.0
Célia Fernandes;Brazil;Faculty of Pharmacy, University of Lisbon;38.7525;-9.1588888888889;Lisbon, Portugal;;;female;;;;Portal do Município da Lourinhã;alto;FILE;;;;;;;;;;
Céline Trouillet;France;"École des Beaux-Arts de Mulhouse; École supérieure des arts décoratifs de Strasbourg";47.748611111111;7.3391666666667;Colmar, France;;;female;https://in-sonora.org/ficha-artista/celine-trouillet/ | https://archive.file.org.br/participantes/celine-trouillet/;alto;;FILE Festival / In-Sonora;alto;FILE;;;;;48.079343502;7.358139881;100.0;;;
César Lacanna;Brazil;"curso de Modelo Vivo da Sociedade Paulista de Belas Artes; Escola Profissional Masculina; Liceu de Artes e Ofícios";-23.550394444444;-46.633947222222;São Paulo;;;male;https://pt.wikipedia.org/wiki/C%C3%A9sar_Lacanna | https://enciclopedia.itaucultural.org.br/pessoas/2887-cesar-lacanna;;;;;"MAC; outros; MAC USP";São Paulo;"1917; 1920; 1923-1924";https://pt.wikipedia.org/wiki/C%C3%A9sar_Lacanna | https://enciclopedia.itaucultural.org.br/pessoas/2887-cesar-lacanna;alta;-23.5486657;-46.6382522;100.0;;;
César Rossi;Brazil;"E.S.E.F. de São Paulo; Escola Circo Picadeiro; grupo Acrobático Fratelli; escola de teatro de Bolonha ('Noveau Cirque')";"-23.1937908; 44.493888888889";"-46.8955573; 11.342777777778";Blumenau;;;male;https://cesarrossi.blogspot.com/p/curriculo.html | https://www.ciatempo.com/p/historia.html;;A grafia 'Noveau Cirque' foi preservada como aparece na fonte aberta consultada.;;;"outros; Museu Victor Meirelles";"São Paulo; Bolonha";"dos 10 anos em diante; 1998";https://cesarrossi.blogspot.com/p/curriculo.html;alta;-26.9189417;-49.0660575;100.0;;;
Cícero Dias;Brazil;Escola de Belas Artes;;;Escada;Montparnasse Cemetery;16th arrondissement of Paris;male;Wikipédia;;abandonou a escola em 1928;;;"MAC; outros; MAC USP";Rio de Janeiro;1925–1928;Wikipédia;media;-8.3584365;-35.2215761;100.0;48.8638667;2.2765753;100.0
Daiana Ruiz;Argentina;;;;Mendoza, Argentina;;;female;;;;Stuttgart Ballet;alto;FILE;;;;;-32.89084;-68.82717;100.0;;;
Dalia Omran;Egypt;Cairo University Kasr Alainy  Faculty of Medicine;30.0276;31.21014;Egypt;;;female;;;;FILE Festival (autodescrição da artista);médio;FILE;;;;;;;;;;
Dalton Martins;Brazil;University of São Paulo;-23.5613991;-46.7307891;Brazil;;;male;;;;FAPESP (perfil de pesquisador);media;FILE;;;;;-10.769946429;-53.073466889;100.0;;;
Damien Deschamps;;;;;;;;male;;;"Lote 8 pesquisado; sem fonte auditável suficiente para local de nascimento.";;;FILE;;;;;;;;;;
Danae Gosset;France;School of Visual Arts;40.73861111;-73.98222222;Paris, France;;;female;portfólio/site da artista;médio;fonte biográfica informa origem em Paris.;Domestika;médio;FILE;;;;;;;;;;
Danae Io;Greece;"Sandberg Institute; Goldsmiths, University of London";"52.34138888888889; 51.474269444444445";"4.860277777777777; -0.03541111111111111";Greece;;;female;FILE Festival;médio;;IFFR;media;FILE;;;;;39.0;22.0;100.0;;;
Daniel Barreto;Mexico;Imperial College London;51.498308;-0.176882;Guadalajara, Mexico;;;male;;;;site oficial do artista;alto;FILE;;;;;20.674161223;-103.336727247;100.0;;;
Daniel Bruson;Brazil;Universidade Estadual Paulista Júlio de Mesquita Filho (UNESP), Bauru;-22.314722222222;-49.060555555556;Sorocaba, São Paulo, Brazil;;;male;Jornal Cruzeiro do Sul;médio;;Bravo! / Portal Porque;médio;FILE;;;;;;;;;;
Daniel Dugas;Canada;Université de Moncton;46.105;-64.7819;Montreal;;;male;;;;;;FILE;;;;;45.508867;-73.554242;100.0;;;
Daniel Gazana;Brazil;;;;Veranópolis, Rio Grande do Sul, Brazil;;;male;;;;IEEE Xplore;media;FILE;;;;;-28.9340063;-51.5430183;100.0;;;
Daniel Grizante;Brazil;"Universidade Presbiteriana Mackenzie; Pontifícia Universidade Católica de São Paulo; Universidade Anhembi Morumbi";"-23.547; -23.6005";"-46.652; -46.6749";Brazil;;;male;https://repositorio-api.animaeducacao.com.br/server/api/core/bitstreams/03bc7d2e-fca1-4e54-90ba-3359a722f18c/content | https://masp.org.br/masp-escola/design-de-exposicoes-e-o-uso-de-novas-tecnologias;alto;"FILE explicita “País de Origem: Brazil”; preenchido em nível de país.";FILE Festival (País de Origem);alta;FILE;;;;alta;;;;;;
Daniel Rourke;United Kingdom;Goldsmiths, University of London;51.474269444444445;-0.03541111111111111;Huddersfield;;;male;;;;;;FILE;;;;;53.644295875;-1.78220197;100.0;;;
Daniel Senise;Brazil;"Escola de Artes Visuais do Parque Lage; Universidade Federal do Rio de Janeiro";-22.9606;-43.212;Rio de Janeiro;;;male;"https://www.danielsenise.com/sobre/daniel-senise/; https://www.guiadasartes.com.br/daniel-senise/biografia";;formou-se em engenharia civil na UFRJ e depois cursou formação artística livre no Parque Lage;;;"MAC; outros; MAC USP";Rio de Janeiro, RJ;"até 1980; 1981–1983";https://www.danielsenise.com/sobre/daniel-senise/;alta;-22.9014475;-43.1789159;100.0;;;
Daniel Sousa;Portugal;Rhode Island School of Design;41.825833333333;-71.407777777778;Cape Verde;;;male;;;;;;FILE;;;;;15.083629282;-23.624671988;100.0;;;
Daniel Suljic;Croatia;"Academy of Fine Arts in Zagreb; University of Applied Arts Vienna";45.8121;15.9624;Zagreb, Croatia;;;male;Animafest;médio;;Animafest / IMDb;alto;FILE;;;;;45.815916177;15.980642745;100.0;;;
Daniela Krajčová;Slovakia;"Vysoká škola výtvarných umení v Bratislave; Vysoká škola múzických umení v Bratislave";"48.1416; 48.14388889";"17.1072; 17.10972222";Žilina, Slovakia;;;female;https://www.oskarcepan.sk/cv/55.pdf | https://secondaryarchive.org/artists/daniela-krajcova/;alto;;portfólio oficial / Secondary Archive;alto;FILE;;;;;49.223728185;18.740108104;100.0;;;
Danilo Di Prete;Brazil;Accademia Albertina di Belle Arti;45.0675;7.68944444;Pisa;;São Paulo;male;"biografia institucional do artista; fontes de referência";;datas aproximadas;;;"MAC; outros; MAC USP";Turim, Itália;c. 1930s;"biografia institucional do artista; fontes de referência";media;43.7161354;10.3965843;100.0;-23.5486657;-46.6382522;100.0
Danilo Dias;Brazil;"Universidade Federal da Bahia; Universidade do Estado da Bahia";-12.951417;-38.4595;Sete Lagoas, Minas Gerais, Brazil;;;male;Mapa da Palavra (FUNCEB);alto;;Editora Draco;médio;FILE;;;;;;;;;;
Daphné Durocher;France;École Georges Méliès;48.74245192283895;2.392101897752613;France;;;female;FILE Festival;médio;"FILE explicita “País de Origem: France”; preenchido em nível de país.";FILE Festival (País de Origem);alta;FILE;;;;alta;;;;;;
Darcy Penteado;Brazil;Liceu de Artes e Ofícios de São Paulo;-23.5331446;-46.6267577;São Roque;;São Paulo;male;fontes biográficas de referência;;instituição identificada em fontes sumárias;;;"MAC; outros; MAC USP";São Paulo, Brasil;s.d.;fontes biográficas de referência;baixa;-23.5309003;-47.1352674;100.0;-23.5486657;-46.6382522;100.0
Darcílio Lima;;;;;;;;;fontes biográficas de referência;;"artista frequentemente descrito como autodidata; sem escola formal localizada";;;"MAC; outros; MAC USP";Rio de Janeiro, Brasil;;;media;;;;;;
Darel Valença Lins;Brazil;"Escola de Belas Artes do Recife (atual UFPE); Liceu de Artes e Ofícios";-8.0517328;-34.9507155;;;;male;https://www.escritoriodearte.com/artista/darel-valenca-lins;;"depois entra em contato com Oswaldo Goeldi; mantidos apenas dados formativos explicitados na fonte";;;"MAC; outros; MAC USP";"Recife, Brasil; Rio de Janeiro, Brasil";"1941–1942; 1948";https://www.escritoriodearte.com/artista/darel-valenca-lins;alta;;;;;;
Darren McClure;United Kingdom;;;;Northern Ireland, United Kingdom;;;male;;;Fonte usa formulação de origem (“originally from Northern Ireland”), sem afirmar nascimento.;Loop.cl;baixa;FILE;;;;;;;;;;
Dave Prosser;England;Royal College of Art;51.501388888889;-0.17888888888889;England;;;male;FILE Festival;médio;"FILE explicita “País de Origem: England”; preenchido em nível de país.";FILE Festival (País de Origem);alta;FILE;;;;alta;;;;;;
David Carson;United Kingdom;San Diego State University;32.775277777778;-117.07222222222;Corpus Christi, Texas, USA;;;male;site oficial David Carson Design;alto;;Britannica / Wikipedia;alto;FILE;;;;;27.796416;-97.404131;100.0;;;
David de Tewenoir;;;;;;;;;;;formação não localizada com segurança;;;"MAC; outros; MAC USP";;;;;;;;;;
David Dell’Edera;Hungary;Budapest Metropolitan University;47.50638889;19.135;Hungary;;;male;https://archive.file.org.br/participantes/david-delledera/ | https://www.animafest.hr/en/2017/authors/read/david_dell_edera;alto;;FILE Festival / Animafest;alto;FILE;;;;;47.16708877;19.4245317;100.0;;;
David James Armsby;Scotland;autodidata;;;Scotland, United Kingdom;;;male;https://www.youtube.com/@DeadSound | https://www.favoree.io/channel/deadsound;médio;;canal oficial no YouTube;media;FILE;;;;;56.94663175941;-4.154528959318;100.0;;;
David Mussel;Brazil;"Escola de Belas Artes da Universidade Federal de Minas Gerais; Pontifícia Universidade Católica do Rio de Janeiro";"-19.8690878; -22.97868";"-43.9663841; -43.232819";Brazil;;;male;PUC-Rio (dissertação) | FILE Festival;alto;"FILE explicita “País de Origem: Brazil”; preenchido em nível de país.";FILE Festival (País de Origem);alta;FILE;;;;alta;;;;;;
David O'Reilly;Ireland;Dublin Institute of Art, Design and Technology (DLIADT);53.280292;-6.152882;Kilkenny, Ireland;;;male;ZKM;médio;;YveYANG Gallery / Wikipedia;alto;FILE;;;;;52.6537443;-7.2479557;100.0;;;
David Teniers the Younger;Habsburg Netherlands;estudos com David Teniers the Elder (pai);;;Antwerp;;Brussels;male;https://en.wikipedia.org/wiki/David_Teniers_the_Younger | https://www.britannica.com/biography/David-Teniers-the-Younger;;;;;"outros; Museu Nacional de Belas Artes";Antuérpia;a partir de 1626;https://en.wikipedia.org/wiki/David_Teniers_the_Younger;alta;51.25942418;4.371799938;100.0;50.89806471;4.406264339;100.0
Davide Mastrangelo;Italy;Accademia di Belle Arti di Bologna;44.497811111111;11.353188888889;Eboli, Italy;;;male;https://davidemastrangelo.it/ | https://www.cinemaemiliaromagna.it/professionista/davide-mastrangelo/;alto;;site oficial do artista;alto;FILE;;;;;40.6153333;15.0587592;100.0;;;
Davy Crosta;France;ARIES School of Graphic and Motion Design;48.85666666666667;2.352222222222222;;;;male;FILE Festival;médio;"Lote 8 pesquisado; sem fonte auditável suficiente para local de nascimento.";;;FILE;;;;;;;;;;
Debashis Sinha;Canada;;;;Winnipeg, Manitoba, Canada;;;male;;;;Soulpepper Theatre;alto;FILE;;;;;49.899897;-97.138865;100.0;;;
Deborah Paiva;;Universidade de São Paulo (USP);-23.5613991;-46.7307891;;;;;"https://www.mac.usp.br/mac/conteudo/cursoseventos/mac_encontra/2013_1/deborahpaiva.asp | https://janainatorres.com.br/deborah-paiva-1950-2022-uma-antologia/; https://www.mac.usp.br/mac/conteudo/cursoseventos/mac_encontra/2013_1/deborahpaiva.asp";;"A fonte recuperada informa que a artista era formada em História pela USP; não localizei datas de estudo em fonte aberta confiável.";;;"MAC; outros; MAC USP";São Paulo;;;alta;;;;;;
Delfim da Câmara;Brazil;"Academia Imperial de Belas Artes (Aiba); estudos com Manuel Joaquim de Melo Corte Real, Costa Miranda e José Correia de Lima";-22.91111111111111;-43.20555555555556;;;;male;https://enciclopedia.itaucultural.org.br/pessoas/6719-delfim-da-camara | https://pt.wikipedia.org/wiki/Delfim_da_C%C3%A2mara;;;;;"outros; Museu Histórico Nacional";Rio de Janeiro;1848-1854;https://enciclopedia.itaucultural.org.br/pessoas/6719-delfim-da-camara | https://pt.wikipedia.org/wiki/Delfim_da_C%C3%A2mara;alta;;;;;;
Demian Rudel Rey;Argentina;"Universidad Nacional de las Artes (UNA); Conservatoire national supérieur musique et danse de Lyon (CNSMD de Lyon); Universität für Musik und darstellende Kunst Graz (KUG); Haute école des arts du Rhin (HEAR)";"-34.59472222; 45.76915; 47.0725";"-58.39944444; 4.81262; 15.4503";Buenos Aires, Argentina;;;male;https://demianrudelrey.com.ar/es/biografia/ | https://www.demianrudelrey.com.ar/biographie/;alto;;site oficial do artista;alto;FILE;;;;;-34.6090264;-58.3732215;100.0;;;
Denys Voloshyn;Ukraine;;;;Ukraine;;;male;;;;FILE Festival (País de Origem);alto;FILE;;;;;;;;;;
Desconhecido;;;;;;;;;;;;;;"outros; Museu de Arte Religiosa e Tradicional";;;;;;;;;;
Diana Reichenbach;United States;"University of Florida; University of Southern California";"29.6475; 34.021667";"-82.345; -118.285278";United States;;;female;Letterboxd/TMDB | iotaCenter/YouTube;médio;"FILE explicita “País de Origem: United States”; preenchido em nível de país.";FILE Festival (País de Origem);alta;FILE;;;;alta;;;;;;
Diana Salcedo;Colombia;"Pontificia Universidad Javeriana; The New School, Parsons School of Design";4.62894444;-74.06485;Bucaramanga, Colombia;;;female;Danza en la Ciudad;alto;;Danza en la Ciudad;alto;FILE;;;;;7.1311813;-73.1250327;100.0;;;
Dianne Bellino;United States;"University of Iowa; Brown University";"41.66166666666667; 41.82611111111111";"-91.5363888888889; -71.40305555555555";United States;;;female;https://www.diannebellino.com/about;alto;"FILE explicita “País de Origem: United States”; preenchido em nível de país.";FILE Festival (País de Origem);alta;FILE;;;;alta;;;;;;
Diego de los Campos Orefice;;Instituto Nacional de Bellas Artes, Universidad de la República;-34.90591666666667;-56.19131111111111;;;;male;"MASC; Escavador";;;;;"outros; Museu Victor Meirelles";Montevidéu, Uruguai;1997;Escavador;alta;;;;;;
Diego Velázquez;Spain;"aprendizado com Francisco Herrera, o Velho; oficina de Francisco Pacheco";"; ";"; ";Seville;Madrid;Madrid;male;https://en.wikipedia.org/wiki/Diego_Vel%C3%A1zquez | https://www.britannica.com/biography/Diego-Velazquez | https://www.diego-velazquez.org/biography.jsp;;"A passagem por Herrera é menos documentada; por isso mantida com observação conservadora.";;;"outros; MASP";Sevilha;c.1610-1617;https://en.wikipedia.org/wiki/Diego_Vel%C3%A1zquez | https://www.diego-velazquez.org/biography.jsp;media;37.38264;-5.9962951;100.0;40.4166909;-3.7003454;100.0
Dimitri Ismailovitch;;;;;;;;;;;;;;;;;;;;;;;;
Dimitri Venkov;Russia;University of Oregon;44.044166666667;-123.07583333333;Moscow, Russia;;;male;;;;Triumph Gallery / Kandinsky Prize;alto;FILE;;;;;55.7565408;37.6149202;100.0;;;
Dimitris Gkikas;Germany;"Aristotle University of Thessaloniki; National Technical University of Athens";"40.63; 37.987863888889";"22.958055555556; 23.731613888889";Athens, Greece;;;male;biografia profissional (INNER PLAN Design Studio);média;;FILE Festival;alto;FILE;;;;;37.9753357;23.7361497;100.0;;;
Dina Al Khatib;Jordan;American University of Sharjah;25.309722;55.490556;Jordan;;;female;https://hayyjameel.org/programmes/the-assembly/2020-2/;médio;"FILE explicita “País de Origem”; preenchido em nível de país.";FILE Festival (País de Origem);alto;FILE;;;;;;;;;;
Dina Velikovskaya;Russia;"Moscow State Academic Art School in Memory of 1905; Gerasimov Institute of Cinematography (VGIK); High Animation School-Studio SHAR";"55.793269; 55.75055555555556";"37.62698; 37.6175";Moscow, Russia;;;female;FILE Festival;médio;;site oficial da artista / FILE Festival;alto;FILE;;;;;55.7565408;37.6149202;100.0;;;
Dirk Koy;Switzerland;Basel Academy of Art and Design FHNW (HGK Basel);47.533055555555556;7.611;Basel, Switzerland;;;male;https://www.fhnw.ch/en/art-design/about/portrait-organisation/people/dirk-koy | https://www.kurzfilmtage.ch/en/archive/films/film-archive?fid=185&id_film=1851540;alto;;muda.co / Vimeo;media;FILE;;;;;47.556959234;7.593086695;100.0;;;
Djamel Afnai;;"École du Passage; Théâtre National de Chaillot; FAI-AR";-38.9398;-68.0533;;;;;FAI-AR;alta;"Lote 8 pesquisado; sem fonte auditável suficiente para local de nascimento.";;;FILE;;;;;;;;;;
Djanira;;;;;;;;;;;;;;;;;;;;;;;;
Djanira Volpi;;Liceu de Artes e Ofícios;;;;;;;"https://www.ebiografia.com/djanira/; https://www.guiadasartes.com.br/djanira-da-motta-e-silva/quem-foi";;também teve aulas com Emeric Marcier e Milton Dacosta, em contexto não institucional;;;"MAC; outros; MAC USP";Rio de Janeiro, RJ;1940;https://www.ebiografia.com/djanira/;media;;;;;;
Domenico Failutti;Kingdom of Italy;"Gallerie dell'Accademia; Escola de Design da Sociedade dos Trabalhadores de Udine; Academia de Belas Artes de Veneza";"46.066666666667; 45.431078";"13.233333333333; 12.328139";Zugliano;;;male;https://pt.wikipedia.org/wiki/Domenico_Failutti;;A fonte também indica estudos de escultura, arte decorativa e plástico em Florença.;;;"outros; Museu Paulista";"Udine; Veneza; Florença";"antes de sua carreira itinerante; sem datas completas na fonte";;media;45.7307962;11525.0;100.0;;;
Domingos Clementino;;"formação artística brasileira; instituição não identificada na fonte aberta consultada";"; ";"; ";;;;male;https://www.catalogodasartes.com.br/;;Registro conservador por falta de evidência aberta suficiente.;;;"outros; Museu Histórico Nacional";Brasil;;;baixa;;;;;;
Domingos Sequeira;Kingdom of Portugal;"Casa Pia de Lisboa; Aula Régia de Desenho; Academia Portuguesa de Roma";"38.708042; -22.91111111111111; 41.893055555556";"-9.139016; -43.20555555555556; 12.482777777778";Freguesia de Santa Maria de Belém;;Rome;male;https://pt.wikipedia.org/wiki/Domingos_Sequeira | https://eviterbo.fcsh.unl.pt/wiki/Domingos_Sequeira;;As fontes também mencionam aulas com Antonio Cavallucci em Roma.;;;"outros; MASP";"Lisboa; Roma";"1781-1786; 1788 em diante";https://pt.wikipedia.org/wiki/Domingos_Sequeira | https://eviterbo.fcsh.unl.pt/wiki/Domingos_Sequeira;alta;-1.256715173036;-48.562918526235;95.21;41.8905568;12.4942679;100.0
Donald Abad;France;École Nationale Supérieure des Arts Décoratifs de Paris (ENSAD Paris);48.85666666666667;2.352222222222222;France;;;male;"Paris College of Art — https://www.paris.edu/faculty/abad-donald/; CNAP — https://www.cnap.fr/donald-abad-0";alto;"FILE explicita “País de Origem: France”; preenchido em nível de país.";FILE Festival (País de Origem);alta;FILE;;;;alta;;;;;;
Donald Urquhart;United Kingdom;"Edinburgh College of Art; Royal Academy Study Course at the Prado Museum";40.41388888888889;-3.692222222222222;;;;male;"https://www.royalscottishacademy.org/exhibitions/210-donald-urquhart-rsa/overview | https://pssauk.org/public-sculpture-of-britain/biography/urquhart-donald/ | https://www.royalscottishacademy.org/publications/118-donald-urquhart-sketchbook/; https://www.royalscottishacademy.org/exhibitions/210-donald-urquhart-rsa/overview | https://pssauk.org/public-sculpture-of-britain/biography/urquhart-donald/";;;;;"MAC; outros; MAC USP";"Edimburgo; Madri";"1978-1982; 1982";https://pssauk.org/public-sculpture-of-britain/biography/urquhart-donald/ | https://www.royalscottishacademy.org/publications/118-donald-urquhart-sketchbook/;alta;;;;;;
Dropbear;Australia;;;;Melbourne, Australia;;;male;;;;CCCB / Best Ads on TV;médio;FILE;;;;;;;;;;
DRTHRDWR;Netherlands;"Sandberg Institute; Gerrit Rietveld Academie";"52.34138888888889; 52.3413";"4.860277777777777; 4.86";Netherlands;;;female;Academia.edu CV;médio;;FILE Festival (País de Origem);alta;FILE;;;;alta;;;;;;
Drude Mangaard;Kingdom of Denmark;The Animation Workshop;56.4561;9.40611;Denmark;;;female;"FILE Festival — https://archive.file.org.br/participantes/drude-mangaard/; perfil pessoal — https://drudemangaard.blogspot.com/p/bio.html";alto;;FILE Festival (País de Origem);alta;FILE;;;;alta;;;;;;
Décio Villares;Brazil;Academia Imperial de Belas Artes;-22.91111111111111;-43.20555555555556;Rio de Janeiro;;Rio de Janeiro;male;"Itaú Cultural; Arqnet";;fontes citam estudos com Paul Cabanel e Pedro Américo na Europa, sem instituição única claramente nomeada;;;"outros; Museu Casa de Benjamin Constant";"Rio de Janeiro; França e Itália";"até 1872; 1872–1881";"Itaú Cultural; Arqnet";media;-22.9014475;-43.1789159;100.0;-22.9014475;-43.1789159;100.0
Dénes Ruzsa;Hungary;;;;Hungary;;;male;;;"FILE explicita “País de Origem: Hungary”; preenchido em nível de país.";FILE Festival (País de Origem);alta;FILE;;;;alta;;;;;;
Désiré François Laugée;France;"Beaux-Arts de Paris; Collège des Bons-Enfants; École des Beaux-Arts de Saint-Quentin; ateliê de Louis Nicolas Lemasle; École des Beaux-Arts de Paris; ateliê de François-Édouard Picot";"49.265277777778; 49.850038";"4.0286111111111; 3.284348";Maromme;Passy Cemetery;16th arrondissement of Paris;male;https://en.wikipedia.org/wiki/D%C3%A9sir%C3%A9_Fran%C3%A7ois_Laug%C3%A9e;;A fonte permite reconstruir a sequência formativa, mas não fornece cronologia anual completa para cada etapa.;;;"outros; Museu Nacional de Belas Artes";"Saint-Quentin; Paris";"antes de 1845; formação inicial em Saint-Quentin e posterior ida a Paris";https://en.wikipedia.org/wiki/D%C3%A9sir%C3%A9_Fran%C3%A7ois_Laug%C3%A9e;alta;49.4811839;1.039354602;100.0;48.8638667;2.2765753;100.0
E. F. Schute;;;;;;;;male;;;"identificação parcial e fontes divergentes sobre a autoria; formação não localizada";;;"outros; MASP";;;;;;;;;;
E. Muller;;;;;;;;;;;;;;;;;;;;;;;;
E. Presty;;;;;;;;;;;;;;"outros; Museu Histórico Nacional";;;;;;;;;;
E. Ribeiro;;;;;;;;;;;;;;"outros; Museu Histórico Nacional";;;;;;;;;;
Eden Chan;Taiwan;Taipei National University of the Arts;25.13406;121.47038;Taichung, Taiwan;;;male;FILE Festival;médio;;FILE Festival;alto;FILE;;;;;24.1634888;120.6467399;100.0;;;
Edgar Degas;France;"Beaux-Arts de Paris; École des Beaux-Arts";48.85666666666667;2.333611111111112;Paris;Montmartre Cemetery;Paris;male;"https://www.britannica.com/biography/Edgar-Degas; https://pt.wikipedia.org/wiki/Edgar_Degas";;também estudou no ateliê de Louis Lamothe e passou longos períodos copiando mestres no Louvre;;;"outros; MASP";Paris, França;desde 1855;https://www.britannica.com/biography/Edgar-Degas;alta;48.856372814;2.352529617;100.0;48.856372814;2.352529617;100.0
Edgard Cognat;Brazil;curso de Belas Artes dirigido por Carlos Chambelland;;;Rio de Janeiro;;Rio de Janeiro;male;https://en.wikipedia.org/wiki/Edgard_Cognat | https://editoradegustar.com.br/produto/gravura-em-metal-edgard-cognat/;;"Em gravura, as fontes indicam percurso autodidata; registrei apenas a formação que aparece com suporte explícito.";;;"outros; Museu Histórico Nacional";Rio de Janeiro;"aos 17 anos; aproximadamente a partir de 1936";https://en.wikipedia.org/wiki/Edgard_Cognat | https://editoradegustar.com.br/produto/gravura-em-metal-edgard-cognat/;media;-22.9014475;-43.1789159;100.0;-22.9014475;-43.1789159;100.0
Edgard Parreiras;Brazil;Escola Nacional de Belas Artes;-22.8625055;-43.2256622;Niterói;;Niterói;male;fontes biográficas de referência;;"formação associada ao meio acadêmico carioca; datas aproximadas";;;"outros; Museu Regional São João Del Rey";Rio de Janeiro, Brasil;1930s–1940s;fontes biográficas de referência;baixa;-22.8898227;-43.1220775;100.0;-22.8898227;-43.1220775;100.0
Edmond Marie Petitjean;France;"Faculty of Law at Nancy / estudos de direito; formação artística autodidata";"; ";"; ";Neufchâteau;;Paris;male;https://en.wikipedia.org/wiki/Edmond_Marie_Petitjean | https://www.fineartphotographyvideoart.com/2020/06/Edmond-Marie-Petitjean.html;;"As fontes indicam estudos de direito e trajetória artística autodidata; sem escola formal de arte identificada.";;;"outros; MASP";"Nancy; Paris";sem datas exatas na fonte;;media;49.851030059;5.433381055;100.0;48.856372814;2.352529617;100.0
Edmond Viancin;France;"formação artística francesa; instituição não identificada na fonte aberta consultada";"; ";"; ";France;;Brazil;male;https://www.brasilianaiconografica.art.br/;;Dados abertos insuficientes para instituição específica.;;;"outros; Museu Paulista";França;;;baixa;46.559417044;2.550539953;100.0;-10.769946429;-53.073466889;100.0
Edouard Vienot;France;"Beaux-Arts de Paris; École des Beaux-Arts; discípulo de Louis Hersent e Paulin Guérin";48.85666666666667;2.333611111111112;Fontainebleau;;Brussels metropolitan area;male;https://pt.wikipedia.org/wiki/%C3%89douard_Vi%C3%A9not | https://artsandculture.google.com/entity/%C3%89douard-vi%C3%A9not/m05c3q8;;;;;"outros; Museu Paulista";Paris;ingresso em 4 out. 1822;https://pt.wikipedia.org/wiki/%C3%89douard_Vi%C3%A9not | https://artsandculture.google.com/entity/%C3%89douard-vi%C3%A9not/m05c3q8;alta;48.404740851;2.701648778;100.0;-33.47269;-70.64724;78.78
Edouard Vienot | Morisset;;École des Beaux-Arts;48.85666666666667;2.333611111111112;;;;;"Wikipedia; Itaú Cultural";;"registro possivelmente composto com outro nome ('Morisset'); preencher com cautela";;;"outros; Museu Regional São João Del Rey";Paris, França;desde 1822;Wikipedia;baixa;;;;;;
Eduard Hildebrandt;Kingdom of Prussia;formação com o pintor marinho Wilhelm Krause;;;Gdańsk;;Berlin;male;https://en.wikipedia.org/wiki/Eduard_Hildebrandt | https://www.britannica.com/biography/Eduard-Hildebrandt;;Não foi localizada academia formal inequívoca nas fontes consultadas.;;;"outros; Pinacoteca de São Paulo";Berlim;c.1826 em diante;https://en.wikipedia.org/wiki/Eduard_Hildebrandt;media;54.351887748;18.646338873;100.0;52.517669999;13.405537999;100.0
Eduardo Abrantes;Portugal;"Escola António Arroio; Escola Superior de Belas-Artes de Lisboa; Universidade Aberta";"38.73611111; 38.708042";"-9.12722222; -9.139016";Lisbon, Portugal;;;male;"currículo aberto — https://eapinturaedesenho.blogspot.com/p/curriculo.html; galeriadearte.pt — https://galeriadearte.pt/artista/eduardo-abrantes-artista-plastico/";médio;;site oficial / Academia.edu;alto;FILE;;;;;38.7070085;-9.1356407;100.0;;;
Eduardo De Martino;Kingdom of the Two Sicilies;"Accademia di Belle Arti di Napoli; formação na marinha italiana; inicia pintura em Nápoles sob influência da School of Resina";"40.8516; ;";"14.2512; ;";Meta;St Mary's Catholic Cemetery, Kensal Green;London;male;https://en.wikipedia.org/wiki/Edoardo_De_Martino | https://ims.com.br/por-dentro-acervo/edoardo-de-martino-marinheiro-e-pintor-por-lucia-kluck-stumpf/;;"Não foi localizada escola formal de arte em fonte aberta recuperada; mantido preenchimento conservador.";;;"outros; Pinacoteca de São Paulo";Nápoles;"por volta dos 30 anos; sem data exata na fonte";;baixa;3.348639371526;-72.955689048345;100.0;51.50740836;-0.127698693;100.0
Eduardo de Sá;Brazil;"Academia Imperial de Belas Artes; Académie Julian; aulas particulares de escultura com Rodolfo Bernardelli";-22.91111111111111;-43.20555555555556;Rio de Janeiro;;Rio de Janeiro;male;https://pt.wikipedia.org/wiki/Eduardo_de_S%C3%A1 | https://www.catalogodasartes.com.br/artista/Eduardo%20de%20S%EF%BF%BD/;;As fontes também citam formação inicial particular com Vítor Meireles.;;;"outros; Museu Histórico Nacional";"Rio de Janeiro; Paris; Florença";"matrícula em 1883; sem datas exatas para Paris e Florença na fonte";https://pt.wikipedia.org/wiki/Eduardo_de_S%C3%A1 | https://www.catalogodasartes.com.br/artista/Eduardo%20de%20S%EF%BF%BD/;alta;-22.9014475;-43.1789159;100.0;-22.9014475;-43.1789159;100.0
Eduardo Eloy;Brazil;"Escola de Artes Visuais do Parque Lage; Centro Educacional Municipal Calouste Gulbenkian; Museu de Arte Moderna do Rio de Janeiro";"-22.9606; 38.736666666667; -22.91111111111111";"-43.212; -9.1541666666667; -43.20555555555556";Fortaleza;;;male;"https://www.cps.pt/pt/artistas/eduardo-eloy; https://mapacultural.secult.ce.gov.br/agente/36535/";;fontes convergem para formação em gravura e artes visuais no Rio;;;"MAC; outros; MAC USP";"Rio de Janeiro, Brasil; Rio de Janeiro, Brasil; Rio de Janeiro, Brasil";"1976–1981; 1976–1981; 1976–1981";"https://www.cps.pt/pt/artistas/eduardo-eloy ; https://mapacultural.secult.ce.gov.br/agente/36535/";alta;-3.7184625;-38.5416698;100.0;;;
Eduardo Jonquières;Argentina;"Academia Nacional de Bellas Artes; Escuela Normal del Profesorado Mariano Acosta";-34.599722222222;-58.381944444444;Buenos Aires;;;male;"https://artedelaargentina.com/disciplinas/artista/pintura/eduardo-jonquieres; https://www.ecured.cu/Eduardo_Jonqui%C3%A8res";;"fontes sumárias convergem para formação em Buenos Aires; datas aproximadas";;;"MAC; outros; MAC USP";Buenos Aires, Argentina;"c. 1930s–1940s; c. 1940s";"https://artedelaargentina.com/disciplinas/artista/pintura/eduardo-jonquieres ; https://www.ecured.cu/Eduardo_Jonqui%C3%A8res";media;-34.6090264;-58.3732215;100.0;;;
Eduardo Nespoli;Brazil;Universidade Estadual de Campinas;-22.817222222222;-47.069444444444;Brazil;;;male;FILE Festival;médio;;FILE Festival (País de Origem);alta;FILE;;;;alta;;;;;;
Egon Schiele;Cisleithania;"Academy of Fine Arts Vienna; Akademie der bildenden Künste Wien";48.201388888889;16.365277777778;Tulln an der Donau;Ober Sankt Veiter Friedhof;Vienna;male;fontes biográficas de referência;;;;;"MAC; outros; MAC USP";Viena, Áustria;1906–1909;fontes biográficas de referência;alta;48.3310442;16.05207;100.0;48.2092062;16.3727778;100.0
Ekin Başaran;Turkey;New York University Abu Dhabi;24.5239;54.4346;Istanbul, Turkey;;;female;"NYU Abu Dhabi — https://www.nyu.ae/en/news/latest-news/global-learning/2017/october/graphic-animations-light-up-brazilian-art-festival.html; FILE Festival — https://archive.file.org.br/participantes/ekin-basaran/";médio;;FILE Festival;alto;FILE;;;;;41.0129952;28.9747973;100.0;;;
El Greco;Crown of Castile;Escola cretense (Cretan school);;;Heraklion;Monastery of Saint Dominic of Silos;Toledo;male;https://pt.wikipedia.org/wiki/El_Greco | https://www.el-greco-foundation.org/biography.html;;A formação inicial aparece como treinamento na tradição/Escola cretense, sem datas precisas.;;;"outros; MASP";Creta;sem data exata na fonte;;media;35.3292189;25.1386597;100.0;41.655298;-83.535717;100.0
Elaine Hoey;Ireland;National College of Art and Design;53.34277778;-6.27888889;Ireland;;;female;"National Sculpture Factory — https://nationalsculpturefactory.com/artists/elaine-hoey/; NCAD — https://www.ncad.ie/directory/view/elaine-hoey";alto;;IMMA;alto;FILE;;;;;53.175879846;-8.146006147;100.0;;;
Elena Negoiu;Romania;New York University Abu Dhabi;24.5239;54.4346;Romania;;;female;NYU Abu Dhabi — https://f5.publicprograms.nyuad.nyu.edu/en/academics/divisions/engineering/instructors/elena-negoiu.html;alto;;FILE Festival (País de Origem);alta;FILE;;;;alta;;;;;;
Eleonore Koch;Germany;"aulas com Yolanda Mohalyi, Elisabeth Nobiling, Samson Flexor e Bruno Giorgi; ateliês de Árpád Szenes e Robert Coutin; ateliê de Alfredo Volpi";"; ; ";"; ; ";Berlin;;São Paulo;female;https://www.guiadasartes.com.br/eleonore-koch/obras-e-biografia;;trajetória formativa baseada em ateliês e estudo com artistas;;;"MAC; outros; MAC USP";"São Paulo, Brasil; Paris, França; São Paulo, Brasil";"até 1949; 1949; 1953–1956";https://www.guiadasartes.com.br/eleonore-koch/obras-e-biografia;alta;52.517669999;13.405537999;100.0;-23.5486657;-46.6382522;100.0
Eli Heil;Brazil;;;;;;;female;fontes biográficas de referência;;"artista autodidata; sem escola formal localizada";;;"MAC; outros; MAC USP";Blumenau, Brasil;;;media;;;;;;
Elisa;;"Instituto de Artes da UFRGS; Programa de Pós-Graduação em Artes Visuais da UDESC";"-30.0292; -27.60111111";"-51.2233; -48.52";;;;;"UFRGS Lume; repositório UDESC; Escavador";;"dissertação de mestrado na UFRGS e doutorado em Artes Visuais na UDESC concluído em 2021; graduação não localizada com segurança";;;"outros; Museu Victor Meirelles";"Porto Alegre, RS; Florianópolis, SC";;;media;;;;;;
Elisa Kiyoko Gunz;;"Instituto de Artes da UFRGS; Programa de Pós-Graduação em Artes Visuais da UDESC";"-30.0292; -27.60111111";"-51.2233; -48.52";;;;female;"UFRGS Lume; repositório UDESC; Escavador";;"dissertação de mestrado na UFRGS e doutorado em Artes Visuais na UDESC concluído em 2021; graduação não localizada com segurança";;;outros;"Porto Alegre, RS; Florianópolis, SC";;;media;;;;;;
Elisa Martins da Silveira;Brazil;;;;Teresina;;Rio de Janeiro;female;fontes biográficas de referência;;artista descrita como autodidata ou de formação não institucional claramente localizada;;;"MAC; outros; MAC USP";Porto Alegre, Brasil;s.d.;fontes biográficas de referência;baixa;-5.0879258;-42.8009765;100.0;-22.9014475;-43.1789159;100.0
Elisa Turco;Italy;"Università di Bologna (DAMS); ERT - Emilia Romagna Teatro";"44.493888888889; 44.64582";"11.342777777778; 10.92572";Italy;;;female;Rome Art Week — https://romeartweek.com/en/artists/?code=NVMAXW;médio;;FILE Festival (País de Origem);alta;"FILE; Museu Paulista";;;;alta;;;;;;
Eliseu Visconti;Kingdom of Italy;"Académie Julian; Liceu de Artes e Ofícios; Academia Imperial de Belas Artes; Atelier Livre";"-22.91111111111111; -30.032777777778";"-43.20555555555556; -51.23";Giffoni Valle Piana;;Rio de Janeiro;male;Projeto Eliseu Visconti;;"mais tarde ganhou prêmio de viagem à Europa; datas europeias não consolidadas neste passe";;;"outros; Museu Nacional de Belas Artes";Rio de Janeiro;"1884–1885; desde 1885; c. 1890";Projeto Eliseu Visconti;alta;40.7190349;14.9437285;100.0;-22.9014475;-43.1789159;100.0
Elke Hering Bell;Brazil;Escola de Belas Artes de Karlsruhe;49.016666666667;8.4;Blumenau;;Blumenau;female;fontes biográficas de referência;;formação artística mencionada em biografias sumárias;;;"outros; Museu Victor Meirelles";"Blumenau, Brasil; Karlsruhe, Alemanha";1950s;fontes biográficas de referência;baixa;-26.9189417;-49.0660575;100.0;-26.9189417;-49.0660575;100.0
Elli Vuorinen;Finland;Turku Arts Academy;60.45166666666667;22.26694444444444;Finland;;;female;FILE Festival;médio;fonte identifica apenas o país de nascimento;IFFR;médio;FILE;;;;;;;;;;
Emanuele Kabu;Italy;autodidata;;;Belluno, Italy;;;male;"It’s Nice That — https://www.itsnicethat.com/articles/emanuele-kabu-animation-100118; site oficial — https://www.emanuelekabu.org/about/";médio;;site oficial / BilBOlbul;alto;FILE;;;;;46.1398994;12.2176668;100.0;;;
Emeric Marcier;Brazil;"Accademia di Belle Arti di Brera; École Nationale Supérieure des Beaux-Arts";45.47222222;9.18888889;Cluj-Napoca;;Paris;male;https://www.escritoriodearte.com/artista/emeric-marcier;;;;;"MAC; outros; MAC USP";"Milão, Itália; Paris, França";"1935–1938; 1939";https://www.escritoriodearte.com/artista/emeric-marcier;alta;46.7709185;23.5899178;100.0;48.856372814;2.352529617;100.0
Emerik Fejes;Yugoslavia;;;;Osijek;;Novi Sad;male;https://en.wikipedia.org/wiki/Emerik_Fejes;;"artista autodidata; sem escola formal localizada";;;"MAC; outros; MAC USP";Subotica, Sérvia;;;media;45.552721117;18.685303875;100.0;45.2545531;19.842576;100.0
Emi Nakano;;;;;;;;;;;"possível homônimo; formação não localizada com segurança";;;"MAC; outros; MAC USP";;;;;;;;;;
Emile Claus;Belgium;"Royal Academy of Fine Arts; Academy of Waregem; Antwerp Academy of Fine Arts";"50.88107833333333; 51.2234";"3.400099444444444; 4.4069";Sint-Eloois-Vijve;Villa Zonneschijn;Astene;male;https://en.wikipedia.org/wiki/Emile_Claus;;A fonte também cita Jacob Jacobs e Nicaise de Keyser como mestres.;;;"outros; MASP";"Waregem; Antuérpia";"infância; 1869-1874";https://en.wikipedia.org/wiki/Emile_Claus;alta;50.90911;3.41545;100.0;50.98512;3.56654;100.0
Emile Geissberger;;École d’Art de La Chaux-de-Fonds;47.099627777778;6.8295583333333;;;;;fontes biográficas de referência;;instituição identificada em fontes secundárias;;;"MAC; outros; MAC USP";La Chaux-de-Fonds, Suíça;s.d.;fontes biográficas de referência;baixa;;;;;;
Emiliano Di Cavalcanti;Brazil;"Colégio Pio Americano; Faculdade de Direito do Largo de São Francisco";"41.890166; -23.55";"12.434586; -46.63722222";Rio de Janeiro;;Rio de Janeiro;male;Guia das Artes;;formação artística majoritariamente extraescolar no período inicial;;;"MAC; outros; MAC USP";"Rio de Janeiro; São Paulo";1916;Guia das Artes;media;-22.9014475;-43.1789159;100.0;-22.9014475;-43.1789159;100.0
Emiliano Zucchini;Italy;;;;Frascati, Italy;;;male;;;;Homeostasis Lab;media;FILE;;;;;41.8062042;12.6804299;100.0;;;
Emilio Vedova;Italy;aulas noturnas de decoração no Carmini;;;Venice;Cemetery of San Michele;Venice;male;"Peggy Guggenheim Collection; Wikipedia";;"Principalmente autodidata; registro mantido por haver fonte explícita para aulas noturnas.";;;"MAC; outros; MAC USP";Veneza, Itália;c. final dos anos 1930;Peggy Guggenheim Collection;media;45.434608;12.338913;100.0;45.434608;12.338913;100.0
Emma Vakarelova;Bulgaria;"Ilia Petrov National High School of Fine Arts; Estienne School; Royal Academy of Fine Arts; European School of Higher Education in Image (EESI); La Poudrière";"42.68753; 48.83107122055735; 45.6526; 44.9475";"23.32852; 2.351990735918997; 0.151541; 4.8952777777778";Sofia, Bulgaria;;;female;site oficial da artista;médio;;site oficial da artista / FILE Festival;alto;FILE;;;;;42.6964917;23.3260106;100.0;;;
Emmanuel Nassar;Brazil;Universidade Federal do Pará;-25.428888888889;-49.2675;Capanema;;;male;https://enciclopedia.itaucultural.org.br/pessoas/2814-emmanuel-nassar;;formação em arquitetura;;;"MAC; outros; MAC USP";Belém, Brasil;1969–1974;https://enciclopedia.itaucultural.org.br/pessoas/2814-emmanuel-nassar;alta;-1.1991117;-47.1809146;100.0;;;
Emmanuelle Leleu;France;Supinfocom Arles (atual MoPA);;;France;;;female;"Digital Production — https://digitalproduction.com/?p=99106; Cartoon Brew — https://www.cartoonbrew.com/cgi/a-la-francaise-by-julien-hazebroucq-emmanuelle-leleu-morrigane-boyer-william-lorton-ren-hsien-hsu-95939.html";médio;"FILE explicita “País de Origem: France”; preenchido em nível de país.";FILE Festival (País de Origem);alta;FILE;;;;alta;;;;;;
Emídio de Souza;;;;;;;;male;;;;;;"MAC; outros";;;;;;;;;;
Emília Ceccarelli;;;;;;;;;;;"biografia localizada; formação não localizada com segurança";;;"MAC; outros; MAC USP";;;;;;;;;;
Eran Hilleli;Israel;Bezalel Academy of Arts and Design;31.781166666666667;35.22361111111111;Israel;;;male;FILE Festival;médio;"FILE explicita “País de Origem: Israel”; preenchido em nível de país.";FILE Festival (País de Origem);alta;FILE;;;;alta;;;;;;
Erdal İnci;Turkey;Hacettepe University;39.867222222222;32.734444444444;Ankara, Turkey;;;male;;;;portfólio oficial / Art On Istanbul;alto;FILE;;;;;39.8965202;32.8619738;100.0;;;
Eri Kassnel;Romania;"Bern University of the Arts; Augsburg University of Applied Sciences";"46.94666666666667; 48.355277777778";"7.391388888888889; 10.905";Timișoara, Romania;;;female;"site oficial — https://eri-kassnel.de/en-info/kassnel-henneberg-media-artist/; Numeridanse — https://numeridanse.com/en/profile/kassnel-eri/";alto;;Flee Immediately / Fuck you, next;media;FILE;;;;;45.7509747;21.2261973;100.0;;;
Eric Lefaure;;;;;France;;;;;;"fonte biográfica identifica apenas o país; preenchimento mantido em nível de país.";FILE Festival / It’s Nice That;médio;FILE;;;;;;;;;;
Erica Gualandi;United Kingdom;Bournemouth University;50.7432;-1.8969;United Kingdom;;;female;"FILE Festival — https://archive.file.org.br/participantes/erica-gualandi/; Vimeo/NCCA Degree Show — https://vimeopro.com/nccaanimation/undergraduatedegreeshow2017/video/225838598";alto;"FILE explicita “País de Origem: United Kingdom”; preenchido em nível de país.";FILE Festival (País de Origem);alta;FILE;;;;alta;;;;;;
Erica Kaminishi;;"Faculdade de Artes do Paraná; Nihon University";-25.4096065;-49.2484327;;;;female;"site da artista; Olhar InComum";;"bacharela em Artes Plásticas e mestre em Artes Visuais; fontes também citam estudos de cerâmica e programa de doutorado no Japão, sem grau confirmado";;;"outros; Museu Victor Meirelles";"Curitiba, PR; Tóquio, Japão";;;media;;;;;;
Erich Brill;German Reich;escolas de arte em Hamburgo e Frankfurt;50.11055555555556;8.682222222222222;Lübeck;;Jungfernhof concentration camp;male;https://www.askart.com/bio/Erich_Arnold_Brill/11091033/Erich_Arnold_Brill;;A fonte recuperada usa o nome completo Erich Arnold Brill.;;;"MAC; outros; MAC USP";"Hamburgo; Frankfurt";"após doutorado em economia; sem datas exatas na fonte";;media;53.866268999;10.683932;100.0;-33.72565;25.42386;76.43
Erin Gee;Canada;Concordia University;45.496944444444445;-73.57805555555555;Regina, Saskatchewan, Canada;;;female;;;;Toronto Biennial of Art;alto;FILE;;;;;50.448119;-104.615859;100.0;;;
Ernest Ange Duez;France;"Beaux-Arts de Paris; École des Beaux-Arts de Paris";"48.85680555555555; 48.85680555555555";"2.333277777777778; 2.333277777777778";former 3rd arrondissement of Paris;Montmartre Cemetery;Saint-Germain-en-Laye;male;https://fr.wikipedia.org/wiki/Ernest_Ange_Duez;;aluno nos ateliês de Isidore Pils e Carolus-Duran;;;"outros; Pinacoteca de São Paulo";Paris, França;s.d.;https://fr.wikipedia.org/wiki/Ernest_Ange_Duez;media;43.309522766634;5.370419622038;85.38;48.898970617;2.093804863;100.0
Ernestina Sanná Karman;Brazil;ateliê de Samson Flexor;;;Santos;;;female;fontes biográficas de referência;;formação em ateliê explicitada em fontes sumárias;;;"MAC; outros; MAC USP";São Paulo, Brasil;s.d.;fontes biográficas de referência;baixa;-23.9562885;-46.3264601;100.0;;;
Ernesto de Fiori;Austria;Königliche Akademie der Bildenden Künste;52.362906786;4.917817469;Rome;;São Paulo;male;https://enciclopedia.itaucultural.org.br/pessoas/3015-ernesto-de-fiori;;A Enciclopédia Itaú Cultural informa estudos de desenho em Munique com Gabriel von Hackl na Real Academia.;;;"MAC; outros; MAC USP";Munique, Alemanha;1903–1905;https://enciclopedia.itaucultural.org.br/pessoas/3015-ernesto-de-fiori;alta;41.8905568;12.4942679;100.0;-23.5486657;-46.6382522;100.0
Ernesto Meyer Filho;Brazil;;;;Itajaí;;Florianópolis;male;fontes biográficas de referência;;"artista autodidata; sem escola formal localizada";;;"MAC; outros; MAC USP";Florianópolis, Brasil;;;media;-26.9083405;-48.6626099;100.0;-27.5969123;-48.5495751;100.0
Ernst Nowak;Cisleithania;Akademie der bildenden Künste Wien;48.201388888889;16.365277777778;Opava;;Vienna;male;https://www.biographien.ac.at/oebl/oebl_N/Novak_Ernst_1851_1919.xml;;A fonte aberta também informa os professores K. Mayer, Wurzinger e Eisenmenger.;;;"outros; Museu Histórico Nacional";Viena;1871-1881;https://www.biographien.ac.at/oebl/oebl_N/Novak_Ernst_1851_1919.xml;alta;49.936506356;17.904929924;100.0;48.2092062;16.3727778;100.0
Erwin Günther;Germany;Kunstakademie Düsseldorf;51.23054;6.77365;Hamburg;;Düsseldorf;male;https://de.wikipedia.org/wiki/Erwin_G%C3%BCnther_%28Maler%29;;A fonte também informa Olof Jernberg como professor.;;;"outros; MASP";Düsseldorf;sem data exata na fonte;https://de.wikipedia.org/wiki/Erwin_G%C3%BCnther_%28Maler%29;alta;53.550677999;9.99697;100.0;51.224219999;6.780068;100.0
Estanislau Antônio de Miranda (?);;;;;;;;;;;"identificação incerta; formação não localizada com segurança";;;"outros; Museu do Diamante";;;;;;;;;;
Estêvão Silva;Brazil;Academia Imperial de Belas Artes;-22.91111111111111;-43.20555555555556;Niterói;;Rio de Janeiro;male;https://pt.wikipedia.org/wiki/Est%C3%AAv%C3%A3o_Silva | https://projetoafro.com/artista/estevao-silva/;;As fontes recuperadas também identificam Victor Meirelles, Jules Le Chevrel e Agostinho José da Mota como mestres.;;;"outros; Pinacoteca de São Paulo";Rio de Janeiro;ingressa em 1864;https://projetoafro.com/artista/estevao-silva/;alta;-22.8898227;-43.1220775;100.0;-22.9014475;-43.1789159;100.0
Euclides Fonseca;Brazil;estudos de composição com Inocêncio Smolz;;;;;Rio de Janeiro;male;https://pt.wikipedia.org/wiki/Euclides_Fonseca | https://musicabrasilis.org.br/pt-br/compositores/euclides-fonseca/;;A formação aberta recuperável aparece por mestre, não por escola formal específica.;;;"outros; Museu Histórico Nacional";Recife;;;media;;;;-22.9014475;-43.1789159;100.0
Eugenio Prati;Kingdom of Italy;"Accademia di Belle Arti di Venezia; Academia de Belas Artes de Veneza; patronato operário Stimate de Verona";45.431078;12.328139;Caldonazzo;;Caldonazzo;male;https://prati.com.br/famiglia-prati/ilustresilustri/biografia-portugues | https://pt.wikiital.com/wiki/Eugenio_Prati_%28scultore%29;;"Há divergência de datas entre fontes secundárias; mantido o que aparece de forma mais explícita nas fontes abertas recuperadas.";;;"MAC; outros; MAC USP";"Veneza; Verona";"1854 em diante; 1907 e 1910 para os diplomas em Verona";https://prati.com.br/famiglia-prati/ilustresilustri/biografia-portugues | https://pt.wikiital.com/wiki/Eugenio_Prati_%28scultore%29;media;45.9959444;11.2657962;100.0;45.9959444;11.2657962;100.0
Eugène Delacroix;France;"Beaux-Arts de Paris; Lycée Impérial; École des Beaux-Arts; ateliê de Pierre-Narcisse Guérin";"49.17555556; 48.85666666666667";"-0.3725; 2.333611111111112";Saint-Maurice;Grave of Delacroix;Paris;male;"https://www.ebsco.com/research-starters/history/eugene-delacroix | https://www.guiadasartes.com.br/eugene-delacroix/biografia; https://www.guiadasartes.com.br/eugene-delacroix/biografia | https://www.ebsco.com/research-starters/history/eugene-delacroix";;;;;"outros; MASP";Paris;1813 em diante;https://www.guiadasartes.com.br/eugene-delacroix/biografia;alta;46.171768235;7.019052987;100.0;48.856372814;2.352529617;100.0
Eugène Laermans;Belgium;Académie Royale des Beaux-Arts;50.844;4.3477;Molenbeek-Saint-Jean;Molenbeek-Saint-Jean Cemetery;Brussels metropolitan area;male;https://en.wikipedia.org/wiki/Eug%C3%A8ne_Laermans;;A fonte cita estudo com Jean-François Portaels.;;;"outros; MASP";Bruxelas;desde 1887;https://en.wikipedia.org/wiki/Eug%C3%A8ne_Laermans;alta;50.855232451;4.318458105;100.0;-33.47269;-70.64724;78.78
Eugène Louis Boudin;France;atelier de Eugène Isabey;;;Honfleur;Saint-Vincent Cemetery;Deauville;male;https://en.wikipedia.org/wiki/Eug%C3%A8ne_Boudin;;A fonte também menciona trabalho como copista no Louvre.;;;"outros; Museu Nacional de Belas Artes";Paris;a partir de 1850;https://en.wikipedia.org/wiki/Eug%C3%A8ne_Boudin;alta;49.420241441;0.234543093;100.0;49.359249359;0.074676226;100.0
Eugênio Teixeira;;"formação artística brasileira; instituição não identificada na fonte aberta consultada";"; ";"; ";;;;;https://enciclopedia.itaucultural.org.br/;;"Não localizei nesta rodada uma fonte aberta suficiente para nomear escola específica; registro conservador.";;;"outros; Museu Histórico Nacional";Brasil;;;baixa;;;;;;
Eulália Nascimento Silva;Brazil;"formação artística brasileira; instituição não identificada na fonte aberta consultada";"; ";"; ";;;;female;https://www.catalogodasartes.com.br/;;Não localizei fonte aberta bastante robusta para nomear escola oficial nesta rodada.;;;"outros; Museu Histórico Nacional";Brasil;;;baixa;;;;;;
Eurico de Vio;;Academia de Belas Artes de Veneza;45.431078;12.328139;;;;male;https://pt.wikipedia.org/wiki/Enrico_Vio | https://www.oexplorador.com.br/enrico-vio-pintor-participa-de-exposicoes-em-milao-turim-e-da-grande-mostra-de-artes-de-veneza/;;O creator está grafado como 'Eurico de Vio', mas as fontes abertas biográficas consultadas usam 'Enrico Vio'.;;;"outros; Museu Paulista";Veneza;;;media;;;;;;
Evelyn Jane Ross;United States;Rhode Island School of Design;41.825833333333;-71.407777777778;;;;female;"FILE Festival — https://file.org.br/anima_2018/evelyn-jane-ross/; Great Women Animators — https://greatwomenanimators.com/evelyn-jane-ross/";alto;"Lote 8 pesquisado; sem fonte auditável suficiente para local de nascimento.";;;FILE;;;;;;;;;;
Everett Spruce;United States;Dallas Art Institute;32.779166666667;-96.808888888889;Conway;;Austin;male;fontes biográficas de referência;;instituição identificada em biografias do regionalismo texano;;;"MAC; outros; MAC USP";Dallas, EUA;c. 1920s;fontes biográficas de referência;media;35.0917981;-92.4367002;100.0;30.264979;-97.746598;100.0
Evert Lundquist;Sweden;"Gerlesborg School of Fine Art; Carl Wilhelmson's painting school; Académie Julian; Konsthögskola";59.324444444444;18.083055555556;Stockholm;;Stockholm;male;https://en.wikipedia.org/wiki/Evert_Lundquist;;;;;"MAC; outros; MAC USP";"Estocolmo, Suécia; Paris, França; Estocolmo, Suécia";"1924; 1924–1925; 1925–1931";https://en.wikipedia.org/wiki/Evert_Lundquist;media;59.3327881;18.0644881;100.0;59.3327881;18.0644881;100.0
F. Falcão;;;;;;;;;;;;;;"outros; Museu Histórico Nacional";;;;;;;;;;
F. Mallio;;;;;;;;male;;;;;;"outros; Museu Paulista";;;;;;;;;;
F. Prata;;;;;;;;;;;;;;"outros; Museu Histórico Nacional";;;;;;;;;;
F. Viriato;;;;;;;;;;;;;;"outros; Museu Histórico Nacional";;;;;;;;;;
Fabiana de Barros;Switzerland;Fundação Armando Álvares Penteado (FAAP);-23.5450155;-46.6630802;São Paulo;;;female;https://acervo.macrs.rs.gov.br/artistas-macrs/fabiana-de-barros/;;formação em artes plásticas;;;"MAC; outros; MAC USP";São Paulo, Brasil;1983;https://acervo.macrs.rs.gov.br/artistas-macrs/fabiana-de-barros/;alta;-23.5486657;-46.6382522;100.0;;;
Fabiano Rodrigues;Brazil;autodidata;;;Santos, Brazil;;;male;"FILE Festival — https://archive.file.org.br/participantes/fabiano-rodrigues/; Fundação Vera Chaves Barcellos — https://fvcb.com.br/acervo/artista/fabiano-rodrigues/";alto;;FILE Festival / Constance Galeria;alto;"FILE; MAC";;;;;-23.9562885;-46.3264601;100.0;;;
Fabio Fabbi;Kingdom of Italy;"Academy of Fine Arts, Florence; Accademia di Belle Arti di Bologna";44.497811111111;11.353188888889;Bologna;;Casalecchio di Reno;male;https://www.treccani.it/enciclopedia/fabio-fabbi_%28Dizionario-Biografico%29/;;depois transfere-se para Florença;;;"outros; Museu Nacional de Belas Artes";Bolonha, Itália;s.d.;https://www.treccani.it/enciclopedia/fabio-fabbi_%28Dizionario-Biografico%29/;alta;44.4941903;11.3465185;100.0;44.476574;11.2770555;100.0
Fabricio Lima;Brazil;;;;Brazil;;;male;;;"Perfil do artista descreve-o como “Brazilian-born”; preenchido em nível de país.";Behance;media;FILE;;;;;;;;;;
Fabrizio Clerici;Italy;Scuola Superiore di Architettura;;;Milan;;Rome;male;"Fabrizio Clerici official biography; European Parliament art collection";;;;;"MAC; outros; MAC USP";Roma, Itália;até 1937;"Fabrizio Clerici official biography; European Parliament art collection";alta;45.4636183;9.1881156;100.0;41.8905568;12.4942679;100.0
Faith Holland;United States;"Vassar College; School of Visual Arts";"41.686866666667; 40.73861111";"-73.895188888889; -73.98222222";New York, New York, USA;;;female;Pratt Institute;alto;;Microscope Gallery (CV da artista);médio;FILE;;;;;40.7130466;-74.0072301;100.0;;;
Faiyaz Jafri;Netherlands;Technical University of Delft;52.001666666667;4.3725;Netherlands;;;male;"Parsons — https://www.newschool.edu/parsons/faculty/Faiyaz-Jafri/; Pratt Institute — https://www.pratt.edu/people/faiyaz-jafri/; FILE Festival — https://file.org.br/anima_2018/faiyaz-jafri/";alto;;site oficial do artista / Parsons;médio;FILE;;;;;52.249375293;5.616126398;100.0;;;
Fanny Lhotellier;;"École des Beaux-Arts de Bourges; École Georges Méliès";47.085780555556;2.395;Courcouronnes, France;;;female;https://archive.file.org.br/participantes/fanny-lhotellier/ | https://filmfreeway.com/MielBleu;media;;CV da artista;alto;FILE;;;;;;;;;;
Fausto Pirandello;Italy;Scuola Libera del Nudo, Accademia di Belle Arti di Roma;41.9075;12.4756;Rome;;Rome;male;https://www.scuolaromana.it/artisti/pirandel.htm;;a fonte também registra acompanhamento de Felice Carena a partir de 1921;;;"MAC; outros; MAC USP";Roma, Itália;1920;https://www.scuolaromana.it/artisti/pirandel.htm;alta;41.8905568;12.4942679;100.0;41.8905568;12.4942679;100.0
Fayga Ostrower;Brazil;"Atelier 17; Fundação Getulio Vargas";-22.906908;-43.178427;Łódź;;Rio de Janeiro;female;https://pt.wikipedia.org/wiki/Fayga_Ostrower;;"curso de Artes Gráficas; estudou xilogravura com Axl Leskoscheck e gravura em metal com Carlos Oswald";;;"MAC; outros; MAC USP";Rio de Janeiro, Brasil;1947;https://pt.wikipedia.org/wiki/Fayga_Ostrower;alta;51.764444457;19.463055493;100.0;-22.9014475;-43.1789159;100.0
Federico Bebber;Italy;;;;Udine, Italy;;;male;;;;site oficial do artista;alto;FILE;;;;;46.0649418;13.2307247;100.0;;;
Federico Tirone;;;;;;;;;;;identificação localizada, mas formação não localizada com segurança;;;"outros; Museu Histórico Nacional";;;;;;;;;;
Felice Carena;Italy;Accademia Albertina;45.0675;7.68944444;Cumiana;Cemetery of San Michele;Venice;male;https://en.wikipedia.org/wiki/Felice_Carena;;Fonte confirma estudos na Accademia Albertina em Turim, sem datas precisas localizadas nesta passada.;;;"MAC; outros; MAC USP";Turim, Itália;;;media;44.9807962;7.3778148;100.0;45.434608;12.338913;100.0
Felice Casorati;Italy;"University of Padua; Universidade de Pádua";"45.42; 45.42";"11.87; 11.87";Novara;;Turin;male;https://en.wikipedia.org/wiki/Felice_Casorati;;"A formação localizada com segurança nesta passada é em Direito; estudos artísticos posteriores apareceram de forma menos estável entre fontes.";;;"MAC; outros; MAC USP";Pádua, Itália;até 1906;https://en.wikipedia.org/wiki/Felice_Casorati;media;45.4451051;8.6183864;100.0;45.0683751;7.6830662;100.0
Feliks Tomasz Konczakowski;Poland;;;;Kraków, Poland;;;male;;;;FILE Festival;alto;FILE;;;;;50.061781198;19.937369714;100.0;;;
Felipe Cama;;"Escola de Comunicações e Artes da Universidade de São Paulo (ECA-USP); Fundação Armando Alvares Penteado (FAAP)";"-23.55833333; -23.5450155";"-46.72694444; -46.6630802";;;;;https://www.premiopipa.com/pag/felipe-cama/;;A fonte consultada informa as instituições, mas não traz cronologia detalhada.;;;"MAC; outros; MAC USP";São Paulo (SP);;;media;;;;;;
Felix Bernardelli;Brazil;"Academia Imperial de Belas Artes; estudos em Roma";"-22.91111111111111; 41.893055555556";"-43.20555555555556; 12.482777777778";Pelotas;;Guadalajara;male;https://www.escritoriodearte.com/artista/atiliano-felix-bernardelli;;fonte confirma ingresso na Aiba e viagem de estudos a Roma;;;"outros; Pinacoteca de São Paulo";"Rio de Janeiro, Brasil; Roma, Itália";"1877; s.d.";https://www.escritoriodearte.com/artista/atiliano-felix-bernardelli;media;-31.7466131;-52.3353928;100.0;20.674161223;-103.336727247;100.0
Felix Hardmood Beck;;Berlin University of the Arts;52.509166666666665;13.326944444444445;Düsseldorf, Germany;;;;https://www.felix-beck.de/content/bio.html;media;;site pessoal / about.me;alto;FILE;;;;;51.224219999;6.780068;100.0;;;
Ferdinand Krumholz;;Akademie der bildenden Künste Wien;48.201388888889;16.365277777778;Dvorce;;Bern;male;https://www.biographien.ac.at/oebl/oebl_K/Krumholz_Ferdinand_1844_1890.xml;;Cronologia não localizada nesta rodada.;;;"outros; Museu Histórico Nacional";Viena;;;media;45.884539991;15.613960656;100.0;46.948998594;7.437170775;100.0
Ferdinand Piereck;Austrian Empire;"formação artística alemã; instituição não identificada na fonte aberta consultada";"; ";"; ";Vienna;;Recife;male;https://www.wikidata.org/wiki/Q42848766;;Registro conservador por ausência de cronologia formativa aberta suficiente.;;;"outros; Museu Paulista";Alemanha;;;baixa;48.2092062;16.3727778;100.0;-8.0551894;-34.871176;100.0
Fernand Léger;France;"Académie Julian; École des Arts Décoratifs; École des Beaux-Arts";"48.5825; 48.85666666666667";"7.7591; 2.333611111111112";Argentan;Gif-sur-Yvette;Gif-sur-Yvette;male;https://www.tate.org.uk/whats-on/tate-britain/fernand-leger;;Formação anterior em arquitetura mencionada em outras biografias, mas sem instituição formal confirmada nesta passada.;;;"MAC; outros; MAC USP";"Paris, França; Paris, França; Paris, França";"1903; 1903; c. 1903–1904";https://www.tate.org.uk/whats-on/tate-britain/fernand-leger;alta;48.743980475;-0.016452183;100.0;48.701825366;2.133960843;100.0
Fernanda Ramos;;Escola de Comunicações e Artes da Universidade de São Paulo;-23.55833333;-46.72694444;Brazil;;;;FILE Festival;médio;"FILE explicita “País de Origem: Brasil”; preenchido em nível de país.";FILE Festival (País de Origem);alta;FILE;;;;;;;;;;
Fernanda Vogas;Brazil;Universidade Federal do Rio de Janeiro;-22.8625;-43.223888888889;;;;female;https://archive.file.org.br/participantes/fernanda-vogas/ | https://fernandavogas.wixsite.com/vogas/sobre;media;"Lote 8 pesquisado; sem fonte auditável suficiente para local de nascimento.";;;FILE;;;;;;;;;;
Fernandes Machado;Brazil;"National School of Fine Arts; Escola Nacional de Belas Artes (Enba); Académie Julien";"-22.90879805555556; 48.871111111111";"-43.17573111111111; 2.3416666666667";Rio de Janeiro;;Rio de Janeiro;male;"https://pt.wikipedia.org/wiki/Fernandes_Machado | https://enciclopedia.itaucultural.org.br/pessoas/6826-fernandes-machado; https://pt.wikipedia.org/wiki/Fernandes_Machado | https://www.escritoriodearte.com/artista/fernandes-machado";;As fontes abertas também nomeiam José Maria de Medeiros, Pedro Weingärtner, Modesto Broccos, Rodolfo Amoedo e Henrique Bernardelli como mestres.;;;"outros; Museu Paulista";"Rio de Janeiro; Paris";"1889; após 1901";https://pt.wikipedia.org/wiki/Fernandes_Machado | https://enciclopedia.itaucultural.org.br/pessoas/6826-fernandes-machado;alta;-22.9014475;-43.1789159;100.0;-22.9014475;-43.1789159;100.0
Fernando Lemos;Brazil;"Escola António Arroio; Escola de Belas-Artes de Lisboa";"38.73611111; 38.708042";"-9.12722222; -9.139016";Lisbon;;;male;"biografia institucional do artista; fontes de referência";;datas aproximadas;;;"MAC; outros";"Lisboa, Portugal; Lisboa, Portugal";"c. 1940s; c. 1940s";"biografia institucional do artista; fontes de referência";media;38.7070085;-9.1356407;100.0;;;
Fernando Limberger;;"Universidade Federal do Rio Grande do Sul (UFRGS); especialização em Reabilitação em Paisagens Degradadas na ESALQ; Jardinagem no DEPAVE";"-30.033611111111; -22.708333333333; -23.550394444444";"-51.219166666667; -47.641666666667; -46.633947222222";;;;;https://fosseisurbanos.com.br/fosseis-urbanos-fernando-limberger | https://www.esalq.usp.br/acom/clipping_semanal/2012/3marco/25_a_02/files/assets/downloads/page0013.pdf;;Além da formação artística, a fonte registra formações complementares ligadas ao paisagismo.;;;"MAC; outros; MAC USP";"Porto Alegre; Piracicaba; São Paulo";"Artes Plásticas concluídas em 1985; ESALQ 2003; DEPAVE 2004";https://fosseisurbanos.com.br/fosseis-urbanos-fernando-limberger | https://www.esalq.usp.br/acom/clipping_semanal/2012/3marco/25_a_02/files/assets/downloads/page0013.pdf;alta;;;;;;
Fernando Lindote;;Universidade do Estado de Santa Catarina;-27.60111111;-48.52;;;;male;fontes biográficas de referência;;datas aproximadas;;;"MAC; outros; MAC USP";Florianópolis, Brasil;1980s;fontes biográficas de referência;media;;;;;;
Fernando Lion;;;;;;;;;;;formação não localizada com segurança;;;"MAC; outros; MAC USP";;;;;;;;;;
Fernando Odriozola;;Escuela Nacional de Bellas Artes;14.09871944444444;-87.20715833333334;;;;;fontes biográficas de referência;;instituição identificada em fontes sumárias;;;"MAC; outros; MAC USP";Montevidéu, Uruguai;s.d.;fontes biográficas de referência;media;;;;;;
Fernando Otávio Fuentes Lindote;Brazil;Universidade do Estado de Santa Catarina;-27.60111111;-48.52;;;;male;fontes biográficas de referência;;datas aproximadas;;;outros;Florianópolis, Brasil;1980s;fontes biográficas de referência;media;;;;;;
Fernando Szyszlo;;"Escuela Nacional de Ingeniería; Facultad de Artes Plásticas da Pontificia Universidad Católica del Perú";"19.33138889; -12.06944444444444";"-99.18472222; -77.07944444444445";;;;;"Wikipedia; Portal Contemporâneo da América Latina e Caribe";;Inicia arquitetura e depois migra para artes plásticas.;;;outros;"Lima, Peru; Lima, Peru";"1943; c. 1940s";"Wikipedia; Portal Contemporâneo da América Latina e Caribe";alta;;;;;;
Filippo De Pisis;Italy;Università di Bologna;44.493888888889;11.342777777778;Ferrara;Certosa of Ferrara;Milan;male;https://en.wikipedia.org/wiki/Filippo_De_Pisis;;"A biografia consultada menciona estudos de literatura e filosofia; a pintura se desenvolve depois em Roma.";;;"MAC; outros; MAC USP";Bolonha, Itália;1914–1919;https://en.wikipedia.org/wiki/Filippo_De_Pisis;media;44.8378378;11.6203994;100.0;45.4636183;9.1881156;100.0
Firman Machda;Indonesia;University of South Wales;51.47946437141099;-3.1692761684562125;Bandung, Indonesia;;;male;https://file.org.br/led_sp_2019/firman-machda/ | https://about.me/machda;media;;about.me / FILE Festival;médio;FILE;;;;;-6.9021634;107.6191139;100.0;;;
Florencia Levy;Argentina;"Central Saint Martins College of Arts and Design; Universidad Nacional de las Artes";-34.59472222;-58.39944444;Buenos Aires, Argentina;;;female;https://www.arte-online.net/Artistas/Levy-Florencia/%28section%29/Biografia | https://proyector.info/en/profile/florencia-levy/;media;;PROYECTOR / Mapa del Arte;alto;FILE;;;;;-34.6090264;-58.3732215;100.0;;;
Flávia Metzler;;"Universidade Federal do Rio de Janeiro (Geologia; Pintura)";-22.8625;-43.223888888889;;;;female;"Escavador; site da artista";;"retomou a UFRJ em 2004 para cursar Pintura; fontes biográficas também mencionam passagem inconclusa pelo curso, mas o Lattes/Escavador registra graduação em Pintura em 2007";;;"outros; Museu Victor Meirelles";Rio de Janeiro;"1997; 2004–2007";"Escavador; site da artista";media;;;;;;
Flávio;;;;;;;;;;;"identificação incompleta; não foi possível desambiguar com segurança";;;"outros; MAC USP";;;;;;;;;;
Flávio de Carvalho;Brazil;"Durham University; Armstrong College, Universidade de Durham; King Edward the Seventh School of Fine Arts";"54.775; 54.5955";"-1.575; -5.95451";Barra Mansa;;São Paulo;male;Enciclopédia Itaú Cultural;;há referência a estudos em Paris em 1911, mas a instituição não foi localizada com segurança nesta passada;;;"MAC; outros";"Newcastle, Inglaterra; Newcastle, Inglaterra";"1918–1922; desde 1918";Enciclopédia Itaú Cultural;alta;-22.545351;-44.169847;100.0;-23.5486657;-46.6382522;100.0
Flávio-Shiró;Japan;;;;Sapporo;;;male;;;;;;"MAC; outros";;;;;43.06203724;141.35436879;100.0;;;
Fokke Mars;Kingdom of the Netherlands;HKU University of the Arts Utrecht;52.09303055555556;5.121088888888889;Netherlands;;;male;https://archive.file.org.br/participantes/fokke-mars/ | https://file.org.br/anima_2018/fokke-mars-max-van-der-ree-bas-jansen/;media;"FILE explicita “País de Origem: Netherlands”; preenchido em nível de país.";FILE Festival (País de Origem);alta;FILE;;;;alta;;;;;;
Fran Orallo;Spain;"Technical University of Valencia; City of Glasgow College";"39.48088957948802; 55.863";"-0.3411099306510339; -4.244";Badajoz, Spain;;;male;https://file.org.br/videoarte_2018/fran-orallo/ | https://www.idkf.org/archive/idkf-2025/artists-2025/fran-orallo;media;;FILE Festival;alto;FILE;;;;;38.8785497;-6.9701578;100.0;;;
Frances Manacher;;;;;;;;;;;formação não localizada com segurança;;;"MAC; outros; MAC USP";;;;;;;;;;
Francesc Domingo;Brazil;Escola de Belos Ofícios da Mancomunidade de Barcelona;41.388053;2.149394;Barcelona;;São Paulo;male;https://www.catalogodasartes.com.br/artista/Francesc%20Domingo%20Segura%20/;;"instituição identificada; datas não localizadas na fonte consultada";;;"MAC; outros; MAC USP";Barcelona, Espanha;;;media;41.387917;2.1699187;100.0;-23.5486657;-46.6382522;100.0
Francesca Fini;Italy;"IED European Institute; Istituto Quasar Design University";"45.466944444444; 41.893055555556";"9.19; 12.482777777778";Rome, Italy;;;female;entrevista VIP - VideoChannel Interview Project;baixo;;site oficial da artista;alto;FILE;;;;;41.8905568;12.4942679;100.0;;;
Francesca Leoni;Italy;University of North Carolina Wilmington;34.225833333333334;-77.87333333333333;Italy;;;female;FILE Festival;médio;;FILE Festival / Celeste Network;alto;FILE;;;;;42.83333;12.83333;100.0;;;
Francesco Cozza;;"formação com Battistello Caracciolo; ateliê de Domenichino";"; ";"; ";Stilo;;Rome;male;https://en.wikipedia.org/wiki/Francesco_Cozza | https://www.britannica.com/biography/Francesco-Cozza;;;;;"outros; Museu Nacional de Belas Artes";"Nápoles; Roma";;;media;38.4780678;16.4693036;100.0;41.8905568;12.4942679;100.0
Francesco Cristofanetti;;Accademia Albertina;45.0675;7.68944444;Rome;;Rome;male;fontes biográficas de referência;;instituição identificada em fontes sumárias;;;"MAC; outros; MAC USP";Turim, Itália;s.d.;fontes biográficas de referência;baixa;41.8905568;12.4942679;100.0;41.8905568;12.4942679;100.0
Francesco Menzio;Italy;"Accademia Albertina; Accademia Albertina di Belle Arti";"45.0675; 45.0675";"7.68944444; 7.68944444";Tempio Pausania;;Turin;male;https://en.wikipedia.org/wiki/Francesco_Menzio;;Fonte informa matrícula por um ano na Accademia Albertina, depois da qual completou a formação de modo autônomo.;;;"MAC; outros; MAC USP";Turim, Itália;c. 1910s;https://en.wikipedia.org/wiki/Francesco_Menzio;media;40.8984444;9.104537;100.0;45.0683751;7.6830662;100.0
Francesco Zugno;Republic of Venice;ateliê de Giambattista Tiepolo;;;Venice;;Venice;male;https://en.wikipedia.org/wiki/Francesco_Zugno;;Formação descrita por oficina/atelier, não por academia formal.;;;"outros; MASP";Veneza;;;media;45.434608;12.338913;100.0;45.434608;12.338913;100.0
Francis Picabia;;;;;;;;;;;;;;;;;;;;;;;;
Francisco Biojone;;início de estudos de pintura em Campinas;;;;;;;"https://www.iar.unicamp.br/vanguardasemcampinas/catalogos/downloads/individuais/biojone.pdf | https://acervo.margs.rs.gov.br/artistas/francisco-biojone/; https://www.iar.unicamp.br/vanguardasemcampinas/catalogos/downloads/individuais/biojone.pdf";;"As fontes localizadas não identificam escola ou mestre específico; mantida formulação conservadora.";;;"MAC; outros; MAC USP";Campinas;a partir de 1950;https://www.iar.unicamp.br/vanguardasemcampinas/catalogos/downloads/individuais/biojone.pdf | https://acervo.margs.rs.gov.br/artistas/francisco-biojone/;baixa;;;;;;
Francisco Brennand;Brazil;formação com Abelardo da Hora;;;Recife;;Recife;male;https://plone.ufpb.br/pinacoteca/contents/menu/institucional/biografia/francisco-brennand-1927-2019;;"A fonte universitária confirma o início da formação com Abelardo da Hora em 1942; não localizei instituição formal inequívoca para esse início.";;;"MAC; outros; MAC USP";Recife, Brasil;1942;https://plone.ufpb.br/pinacoteca/contents/menu/institucional/biografia/francisco-brennand-1927-2019;media;-8.0551894;-34.871176;100.0;-8.0551894;-34.871176;100.0
Francisco Cuoco;Brazil;"Escola de Belas Artes de São Paulo; Museu de Arte de São Paulo (MASP)";-23.56111111111111;-46.65583333333333;São Paulo;Consolação Cemetery;São Paulo;male;https://blombo.com/artistas/francisco-cuoco/artistas/francisco-cuoco;;entrada usada para o artista plástico homônimo, não o ator;;;"MAC; outros; MAC USP";"São Paulo, Brasil; São Paulo, Brasil";"s.d.; 1951";https://blombo.com/artistas/francisco-cuoco/artistas/francisco-cuoco;baixa;-23.5486657;-46.6382522;100.0;-23.5486657;-46.6382522;100.0
Francisco de Sousa Lobo;Brazil;"Academia Imperial de Belas Artes (Aiba); aluno de Debret";-22.91111111111111;-43.20555555555556;;;;male;https://pt.wikipedia.org/wiki/Francisco_de_Sousa_Lobo | https://www.catalogodasartes.com.br/artista/Francisco%20de%20Sousa%20Lobo/;;;;;"outros; Museu Histórico Nacional";Rio de Janeiro;c.1824;https://www.catalogodasartes.com.br/artista/Francisco%20de%20Sousa%20Lobo/;alta;;;;;;
Francisco de Sá;;"Seminário Episcopal de Diamantina; Escola Politécnica do Rio de Janeiro; Escola de Minas de Ouro Preto";"-18.248888888889; -22.8625; -20.385277777778";"-43.6; -43.223888888889; -43.503611111111";;;;male;https://mapa.an.gov.br/index.php/mapa/centrais-de-conteudo/producao/biografias/901-francisco-sa | https://pt.wikipedia.org/wiki/Francisco_S%C3%A1;;Creator tratado como o político/engenheiro Francisco Sá, conforme a forma do nome na base.;;;"outros; Museu Histórico Nacional";"Diamantina; Rio de Janeiro; Ouro Preto";"até 1880; 1880-1881; conclusão em 1884";https://mapa.an.gov.br/index.php/mapa/centrais-de-conteudo/producao/biografias/901-francisco-sa | https://pt.wikipedia.org/wiki/Francisco_S%C3%A1;alta;;;;;;
Francisco de Zurbarán;Spain;aprendiz com Pedro Díaz de Villanueva;;;Fuente de Cantos;;Madrid;male;https://en.wikipedia.org/wiki/Francisco_de_Zurbar%C3%A1n | https://www.britannica.com/biography/Francisco-de-Zurbaran;;;;;"outros; MASP";Sevilha;1614-1617;https://en.wikipedia.org/wiki/Francisco_de_Zurbar%C3%A1n;alta;38.246614;-6.3092314;100.0;40.4166909;-3.7003454;100.0
Francisco Domingos da Silva;;;;;;;;;;;;;;;;;;;;;;;;
Francisco Goya;Spain;"School of St. Thomas Aquinas of the Piarist Schools of Zaragoza; ateliê de José Luzán; Real Academia de Bellas Artes de San Fernando";40.4178;-3.7007;Fuendetodos;Chartreuse Cemetery;Bordeaux;male;https://pt.wikipedia.org/wiki/Francisco_de_Goya;;;;;"outros; MASP";"Zaragoza, Espanha; Madrid, Espanha";"1759–1763; 1774";https://pt.wikipedia.org/wiki/Francisco_de_Goya;media;41.3429064;-0.9598393;100.0;44.837898313;-0.579380299;100.0
Francisco Joaquim Gomes Ribeiro;Brazil;"Academia Imperial de Belas Artes (Aiba); Grupo Grimm";-22.91111111111111;-43.20555555555556;Portugal;;Rio de Janeiro;male;https://pt.wikipedia.org/wiki/Francisco_Joaquim_Gomes_Ribeiro | https://enciclopedia.itaucultural.org.br/pessoas/6871-francisco-ribeiro;;;;;"outros; Museu Histórico Nacional";Rio de Janeiro;"1882-1884; 1884-1885";https://pt.wikipedia.org/wiki/Francisco_Joaquim_Gomes_Ribeiro | https://enciclopedia.itaucultural.org.br/pessoas/6871-francisco-ribeiro;alta;39.593139046;-8.51981299;100.0;-22.9014475;-43.1789159;100.0
Francisco Pedro do Amaral;Brazil;"estudos com José Leandro de Carvalho e Manuel Dias de Oliveira, o Brasiliense; aula régia de desenho e pintura; primeiros alunos de Debret";"; ; ";"; ; ";Rio de Janeiro;;Rio de Janeiro;male;https://pt.wikipedia.org/wiki/Francisco_Pedro_do_Amaral | https://www.guiadasartes.com.br/francisco-pedro-do-amaral/biografia | https://enciclopedia.itaucultural.org.br/pessoas/6869-francisco-pedro-do-amaral;;;;;"outros; Museu Histórico Nacional";Rio de Janeiro;"1820; 1823";https://www.guiadasartes.com.br/francisco-pedro-do-amaral/biografia;alta;-22.9014475;-43.1789159;100.0;-22.9014475;-43.1789159;100.0
Francisco Rebolo Gonsales;Brazil;Escola Profissional Masculina do Brás;-23.54504;-46.61634;São Paulo;;São Paulo;male;"Escritório de Arte; Guia das Artes";;Teve aulas de desenho com o professor Barquita.;;;"MAC; outros; MAC USP";São Paulo, Brasil;1915–1917;"Escritório de Arte; Guia das Artes";alta;-23.5486657;-46.6382522;100.0;-23.5486657;-46.6382522;100.0
Francisco Terêncio Vieira de Campos;;Escola Nacional de Belas Artes (Enba);-22.90879805555556;-43.17573111111111;;;;male;https://enciclopedia.itaucultural.org.br/;;Registro conservador, sem datas precisas localizadas nesta rodada.;;;"outros; Museu Histórico Nacional";Rio de Janeiro;;;baixa;;;;;;
Francisco Viriato de Freitas;;;;;;;;;;;formação não localizada com segurança;;;"outros; Museu da Inconfidência";;;;;;;;;;
Francisco Xavier Carneiro;Brazil;;;;;;;male;fontes biográficas de referência;;"não localizei escola formal; formação colonial/oficinal";;;"outros; Museu da Inconfidência";Minas Gerais, Brasil;século XVIII;fontes biográficas de referência;baixa;;;;;;
Franck Dadure;France;;;;France;;;male;;;"fonte biográfica identifica apenas o país; preenchimento mantido em nível de país.";FILE Festival;médio;FILE;;;;;;;;;;
Franck Weber;France;ATLA de Paris;48.85666666666667;2.352222222222222;France;;;male;https://www.reperes-numeriques.org/artiste/weber-franck/;media;fonte identifica apenas o país de nascimento;Repères numériques;médio;FILE;;;;;46.559417044;2.550539953;100.0;;;
Franco Sá Boris;;Escola Guignard;-19.9552;-43.9202;;;;male;https://enciclopedia.itaucultural.org.br/;;Registro institucional prudente.;;;"outros; Museu Paulista";Belo Horizonte;;;baixa;;;;;;
Franco Sá Luís;;Escola Guignard;-19.9552;-43.9202;;;;male;https://enciclopedia.itaucultural.org.br/;;Registro institucional prudente.;;;"outros; Museu Paulista";Belo Horizonte;;;baixa;;;;;;
Frank Kolkman;Kingdom of the Netherlands;ArtEZ;51.98399613367563;5.8943865238974;Arnhem;;;male;;;;;;FILE;;;;;51.974490103;5.905734847;100.0;;;
Frank Yefeng Wang;People's Republic of China;"Shanghai University; School of the Art Institute of Chicago";"31.316666666666666; 41.879444444444";"121.38888888888889; -87.623888888889";Shanghai, China;;;male;https://curatorsintl.org/collaborators/7388-wang-yefeng | https://www.maakemagazine.com/frank-wang-yefeng;media;;site oficial do artista / NARS Foundation;alto;FILE;;;;;31.22222;121.45806;100.0;;;
Frans Hals;Dutch Republic;estudos com Karel van Mander;;;Antwerp;Grote Kerk;Haarlem;male;https://en.wikipedia.org/wiki/Frans_Hals | https://www.portalartes.com.br/hist%C3%B3ria/biografias/pintores-classicos/frans-hals.html;;"O vínculo com Karel van Mander aparece em fontes secundárias; mantida confiança média.";;;"outros; MASP";Haarlem;"antes de 1610; sem data exata na fonte";;media;51.25942418;4.371799938;100.0;52.381044553;4.642828229;100.0
Frans Krajcberg;Brazil;"State Academy of Fine Arts Stuttgart; Universidade de Leningrado; Academia de Belas Artes de Stuttgart";"48.7775; 59.94194444444445; 48.7775";"9.18; 30.29888888888889; 9.18";Kozienice;;Rio de Janeiro;male;"Enciclopédia Itaú Cultural; Jornal da USP";;datas de estudo não localizadas com precisão nesta passada;;;"MAC; outros; MAC USP";"Leningrado; Stuttgart, Alemanha";;;media;51.58420708;21.54907824;100.0;-22.9014475;-43.1789159;100.0
Frans Post;Dutch Republic;"formação com o pai Jan Janszoon Post; provável contato com Frans Hals";"; ";"; ";Haarlem;Grote Kerk;Haarlem;male;https://en.wikipedia.org/wiki/Frans_Post | https://www.britannica.com/biography/Frans-Post;;As fontes não sustentam academia formal identificável.;;;"outros; MASP";Haarlem;;;baixa;52.381044553;4.642828229;100.0;52.381044553;4.642828229;100.0
Franz Josef Frühbeck;Germany;Akademie der bildenden Künste Wien;48.201388888889;16.365277777778;Vienna;;Krieglach;male;https://www.wikidata.org/wiki/Q20956326;;"Registro conservador com base em fonte aberta estruturada; cronologia não localizada nesta rodada.";;;"outros; Coleção Brasiliana Itaú";Viena;;;baixa;48.2092062;16.3727778;100.0;47.545007;15.561329;100.0
Franz Keller-Leuzinger;German Empire;"Lyceum de Karlsruhe; Polytechnische Schule de Karlsruhe";"49.016666666667; 49.016666666667";"8.4; 8.4";Mannheim;;Munich;male;https://www.deutsche-biographie.de/116125632.html?language=en;;A referência biográfica registra a mudança da família para Karlsruhe e o estudo posterior no liceu e na escola politécnica.;;;"outros; Coleção Brasiliana Itaú";Karlsruhe;"a partir de 1841; sem data final exata";https://www.deutsche-biographie.de/116125632.html?language=en;alta;49.487779999;8.466275001;100.0;48.143438999;11.573599;100.0
François Clouet;France;Formação com Jean Clouet (pai) / ateliê de Jean Clouet;;;Tours;;Paris;male;https://www.museothyssen.org/en/collection/artists/clouet-francois | https://en.wikipedia.org/wiki/Fran%C3%A7ois_Clouet;;"A fonte informa treinamento com o pai; não há instituição formal nomeada.";;;"outros; MASP";França;até c. 1540;https://www.museothyssen.org/en/collection/artists/clouet-francois;media;47.390847918;0.689480032;100.0;48.856372814;2.352529617;100.0
François Heysen;France;Supinfocom;50.35805555555555;3.523333333333333;France;;;male;https://www.youtube.com/watch?v=4lHGJt2UlnQ | https://laughingsquid.com/bat-tutty-ry-an-animated-short-about-a-small-robot-battling-a-giant-robot-in-the-desert/;baixa;"FILE explicita “País de Origem: France”; preenchido em nível de país.";FILE Festival (País de Origem);alta;FILE;;;;alta;;;;;;
François Quévillon;Canada;Université du Québec à Montréal;45.513888888889;-73.560277777778;Montreal, Canada;;;male;https://lesabord.qc.ca/biographie/francois-quevillon/;media;Fonte institucional usa formulação de origem (“artist from Montreal”), sem afirmar nascimento.;Harddiskmuseum;baixa;FILE;;;;;;;;;;
François René Moreaux;France;estudos com Jean-Baptiste Couvelet e Antoine-Jean Gros (Barão Gros);;;Rocroi;;Rio de Janeiro;male;https://pt.wikipedia.org/wiki/Fran%C3%A7ois-Ren%C3%A9_Moreaux | https://enciclopedia.itaucultural.org.br/pessoas/6880-francois-rene-moreaux | https://www.sabercultural.com.br/template/ArteBrasilEspeciais/Moreaux-Francois-Rene.html;;Mantida formulação por mestres, sem instituição formal nomeada.;;;"outros; Museu Nacional de Belas Artes";França;antes de 1838;https://pt.wikipedia.org/wiki/Fran%C3%A7ois-Ren%C3%A9_Moreaux;alta;49.925149573;4.519878794;100.0;-22.9014475;-43.1789159;100.0
François-Auguste Biard;France;"École nationale supérieure des beaux-arts de Lyon; École des Beaux-Arts de Lyon";45.768055555556;4.8172222222222;Lyon;;Fontainebleau;male;https://enciclopedia.itaucultural.org.br/pessoas/6639-francois-auguste-biard;;estuda com Pierre-Henri Révoil;;;"outros; Pinacoteca de São Paulo";Lyon, França;s.d.;https://enciclopedia.itaucultural.org.br/pessoas/6639-francois-auguste-biard;alta;45.767634724;4.835037488;100.0;48.404740851;2.701648778;100.0
François-Hubert Drouais;France;"formação com o pai Hubert Drouais; estudos com Donat Nonotte, Charles-André van Loo e François Boucher";"; ";"; ";Paris;;Paris;male;https://en.wikipedia.org/wiki/Fran%C3%A7ois-Hubert_Drouais;;Sem cronologia consolidada nas fontes consultadas.;;;"outros; MASP";Paris;;;media;48.856372814;2.352529617;100.0;48.856372814;2.352529617;100.0
François-René Moreaux;France;estudos com Jean-Baptiste Couvelet e Antoine-Jean Gros (Barão Gros);;;Rocroi;;Rio de Janeiro;male;https://pt.wikipedia.org/wiki/Fran%C3%A7ois-Ren%C3%A9_Moreaux | https://enciclopedia.itaucultural.org.br/pessoas/6880-francois-rene-moreaux | https://www.sabercultural.com.br/template/ArteBrasilEspeciais/Moreaux-Francois-Rene.html;;Mantida formulação por mestres, sem instituição formal nomeada.;;;"outros; Museu Nacional de Belas Artes";França;antes de 1838;https://pt.wikipedia.org/wiki/Fran%C3%A7ois-Ren%C3%A9_Moreaux;alta;49.925149573;4.519878794;100.0;-22.9014475;-43.1789159;100.0
Frederik Duerinck;Netherlands;;;;Netherlands;;;male;;;;FILE Festival;médio;FILE;;;;;52.249375293;5.616126398;100.0;;;
Frederik Salling Troels-Smith;Kingdom of Denmark;The Animation Workshop;56.4561;9.40611;Denmark;;;male;Vimeo / The Animation Workshop — The Great Harlot and the Beast;médio;"fonte biográfica identifica apenas o país; preenchimento mantido em nível de país.";site oficial do artista;médio;FILE;;;;;;;;;;
Fredrik Lund-Hansen;Sweden;;;;Sweden;;;male;;;;FILE Festival;médio;FILE;;;;;64.712585547;17.260487956;100.0;;;
Frei Nazareno Confaloni;;estudo com Felice Carena, Maria Bacci e Primo Conti;;;;;;;https://www.guiadasartes.com.br/nazareno-confaloni/biografia;;Fonte localizada menciona mestres e cidade, mas não uma instituição formal nem datas precisas.;;;"outros; Museu de Arte Sacra da Boa Morte";Florença, Itália;s.d.;;baixa;;;;;;
Friderico Pusthow G.;;;;;;;;;;;"identificação incompleta; não foi possível desambiguar com segurança";;;"outros; Museu da Inconfidência";;;;;;;;;;
Friedrich Dürck;Kingdom of Saxony;"Leipzig Art Academy; Munich Academy";"51.33340583; 48.1531959202723";"12.36783611; 11.5803123911292";Leipzig;;Munich;male;https://en.wikipedia.org/wiki/Friedrich_D%C3%BCrck;;A formação posterior em Munique ocorreu sob direção e apoio do tio Joseph Stieler.;;;"outros; Pinacoteca de São Paulo";"Leipzig; Munique";"1822 em diante; ingresso na academia de Munique dois anos depois";https://en.wikipedia.org/wiki/Friedrich_D%C3%BCrck;alta;51.338287999;12.377931001;100.0;48.143438999;11.573599;100.0
Friedrich Hagedorn;Brazil;"Academy of Fine Arts, Munich; Academia de Belas Artes de Munique";48.1531959202723;11.5803123911292;Szczecin;;Rio de Janeiro;male;https://pt.wikipedia.org/wiki/Friedrich_Hagedorn;;A página recuperada informa a alma mater, mas não traz cronologia detalhada.;;;"outros; Pinacoteca de São Paulo";Munique;;;media;53.425109842;14.550810974;100.0;-22.9014475;-43.1789159;100.0
Friedrich Salathé;Switzerland;"formação em gravura suíça; aperfeiçoamento em Paris";48.85666666666667;2.352222222222222;Binningen;;Paris;male;https://de.wikipedia.org/wiki/Friedrich_Salath%C3%A9;;A fonte aberta não detalha com precisão instituições formais específicas.;;;"outros; Coleção Brasiliana Itaú";"Suíça; Paris";;;media;47.537550642;7.568164589;100.0;48.856372814;2.352529617;100.0
Friedrich Vordemberg-Gildewart;;Kunstgewerbeschule Hannover;52.374444444444;9.7386111111111;;;;;fontes biográficas de referência;;"instituição identificada; datas não localizadas com precisão";;;"MAC; outros; MAC USP";Hanover, Alemanha;s.d.;fontes biográficas de referência;media;;;;;;
Fritz Winter;Germany;Bauhaus;50.9745;11.3291;Bönen;;Herrsching am Ammersee;male;"biografia institucional do artista; fontes de referência";;;;;"MAC; outros; MAC USP";Dessau, Alemanha;1927–1930;"biografia institucional do artista; fontes de referência";alta;51.597951999;7.763346;100.0;47.99888;11.17679;100.0
Frê Vidovix;Brazil;Faculdade de Artes do Paraná;-25.4096065;-49.2484327;Curitiba, Brazil;;;;https://archive.file.org.br/participantes/fre-vidovix/ | https://www.behance.net/frevidovix/moodboards;media;;FilmFreeway;médio;FILE;;;;;-25.4283563;-49.2732515;100.0;;;
Fulvio Pennacchi;Brazil;Regio Istituto di Belle Arti / Academia Real de Belas Artes de Lucca;;;Villa Collemandina;;São Paulo;male;"Itaú Cultural; Fulvio Pennacchi Oficial";;Fontes convergem para formação em pintura mural em Lucca, com graduação em 1928.;;;"MAC; outros; MAC USP";Lucca, Itália;até 1928;"Itaú Cultural; Fulvio Pennacchi Oficial";alta;44.159537;10.3987777;100.0;-23.5486657;-46.6382522;100.0
Fábio Barbosa;Brazil;"Universidade de Brasília (UnB); Universidade de São Paulo (USP)";"-15.76138888888889; -23.5613991";"-47.86638888888889; -46.7307891";São Paulo;;;male;https://www.escavador.com/sobre/974574/fabio-barbosa-de-oliveira;;Associado ao artista Fábio Baroli/Fábio Barbosa de Oliveira.;;;"MAC; outros; MAC USP";"Brasília; São Paulo";"2009; sem data exata do mestrado na fonte recuperada";https://www.escavador.com/sobre/974574/fabio-barbosa-de-oliveira;media;-23.5486657;-46.6382522;100.0;;;
Fábio Yamaji;Brazil;Universidade Federal do Paraná;-25.428888888889;-49.2675;São Paulo, Brazil;;;male;https://www.ppgpur.ufscar.br/pt-br/programa/corpo-docente/fabio-minoru-yamaji;alta;;Mapa Cultural ES;médio;FILE;;;;;-23.5486657;-46.6382522;100.0;;;
Félix Brissot de Warville;France;"Beaux-Arts de Paris; École des beaux-arts de Paris; aluno de Léon Cogniet";"48.85680555555555; 48.85680555555555;";"2.333277777777778; 2.333277777777778;";Véron;;Versailles;male;https://fr.wikipedia.org/wiki/F%C3%A9lix_Brissot_de_Warville;;;;;"outros; Pinacoteca de São Paulo";Paris;sem datas exatas na fonte;;media;48.129243571;3.306620466;100.0;48.8047472;2.1205122;100.0
Félix Labisse;;;;;;;;;;;;;;;;;;;;;;;;
Félix Taunay, Baron of Taunay;Brazil;formação artística com Nicolas-Antoine Taunay (pai);;;Montmorency;;Rio de Janeiro;male;https://pt.wikipedia.org/wiki/F%C3%A9lix_%C3%89mile_Taunay;;"O creator na planilha aparece em inglês; os dados de formação correspondem a Félix-Émile Taunay.";;;"outros; Pinacoteca de São Paulo";"França; Rio de Janeiro";"antes de 1824; sem datas precisas na fonte";https://pt.wikipedia.org/wiki/F%C3%A9lix_%C3%89mile_Taunay;media;48.989498108;2.32076331;100.0;-22.9014475;-43.1789159;100.0
Félix Ziem;France;"Beaux-Arts School of Dijon; École des Beaux-Arts de Dijon";"47.321261; 47.321261";"5.035364; 5.035364";Beaune;Père Lachaise Cemetery;Paris;male;https://en.wikipedia.org/wiki/F%C3%A9lix_Ziem | https://www.britannica.com/biography/Felix-Ziem;;;;;"outros; MASP";Dijon;;;media;47.025956158;4.839746786;100.0;48.856372814;2.352529617;100.0
G. Bruschetti;;;;;;;;;;;;;;;;;;;;;;;;
G. KENT;;;;;;;;;;;"assinatura abreviada; não foi possível desambiguar com segurança";;;"outros; Museu Casa da Hera";;;;;;;;;;
G. Le Barbier;;;;;;;;male;;;"assinatura abreviada; não foi possível desambiguar com segurança";;;"outros; Pinacoteca de São Paulo";;;;;;;;;;
G. Rovello;;;;;;;;;;;;;;"outros; Museu Histórico Nacional";;;;;;;;;;
G3: Filipe Matos;Portugal;IADE Lisboa;38.708042;-9.139016;Portugal;;;male;https://g03.org/contact.html;media;"FILE explicita “País de Origem: Portugal”; preenchido em nível de país.";FILE Festival (País de Origem);alta;FILE;;;;alta;;;;;;
Gabriel Camelo;Brazil;"London College of Fashion; Universidad de los Andes";"51.54161; -33.404007";"-0.0129; -70.507468";Rio de Janeiro;;;male;"University of the Arts London; site oficial do artista";alto;;;;FILE;;;;;-22.9014475;-43.1789159;100.0;;;
Gabriel Caniglia;United States;Northwestern University;42.05645939999999;-87.67526699999999;United States;;;male;"site oficial do artista; FILE Festival";alto;"FILE explicita “País de Origem: United States”; preenchido em nível de país.";FILE Festival (País de Origem);alta;FILE;;;;alta;;;;;;
Gabriel Duperré;;École des Beaux-Arts de Paris;48.85680555555555;2.333277777777778;;;;male;https://data.bnf.fr/fr/14968232/gabriel_duperre/;;A identificação formativa foi mantida de forma prudente por escassez de cronologia aberta.;;;"outros; Pinacoteca de São Paulo";Paris;;;media;;;;;;
Gabriel Menotti;;"Goldsmiths, University of London; Pontifícia Universidade Católica de São Paulo; Universidade Federal do Espírito Santo";"51.474269444444445; -23.537889; -20.2766256";"-0.03541111111111111; -46.671122; -40.3036766";Vitória, Espírito Santo, Brazil;;;male;"Queen’s University; Videobrasil";alto;;YouTube / Spotify (1 curadorx, 1 hora);médio;FILE;;;;;-20.3168388;-40.3099161;100.0;;;
Gabriela Albergaria;Portugal;"Faculty of Fine Arts of the University of Porto; Faculdade de Belas-Artes da Universidade do Porto";41.14555;-8.60075;Vale de Cambra;;;female;https://pt.wikipedia.org/wiki/Gabriela_Albergaria;;"licenciatura em pintura; datas não localizadas";;;"MAC; outros; MAC USP";Porto, Portugal;;;media;40.833558795072;-8.336382233958;100.0;;;
Gaspar Falco;France;"formação italiana; instituição não identificada na fonte aberta consultada";"; ";"; ";Mostaganem;;;male;https://www.catalogodasartes.com.br/;;Dados abertos insuficientes para nomear escola.;;;"outros; Museu Paulista";Itália;;;baixa;35.93115;0.08918;100.0;;;
Gaston Bertrand;Belgium;Académie Royale des Beaux-Arts de Bruxelles;50.844;4.3477;Bassenge;;Brussels metropolitan area;male;fontes biográficas de referência;;instituição identificada em biografias sumárias;;;"MAC; outros; MAC USP";Bruxelas, Bélgica;s.d.;fontes biográficas de referência;media;50.765576031;5.61001854;100.0;-33.47269;-70.64724;78.78
Gastão Frazão;;Escola de Belas Artes do Pará;-25.429722222222;-49.271944444444;;;;;fontes biográficas de referência;;instituição identificada em fontes sumárias;;;"MAC; outros; MAC USP";Belém, Brasil;s.d.;fontes biográficas de referência;baixa;;;;;;
Gaëtan Borde;France;Supinfocom – RUBIKA;50.35805555555555;3.523333333333333;France;;;male;FILE Festival;médio;"FILE explicita “País de Origem: França”; preenchido em nível de país.";FILE Festival (País de Origem);alta;FILE;;;;;;;;;;
Ged Sia;Lithuania;"Vilniaus dizaino ir technologijų kolegija; Vilnius Academy of Arts";"54.7061; 54.89547222";"25.3108; 23.88705556";;;;male;"Jaunojo dizainerio prizas; Vilnius Academy of Arts";alto;local de nascimento não localizado em fonte auditável;;;FILE;;;;;;;;;;
Geert Nellen;Netherlands;Utrecht School of Arts;52.09303055555556;5.121088888888889;Netherlands;;;male;"FILE Festival; Dutch Game Mentors";alto;"FILE explicita “País de Origem: Netherlands”; preenchido em nível de país.";FILE Festival (País de Origem);alta;FILE;;;;alta;;;;;;
Genaro de Carvalho;Brazil;Escola de Belas Artes da Bahia;-12.990785;-38.524427;Salvador;;;male;fontes biográficas de referência;;;;;"MAC; outros; MAC USP";Salvador, Brasil;c. 1940s;fontes biográficas de referência;media;-12.9641527;-38.5058208;100.0;;;
Genesco Murta;Brazil;"Académie de la Grande Chaumière; Académie Colarossi; estudos com Mauricet, Reynold, Charles Guérin e Bernard Naudin";48.842222222222;2.3308333333333;Minas Novas;;Belo Horizonte;male;"https://pt.wikipedia.org/wiki/Genesco_Murta | https://www.catalogodasartes.com.br/artista/Genesco%20Murta%20-%20Genesco%20Lages%20Murta%20/; https://www.catalogodasartes.com.br/artista/Genesco%20Murta%20-%20Genesco%20Lages%20Murta%20/ | https://www.escritoriodearte.com/artista/genesco-murta";;;;;"outros; Museu Histórico Nacional";Paris;1912-1915;https://pt.wikipedia.org/wiki/Genesco_Murta | https://www.catalogodasartes.com.br/artista/Genesco%20Murta%20-%20Genesco%20Lages%20Murta%20/;alta;-17.2173033;-42.5944656;100.0;-19.9181771;-43.9370534;100.0
Gennadiy Chernega;Ukraine;autodidata;;;Ukraine;;;male;FILE Festival;médio;;FILE Festival (biografia do artista);alto;FILE;;;;;49.026898375;31.374926053;100.0;;;
Geoffrey Godet;France;Supinfocom;50.35805555555555;3.523333333333333;France;;;male;"FILE Festival; Acme Filmworks";alto;"FILE explicita “País de Origem: França”; preenchido em nível de país.";FILE Festival (País de Origem);alta;FILE;;;;;;;;;;
Georg Grimm;Kingdom of Bavaria;"Academy of Fine Arts, Munich; Academia de Belas Artes de Munique";48.1531959202723;11.5803123911292;Immenstadt im Allgäu;;Palermo;male;https://pt.wikipedia.org/wiki/Georg_Grimm;;A fonte consultada também menciona viagens de estudo posteriores.;;;"outros; Museu da Inconfidência";Munique, Alemanha;1868–1870;https://pt.wikipedia.org/wiki/Georg_Grimm;media;47.55996;10.21394;100.0;38.115664;13.3614707;100.0
George Chkheidze;Georgia;National Theatre and Film School Tbilisi;41.70500000000001;44.80083333333333;Tbilisi, Georgia;;;male;"site pessoal do artista; FILE Festival";médio;;FILE Festival (biografia do artista);alto;FILE;;;;;41.6936283;44.8016185;100.0;;;
Georges Braque;France;"Beaux-Arts de Paris; École des Beaux-Arts du Havre; aprendizado de decorador; Académie Humbert";49.494166666667;0.10805555555556;Argenteuil;Varengeville-Sur-Mer Churchyard;Paris;male;"Wikipedia; GeorgesBraque.org";;Formação combina escola de belas-artes e aprendizado profissional de decorador.;;;"MAC; outros; MAC USP";"Le Havre, França; Paris, França; Paris, França";"c. 1897–1899; até 1902; 1903–1904";"Wikipedia; GeorgesBraque.org";alta;48.947883958;2.24887315;100.0;48.856372814;2.352529617;100.0
Georges Capgras;France;"formação artística francesa; instituição não identificada na fonte aberta consultada";"; ";"; ";Joinville-le-Pont;;Paris;male;https://www.brasilianaiconografica.art.br/autores/19923/georges-capgras;;A fonte aberta identifica o autor, mas não detalha escola formal.;;;"outros; Pinacoteca de São Paulo";França;;;baixa;48.81842918;2.466886376;100.0;48.856372814;2.352529617;100.0
Georges Corbisier;Brazil;"formação artística belga; instituição não identificada na fonte aberta consultada";"; ";"; ";Courbevoie;;;male;https://www.brasilianaiconografica.art.br/;;Fonte aberta insuficiente para nomear escola formal.;;;"outros; Museu Paulista";Bélgica;;;baixa;48.89539808;2.254992139;100.0;;;
Georgina de Albuquerque;Brazil;"Académie Julian; Escola Nacional de Belas Artes; École Nationale Supérieure des Beaux-Arts";"48.871111111111; -22.8625055; 45.768055555556";"2.3416666666667; -43.2256622; 4.8172222222222";Taubaté;;Rio de Janeiro;female;https://pt.wikipedia.org/wiki/Georgina_de_Albuquerque;;;;;"outros; Museu Histórico Nacional";"Rio de Janeiro, Brasil; Paris, França; Paris, França";"1904–1906; c. 1906–1907; c. 1906–1907";https://pt.wikipedia.org/wiki/Georgina_de_Albuquerque;alta;-23.030587;-45.5486046;100.0;-22.9014475;-43.1789159;100.0
Geraldo de Barros;Brazil;Escola Livre de Artes Plásticas do Museu de Arte de São Paulo;-23.561388888889;-46.656388888889;Chavantes;;São Paulo;male;Enciclopédia Itaú Cultural / fontes biográficas de referência;;também integra o Foto Cine Clube Bandeirante no período formativo;;;"MAC; outros; MAC USP";São Paulo, Brasil;1948–1949;Enciclopédia Itaú Cultural / fontes biográficas de referência;alta;-23.0396851;-49.7082712;100.0;-23.5486657;-46.6382522;100.0
Geraldo Trindade Leal;Brazil;"cursos livres no Instituto de Belas Artes de Porto Alegre; ateliê de Mário Cravo Júnior";-30.032777777778;-51.23;Santana do Livramento;;Porto Alegre;male;"https://pt.wikipedia.org/wiki/Geraldo_Trindade_Leal | https://aplicacoes.fcc.sc.gov.br/wpmasc/artista/geraldo-trindade-leal/ | https://www.correiodopovo.com.br/arteagenda/um-olhar-sobre-o-modernista-trindade-leal-1.1594584; https://pt.wikipedia.org/wiki/Geraldo_Trindade_Leal | https://aplicacoes.fcc.sc.gov.br/wpmasc/artista/geraldo-trindade-leal/";;As fontes também caracterizam sua formação inicial como autodidata.;;;"MAC; outros; MAC USP";"Porto Alegre; Bahia";"1947 em diante; sem datas completas na fonte";https://pt.wikipedia.org/wiki/Geraldo_Trindade_Leal;media;-30.89083;-55.53278;100.0;-30.027679;-51.2286404;100.0
Gerda Brentani;Italy;"Conservatorio Giuseppe Verdi de Trieste; estudos com Ernesto de Fiori";45.65027777777778;13.77027777777778;Trieste;;São Paulo;female;https://pt.wikipedia.org/wiki/Gerda_Brentani | https://www.escritoriodearte.com/artista/gerda-brentani;;As fontes indicam formação musical formal e formação artística posterior com Ernesto de Fiori.;;;"MAC; outros; MAC USP";"Trieste (Itália); São Paulo (SP)";"antes de 1939; década de 1940";https://www.escritoriodearte.com/artista/gerda-brentani;alta;45.6535974;13.7785154;100.0;-23.5486657;-46.6382522;100.0
Gerhard Human;South Africa;Pretoria Technikon;-25.7322;28.1617;Bloemfontein, South Africa;;;male;"Imago Mundi Collection; Dyman Gallery";médio;;Dyman Gallery / Latitudes;alto;FILE;;;;;-29.1181302;26.223091;100.0;;;
Gerhard Richter;Germany;"Kunstakademie Düsseldorf; Dresden Academy of Fine Arts";"51.23054; 51.05284167";"6.77365; 13.74244444";Dresden;;;male;https://gerhard-richter-archiv.skd.museum/en/about-us/gerhard-richter/;;;;;"MAC; outros; MAC USP";"Dresden, Alemanha; Düsseldorf, Alemanha";"1951–1956; 1961–1963";https://gerhard-richter-archiv.skd.museum/en/about-us/gerhard-richter/;alta;51.051696999;13.736883;100.0;;;
Germana Monte-Mór;Brazil;"Instituto de Filosofia e Ciências Sociais da UFRJ; Fundação Armando Álvares Penteado (FAAP); Escola de Comunicações e Artes da USP";"-22.9054463135897; -23.55833333";"-43.18148979169409; -46.72694444";Rio de Janeiro;;;female;"https://galerialeme.com/artist/germana-monte-mor/; https://galeriaestacao.com.br/documents/portfolio_95_f22dd-portfolio-germana-monte-mor-%28portugues%29-.pdf";;fontes também registram estudo de gravura na Escolinha de Arte do Brasil;;;"MAC; outros; MAC USP";"Rio de Janeiro, Brasil; São Paulo, Brasil; São Paulo, Brasil";"1982; 1989; 2002";"https://galerialeme.com/artist/germana-monte-mor/ ; https://galeriaestacao.com.br/documents/portfolio_95_f22dd-portfolio-germana-monte-mor-%28portugues%29-.pdf";alta;-22.9014475;-43.1789159;100.0;;;
Germano Wahnschaffe;;formação alemã em história natural e desenho científico;;;Germany;;;male;https://pt.wikipedia.org/wiki/Germano_Wahnschaffe;;"A fonte aberta biográfica enfatiza carreira científica; instituição específica não foi detalhada nesta rodada.";;;"outros; Coleção Brasiliana Itaú";Alemanha;;;baixa;51.110631049;10.392277932;100.0;;;
Gerrit Benner;Kingdom of the Netherlands;;;;Leeuwarden;;Nijemirdum;male;fontes biográficas de referência;;"artista autodidata; sem escola formal localizada";;;"MAC; outros; MAC USP";Leeuwarden, Países Baixos;s.d.;fontes biográficas de referência;media;53.201134953;5.805000142;100.0;52.857506625;5.568035942;100.0
Gerrit Willem van Blaaderen;Kingdom of the Netherlands;Escola de Arte Aplicada de Haarlem;52.376609;4.633598;Nieuwer-Amstel;;Bergen;male;"https://app.fta.art/pt/creator/61218fe1d38742a9f1281c20f82c042bc10d1e5a | https://nl.wikipedia.org/wiki/Gerrit_van_Blaaderen; https://app.fta.art/pt/creator/61218fe1d38742a9f1281c20f82c042bc10d1e5a";;A fonte cita também formação com Hendrik Hulk e W.F.A.I. Vaarzon Morel.;;;"outros; MASP";Haarlem;1894-1895;https://app.fta.art/pt/creator/61218fe1d38742a9f1281c20f82c042bc10d1e5a;alta;52.30083;4.86389;100.0;50.452412522;3.971948154;100.0
Gerson Pompeu;Brazil;"Escola Nacional de Belas Artes; Escola Nacional de Belas Artes (Enba); Curso Especial de Arquitetura; Académie Julian";-22.90879805555556;-43.17573111111111;Campinas;;Rio de Janeiro;male;https://pt.wikipedia.org/wiki/Gerson_Pompeu | https://www.dezenovevinte.net/bios/bio_gpp.htm;;;;;"outros; Museu Histórico Nacional";"Rio de Janeiro; Paris";"a partir de 1924; 1951";https://pt.wikipedia.org/wiki/Gerson_Pompeu | https://www.dezenovevinte.net/bios/bio_gpp.htm;alta;-22.9073702;-47.0628996;100.0;-22.9014475;-43.1789159;100.0
Gerson Tavares;;Escola Nacional de Belas Artes;-22.8625055;-43.2256622;;;;male;Folha dos Lagos;;"ingressou no curso de pintura em 1947; depois obteve bolsa para a Europa, mas a instituição europeia não foi identificada";;;"outros; Museu de Arte Religiosa e Tradicional";"Rio de Janeiro; Europa";1947;Folha dos Lagos;media;;;;;;
Gervais Merryweather;;National Film and Television School;51.6054;-0.6374;;;;male;"National Film and Television School; FILE Festival";alto;identidade não confirmada com segurança para local de nascimento;;;FILE;;;;;;;;;;
Gestucks;Austria;"TU Graz; University of Applied Arts Vienna";47.068888888889;15.45;Austria;;;male;FILE Festival;alto;"FILE explicita “País de Origem: Áustria”; preenchido em nível de país.";FILE Festival (País de Origem);alta;FILE;;;;;;;;;;
Giambattista Pittoni;Republic of Venice;formação com o tio Francesco Pittoni;;;Venice;San Giacomo dell'Orio;Venice;male;https://en.wikipedia.org/wiki/Giambattista_Pittoni | https://www.britannica.com/biography/Giovanni-Battista-Pittoni;;As fontes consultadas descrevem uma formação familiar/atelier.;;;"outros; MASP";Veneza;;;baixa;45.434608;12.338913;100.0;45.434608;12.338913;100.0
Giampietrino;;formação na órbita/oficina de Leonardo da Vinci;;;Lombardy;;;male;https://en.wikipedia.org/wiki/Giampietrino | https://www.britannica.com/biography/Giampietrino;;A atribuição de mestre é clara, mas a cronologia detalhada é incerta.;;;"outros; MASP";Milão;;;baixa;45.620700797975;9.769063043545;100.0;;;
Gian Cruz;Philippines;"University of the Philippines Diliman; Kyung Hee University; De La Salle University-Manila";"14.654861111111; 37.5967; 14.5646";"121.06446944444; 127.052; 120.99303";Manila, Philippines;;;;CV institucional em Visual AIDS;alto;;FILE Festival (biografia do artista);alto;FILE;;;;;14.5822592;120.9748038;100.0;;;
Giandomenico Paglia;Italy;;;;Teramo, Italy;;;male;;;;Teramo Rock (biografia);médio;FILE;;;;;42.661269;13.6985307;100.0;;;
Gianfilippo Usellini;Italy;"Brera Academy; Liceo artistico di Brera; Accademia di belle arti di Brera";45.471955;9.187815;Milan;;Arona;male;https://www.treccani.it/enciclopedia/gianfilippo-usellini_(Dizionario-Biografico)/;;na Accademia di Brera estuda com Ambrogio Alciati;;;"MAC; outros; MAC USP";"Milão, Itália; Milão, Itália";"início dos anos 1920; 1923–1927";https://it.wikipedia.org/wiki/Gianfilippo_Usellini;alta;45.4636183;9.1881156;100.0;28.1004729;-16.6806579;100.0
Gilbert Stuart;United States;"formação com Cosmo Alexander; estudos com Benjamin West";"; ";"; ";North Kingstown;Massachusetts;Boston;male;https://en.wikipedia.org/wiki/Gilbert_Stuart | https://www.britannica.com/biography/Gilbert-Stuart;;;;;"outros; MASP";"Newport; Escócia; Londres";"c.1762-1765; 1775 em diante";https://en.wikipedia.org/wiki/Gilbert_Stuart;media;41.560378;-71.445041;100.0;42.3589942;-71.0586293;100.0
Gilberto Jiménez;Mexico;;;;Mexico City;;;male;;;formação não localizada com segurança;;;"MAC; outros; MAC USP";;;;;19.430457906;-99.141684761;100.0;;;
Gilda Vogt;Brazil;"Museu de Arte Moderna do Rio de Janeiro (MAM/RJ); Escola Brasil:";"-22.91111111111111; -8.9791666666667";"-43.20555555555556; -38.219444444444";;;;female;"Itaú Cultural; Wikipédia";;também estudou com Misabel Pedrosa, Ivan Serpa, Anna Bella Geiger e Frederico Nasser;;;"MAC; outros; MAC USP";"Rio de Janeiro; São Paulo";"1968; 1970–1973";"Itaú Cultural; Wikipédia";alta;;;;;;
Gilda Vogt Maia Rosa;Brazil;"Museu de Arte Moderna do Rio de Janeiro (MAM/RJ); Escola Brasil:";"-22.91111111111111; -8.9791666666667";"-43.20555555555556; -38.219444444444";;;;female;"Itaú Cultural; Wikipédia";;também estudou com Misabel Pedrosa, Ivan Serpa, Anna Bella Geiger e Frederico Nasser;;;"MAC; outros; MAC USP";"Rio de Janeiro; São Paulo";"1968; 1970–1973";"Itaú Cultural; Wikipédia";alta;;;;;;
Gilson Ramos Barbosa;;Escola de Teatro da Universidade da Bahia;-12.99216;-38.52195;;;;;https://enciclopedia.itaucultural.org.br/pessoas/7019-gilson-barbosa;;;;;"MAC; outros; MAC USP";Salvador (BA);1956;https://enciclopedia.itaucultural.org.br/pessoas/7019-gilson-barbosa;media;;;;;;
Gino Bruno;;"Liceu de Artes e Ofícios; Escolinha de Artesanato";"; ";"; ";;;;;https://enciclopedia.itaucultural.org.br/pessoas/7021-gino-bruno;;estuda no Liceu de Artes e Ofícios e na Escolinha de Artesanato, com Benjamin...;;;"MAC; outros; MAC USP";São Paulo, Brasil;1912;https://enciclopedia.itaucultural.org.br/pessoas/7021-gino-bruno;alta;;;;;;
Gino Severini;Italy;"Free School for Nude Studies; academia privada / Villa Medici";41.908333333333;12.4825;Cortona;;Paris;male;"Wikipedia; TheArtStory";;"Sem formação escolar contínua anterior; estudos artísticos formais curtos em Roma.";;;"MAC; outros; MAC USP";"Roma, Itália; Roma, Itália";"c. 1899–1901; c. 1899–1901";"Wikipedia; TheArtStory";media;43.2741319;11.9877546;100.0;48.856372814;2.352529617;100.0
Ginés Parra;Spain;"Art Students League of New York; National Academy School of Fine Arts; École Nationale Supérieure des Beaux-Arts";"40.766083333333; ; 45.768055555556";"-73.980861111111; ; 4.8172222222222";Almería;;France;male;"https://es.wikipedia.org/wiki/Gin%C3%A9s_Parra; https://galerialopeztorres.com/en/artists/gines-parra/";;;;;"MAC; outros; MAC USP";"Nova York, EUA; Nova York, EUA; Paris, França";"c. 1910s; c. 1910s; c. 1920";"https://es.wikipedia.org/wiki/Gin%C3%A9s_Parra ; https://galerialopeztorres.com/en/artists/gines-parra/";media;36.8400939;-2.4679043;100.0;46.559417044;2.550539953;100.0
Giorgio De Chirico;Italy;"Academy of Fine Arts, Munich; Athens School of Fine Arts";"48.1531959202723; 37.9620098";"11.5803123911292; 23.6881821";Volos;San Francesco a Ripa;Rome;male;https://www.onassis.org/people/giorgio-de-chirico;;Preenchimento com base em biografia institucional.;;;"MAC; outros; MAC USP";"Atenas, Grécia; Munique, Alemanha";"1903–1906; 1906–1909";https://www.onassis.org/people/giorgio-de-chirico;alta;39.3605228;22.9453145;100.0;41.8905568;12.4942679;100.0
Giorgio Morandi;Italy;"Academy of Fine Arts of Bologna; Accademia di Belle Arti di Bologna";44.497811111111;11.353188888889;Bologna;Certosa di Bologna;Bologna;male;"Wikipedia; TheArtStory";;;;;"MAC; outros; MAC USP";Bolonha, Itália;1907–1913;Wikipedia;alta;44.4941903;11.3465185;100.0;44.4941903;11.3465185;100.0
Giovanni Battista Castagneto;Brazil;Accademia Ligustica di Belle Arti;44.40768333;8.934525;Genoa;;Rio de Janeiro;male;https://pt.wikipedia.org/wiki/Giovanni_Battista_Castagneto | https://enciclopedia.itaucultural.org.br/pessoas/2832-giovanni-battista-castagneto;;;;;"outros; Pinacoteca de São Paulo";Gênova;;;media;44.4070624;8.9339889;100.0;-22.9014475;-43.1789159;100.0
Giovanni Bellini;Republic of Venice;formação com o pai Jacopo Bellini, em oficina familiar;;;Venice;Santi Giovanni e Paolo;Venice;male;https://en.wikipedia.org/wiki/Giovanni_Bellini | https://worldhistoryedu.com/who-was-giovanni-bellini/;;A formação recuperada é de oficina familiar, sem academia formal identificada.;;;"outros; MASP";Veneza;;;media;45.434608;12.338913;100.0;45.434608;12.338913;100.0
Giovanni Boldini;Kingdom of Italy;"Accademia delle Arti del Disegno; Accademia di Belle Arti";45.47222222;9.18888889;Ferrara;Certosa of Ferrara;Paris;male;https://modjourn.org/biography/boldini-giovanni-1842-1931/;;;;;"outros; MASP";Florença, Itália;a partir de 1862;https://modjourn.org/biography/boldini-giovanni-1842-1931/;alta;44.8378378;11.6203994;100.0;48.856372814;2.352529617;100.0
Giovanni Sarracino;Italy;"estudos de pintura e desenho na Itália; Liceu de Artes e Ofícios";"; ";"; ";Torre del Greco;;Brazil;male;https://pt.wikipedia.org/wiki/Giovanni_Sarracino | https://8g6grupodeestudos2011.blogspot.com/2011/03/;;As fontes consultadas não trazem cronologia detalhada para a etapa italiana.;;;"outros; Museu Paulista";"Itália; São Paulo";;;media;40.7872187;14.3680286;100.0;-10.769946429;-53.073466889;100.0
Gisela Eichbaum;Brazil;"estudos com Yolanda Mohalyi, Samson Flexor e Karl Plattner; School of Modern Art, New York";40.71277777777778;-74.00611111111111;Mannheim;;São Paulo;female;https://enciclopedia.itaucultural.org.br/pessoas/509-gisela-eichbaum | https://pt.wikipedia.org/wiki/Gisela_Eichbaum;;A formação aparece em parte por mestres e em parte por escola, sem cronologia completa para Nova York.;;;"MAC; outros; MAC USP";"São Paulo (SP); Nova York (EUA)";década de 1940;https://enciclopedia.itaucultural.org.br/pessoas/509-gisela-eichbaum;media;49.487779999;8.466275001;100.0;-23.5486657;-46.6382522;100.0
Gisela Nunes;Portugal;"ESAP Guimarães; Escola das Artes, Universidade Católica Portuguesa; University of Minho";"41.445; 41.533333333333";"-8.2908333333333; -8.4166666666667";Portugal;;;female;"YICCA; site da artista";médio;"FILE explicita “País de Origem: Portugal”; preenchido em nível de país.";FILE Festival (País de Origem);alta;FILE;;;;;;;;;;
Giselda Leirner;Brazil;"University of São Paulo; estudos com Yolanda Mohalyi; Art Students League; Parsons School of Design";"-23.5613991; ; 40.766083333333; 40.735277777778";"-46.7307891; ; -73.980861111111; -73.994166666667";São Paulo;;;female;https://www.escritoriodearte.com/artista/giselda-leirner;;combina formação com artistas e cursos em Nova York;;;"MAC; outros; MAC USP";"São Paulo, Brasil; Nova York, EUA; Nova York, EUA";"1942–1945; 1946; s.d.";https://www.escritoriodearte.com/artista/giselda-leirner;alta;-23.5486657;-46.6382522;100.0;;;
Giselle Beiguelman;Brazil;Faculty of Philosophy, Languages and Literature, and Human Sciences;-23.5613991;-46.7307891;São Paulo;;;female;;;;;;"FILE; MAC";;;;;-23.5486657;-46.6382522;100.0;;;
Giuliano Vangi;Italy;"Istituto d'Arte di Firenze; Accademia di Belle Arti di Firenze";"43.7599; 43.776907";"11.24626; 11.258475";Barberino di Mugello;;Pesaro;male;"Praemium Imperiale; Wikipedia";;"instituições identificadas; datas não localizadas";;;"MAC; outros; MAC USP";"Florença, Itália; Florença, Itália";;;alta;44.001045;11.238543;100.0;43.912069;12.915744;100.0
Giulio Turcato;Italy;"Accademia di Belle Arti di Venezia; Liceo Artistico; Scuola Libera del Nudo";"45.4286; 43.7599;";"12.3305; 11.24626;";Mantua;;Rome;male;https://www.turcato.org/biography/;;O arquivo do artista informa frequência ao Liceo Artistico e, depois, à Scuola Libera del Nudo em Veneza, sem datas exatas nesta passada.;;;"MAC; outros; MAC USP";"Veneza, Itália; Veneza, Itália";;;media;22.325912382819;-84.242471004414;100.0;41.8905568;12.4942679;100.0
Giuseppe Amisani;Kingdom of Italy;"Brera Academy; instituto técnico de Pavia; Accademia di Brera";"45.18675; 45.47222222";"9.15586; 9.18888889";Mede;;Portofino;male;https://en.wikipedia.org/wiki/Giuseppe_Amisani;;A fonte explicita estudos na Brera com Cesare Tallone e Vespasiano Bignami.;;;"outros; MASP";"Pavia; Milão";"fim do séc. XIX; 1908 prêmio acadêmico";https://en.wikipedia.org/wiki/Giuseppe_Amisani;media;45.0989259;8.737037;100.0;44.3039609;9.2077723;100.0
Giuseppe Capogrossi;Italy;"Sapienza University of Rome; La Sapienza; Libera Scuola di Nudo de Felice Carena";41.903333333333;12.515833333333;Rome;;Rome;male;"https://it.wikipedia.org/wiki/Giuseppe_Capogrossi; https://emporiumart.com/en-pt/pages/giuseppe-capogrossi-biography";;Há confirmação convergente entre fontes sobre Direito e estudo de pintura com Felice Carena.;;;"MAC; outros; MAC USP";"Roma, Itália; Roma, Itália";"até 1922; 1923–1924";"https://it.wikipedia.org/wiki/Giuseppe_Capogrossi ; https://emporiumart.com/en-pt/pages/giuseppe-capogrossi-biography";media;41.8905568;12.4942679;100.0;41.8905568;12.4942679;100.0
Giuseppe Cavatti;Brazil;Universidade Federal do Espírito Santo;-20.2766256;-40.3036766;Brasília;;;male;FILE Festival;médio;;;;FILE;;;;;-15.7793842;-47.9257379;100.0;;;
Giuseppe Leone Righini;Brazil;Academia de Belas Artes de Turim;45.0675;7.68944444;Turin;;Belém;male;https://pt.wikipedia.org/wiki/Giuseppe_Leone_Righini | https://www.brasilianaiconografica.art.br/autores/22885/leone-righini | https://www.escritoriodearte.com/artista/giuseppe-leone-righini;;;;;"outros; Pinacoteca de São Paulo";Turim;;;alta;45.0683751;7.6830662;100.0;-1.4549817;-48.502273;100.0
Giuseppe Morrocchi;;;;;;;;;;;"biografia localizada; formação não localizada com segurança";;;"MAC; outros; MAC USP";;;;;;;;;;
Giuseppe Santomaso;Italy;Accademia di Belle Arti di Venezia;45.4286;12.3305;Venice;;Venice;male;https://en.wikipedia.org/wiki/Giuseppe_Santomaso;;A fonte consultada informa início dos estudos na Academia de Belas Artes de Veneza em 1932.;;;"MAC; outros; MAC USP";Veneza, Itália;1932;https://en.wikipedia.org/wiki/Giuseppe_Santomaso;media;45.434608;12.338913;100.0;45.434608;12.338913;100.0
Giustino Di Gregorio;Italy;;;;Teramo, Italy;;;male;;;;MOT / Teramo Rock;médio;FILE;;;;;42.661269;13.6985307;100.0;;;
Gladis Reveilleau;;Fundação Armando Álvares Penteado (FAAP);-23.5450155;-46.6630802;;;;;Galeria-Atelier Flory Menezes;;"formada em Artes Plásticas na FAAP; fonte também a descreve como figurinista; datas não localizadas";;;"outros; Museu de Arte Religiosa e Tradicional";São Paulo, SP;;;media;;;;;;
Glasz DeCuir;Spain;;;;Donostia/San Sebastián, Spain;;;female;;;;Meta-Morphosis Digital (biografia);médio;FILE;;;;;43.320905;-1.9845145;100.0;;;
Glyph;India;;;;India;;;male;;;"FILE explicita “País de Origem: Índia”; preenchido em nível de país.";FILE Festival (País de Origem);alta;FILE;;;;;;;;;;
Gonzalo Borondo;Spain;"Universidad Complutense de Madrid; Accademia di Belle Arti di Roma";"40.44903888888889; 41.9075";"-3.727030555555555; 12.4756";Valladolid;;;male;entrevista Stampa Reggiana + fontes secundárias convergentes;media;;;;FILE;;;;;41.6529421;-4.7283839;100.0;;;
Grace Mi;;University of Southern California;34.021667;-118.285278;Los Angeles, California, USA;;;female;FILE Festival;médio;fonte biográfica informa origem em Los Angeles.;site oficial da artista / FILE Festival;médio;FILE;;;;;;;;;;
Graciliano Vicente Xavier;Brazil;"Liceu de Artes e Ofícios de São Paulo; aperfeiçoamento com Almeida Júnior";-23.5331446;-46.6267577;São Paulo;;São Paulo;male;https://pt.wikipedia.org/wiki/Graciliano_Vicente_Xavier;;A fonte disponível informa que foi discípulo de Jules Martin no Liceu de Artes e Ofícios de São Paulo e que depois se aperfeiçoou com Almeida Júnior.;;;"outros; Museu Paulista";São Paulo;sem datas exatas na fonte;https://pt.wikipedia.org/wiki/Graciliano_Vicente_Xavier;alta;-23.5486657;-46.6382522;100.0;-23.5486657;-46.6382522;100.0
Graham Sutherland;United Kingdom;"Goldsmiths, University of London; Goldsmiths' College";51.47426944444445;-0.0354111111111111;Streatham;;Streatham;male;"Tate; biografia institucional";;;;;"MAC; outros; MAC USP";Londres, Reino Unido;1921–1926;"Tate; biografia institucional";alta;51.42897;-0.13184;100.0;51.42897;-0.13184;100.0
Grant Petrey;United Kingdom;"Royal College of Art; Sir John Cass School of Art, Architecture & Design, London Metropolitan University; Institute of Education, University College London; Royal Central School of Speech & Drama, University of London; University of Wales, Trinity St David";"51.501388888889; 51.551574; 51.52472222222222; 51.54416666666667; 51.85865";"-0.17888888888889; -0.110687; -0.13361111111111112; -0.17416666666666666; -4.32798";United Kingdom;;;male;"site oficial do artista; Royal College of Art";alto;"FILE explicita “País de Origem: Reino Unido”; preenchido em nível de país.";FILE Festival (País de Origem);alta;FILE;;;;;;;;;;
Greg ‘Craola’ Simkins;United States;California State University, Long Beach;33.78219444444444;-118.122;Torrance, California, USA;;;male;site oficial do artista;alto;;site oficial do artista;alto;FILE;;;;;33.8363301;-118.3400381;100.0;;;
Guilherme Marcondes;Brazil;Universidade de São Paulo;-23.5613991;-46.7307891;São Paulo;;;male;FILE Festival;médio;;;;FILE;;;;;-23.5486657;-46.6382522;100.0;;;
Guli Silberstein;Israel;"Tel Aviv University; The New School University";"32.1125; 40.73534";"34.805; -73.99704";Israel;;;male;site oficial do artista | FILE Festival;alto;;FILE Festival (biografia do artista);alto;FILE;;;;;31.977711512;34.979217692;100.0;;;
Gustave Courbet;France;"Académie Suisse; Collège Royal de Besançon; estudos breves com Charles de Steuben";47.2372;6.02031;Ornans;Cimetière Communal d'Ornans;La Tour-de-Peilz;male;"https://www.encyclopedia.com/people/literature-and-arts/european-art-1600-present-biographies/gustave-courbet | https://pt.wikipedia.org/wiki/Gustave_Courbet; https://www.encyclopedia.com/people/literature-and-arts/european-art-1600-present-biographies/gustave-courbet";;A trajetória inclui formação independente no Louvre após estudo breve em ateliê.;;;"outros; MASP";"Besançon; Paris";c.1837-1840;https://www.encyclopedia.com/people/literature-and-arts/european-art-1600-present-biographies/gustave-courbet;media;47.105945536;6.147111639;100.0;46.454252892;6.867656059;100.0
Gustave James;;"formação artística francesa; instituição não identificada na fonte aberta consultada";"; ";"; ";;;;male;https://www.brasilianaiconografica.art.br/;;Registro prudente por ausência de instituição específica em fonte aberta.;;;"outros; Museu Histórico Nacional";França;;;baixa;;;;;;
Gustave Singier;Belgium;École Boulle;48.8465;2.39097;Warneton;;14th arrondissement of Paris;male;"Wikipedia; Annex Galleries";;;;;"MAC; outros; MAC USP";Paris, França;1923–1926;"Wikipedia; Annex Galleries";media;50.75158;2.94635;100.0;48.8329218;2.3267959;100.0
Gustavo Dall'Ara;Brazil;Accademia di Belle Arti di Venezia / Academia de Belas Artes de Veneza;45.431078;12.328139;Rovigo;;;male;https://enciclopedia.itaucultural.org.br/pessoas/7053-gustavo-dall-ara | https://pt.wikipedia.org/wiki/Gustavo_Dall%27Ara;;Preferida a forma oficial da academia na Itália, com equivalência em português.;;;"outros; Museu Nacional de Belas Artes";Veneza;1881-1883;https://enciclopedia.itaucultural.org.br/pessoas/7053-gustavo-dall-ara | https://pt.wikipedia.org/wiki/Gustavo_Dall%27Ara;alta;45.0707365;11.7897964;100.0;;;
Gustavo Von Ha;;"Universidade do Oeste Paulista; grupo de pesquisa de Leda Catunda na Faculdade Santa Marcelina; PIESP";"-22.125833333333; -23.550394444444; -23.550394444444";"-51.388888888889; -46.633947222222; -46.633947222222";;;;male;https://pt.wikipedia.org/wiki/Gustavo_von_Ha | https://enciclopedia.itaucultural.org.br/pessoa365941/gustavo-von-ha;;;;;"MAC; outros; MAC USP";"Presidente Prudente; São Paulo";"1998-2002; 2005; 2010";https://pt.wikipedia.org/wiki/Gustavo_von_Ha | https://enciclopedia.itaucultural.org.br/pessoa365941/gustavo-von-ha;alta;;;;;;
Hamza Kirbas;Turkey;"Batman University Faculty of Fine Arts; Silesia University Faculty of Fine Arts, Graphic Design Department; Hacettepe University Institute of Fine Arts";"38.08194444444445; 50.26075";"41.40722222222222; 19.02830555555555";Batman, Turkey;;;male;site oficial do artista | FILE Festival;alto;;FILE Festival (biografia do artista);alto;FILE;;;;;37.899913;41.129208;100.0;;;
Hana Al Ali;United Arab Emirates;American University of Sharjah;25.309722;55.490556;United Arab Emirates;;;female;American University of Sharjah | Behance;médio;"FILE explicita “País de Origem: Emirados Árabes Unidos”; preenchido em nível de país.";FILE Festival (País de Origem);alta;FILE;;;;;;;;;;
Hannah Doran;Wales;Wrexham Glyndwr University School of Creative Arts;53.054;-3.006;Wales, United Kingdom;;;female;FILE Festival;alto;"FILE explicita “País de Origem: País de Gales”; preenchido no nível mais específico disponível.";FILE Festival (País de Origem);alta;FILE;;;;;;;;;;
Hannes Arvid Andersson;Netherlands;"SAE Institute Barcelona; Middlesex University; Frank Mohr Institute, Hanze University of Applied Sciences";"41.41219; 53.24051389";"2.201316; 6.53270278";Sweden;;;male;Othernode | SoundCloud;baixo;;perfil acadêmico / Academia.edu;médio;FILE;;;;;64.712585547;17.260487956;100.0;;;
Hans Hartung;Germany;"Universidade de Leipzig; escolas de arte em Leipzig; escolas de arte em Dresden; escolas de arte em Munique";"51.3406321; 51.3406321; 51.0493286; 48.1375";"12.3747329; 12.3747329; 13.7381437; 11.575";Leipzig;;Antibes;male;https://www.oexplorador.com.br/hans-hartung-foi-um-pioneiro-da-pintura-abstrata-europeia-uma-figura-proeminente-no-mundo-da-arte-parisiense-de-1945-em-diante-e-o-vencedor-em-1960-do-grande-premio-na-bienal-de-veneza-autodidata-c/;;"fonte secundária; instituições específicas não detalhadas";;;"MAC; outros; MAC USP";"Leipzig, Alemanha; Leipzig, Alemanha; Dresden, Alemanha; Munique, Alemanha";"s.d.; s.d.; s.d.; s.d.";https://www.oexplorador.com.br/hans-hartung-foi-um-pioneiro-da-pintura-abstrata-europeia-uma-figura-proeminente-no-mundo-da-arte-parisiense-de-1945-em-diante-e-o-vencedor-em-1960-do-grande-premio-na-bienal-de-veneza-autodidata-c/;baixa;51.338287999;12.377931001;100.0;43.581344179;7.12791404;100.0
Hans Holbein the Younger;Holy Roman Empire;formação com o pai Hans Holbein the Elder, em oficina familiar;;;Augsburg;Church of St Katharine Cree, London;London;male;https://en.wikipedia.org/wiki/Hans_Holbein_the_Younger | https://www.britannica.com/biography/Hans-Holbein-the-Younger;;"Não foi identificada academia formal; formação registrada como oficina familiar.";;;"outros; MASP";"Augsburgo; Basileia";;;media;48.369695999;10.892578;100.0;51.50740836;-0.127698693;100.0
Hans Memling;Habsburg Netherlands;"aprendizagem em Mainz ou Cologne; oficina de Rogier van der Weyden";50.942222222222;6.9577777777778;Seligenstadt;Sint-Gilliskerk Brugge;Bruges;male;https://en.wikipedia.org/wiki/Hans_Memling;;"A própria fonte sinaliza incerteza entre Mainz e Colônia; mantida a incerteza.";;;"outros; MASP";"Mainz ou Colônia; Bruxelas";antes de 1465;https://en.wikipedia.org/wiki/Hans_Memling;media;50.044319999;8.972602999;100.0;51.266855502;3.220199559;100.0
Hans Nöbauer;Austria;;;;Vienna;;Rio de Janeiro;male;https://www.salao31.com.br/hans-nobauer;;A fonte somente explicita que realizou seus estudos em Viena, sem indicar instituição.;;;"outros; Museu Histórico Nacional";Viena;;;baixa;48.2092062;16.3727778;100.0;-22.9014475;-43.1789159;100.0
Hans Platschek;Germany;Hochschule für bildende Künste Hamburg;53.56757;10.03132;Berlin;;Hamburg;male;fontes biográficas de referência;;instituição identificada em biografias sumárias;;;"MAC; outros; MAC USP";Hamburgo, Alemanha;s.d.;fontes biográficas de referência;baixa;52.517669999;13.405537999;100.0;53.550677999;9.99697;100.0
Hans Uhlmann;Germany;Vereinigte Staatsschulen für freie und angewandte Kunst;52.5090564;13.3267886;Berlin;;Berlin;male;fontes biográficas de referência;;"instituição identificada; datas não localizadas com precisão";;;"MAC; outros; MAC USP";Berlim, Alemanha;s.d.;fontes biográficas de referência;baixa;52.517669999;13.405537999;100.0;52.517669999;13.405537999;100.0
Hansi Raber;Austria;;;;Austria;;;male;;;"FILE explicita “País de Origem: Áustria”; preenchido em nível de país.";FILE Festival (País de Origem);alta;FILE;;;;;;;;;;
Harshini J. Karunaratne;Sri Lanka;New York University Abu Dhabi;24.5239;54.4346;Sri Lanka;;;non-binary;site oficial da artista | FILE Festival;alto;"FILE explicita “País de Origem: Sri Lanka”; preenchido em nível de país.";FILE Festival (País de Origem);alta;FILE;;;;;;;;;;
Heidi Hörsturz;Netherlands;ArtEZ University of the Arts;51.98399613367563;5.8943865238974;Netherlands;;;female;V2 / site oficial da artista;médio;"FILE explicita “País de Origem: Países Baixos / Holanda”; preenchido em nível de país.";FILE Festival (País de Origem);alta;FILE;;;;;;;;;;
Heidy Cordero-Arias;United States;Pratt Institute;40.691111;-73.963889;;;;;Pratt Institute (Dean's List / Merit);alto;local de nascimento não localizado em fonte auditável;;;FILE;;;;;;;;;;
Heiner Kielholz;Switzerland;Kunstgewerbeschule Zürich;47.38295;8.5358;Rheinfelden;;;male;https://de.wikipedia.org/wiki/Heiner_Kielholz;;;;;"MAC; outros; MAC USP";Zurique;1962-1963;https://de.wikipedia.org/wiki/Heiner_Kielholz;alta;47.561127999;7.783650001;100.0;;;
Heinz Battke;Germany;Akademie der Bildenden Künste Dresden;51.05284167;13.74244444;Berlin;;Frankfurt;male;fontes biográficas de referência;;"instituição identificada; datas não localizadas com precisão";;;"MAC; outros; MAC USP";Dresden, Alemanha;s.d.;fontes biográficas de referência;baixa;52.517669999;13.405537999;100.0;50.110879999;8.682433;100.0
Heinz Kühn;;formação artística em Berlim (instituição não especificada na fonte);;;;;;male;https://galeriadearte.art.br/artista/heinz-kuhn/ | https://blombo.com/artistas/heinz-kuhn;;A fonte apenas informa que seu período de formação artística se deu em Berlim.;;;"MAC; outros; MAC USP";Berlim, Alemanha;antes de 1950;;baixa;;;;;;
Heitor;;;;;;;;;;;"identificação incompleta; não foi possível desambiguar com segurança";;;outros;;;;;;;;;;
Heitor dos Prazeres;Brazil;;;;Rio de Janeiro;;Rio de Janeiro;male;;;"identificação incompleta; não foi possível desambiguar com segurança";;;"MAC; outros; MAC USP";;;;;-22.9014475;-43.1789159;100.0;-22.9014475;-43.1789159;100.0
Helen Faganello;;"Faculdade de Ciências e Letras de Penápolis; formação continuada com Rodrigo Naves, Carlos Fajardo, Leda Catunda, Sérgio Romagnolo e Ana Tavares; grupo de estudos Ateliê Fidalga";-21.42;-50.077777777778;;;;;https://www.catalogodasartes.com.br/artista/Helen%20Faganello/ | https://helenfaganello.blogspot.com/p/curriculo.html;;A formação listada é composta por graduação e formação continuada com artistas/professores.;;;"MAC; outros; MAC USP";"Penápolis; São Paulo";formação artística continuada a partir de 1997;https://www.catalogodasartes.com.br/artista/Helen%20Faganello/;media;;;;;;
Helios Seelinger;Brazil;"Escola Nacional de Belas Artes (Enba); ateliê dos irmãos Bernardelli; Academia Azbe; Academia de Munique; estudos com Jean-Paul Laurens";"-22.90879805555556; 48.1375; 48.1531959202723";"-43.17573111111111; 11.575; 11.5803123911292";Rio de Janeiro;;;male;"https://pt.wikipedia.org/wiki/Helios_Seelinger | https://www.guiadasartes.com.br/helios-seelinger/quem-foi; https://pt.wikipedia.org/wiki/Helios_Seelinger | https://www.ufrgs.br/acervopbsa/autor_/seelinger-helios/";;;;;"outros; Museu Histórico Nacional";"Rio de Janeiro; Munique; Paris";"1891-1896; 1897-1900; depois de 1903 em Paris e Munique";https://pt.wikipedia.org/wiki/Helios_Seelinger | https://www.guiadasartes.com.br/helios-seelinger/quem-foi;alta;-22.9014475;-43.1789159;100.0;;;
Helmut Breineder;Austria;;;;Austria;;;male;;;;FILE Festival (biografia do artista);alto;FILE;;;;;47.585810005;14.137076948;100.0;;;
Henning M. Lederer;Germany;FH Düsseldorf (University of Applied Sciences);51.24738888888889;6.791361111111112;Essen, Germany;;;male;FILE Festival;médio;;Domestika (biografia do artista);médio;FILE;;;;;51.455842999;7.012583;100.0;;;
Henri de Toulouse-Lautrec;;;;;;;;;;;;;;;;;;;;;;;;
Henri Matisse;France;"Beaux-Arts de Paris; Académie Julian; École des Beaux-Arts";48.85666666666667;2.333611111111112;Le Cateau-Cambrésis;Cimetière de Cimiez;Nice;male;https://www.musee-matisse-nice.org/en/the-artist/biography/;;Dados educacionais confirmados em biografia do Musée Matisse.;;;"MAC; outros; MAC USP";"Paris, França; Paris, França";"1891; 1892–1897";"https://www.musee-matisse-nice.org/en/the-artist/biography/ ; https://www.musee-matisse-nice.org/en/the-artist/biography/1892-1897-2/";alta;50.105603666;3.542665357;100.0;43.695978065;7.271454889;100.0
Henri Nicolas Vinet;France;"École des Beaux-Arts; ateliê de Paul Delaroche";48.85666666666667;2.333611111111112;Paris;;Niterói;male;https://pt.wikipedia.org/wiki/Henri_Nicolas_Vinet | https://enciclopedia.itaucultural.org.br/pessoas/7152-henri-nicolas-vinet;;;;;"outros; Pinacoteca de São Paulo";Paris;;;media;48.856372814;2.352529617;100.0;-22.8898227;-43.1220775;100.0
Henrique Bernardelli;Brazil;"Academia Imperial de Belas Artes; ateliê de Domenico Morelli";-22.91111111111111;-43.20555555555556;Valparaíso;;Rio de Janeiro;male;"Portal Artes; Guia das Artes";;;;;"outros; Pinacoteca de São Paulo";"Rio de Janeiro; Roma, Itália";"desde 1870; 1878–1886";"Portal Artes; Guia das Artes";media;-33.045557;-71.619421;100.0;-22.9014475;-43.1789159;100.0
Henrique José da Silva;Kingdom of Portugal;Aula Régia de Desenho e Figura;;;Lisbon;;;male;https://pt.wikipedia.org/wiki/Henrique_Jos%C3%A9_da_Silva;;A formação aberta recuperável associa o pintor à Aula Régia em Lisboa.;;;"outros; Museu Histórico Nacional";Lisboa;;;media;38.7070085;-9.1356407;100.0;;;
Henrique Leo Fuhro;Brazil;;;;Rio Grande;;;male;https://enciclopedia.itaucultural.org.br/pessoas/2904-henrique-leo-fuhro | https://www.escritoriodearte.com/artista/henrique-leo-fuhro;;As fontes indicam aprendizado inicial e prática autodidata, sem instituição formal identificada.;;;"MAC; outros; MAC USP";Porto Alegre (RS);"1954; final da década de 1950";https://enciclopedia.itaucultural.org.br/pessoas/2904-henrique-leo-fuhro | https://www.escritoriodearte.com/artista/henrique-leo-fuhro;media;25.95619;-97.14525;100.0;;;
Henrique Manzo;Brazil;"Liceu de Artes e Ofícios de São Paulo; aluno de Alfredo Norfini";-23.5331446;-46.6267577;São Bernardo do Campo;;São Paulo;male;https://pt.wikipedia.org/wiki/Henrique_Manzo | https://enciclopedia.itaucultural.org.br/pessoas/6944-henrique-manzo;;;;;"outros; Museu Paulista";São Paulo;1913-1917;https://pt.wikipedia.org/wiki/Henrique_Manzo | https://enciclopedia.itaucultural.org.br/pessoas/6944-henrique-manzo;alta;-23.694445;-46.565796;100.0;-23.5486657;-46.6382522;100.0
Henrique Pinto;Portugal;Academia de Lisboa / Academia de Belas-Artes de Lisboa;38.708042;-9.139016;Cacilhas;;Figueiró dos Vinhos;male;https://pt.wikipedia.org/wiki/Henrique_Pinto | https://www.mcafigueirodosvinhos.pt/index.php/o-museu/selecao-de-imagens/13-biografias/47-biografia-de-manuel-henrique-pinto;;As fontes indicam discipulado com Joaquim Gregório Prieto, Tomás da Anunciação e Simões de Almeida Júnior.;;;"outros; Museu Nacional de Belas Artes";Lisboa;;;media;-12.7847239;15.7662442;100.0;39.925211102631;-8.282068285049;100.0
Henrique Stabile;Brazil;"Faculdade de Arquitetura e Urbanismo da Universidade de São Paulo; Universidade Estadual de Londrina";"-23.56012; -23.3253";"-46.72985; -51.2";São Paulo;;;male;FILE Festival | Escavador;médio;;;;FILE;;;;;-23.5486657;-46.6382522;100.0;;;
Henry Lieutenant Chamberlain;;Royal Military Academy, Woolwich;51.475;0.0575;;;;;https://en.wikipedia.org/wiki/Henry_Chamberlain_(artist);;"formação militar anterior à prática artística; não localizei escola de arte formal";;;"outros; Museu da Inconfidência";Londres, Reino Unido;até c. 1815;https://en.wikipedia.org/wiki/Henry_Chamberlain_(artist);media;;;;;;
Henry Raeburn;United Kingdom of Great Britain and Ireland;"George Heriot's School; aprendiz com o ourives James Gilliland; formação em pintura de modo amplamente autodidata";"55.9459133800392; ;";"-3.19467430133454; ;";Stockbridge;;Edinburgh;male;https://en.wikipedia.org/wiki/Henry_Raeburn | https://www.britannica.com/biography/Henry-Raeburn;;"A formação formal em pintura é pouco estruturada nas fontes; registro conservador.";;;"outros; MASP";Edimburgo;c.1778 em diante;https://en.wikipedia.org/wiki/Henry_Raeburn;baixa;33.544216;-84.231532;100.0;55.953339501;-3.189106896;100.0
Hercules Araújo;;;;;;;;;;;formação não localizada com segurança;;;"outros; Museu de Arte Religiosa e Tradicional";;;;;;;;;;
Herman Tacasey;;"Fundação Armando Alvares Penteado (FAAP); Universidade Paulista (UNIP)";-23.943277777778;-46.332055555556;;;;;https://www.escavador.com/sobre/8418747/herman-tacasey;;A fonte consultada explicita licenciatura em Artes Plásticas e mestrado em Comunicação.;;;"MAC; outros; MAC USP";São Paulo (SP);"1986; 2020";https://www.escavador.com/sobre/8418747/herman-tacasey;alta;;;;;;
Hermann Petzet;Germany;"Academy of Fine Arts, Munich; Kunstgewerbeschule em Nuremberg; Königliche Akademie der Künste in München; Großherzoglich-Badische Kunstschule in Karlsruhe";"49.446028; 48.1531959202723; 49.0144";"11.136472; 11.5803123911292; 8.38726";Bonnland;;Munich;male;https://de.wikipedia.org/wiki/Hermann_Petzet | https://www.askart.com/bio/artist/11061172/artist;;As fontes também indicam estudos com Karl Raupp, Ludwig von Löfftz e Gustav Schönleber.;;;"outros; MASP";"Nuremberg; Munique; Karlsruhe";"1878-1881; 1881-1888";https://de.wikipedia.org/wiki/Hermann_Petzet | https://www.askart.com/bio/artist/11061172/artist;alta;50.04959;9.86521;100.0;48.143438999;11.573599;100.0
Hermelindo Fiaminghi;Brazil;"Liceu de Artes e Ofícios de São Paulo; Associação Paulista de Belas Artes";"-23.5331446; -23.550394444444";"-46.6267577; -46.633947222222";São Paulo;;São Paulo;male;https://pt.wikipedia.org/wiki/Hermelindo_Fiaminghi;;também estuda publicidade na Associação Paulista de Propaganda;;;"MAC; outros; MAC USP";"São Paulo, Brasil; São Paulo, Brasil";"1936–1941; 1942";https://pt.wikipedia.org/wiki/Hermelindo_Fiaminghi;alta;-23.5486657;-46.6382522;100.0;-23.5486657;-46.6382522;100.0
Hiba Ali;Pakistan;Queen's University;44.225;-76.495;Karachi, Pakistan;;;female;FILE Festival;médio;;Women & Their Work / Capture Photography Festival;alto;FILE;;;;;24.8608;67.0104;100.0;;;
Hiedy de Assis Corrêa;;autodidata;;;;;;;"MASC; DAC/UFSC";;"artista autodidata; sem formação escolar específica localizada";;;"outros; Museu Victor Meirelles";"Curitiba, PR; Florianópolis, SC";;;media;;;;;;
Hieronymus Bosch;Northern Low Countries;formação em oficina familiar com o pai e irmãos pintores;;;’s-Hertogenbosch;’s-Hertogenbosch;’s-Hertogenbosch;male;https://www.thecollector.com/hieronymus-bosch-early-influences/ | https://en.wikipedia.org/wiki/Hieronymus_Bosch;;As fontes apontam aprendizado em dinastia/oficina familiar, sem academia formal documentada.;;;"outros; MASP";’s-Hertogenbosch;;;media;51.702106954;5.302003137;100.0;51.702106954;5.302003137;100.0
Hilde Weber;Brazil;"Hochschule für bildende Künste Hamburg; Kunstgewerbeschule Berlin";52.4938276033478;13.33896535140567;Waldau;;São Paulo;female;fontes biográficas de referência;;"instituição identificada; datas não localizadas com precisão";;;"MAC; outros; MAC USP";Berlim, Alemanha;s.d.;fontes biográficas de referência;baixa;47.394254846;9.044672608;100.0;-23.5486657;-46.6382522;100.0
Hildebrando de Castro;;"formação autodidata; estudos com tinta a óleo em Nova York";40.71277777777778;-74.00611111111111;;;;;https://www.hildebrandodecastro.com.br/about-5 | https://www.zippergaleria.com.br/artistas/hildebrando-de-castro/sobre/ | https://paulodarzegaleria.com.br/artistas/hildebrando-de-castro/;;"As fontes qualificam explicitamente o artista como autodidata; os estudos posteriores com óleo aparecem sem escola formal nomeada.";;;"MAC; outros; MAC USP";"Rio de Janeiro; Paris; Nova York";"início artístico no fim dos anos 1970; dois anos em Paris; aperfeiçoamento em Nova York a partir de 1999";https://www.zippergaleria.com.br/artistas/hildebrando-de-castro/sobre/ | https://paulodarzegaleria.com.br/artistas/hildebrando-de-castro/;media;;;;;;
Hippolyte Vanderburch;France;formação literária e teatral em Paris;48.85666666666667;2.352222222222222;Paris;;former 9th arrondissement of Paris;male;https://fr.wikipedia.org/wiki/Hippolyte_Vanderburch;;"Não localizei instituição formal específica; mantida formulação conservadora.";;;"outros; Pinacoteca de São Paulo";Paris;;;baixa;48.856372814;2.352529617;100.0;45.779098566223;4.804366932758;85.38
Hiroya Sakura;Japan;"University of Tsukuba; Musashino Art University";"36.10367589575579; 35.72611111";"140.1020979; 139.4475";Yokohama, Japan;;;male;site oficial do artista | PROYECTOR;alto;;site oficial do artista / FILE Festival;alto;FILE;;;;;35.45039772;139.63424714;100.0;;;
Hissao Sakakibara;;Tokyo School of Fine Arts;35.68944444444445;139.6916666666667;;;;;fontes biográficas de referência;;instituição identificada em fontes sumárias;;;"MAC; outros; MAC USP";Tóquio, Japão;s.d.;fontes biográficas de referência;baixa;;;;;;
Holly Adams;United States;International Dell’Arte School;40.8809;-123.989;United States;;;female;Ithaca College | Shearwater Productions;médio;"FILE explicita “País de Origem: Estados Unidos”; preenchido em nível de país.";FILE Festival (País de Origem);alta;FILE;;;;;;;;;;
Honoré Marius Bérard;France;"École des Beaux-Arts de Marseille; École des Beaux-Arts de Paris";"43.2287; 48.85680555555555";"5.43485; 2.333277777777778";Salindres;;Saint-Martin-de-Valgalgues;male;https://fr.wikipedia.org/wiki/Honor%C3%A9_Marius_B%C3%A9rard;;datas aproximadas;;;"MAC; outros; MAC USP";"Marselha, França; Paris, França";"c. 1840s; c. 1850s";https://fr.wikipedia.org/wiki/Honor%C3%A9_Marius_B%C3%A9rard;media;44.167077487;4.160329655;100.0;44.162672374;4.082648632;100.0
Honório Esteves;Brazil;"escola de desenho de August Chenot; Liceu Mineiro; Academia Imperial de Belas Artes";"-20.385277777778; -22.91111111111111";"-43.503611111111; -43.20555555555556";Ouro Preto;;;male;"Wikipédia; artigo UFMG";;"iniciou aprendizado com August Chenot e como moedor de tintas de Cardoso Rezende; cursou desenho no Liceu Mineiro e depois a AIBA";;;"outros; Museu da Inconfidência";"Ouro Preto, MG; Rio de Janeiro";"1873; desde agosto de 1883";Wikipédia;alta;-20.3855959;-43.5035423;100.0;;;
Horácio Hora;Brazil;"Escola de Belas Artes de Paris; Escola Municipal de Desenho de Paris";"48.85666666666667; 48.86490694444444";"2.333611111111112; 2.362000833333333";Laranjeiras;;Paris;male;https://pt.wikipedia.org/wiki/Hor%C3%A1cio_Hora | https://www.catalogodasartes.com.br/artista/Hor%EF%BF%BDcio%20Hora/;;As fontes citam orientação de Justin-Marie Lequien.;;;"outros; Museu Histórico Nacional";Paris;c.1875-c.1881;https://pt.wikipedia.org/wiki/Hor%C3%A1cio_Hora | https://www.catalogodasartes.com.br/artista/Hor%EF%BF%BDcio%20Hora/;alta;-10.7986393;-37.1604367;100.0;48.856372814;2.352529617;100.0
Hugo Adami;Brazil;"Escola Profissional Masculina do Brás; Liceu de Artes e Ofícios de São Paulo; Academia de Belas Artes de Florença";"-23.54504; -23.5331446; 43.776907";"-46.61634; -46.6267577; 11.258475";São Paulo;;;male;https://www.guiadasartes.com.br/hugo-adami/biografia;;na fase paulista estuda com Giuseppe Barchitta, Alfredo Norfini, Enrico Vio, William Zadig e José Cuccé;;;"MAC; outros; MAC USP";"São Paulo, Brasil; São Paulo, Brasil; Florença, Itália";"c. 1911; 1913–1916; 1922";https://www.guiadasartes.com.br/hugo-adami/biografia;alta;-23.5486657;-46.6382522;100.0;;;
Hugo Calgan;Germany;"formação artística francesa; instituição não identificada na fonte aberta consultada";"; ";"; ";Berlin;;;male;https://www.brasilianaiconografica.art.br/;;Insuficiência de fonte aberta detalhada.;;;"outros; Museu Paulista";França;;;baixa;52.517669999;13.405537999;100.0;;;
Hugo de Faucompret;France;Gobelins;48.836944444444;2.3536111111111;Normandy, France;;;male;;;;Transmettre le cinéma;alto;FILE;;;;;49.120004364;0.111079036;100.0;;;
Hugo Ramirez;;ESAG Penninghen;48.85666666666667;2.352222222222222;;;;male;Vimeo (biografia do diretor);médio;homônimo não desambiguado com segurança;;;FILE;;;;;;;;;;
Humberto Espíndola;Brazil;Escola Nacional de Belas Artes;-22.8625055;-43.2256622;Campo Grande;;;male;fontes biográficas de referência;;instituição identificada em biografias sumárias;;;"MAC; outros; MAC USP";Rio de Janeiro, Brasil;c. 1960s;fontes biográficas de referência;baixa;-20.4435311;-54.6477573;100.0;;;
Humberto Jaimess-Sanchez;;Escuela de Bellas Artes;;;;;;;fontes biográficas de referência;;instituição identificada em fontes sumárias;;;"MAC; outros; MAC USP";Bogotá, Colômbia;s.d.;fontes biográficas de referência;baixa;;;;;;
Hundertwasser;;;;;;;;;;;;;;;;;;;;;;;;
Hyunmin Lee;South Korea;"Wesleyan University; California Institute of the Arts";"41.55562; 34.393055555556";"-72.655844; -118.56694444444";Seoul, South Korea;;;;Pacific Arts Movement (Q&A biográfica);médio;;IMDb;médio;FILE;;;;;37566.0;126.9784;100.0;;;
Håkan Lidbo;Sweden;;;;Malmö, Sweden;;;male;;;;Wikipedia / Discogs;médio;FILE;;;;;55.6033166;13.0013362;100.0;;;
Hélio Basto;;Escola de Belas Artes da Bahia;-12.990785;-38.524427;;;;;https://www.arrematearte.com.br/artistas/helio-basto-1931 | https://www.dicionario.belasartes.ufba.br/wp/verbete/helio-basto-helio-fonseca-basto/;;As fontes indicam formação inicial na Bahia e aprofundamento posterior em São Paulo, sem cronologia precisa.;;;"MAC; outros; MAC USP";"Salvador (BA); São Paulo (SP)";;;media;;;;;;
Hélio Oiticica;Brazil;"Museum of Modern Art, Rio de Janeiro; Museu de Arte Moderna do Rio de Janeiro (curso com Ivan Serpa)";-22.91111111111111;-43.20555555555556;Rio de Janeiro;;Rio de Janeiro;male;https://enciclopedia.itaucultural.org.br/pessoas/22-helio-oiticica;;;;;"MAC; outros; MAC USP";Rio de Janeiro, Brasil;1954;https://enciclopedia.itaucultural.org.br/pessoas/22-helio-oiticica;alta;-22.9014475;-43.1789159;100.0;-22.9014475;-43.1789159;100.0
Hércules Barsotti;Brazil;"Colégio Dante Alighieri; Liceu de Artes e Ofícios de São Paulo";-23.5331446;-46.6267577;São Paulo;;São Paulo;male;Enciclopédia Itaú Cultural / fontes biográficas de referência;;;;;"MAC; outros; MAC USP";São Paulo, Brasil;1937–1948;Enciclopédia Itaú Cultural / fontes biográficas de referência;alta;-23.5486657;-46.6382522;100.0;-23.5486657;-46.6382522;100.0
Hércules Florence;Brazil;;;;Nice;;Campinas;male;https://heritage.bnf.fr/france-bresil/pt-br/hercule-florence-ou-o-genio-da-invencao | https://ihf19.org.br/pt-br/hercule-florence/inventos/fotografia;;"As fontes destacam estudos autodidatas, inclusive em química; sem escola formal identificada.";;;"outros; Instituto Hércules Florence";Formação autodidata;;;media;43.695978065;7.271454889;100.0;-22.9073702;-47.0628996;100.0
I. de Sampaio Mathissen;;;;;;;;male;;;;;;"outros; Museu Paulista";;;;;;;;;;
Iberê Camargo;Brazil;"Escola de Artes e Ofícios de Santa Maria; Escola Nacional de Belas-Artes / curso livre de Alberto da Veiga Guignard; estudos com Giorgio de Chirico e Carlo Alberto Petrucci; Academia André Lhote";48.8422;2.3304;Restinga Sêca;Cemitério Antigo 01 Caxias do Sul.;Porto Alegre;male;"https://enciclopedia.itaucultural.org.br/pessoas/543-ibere-camargo; https://pt.wikipedia.org/wiki/Iber%C3%AA_Camargo";;primeira formação em Santa Maria sem data precisa localizada;;;"MAC; outros; MAC USP";"Santa Maria, Brasil; Rio de Janeiro, Brasil; Roma, Itália; Paris, França";"; 1942; 1948–1949; 1949–1950";https://pt.wikipedia.org/wiki/Iber%C3%AA_Camargo;media;-29.8261373;-53.3684319;100.0;-30.027679;-51.2286404;100.0
Ignacio Platas;Uruguay;;;;Montevideo, Uruguay;;;male;;;;site pessoal Once11;médio;FILE;;;;;-34.9055557;-56.1852505;100.0;;;
Igor Bahia;Brazil;"Escola de Tecnologia Spectaculu; Escola de Artes Visuais do Parque Lage";"-22.91111111111111; -22.9606";"-43.20555555555556; -43.212";Rio de Janeiro;;;male;FILE Festival;médio;;;;FILE;;;;;-22.9014475;-43.1789159;100.0;;;
Igor Imhoff;Italy;Accademia di Belle Arti di Foggia;41.46189;15.543579;Italy;;;male;animazioni.net — Igor Imhoff;alto;;Ignorarte (biografia);médio;FILE;;;;;42.83333;12.83333;100.0;;;
Igorъ V;Russia;;;;Rostov-on-Don, Russia;;;male;;;;FILE Festival (obra Death Day) + Wikidata;médio;FILE;;;;;47.2230368;39.7213763;100.0;;;
Illestpreacha;Canada;;;;Canada;;;male;;;"FILE explicita “País de Origem: Canadá”; preenchido em nível de país.";FILE Festival (País de Origem);alta;FILE;;;;;;;;;;
Ion Oana Potecasu;;;;;;;;;;;formação não localizada com segurança;;;"MAC; outros; MAC USP";;;;;;;;;;
Iran do Espírito Santo;Brazil;"Fundação Armando Alvares Penteado; Fundação Armando Álvares Penteado (FAAP)";"-23.5450155; -23.5450155";"-46.6630802; -46.6630802";Mococa;;;male;https://www.escritoriodearte.com/artista/iran-do-espirito-santo;;licenciatura em artes plásticas;;;"MAC; outros; MAC USP";São Paulo, Brasil;1986;https://www.escritoriodearte.com/artista/iran-do-espirito-santo;alta;-21.4961738;-47.0130645;100.0;;;
Isabelle Arvers;France;"Institute of Political Studies in Aix-en-Provence; Paris 8 University";48.85416666666666;2.328611111111111;Paris, France;;;female;biografia oficial / Wikipédia;médio;;site oficial da artista / Wikipédia;alto;FILE;;;;;48.856372814;2.352529617;100.0;;;
Ismael Nery;Brazil;"Académie Julian; Escola Nacional de Belas Artes";"48.871111111111; -22.8625055";"2.3416666666667; -43.2256622";Belém;;Rio de Janeiro;male;"Wikipédia; eBiografia";;;;;"MAC; outros; MAC USP";"Rio de Janeiro, Brasil; Paris, França";"1917; 1920";"Wikipédia; eBiografia";media;-1.4549817;-48.502273;100.0;-22.9014475;-43.1789159;100.0
Ismênia Coaracy;Brazil;"Escola de Artesanato do Museu de Arte Moderna de São Paulo (MAM/SP); estudos com Wolfgang Pfeiffer, Paulo Duarte e André Osze";-23.588229;-46.655328;Sertãozinho;;São Paulo;female;https://enciclopedia.itaucultural.org.br/pessoas/2135-ismenia-coaracy | https://acervo.margs.rs.gov.br/artistas/ismenia-coaracy/;;A fonte também indica início autodidata por volta de 1946.;;;"MAC; outros; MAC USP";São Paulo;"1956-1958; 1956; c.1960";https://enciclopedia.itaucultural.org.br/pessoas/2135-ismenia-coaracy | https://acervo.margs.rs.gov.br/artistas/ismenia-coaracy/;alta;-21.1431103;-48.0069814;100.0;-23.5486657;-46.6382522;100.0
Issey Takahashi;Japan;Horikoshi High School;35.701111;139.6765;Tokyo;;;male;;;;;;FILE;;;;;35.68945633;139.69171609;100.0;;;
Ivald Granato;Brazil;"estudos de pintura com Robert Newman; Escola de Belas Artes";"; ";"; ";Campos dos Goytacazes;;São Paulo;male;https://www.escritoriodearte.com/artista/ivald-granato;;;;;"MAC; outros; MAC USP";"Rio de Janeiro, Brasil; Rio de Janeiro, Brasil";"1966; breve período após 1966";https://www.escritoriodearte.com/artista/ivald-granato;media;-21.75227;-41.33044;100.0;-23.5486657;-46.6382522;100.0
Ivan Dixon;United States;North Carolina Central University;35.97645;-78.90092;New York City;;Charlotte;male;;;;;;FILE;;;;;40.7130466;-74.0072301;100.0;35.2237867;-80.8411413;100.0
Ivan Serpa;;;;;;;;;;;;;;;;;;;;;;;;
Ivar Veermäe;Estonia;"Estonian Academy of Arts; Weissensee Kunsthochschule Berlin";"59; 52.5581";"26; 13.4393";Tallinn;;;male;site oficial do artista / weissensee kunsthochschule berlin;alto;;;;FILE;;;;;59.43243767;24.744065678;100.0;;;
Ivonaldo;;;;;;;;;;;;;;;;;;;;;;;;
J. Janssens | Martinho (padre);;;;;;;;;;;"autoria múltipla/ambígua; formação não localizada com segurança";;;"outros; Museu da Inconfidência";;;;;;;;;;
J. M. D'Avila;;;;;;;;;;;;;;"outros; Museu Histórico Nacional";;;;;;;;;;
J. M. W. Turner;Kingdom of Great Britain;"Royal Academy of Arts; Royal Academy Schools; formação com o desenhista Thomas Malton";51.507222222222;-0.1275;Maiden Lane;St Paul's Cathedral;Cheyne Walk;male;https://en.wikipedia.org/wiki/J._M._W._Turner | https://www.tate.org.uk/art/artists/joseph-mallord-william-turner-558;;;;;"outros; MASP";Londres;a partir de 1789;https://en.wikipedia.org/wiki/J._M._W._Turner;alta;37.9082169;-122.3052102;100.0;32.4268056;-88.1939138;76.0
J. Stewart;;;;;;;;;;;;;;;;;;;;;;;;
Jacopo Tintoretto;Republic of Venice;"brevíssimo aprendizado na oficina de Ticiano; estudos de anatomia por observação e desenho";"; ";"; ";Venice;Madonna dell'Orto;Venice;male;https://www.scuolagrandesanrocco.org/home-en/tintoretto/ | https://en.wikipedia.org/wiki/Tintoretto;;A formação documentada é parcialmente tradicional/atelier e parcialmente autodirigida.;;;"outros; MASP";Veneza;sem datas exatas na fonte;;baixa;45.434608;12.338913;100.0;45.434608;12.338913;100.0
Jagobo Pan;;Liceu de Barcelona;41.3825;2.1769444444444;;;;;Campos do Jordão Cultura;;instituição identificada, datas não localizadas;;;"MAC; outros; MAC USP";Barcelona, Espanha;;;media;;;;;;
Jaime Prades;Brazil;"Festival de Inverno de Ouro Preto; Ateliê 76; Escola Contemporânea de Artes";"-20.385277777778; 38.708042";"-43.503611111111; -9.139016";Madrid;;;male;https://jaimeprades.art.br/?area=5&item=59&lang=_en&sec=404 | https://zupi.space/acervo/artistas/jaime-prades/;;Inclui cursos livres e formação não universitária, como descritos pelo próprio artista.;;;"MAC; outros; MAC USP";"Ouro Preto; São Paulo";"1973; 1975; 1977-1978";https://jaimeprades.art.br/?area=5&item=59&lang=_en&sec=404 | https://zupi.space/acervo/artistas/jaime-prades/;alta;40.4166909;-3.7003454;100.0;;;
Jake Fried;United States;"Rhode Island School of Design (summer classes); Maryland Institute College of Art; Boston University";"41.825833333333; 39.3056; 42.34888888888889";"-71.407777777778; -76.6206; -71.10027777777778";United States;;;male;LBBOnline (entrevista com o artista);médio;;FILE Festival (País de Origem);alto;FILE;;;;;;;;;;
Jambonbill;France;;;;;;;male;;;nome artístico não desambiguado com segurança;;;FILE;;;;;;;;;;
James Kudo;;"Faculdade de Belas Artes de São Paulo; Art Students League";-23.583688;-46.633917;;;;;https://jojoscope.net/2011/08/27/as-topofilias-de-james-kudo/ | https://olharincomum.webnode.page/artistas/james-kudo/;;;;;"MAC; outros; MAC USP";"São Paulo (SP); Nova York (EUA)";"1990; 1992-1994";https://jojoscope.net/2011/08/27/as-topofilias-de-james-kudo/ | https://olharincomum.webnode.page/artistas/james-kudo/;alta;;;;;;
James Zanoni;;;;;;;;male;;;local de nascimento não localizado em fonte auditável;;;FILE;;;;;;;;;;
Jamie Tucker;Canada;;;;;;;male;;;homônimo não desambiguado com segurança;;;FILE;;;;;;;;;;
Jan de Baen;Dutch Republic;"Haagsche Teekenacademie; lições com o tio Hinderk Pyman; aluno de Jacob Adriaensz Backer";52.16;4.49;Haarlem;;The Hague;male;https://en.wikipedia.org/wiki/Jan_de_Baen;;;;;"outros; MASP";"Emden; Amsterdam";1645-1648;https://en.wikipedia.org/wiki/Jan_de_Baen;alta;52.381044553;4.642828229;100.0;52.069248385;4.296715483;100.0
Jan Goldfuß;Germany;"Bauhaus-University Weimar; Academy of Media Arts Cologne";"50.9745; 50.93475582568144";"11.3291; 6.962159950772375";Erlangen, Germany;;;male;FILE Festival | site do artista;médio;;site do artista / Frischzelle Festival;alto;FILE;;;;;49.595132999;11.00498;100.0;;;
Jan Lebensztejn;;;;;;;;;;;;;;;;;;;;;;;;
Jan Rothuizen;Kingdom of the Netherlands;"Gerrit Rietveld Academie; De Ateliers";"52.3413;";"4.86;";Amsterdam;;;male;site oficial do artista / Kunstinstituut Melly;alto;;;;FILE;;;;;52.361524688;4.890870311;100.0;;;
Jan van Kessel the Elder;Habsburg Netherlands;"estudos com Simon de Vos; formação complementar com o pai e com Jan Brueghel the Younger";"; ";"; ";Antwerp;;Antwerp;male;"https://en.wikipedia.org/wiki/Jan_van_Kessel_the_Elder | https://www.nationalgallery.org.uk/artists/jan-van-kessel-the-elder; https://en.wikipedia.org/wiki/Jan_van_Kessel_the_Elder | https://www.nationalgalleries.org/art-and-artists/artists/jan-van-kessel";;A formação é descrita por mestres e parentes artistas, não por escola única.;;;"outros; Museu Nacional de Belas Artes";Antuérpia;"a partir dos 9 anos; sem datas completas na fonte";;media;51.25942418;4.371799938;100.0;51.25942418;4.371799938;100.0
Jandyra Waters;;Escola Nacional de Belas Artes;-22.8625055;-43.2256622;;;;female;fontes biográficas de referência;;instituição identificada em fontes sumárias;;;"MAC; outros; MAC USP";Rio de Janeiro, Brasil;s.d.;fontes biográficas de referência;baixa;;;;;;
Janice T. Searleman;United States;"University of Massachusetts; State University of New York at Stony Brook";"42.36027777777777; 40.9173205";"-71.05777777777777; -73.1245537";United States;;;female;ISEA Symposium Archives;médio;"FILE explicita “País de Origem: Estados Unidos”; preenchido em nível de país.";FILE Festival (País de Origem);alta;FILE;;;;;;;;;;
Janusz Brudniewicz;Poland;;;;Poland;;;male;;;;camembertelectrique.com;media;FILE;;;;;52.123790154;19.398768986;100.0;;;
Jarbas Juarez Antunes;;Instituto de Artes da UFRGS;-30.0292;-51.2233;;;;;fontes biográficas de referência;;datas aproximadas;;;"outros; Museu da Inconfidência";Porto Alegre, Brasil;1960s;fontes biográficas de referência;baixa;;;;;;
Jasmijn Lootens;Belgium;"LUCA School of Arts; Conservatory of Amsterdam";52.375833;4.908056;Waregem, Belgium;;;female;docARTES;alto;;Japan Media Arts Festival;alta;FILE;;;;;50.880619097;3.40249726;100.0;;;
Jayme Batista Paiva;;;;;;;;;https://www.dgabc.com.br/Noticia/3706442/jayme-paiva-o-leonardo-do-curuca;;A fonte qualifica o artista explicitamente como autodidata.;;;"MAC; outros; MAC USP";Formação autodidata;;;media;;;;;;
Jean Dewasne;France;École des Beaux-Arts;48.85666666666667;2.333611111111112;Hellemmes;;20th arrondissement of Paris;male;https://jeandewasne.com/en/biography/;;A biografia informa estudo na seção de arquitetura e frequência aos ateliês de Montparnasse.;;;"MAC; outros; MAC USP";Paris, França;1939–c. 1941;https://jeandewasne.com/en/biography/;media;50.62939;3.10981;100.0;48.8650998;2.3989541;100.0
Jean Deyrolle;France;;;;Nogent-sur-Marne;;Toulon;male;;;;;;"MAC; outros";;;;;48.839192987;2.491513008;100.0;43.12442;5.92836;100.0
Jean Joseph Bilfeldt;France;formação militar francesa;;;Avignon;;Paris;male;https://www.brasilianaiconografica.art.br/autores/19939/jean-joseph-bilfeldt;;"Autor identificado sobretudo como militar e desenhista viajante; sem escola nomeada na fonte aberta consultada.";;;"outros; Pinacoteca de São Paulo";França;;;baixa;43.949315226;4.805311547;100.0;48.856372814;2.352529617;100.0
Jean Le Moal;France;"École des Beaux-Arts de Lyon; École nationale supérieure des arts décoratifs; Académie Ranson";"45.768055555556; 48.85666666666667; 48.85666666666667";"4.8172222222222; 2.352222222222222; 2.352222222222222";Authon-du-Perche;;Chilly-Mazarin;male;https://en.wikipedia.org/wiki/Jean_Le_Moal;;A biografia consultada traz a sequência das três formações, com intervalo completo explicitado para a Académie Ranson.;;;"MAC; outros; MAC USP";"Lyon, França; Paris, França; Paris, França";"1926; 1929; 1935–1936";https://en.wikipedia.org/wiki/Jean_Le_Moal;media;48.194954416;0.896784562;100.0;48.702512182;2.312513276;100.0
Jean Metzinger;France;École des Beaux-Arts de Nantes;47.206475;-1.560904;Nantes;;Paris;male;Wikipedia;;Também estudou pintura com Hippolyte Touront antes da mudança para Paris.;;;"MAC; outros; MAC USP";Nantes, França;c. 1900–1903;Wikipedia;media;47.21838348;-1.554317317;100.0;48.856372814;2.352529617;100.0
Jean Rustin;France;"Beaux-Arts de Paris; École des Beaux-Arts; ateliê de Nicolas Untersteller";48.85666666666667;2.333611111111112;Montigny-lès-Metz;;20th arrondissement of Paris;male;https://en.wikipedia.org/wiki/Jean_Rustin | https://www.jean-rustin.com/blank-2;;;;;"MAC; outros; MAC USP";Paris;a partir de 1947;https://www.jean-rustin.com/blank-2 | https://en.wikipedia.org/wiki/Jean_Rustin;alta;49.099881109;6.153103866;100.0;48.8650998;2.3989541;100.0
Jean-Auguste-Dominique Ingres;France;"Beaux-Arts de Paris; Académie de Toulouse; ateliê de Jacques-Louis David; École des Beaux-Arts";"43.60444444444445; 48.85666666666667";"1.443333333333333; 2.333611111111112";Montauban;Père Lachaise Cemetery;Paris;male;https://pt.wikipedia.org/wiki/Jean-Auguste_Dominique_Ingres;;;;;"outros; MASP";"Toulouse; Paris";"1791-1796; 1797-1799";https://pt.wikipedia.org/wiki/Jean-Auguste_Dominique_Ingres;alta;44.016121253;1.35265774;100.0;48.856372814;2.352529617;100.0
Jean-Baptiste Camille Corot;France;"Lycée Pierre-Corneille; estudos com Achille-Etna Michallon e Jean-Victor Bertin; formação de paisagem na viagem de estudos à Itália";"49.445311; ;";"1.100213; ;";Paris;Père Lachaise Cemetery;Paris;male;https://www.nationalgallery.org.uk/artists/jean-baptiste-camille-corot | https://en.wikipedia.org/wiki/Jean-Baptiste-Camille_Corot;;"Sem academia formal nomeada nas fontes abertas recuperadas; mantidos mestres e viagem formativa.";;;"outros; MASP";"Paris; Itália";1825-1828;https://www.nationalgallery.org.uk/artists/jean-baptiste-camille-corot | https://en.wikipedia.org/wiki/Jean-Baptiste-Camille_Corot;media;48.856372814;2.352529617;100.0;48.856372814;2.352529617;100.0
Jean-Baptiste Courtois;;École des Beaux-Arts de Paris;48.85680555555555;2.333277777777778;Saint-Hippolyte;;;male;https://data.bnf.fr/fr/14916564/jean-baptiste_courtois/;;"A fonte aberta biográfica é sucinta; cronologia não identificada.";;;"outros; Museu Histórico Nacional";Paris;;;media;45.92969;-74.025851;100.0;;;
Jean-Baptiste Debret;France;"Lycée Louis-le-Grand; École des Beaux-Arts / ateliê de Jacques-Louis David";48.85666666666667;2.333611111111112;Paris;Montmartre Cemetery;Paris;male;fontes biográficas de referência;;registro combinando escola e formação em ateliê;;;"outros; Museu Nacional de Belas Artes";Paris, França;fim do século XVIII;fontes biográficas de referência;media;48.856372814;2.352529617;100.0;48.856372814;2.352529617;100.0
Jean-Baptiste Marie Pierre;France;"Académie royale de peinture et de sculpture; aluno de Charles-Joseph Natoire; bolsa/estadia em Roma";41.893055555556;12.482777777778;Paris;;Paris;male;https://en.wikipedia.org/wiki/Jean-Baptiste_Marie_Pierre | https://sammlung.staedelmuseum.de/en/person/pierre-jean-baptiste-marie;;;;;"outros; Museu Nacional de Belas Artes";"Paris; Roma";"1732; 1734-1740";https://en.wikipedia.org/wiki/Jean-Baptiste_Marie_Pierre | https://sammlung.staedelmuseum.de/en/person/pierre-jean-baptiste-marie;alta;48.856372814;2.352529617;100.0;48.856372814;2.352529617;100.0
Jean-Baptiste Olive;France;École des beaux-arts de Marseille;43.2287;5.43485;Marseille;Saint-Ouen Cemetery;Paris;male;https://en.wikipedia.org/wiki/Jean-Baptiste_Olive;;;;;"outros; MASP";Marselha;;;media;43.296606916;5.369866968;100.0;48.856372814;2.352529617;100.0
Jean-Baptiste Pater;France;"formação inicial com o pai Antoine Pater; aluno de Antoine Watteau";"; ";"; ";Valenciennes;;Paris;male;https://en.wikipedia.org/wiki/Jean-Baptiste_Pater | https://www.britannica.com/biography/Jean-Baptiste-Pater;;Não foi localizada escola formal nomeada além da formação em oficina.;;;"outros; MASP";"Valenciennes; Paris";;;media;50.357856469;3.524197715;100.0;48.856372814;2.352529617;100.0
Jean-Baptiste-Siméon Chardin;France;"Académie de Saint-Luc; aprendizagens com Pierre-Jacques Cazes e Noël-Nicolas Coypel";48.85666666666667;2.352222222222222;Paris;;Paris;male;https://en.wikipedia.org/wiki/Jean_Sim%C3%A9on_Chardin | https://www.britannica.com/biography/Jean-Baptiste-Simeon-Chardin;;;;;"outros; MASP";Paris;até 1724;https://en.wikipedia.org/wiki/Jean_Sim%C3%A9on_Chardin;alta;48.856372814;2.352529617;100.0;48.856372814;2.352529617;100.0
Jean-Frédéric Bosset de Luze;Switzerland;formação militar e de desenho técnico suíço;;;Neuchâtel;;Neuchâtel;male;https://www.brasilianaiconografica.art.br/autores/19859/jean-frederic-bosset-de-luze;;"Autor identificado sobretudo por perfil militar-viajante; sem escola formal nomeada na fonte aberta consultada.";;;"outros; Pinacoteca de São Paulo";Suíça;;;baixa;46.993851622;6.93104046;100.0;46.993851622;6.93104046;100.0
Jean-Honoré Fragonard;France;"École royale des élèves protégés; formação com Jean-Siméon Chardin e François Boucher; Académie de France à Rome";"48.85666666666667; 41.908333333333";"2.352222222222222; 12.4825";Grasse;Saint-Roch, Paris;former 2nd arrondissement of Paris;male;https://en.wikipedia.org/wiki/Jean-Honor%C3%A9_Fragonard | https://www.britannica.com/biography/Jean-Honore-Fragonard;;;;;"outros; MASP";"Paris; Roma";"c.1747 em diante; 1756-1761";https://en.wikipedia.org/wiki/Jean-Honor%C3%A9_Fragonard;alta;43.658104821;6.924695789;100.0;48.8675087;2.3421607;91.56
Jean-Jacques François Coindet;Switzerland;formação de desenho topográfico e prática militar;;;Geneva;;Clarens;male;https://www.brasilianaiconografica.art.br/autores/19866/jean-jacques-francois-coindet;;A fonte aberta não traz nome de instituição formal específica.;;;"outros; Pinacoteca de São Paulo";"Suíça; França";;;baixa;46.212270935;6.126642752;100.0;-28.5143902;28.4203261;100.0
Jean-Marc Nattier;France;"formação com Marc Nattier; orientação de Jean Jouvenet";"; ";"; ";Paris;Church of Saint Eustache;Paris;male;https://en.wikipedia.org/wiki/Jean-Marc_Nattier | https://www.britannica.com/biography/Jean-Marc-Nattier;;Não foi identificada instituição formal única nas fontes consultadas.;;;"outros; MASP";Paris;;;media;48.856372814;2.352529617;100.0;48.856372814;2.352529617;100.0
Jean-Michel Rolland;France;University Paris 3, Sorbonne Nouvelle;48.84488888888889;2.396988888888889;France;;;male;CV do artista / CYLAND;médio;"fonte biográfica identifica apenas o país; preenchimento mantido em nível de país.";FILE Festival;médio;FILE;;;;;;;;;;
Jeanette Nørgaard;Kingdom of Denmark;The Animation Workshop;56.4561;9.40611;Struer, Denmark;;;female;DAFilms;médio;;FILE Festival / Girls in Film;alto;FILE;;;;;56.545686523587;8.585619582004;100.0;;;
Jef Golyscheff;;;;;;;;;;;;;;;;;;;;;;;;
Jen Biddle;;"Rutgers University; Pennsylvania State University";"40.501666666667; 40.796111111111";"-74.448055555556; -77.862777777778";;;;female;University of Delaware;alto;local de nascimento não localizado em fonte auditável;;;FILE;;;;;;;;;;
Jenner Augusto;Brazil;;;;Aracaju;;Salvador;male;https://www.beirith.art.br/artista/Jenner-Augusto/130;;"estuda pintura com Horácio Hora; instituição formal não localizada";;;"MAC; outros; MAC USP";Laranjeiras, Sergipe, Brasil;c. 1940;https://www.beirith.art.br/artista/Jenner-Augusto/130;media;-10.9093538;-37.0743967;100.0;-12.9641527;-38.5058208;100.0
Jennifer Zheng;England;Kingston University;51.4035;-0.3039;Northern Ireland, UK;;;female;site oficial da artista | It’s Nice That;alto;;Jennifer Zheng site oficial / FILE Festival;media;FILE;;;;;54.609495197321;-6.692871347191;100.0;;;
Jenny Vogel;Germany;Hunter College (CUNY);40.768538;-73.964741;Germany;;;female;UMass Amherst / CV;alto;;The Sunview;media;FILE;;;;;51.110631049;10.392277932;100.0;;;
Jenova Chen;People's Republic of China;University of Southern California;34.021667;-118.285278;Shanghai;;;male;;;;;;FILE;;;;;;;;;;
Jeroen Cluckers;Belgium;KASK School of Arts Ghent;51.045519;3.718608;Hasselt, Belgium;;;male;AP University College;alto;;AP Hogeschool;alta;FILE;;;;;50.914955632;5.332553947;100.0;;;
Jerry Galle;Belgium;KASK School of Arts;51.045519;3.718608;Antwerp, Belgium;;;male;site oficial do artista;médio;;NW Aalst / KASK;alto;FILE;;;;;51.25942418;4.371799938;100.0;;;
Jerónimo Veroa;Argentina;;;;Necochea;;;male;;;;;;FILE;;;;;-38.5554187;-58.7258543;100.0;;;
Jesús Rafael Soto;Venezuela;Escuela de Artes Plásticas y Aplicadas;10.50611111111111;-66.91444444444444;Ciudad Bolívar;Montparnasse Cemetery;3rd arrondissement of Paris;male;https://www.guiadasartes.com.br/jesus-rafael-soto/obras-e-biografia;;;;;"MAC; outros; MAC USP";Caracas, Venezuela;1942–1947;https://www.guiadasartes.com.br/jesus-rafael-soto/obras-e-biografia;alta;8.1214634;-63.5769921;100.0;43.309522766634;5.370419622038;97.02
JF Malouin;Canada;École NAD-UQAC (Université du Québec à Chicoutimi);48.42;-71.0525;Canada;;;male;FILE Festival;médio;"FILE explicita “País de Origem: Canadá”; preenchido em nível de país.";FILE Festival (País de Origem);alta;FILE;;;;;;;;;;
Jiahui Eva Gao;People's Republic of China;Academy of Fine Art in Guangzhou;23.09544444444445;113.2730277777778;China;;;female;BoardGameGeek;baixo;"FILE explicita “País de Origem: China”; preenchido em nível de país.";FILE Festival (País de Origem);alta;FILE;;;;;;;;;;
Jim Leon;United Kingdom;Chouinard Art Institute;34.392919;-118.567812;Wolverhampton;;6th arrondissement of Lyon;male;fontes biográficas de referência;;instituição identificada em fontes sumárias;;;"MAC; outros; MAC USP";Los Angeles, EUA;s.d.;fontes biográficas de referência;baixa;52.586220279;-2.129909246;100.0;45.73398;4.82986;94.78
Jinan Zughayar;Palestine;American University of Sharjah;25.309722;55.490556;Palestine;;;;"FILE; Behance";médio;;;;FILE;;;;;31.912719787;35.204684057;100.0;;;
Jo-Ann Arosemena;Panama;"Pratt Institute; GIA";37;-120;David;;;female;site oficial da artista;alto;;;;FILE;;;;;8.416181394161;-82.387003546125;100.0;;;
Joan Miró;Spain;"Escola Superior d'Arts Industrials i Belles Arts (La Llotja); Escola de Comerç de Barcelona";"41.3822; 41.3825";"2.1825; 2.1769444444444";Barcelona;Montjuïc Cemetery;Palma;male;https://www.fmirobcn.org/en/foundation/joan-miro/;;A formação artística em La Llotja é a principal referência para o campo educacional.;;;"MAC; outros; MAC USP";"Barcelona, Espanha; Barcelona, Espanha";"até 1910; c. 1907–1910";https://www.fmirobcn.org/en/foundation/joan-miro/;alta;41.387917;2.1699187;100.0;39.5694515;2.6499457;100.0
Joan Ponç;Spain;"ateliê de Ramón Rogent; Academia de Artes Plásticas";"; ";"; ";Barcelona;;Saint-Paul-de-Vence;male;https://enciclopedia.itaucultural.org.br/pessoas/2127-joan-ponc;;A Enciclopédia Itaú Cultural explicita o início da formação artística em 1944 com Rogent e na Academia de Artes Plásticas.;;;"MAC; outros; MAC USP";"Barcelona, Espanha; Barcelona, Espanha";"1944; 1944";https://enciclopedia.itaucultural.org.br/pessoas/2127-joan-ponc;alta;41.387917;2.1699187;100.0;43.696875101;7.122200368;100.0
Joaquim Cândido Guilhobel;Kingdom of Portugal;Academia Imperial de Belas Artes;-22.91111111111111;-43.20555555555556;Lisbon;;;male;"https://pt.wikipedia.org/wiki/Joaquim_C%C3%A2ndido_Guilhobel | https://eviterbo.fcsh.unl.pt/wiki/Joaquim_C%C3%A2ndido_Guilhobel; https://pt.wikipedia.org/wiki/Joaquim_C%C3%A2ndido_Guilhobel";;Na Academia, fez o curso de arquitetura com Grandjean de Montigny.;;;"outros; Pinacoteca de São Paulo";Rio de Janeiro;matrícula em 1827;https://pt.wikipedia.org/wiki/Joaquim_C%C3%A2ndido_Guilhobel;alta;38.7070085;-9.1356407;100.0;;;
Joaquim da Rocha Ferreira;Brazil;"São Paulo School of Arts and Crafts; Liceu de Artes e Ofícios; Escola Nacional de Belas Artes; curso de aperfeiçoamento em mosaico, em Ravena";"-23.5331446; ; -22.8625055;";"-46.6267577; ; -43.2256622;";São Paulo;;São Paulo;male;https://pt.wikipedia.org/wiki/Joaquim_da_Rocha_Ferreira | https://www.catalogodasartes.com.br/artista/Joaquim%20da%20Rocha%20Ferreira/;;"As fontes convergem em Liceu de Artes e Ofícios e Enba; o Catálogo das Artes acrescenta curso de aperfeiçoamento em mosaico em Ravena.";;;"outros; Museu Paulista";"São Paulo; Rio de Janeiro; Ravena";"sem datas exatas na fonte; curso de aperfeiçoamento posterior";https://www.catalogodasartes.com.br/artista/Joaquim%20da%20Rocha%20Ferreira/;alta;-23.5486657;-46.6382522;100.0;-23.5486657;-46.6382522;100.0
Joaquim da Rocha Fragoso;Brazil;"Academia Imperial de Belas Artes (Aiba); estudos com Debret, Félix Taunay, Manuel de Araújo Porto-Alegre e August Müller";-22.91111111111111;-43.20555555555556;Rio de Janeiro;;Rome;male;"https://enciclopedia.itaucultural.org.br/pessoas/6849-joaquim-da-rocha-fragoso | https://catalogodasartes.com.br/artista/Joaquim%20da%20Rocha%20Fragoso/; https://catalogodasartes.com.br/artista/Joaquim%20da%20Rocha%20Fragoso/ | https://enciclopedia.itaucultural.org.br/pessoas/6849-joaquim-da-rocha-fragoso";;;;;"outros; Museu Histórico Nacional";Rio de Janeiro;décadas de 1840-1850;https://enciclopedia.itaucultural.org.br/pessoas/6849-joaquim-da-rocha-fragoso | https://catalogodasartes.com.br/artista/Joaquim%20da%20Rocha%20Fragoso/;alta;-22.9014475;-43.1789159;100.0;41.8905568;12.4942679;100.0
Joaquim José da Natividade;Brazil;;;;;;;male;fontes biográficas de referência;;"não localizei escola formal; formação colonial/oficinal";;;"outros; Museu Regional São João Del Rey";Minas Gerais, Brasil;século XVIII;fontes biográficas de referência;baixa;;;;;;
Joaquim Lopes Figueira;;"Liceu de Artes e Ofícios de São Paulo; ateliê de Waldemar Belisário";-23.5331446;-46.6267577;;;;;https://enciclopedia.itaucultural.org.br/pessoas/6301-joaquim-figueira | https://front.master.enciclopedia-ic.org/pessoa21875/joaquim-figueira;;;;;"MAC; outros; MAC USP";São Paulo (SP);1919-1922;https://enciclopedia.itaucultural.org.br/pessoas/6301-joaquim-figueira | https://front.master.enciclopedia-ic.org/pessoa21875/joaquim-figueira;alta;;;;;;
Joaquim Manuel da Rocha;Kingdom of Portugal;Casa Pia / formação com João Glama;;;Lisbon;;Lisbon;male;fontes biográficas de referência;;"formação pouco documentada; registro mantido em nível conservador";;;"outros; Museu Nacional de Belas Artes";Lisboa, Portugal;s.d.;fontes biográficas de referência;baixa;38.7070085;-9.1356407;100.0;38.7070085;-9.1356407;100.0
Joaquín Agrasot y Juan;Spain;"Reial Acadèmia de Belles Arts de Sant Carles de València; Real Academia de Bellas Artes de San Carlos de Valencia";39.445;-0.389444;Orihuela;General Cemetery of Valencia;Valencia;male;https://en.wikipedia.org/wiki/Joaqu%C3%ADn_Agrasot | https://www.museodelprado.es/coleccion/artista/agrasot-y-juan-joaquin/0f951cb3-68a8-4c8e-848f-6ace0a6a548f;;As fontes mencionam estudo com Francisco Martínez Yago.;;;"outros; Museu Histórico Nacional";"Orihuela; Valência; Roma";"1856 em diante; bolsa para Roma a partir de 1861";https://en.wikipedia.org/wiki/Joaqu%C3%ADn_Agrasot | https://www.museodelprado.es/coleccion/artista/agrasot-y-juan-joaquin/0f951cb3-68a8-4c8e-848f-6ace0a6a548f;alta;38.084044;-0.945009;100.0;39.4702393;-0.3768049;100.0
Jody Deming;United States;Smith College;42.3175;-72.6375;Houston;;;female;;;;;;FILE;;;;;29.7608026;-95.3695062;100.0;;;
Jody Ghani;United Kingdom;The Animation Workshop / VIA University College;56.4561;9.40611;United Kingdom;;;female;"site oficial da artista; SciVi";alto;;site oficial do artista;alta;FILE;;;;;53.408386605;-1.969559544;100.0;;;
Johanan Simon;Israel;"Beaux-Arts de Paris; Bezalel School of Arts and Crafts";31.78116666666667;35.22361111111111;Berlin;Kfar Shmaryahu Cemetery;Tel-Aviv;male;fontes biográficas de referência;;instituição identificada em biografias sumárias;;;"MAC; outros; MAC USP";Jerusalém, Israel;s.d.;fontes biográficas de referência;media;52.517669999;13.405537999;100.0;32.0735802;34.7880511;100.0
Johann Gutlich;Kingdom of the Netherlands;"Academia de Arte de Roterdã; estudos com Henk Chabot";51.9188;4.4885;Rotterdam;;;male;https://enciclopedia.itaucultural.org.br/pessoas/3646-johann-gutlich | https://pt.wikipedia.org/wiki/Johann_Gutlich;;;;;"MAC; outros; MAC USP";Roterdã (Países Baixos);1935-1940;https://enciclopedia.itaucultural.org.br/pessoas/3646-johann-gutlich | https://pt.wikipedia.org/wiki/Johann_Gutlich;alta;51.918323034;4.493749988;100.0;;;
Johann Moritz Rugendas;Kingdom of Bavaria;"desenho e gravura com o pai Johann Lorenz Rugendas II; estudos com Albrecht Adam; Academia de Belas Artes de Munique";48.1531959202723;11.5803123911292;Augsburg;;Weilheim an der Teck;male;https://en.wikipedia.org/wiki/Johann_Moritz_Rugendas | https://www.infoescola.com/biografias/johann-moritz-rugendas/ | https://saibahistoria.blogspot.com/2020/05/joahnn-moritz-rugendas.html;;;;;"outros; Museu Histórico Nacional";"Augsburgo; Munique";"1815-1817; depois de 1817";https://en.wikipedia.org/wiki/Johann_Moritz_Rugendas | https://saibahistoria.blogspot.com/2020/05/joahnn-moritz-rugendas.html;alta;48.369695999;10.892578;100.0;48.615688999;9.537361999;100.0
John Barber;United States;"Indiana University of Pennsylvania; University of Alabama at Birmingham";"40.617; 33.5";"-79.16; -86.8075";Galati, Romania;;;male;CV/website oficial de John F. Barber;média;;Centre Pompidou / askART;alto;FILE;;;;;;;;;;
John Butler;;Duncan of Jordanstone College of Art, Dundee;56.4566;-2.9828;Dublin, Ireland;;;male;"site oficial; FILE";alto;;FILE Festival;alta;FILE;;;;;53.3440956;-6.2674862;100.0;;;
John Constable;Kingdom of Great Britain;"Royal Academy of Arts; Royal Academy Schools";51.507222222222;-0.1275;East Bergholt;St John-at-Hampstead;Charlotte Street;male;https://en.wikipedia.org/wiki/John_Constable | https://www.wikiart.org/pt/john-constable/;;;;;"outros; MASP";Londres;a partir de 1799;https://en.wikipedia.org/wiki/John_Constable | https://www.wikiart.org/pt/john-constable/;alta;51.972413206;1.012312908;100.0;35.602812;-82.544069;100.0
Jonas Brandão;Brazil;UFSCar;21.98525;47.87996;Brazil;;;male;entrevista Split Filmes / 3DArtsBrasil;médio;"FILE explicita “País de Origem: Brasil”; preenchido em nível de país.";FILE Festival (País de Origem);alta;FILE;;;;;;;;;;
Jonas de Barros;Brazil;"Academia de Belas Artes; estudos com Almeida Júnior";"; ";"; ";Itu;;;male;https://pt.wikipedia.org/wiki/Jonas_de_Barros | https://artsandculture.google.com/entity/jonas-de-barros/m07k7zzr;;A fonte aberta disponível não detalha cronologia fina.;;;"outros; Museu Paulista";São Paulo;;;media;-23.265697;-47.299124;100.0;;;
Jonathan Berger;United States;Stanford University;37.4275;-122.17;New York City;;;male;;;;;;FILE;;;;;40.7130466;-74.0072301;100.0;;;
Jonathan Monaghan;United States;"New York Institute of Technology; University of Maryland";"40.8080625; 38.988055555555555";"-73.6033125; -76.9425";Rockaway Beach, Queens, New York, USA;;;male;bitforms gallery;médio;;Wikipedia / IMDb;médio;FILE;;;;;40.576981;-73.851544;100.0;;;
Jone Vizcaino;Spain;;;;Spain;;;female;;;"FILE explicita “País de Origem: Espanha”; preenchido em nível de país.";FILE Festival (País de Origem);alta;FILE;;;;;;;;;;
Joost Jordens;Netherlands;Utrecht University of the Arts;52.085277777777776;5.175;Netherlands;;;male;Wonderspaces — Mike von Rotz & Joost Jordens;médio;"FILE explicita “País de Origem: Países Baixos / Holanda”; preenchido em nível de país.";FILE Festival (País de Origem);alta;FILE;;;;;;;;;;
Jordão de Oliveira;Brazil;primeiros estudos de desenho com Quintino Marques;;;Aracaju;;Brazil;male;https://www.guiadasartes.com.br/jordao-de-oliveira/biografia | https://ihgse.org.br/wordpress/jordao-eduardo-de-oliveira-nunes/;;"As fontes abertas disponíveis sustentam os estudos iniciais com Quintino Marques; não localizei nesta rodada fonte aberta robusta para a etapa posterior no Rio.";;;"outros; Museu Histórico Nacional";Aracaju;;;media;-10.9093538;-37.0743967;100.0;-10.769946429;-53.073466889;100.0
Jorge David Ortiz Trejo;Mexico;;;;Mexico;;;male;;;"FILE explicita “País de Origem: México”; preenchido em nível de país.";FILE Festival (País de Origem);alta;FILE;;;;;;;;;;
Jorge F.;Brazil;Universidade Anhembi Morumbi;-23.6005;-46.6749;São Paulo, Brazil;;;male;FILE;alto;;FilmFreeway;media;FILE;;;;;-23.5486657;-46.6382522;100.0;;;
Jorge Manuel Theocupulus;Spain;oficina/ateliê de El Greco;;;Toledo;;Toledo;male;https://en.wikipedia.org/wiki/Jorge_Manuel_Theotoc%C3%B3puli | https://www.museodelprado.es/en/coleccion/autores?search=Theotoc%C3%B3puli%2C+Jorge+Manuel;;"O creator está grafado como 'Theocupulus'; as fontes biográficas abertas usam 'Theotocópuli'.";;;"outros; MASP";Toledo;até 1614;https://en.wikipedia.org/wiki/Jorge_Manuel_Theotoc%C3%B3puli;media;41.655298;-83.535717;100.0;41.655298;-83.535717;100.0
Jorge Paez Vilaró;Uruguay;formação autodidata;;;Montevideo;;Montevideo;male;https://en.wikipedia.org/wiki/Jorge_P%C3%A1ez_Vilar%C3%B3 | https://arteenloprofundo.blogspot.com/p/jorge-paez-vilaro.html;;A fonte indica ausência de formação artística formal e aperfeiçoamento por viagens e contatos artísticos.;;;"MAC; outros; MAC USP";Montevidéu e América Latina;sem data exata na fonte;;media;-34.9055557;-56.1852505;100.0;-34.9055557;-56.1852505;100.0
Jose Gallardo A;Colombia;Universidad Nacional de Colombia;4.6355555555556;-74.082777777778;Medellín, Colombia;;;male;"Pueblo Nuevo Netlabel; Elektramusic";médio;;CMMAS;media;FILE;;;;;6.2482172;-75.5800345;100.0;;;
Jose Rueda;;"Escuela Nacional de Bellas Artes Manuel Belgrano; Escuela Nacional de Bellas Artes Prilidiano Pueyrredón; Escuela Superior de Bellas Artes Ernesto de la Cárcova";"-34.63486827098634; -34.59472222; -34.61744771945473";"-58.37169270382104; -58.39944444; -58.3564444";;;;;https://www.hcdn.gob.ar/secgralpres/dcultura/museo/obras/artistas/Rueda-Jose/ | https://artedelaargentina.com/disciplinas/artista/grabado/jose-luis-rueda;;A formação aparece em três escolas nacionais de belas-artes, sem datas precisas nas fontes consultadas.;;;"MAC; outros; MAC USP";Buenos Aires (Argentina);;;media;;;;;;
Josef Albers;Germany;"Academy of Fine Arts, Munich; Königliche Kunstschule; Kunstgewerbschule; Royal Academy of Fine Arts, Munich; Bauhaus";"52.49066493; 51.315777777778; 50.9745";"13.35889673; 9.4979166666667; 11.3291";Bottrop;Orange Center Cemetery;New Haven;male;https://bauhauskooperation.com/wissen/das-bauhaus/koepfe/biografien/biografie-detail/person-12;;formação artística e de professor antes da entrada no Bauhaus;;;"MAC; outros; MAC USP";"Berlim, Alemanha; Essen, Alemanha; Munique, Alemanha; Weimar, Alemanha";"1913–1915; 1916–1919; 1919–1920; 1920";https://bauhauskooperation.com/wissen/das-bauhaus/koepfe/biografien/biografie-detail/person-12;alta;51.523693999;6.929939;100.0;41.3082517;-72.9241605;100.0
Joseph Tully;;formação militar e prática de desenho topográfico;;;;;;;https://www.brasilianaiconografica.art.br/autores/20161/joseph-tully;;Sem escola formal identificada na fonte aberta consultada.;;;"outros; Pinacoteca de São Paulo";"Irlanda; Inglaterra";;;baixa;;;;;;
Josh Mitchell;United States;"Indiana University of Pennsylvania; Design Institute of San Diego; Edinboro University of Pennsylvania";"40.617; 32.880696; 39.95388888888889";"-79.16; -117.167367; -75.19305555555556";Pittsburgh, Pennsylvania, USA;;;;StopWatch Gallery;médio;;StopWatch Gallery & Studio;alta;FILE;;;;;40.4421676;-79.9949573;100.0;;;
Joshua Reynolds;Kingdom of Great Britain;"Hele's School; aprendiz com Thomas Hudson; estudos de aperfeiçoamento em Roma";41.893055555556;12.482777777778;Plympton;St Paul's Cathedral;London;male;https://en.wikipedia.org/wiki/Joshua_Reynolds | https://www.britannica.com/biography/Joshua-Reynolds;;;;;"outros; MASP";"Londres; Roma";"1740-1743; 1749-1752";https://en.wikipedia.org/wiki/Joshua_Reynolds;alta;-34.961875705;138.557026373;100.0;51.50740836;-0.127698693;100.0
José Agostinho da Motta;;;;;;;;;;;;;;;;;;;;;;;;
José Antônio da Silva;Brazil;;;;Sales Oliveira;;São Paulo;male;Enciclopédia Itaú Cultural / fontes biográficas;;"artista autodidata; sem escola formal localizada";;;"MAC; outros; MAC USP";São José do Rio Preto, Brasil;c. 1940s;Enciclopédia Itaú Cultural / fontes biográficas;media;-20.7700793;-47.8407277;100.0;-23.5486657;-46.6382522;100.0
José Barreto de Menezes;;"formação artística brasileira; instituição não identificada na fonte aberta consultada";"; ";"; ";;;;male;https://www.catalogodasartes.com.br/;;Sem base aberta robusta para nomear instituição com segurança.;;;"outros; Museu Histórico Nacional";Brasil;;;baixa;;;;;;
José Canella Filho;Brazil;;;;São Manuel;;São Paulo;male;https://pt.wikipedia.org/wiki/Jos%C3%A9_Canella_Filho;;A fonte informa que iniciou o estudo da pintura como autodidata e que nunca teve aulas.;;;"outros; Museu Paulista";Formação autodidata;;;alta;-22.7478056;-48.5834111;100.0;-23.5486657;-46.6382522;100.0
José Carlos Martinat;Peru;Pontificia Universidad Católica del Perú;-12.06944444444444;-77.07944444444445;;;;male;fontes biográficas de referência;;datas aproximadas;;;"MAC; outros; MAC USP";Lima, Peru;1990s;fontes biográficas de referência;media;;;;;;
José Cláudio da Silva;Brazil;Escola de Belas Artes da Universidade Federal de Pernambuco;-8.0517328;-34.9507155;;;;male;fontes biográficas de referência;;instituição identificada em biografias do artista;;;"MAC; outros; MAC USP";Recife, Brasil;c. 1960s;fontes biográficas de referência;media;;;;;;
José Constantino Benedito de Faria Barros;;;;;;;;;;;formação não localizada com segurança;;;"outros; Museu Regional São João Del Rey";;;;;;;;;;
José Correia de Lima;Brazil;"Academia Imperial de Belas Artes (Aiba); estudos com Debret e Grandjean de Montigny";-22.91111111111111;-43.20555555555556;Rio de Janeiro;;Rio de Janeiro;male;https://pt.wikipedia.org/wiki/Jos%C3%A9_Correia_de_Lima | https://enciclopedia.itaucultural.org.br/pessoas/6718-correia-de-lima;;;;;"outros; Museu Nacional de Belas Artes";Rio de Janeiro;1826-1827;https://pt.wikipedia.org/wiki/Jos%C3%A9_Correia_de_Lima | https://enciclopedia.itaucultural.org.br/pessoas/6718-correia-de-lima;alta;-22.9014475;-43.1789159;100.0;-22.9014475;-43.1789159;100.0
José de Paula Barros;;aperfeiçoamento artístico em Paris (instituição não identificada na fonte);48.85666666666667;2.352222222222222;;;;male;https://agendamaranhao.com.br/2024/10/13/pintor-jose-de-paula-barros-paris-1907/;;A fonte aberta confirma estudos em Paris, mas não identifica a instituição.;;;"outros; Museu Histórico Nacional";Paris;1907;https://agendamaranhao.com.br/2024/10/13/pintor-jose-de-paula-barros-paris-1907/;media;;;;;;
José Ferraz de Almeida Júnior;Brazil;"Academia Imperial de Belas Artes; École Nationale Supérieure des Beaux-Arts";-22.91111111111111;-43.20555555555556;Itu;;Piracicaba;male;https://pt.wikipedia.org/wiki/Almeida_J%C3%BAnior;;;;;"outros; Pinacoteca de São Paulo";"Rio de Janeiro, Brasil; Paris, França";"1869–1874; 1876–1882";https://pt.wikipedia.org/wiki/Almeida_J%C3%BAnior;alta;-23.265697;-47.299124;100.0;-22.724976;-47.6476;100.0
José Gamarra;Uruguay;"School of Fine Arts of Montevideo; Museum of Modern Art in Rio de Janeiro; Institute of Fine Arts in Praia Vermelha";"-34.90591666666667; -22.8625";"-56.19131111111111; -43.223888888889";Tacuarembó;;;male;https://www.josegamarra.org/en/biography/;;em 1959 realiza estudos de gravura no Rio com bolsa Itamarati;;;"MAC; outros; MAC USP";"Montevidéu, Uruguai; Rio de Janeiro, Brasil; Rio de Janeiro, Brasil";"s.d.; 1959; 1959";https://www.josegamarra.org/en/biography/;alta;-31.7305323;-55.9741865;100.0;;;
José Hertzer;;"formação artística brasileira; instituição não identificada na fonte aberta consultada";"; ";"; ";;;;male;https://www.catalogodasartes.com.br/;;Não localizei nesta rodada fonte aberta robusta com nome oficial de escola.;;;"outros; Museu Paulista";Brasil;;;baixa;;;;;;
José Jardim de Araújo;;"formação artística brasileira; instituição não identificada na fonte aberta consultada";"; ";"; ";;;;male;https://www.catalogodasartes.com.br/;;Dados abertos insuficientes para nomear escola.;;;"outros; Museu Histórico Nacional";Brasil;;;baixa;;;;;;
José Joaquim Monteiro França;Brazil;Academia Imperial de Belas Artes (Aiba);-22.91111111111111;-43.20555555555556;Pindamonhangaba;;São Paulo;male;https://enciclopedia.itaucultural.org.br/;;Sem cronologia detalhada na fonte aberta localizada.;;;"outros; Museu Paulista";Rio de Janeiro;;;baixa;-22.923487;-45.459842;100.0;-23.5486657;-46.6382522;100.0
José Júlio de Sousa Pinto;Portugal;"Escola Superior de Belas-Artes do Porto; Academia Portuense de Belas Artes; École des Beaux-Arts";"41.15; 41.15; 48.85666666666667";"-8.610833333333334; -8.610833333333334; 2.333611111111112";Angra do Heroísmo;;Pont-Scorff;male;fontes biográficas de referência;;;;;"outros; Museu Nacional de Belas Artes";"Porto, Portugal; Paris, França";"1870s; 1880–1883";fontes biográficas de referência;media;38.708207269709;-27.248750050772;100.0;47.835447703;-3.399192664;100.0
José Leandro de Carvalho;Kingdom of Portugal;estudos com Leandro Joaquim e Raimundo da Costa e Silva;;;;;Rio de Janeiro;male;https://enciclopedia.itaucultural.org.br/pessoas/7180-jose-leandro-de-carvalho | https://www.escritoriodearte.com/artista/jose-leandro-de-carvalho;;A formação recuperada é por mestres, não por academia formal.;;;"outros; Museu Histórico Nacional";Rio de Janeiro;;;alta;;;;-22.9014475;-43.1789159;100.0
José Luis Cuevas;Mexico;"Escuela Nacional de Pintura, Escultura y Grabado La Esmeralda; Institución de Enseñanza Universitaria";"19.35655;";"-99.14015;";Mexico City;;Mexico City;male;"https://en.wikipedia.org/wiki/Jos%C3%A9_Luis_Cuevas; https://www.annexgalleries.com/artists/biography/482";;"Estudos interrompidos por doença; data exata da segunda instituição não foi localizada nesta passada.";;;"MAC; outros; MAC USP";"Cidade do México, México; Cidade do México, México";"c. 1944–1946; s.d.";https://en.wikipedia.org/wiki/Jos%C3%A9_Luis_Cuevas;media;19.430457906;-99.141684761;100.0;19.430457906;-99.141684761;100.0
José Malhoa;Portugal;Academia Real de Belas-Artes de Lisboa;38.708042;-9.139016;Caldas da Rainha;Prazeres Cemetery;Figueiró dos Vinhos;male;fontes biográficas de referência;;datas aproximadas;;;"outros; MASP";Lisboa, Portugal;1870s;fontes biográficas de referência;media;39.40752523853;-9.088115679114;100.0;39.925211102631;-8.282068285049;100.0
José Maria da Silva Paranhos;;"Academia Real dos Guardas Marinhas; Real Academia de Artilharia, Fortificação e Desenho; Escola Militar";"38.68027778; -22.91111111111111";"-9.15833333; -43.20555555555556";;;;;https://pt.wikipedia.org/wiki/Jos%C3%A9_Maria_da_Silva_Paranhos;;"O creator corresponde ao Visconde do Rio Branco; a fonte aberta documenta a formação militar e de engenharia.";;;"outros; Museu Paulista";Rio de Janeiro;"1841; formatura em 1843";https://pt.wikipedia.org/wiki/Jos%C3%A9_Maria_da_Silva_Paranhos;alta;;;;;;
José Maria de Medeiros;Brazil;"Liceu de Artes e Ofícios; Academia Imperial de Belas Artes";-22.91111111111111;-43.20555555555556;;;Rio de Janeiro;male;https://pt.wikipedia.org/wiki/Jos%C3%A9_Maria_de_Medeiros;;A Enciclopédia Itaú Cultural também registra Antônio de Souza Lobo como mestre.;;;"outros; Museu Nacional de Belas Artes";Rio de Janeiro;"1867; 1868";https://pt.wikipedia.org/wiki/Jos%C3%A9_Maria_de_Medeiros;alta;;;;-22.9014475;-43.1789159;100.0
José Maria dos Reis Júnior;Brazil;Escola Nacional de Belas Artes (Enba);-22.90879805555556;-43.17573111111111;;;;male;https://enciclopedia.itaucultural.org.br/pessoas/7497-reis-junior;;O verbete também informa estudos de desenho com Modesto Brocos e pintura com Rodolfo Amoedo.;;;"outros; Museu Histórico Nacional";Rio de Janeiro;1920-1923;https://enciclopedia.itaucultural.org.br/pessoas/7497-reis-junior;alta;;;;;;
José Mauro de Vasconcelos;Brazil;"Faculdade de Medicina da capital potiguar; bolsa de estudos na Espanha (instituição não identificada na fonte)";-5.795;-35.208888888889;Rio de Janeiro;;São Paulo;male;https://pt.wikipedia.org/wiki/Jos%C3%A9_Mauro_de_Vasconcelos | https://aordemnaturaldascoisas.blogs.sapo.pt/biografia-jose-mauro-vasconcelos-5513334;;"A fonte não nomeia a faculdade de medicina nem a instituição espanhola; deixado como descrição verificável.";;;"MAC; outros; MAC USP";"Natal (RN); Espanha";"sem data precisa; permanência de cerca de 1 semana na Espanha";https://aordemnaturaldascoisas.blogs.sapo.pt/biografia-jose-mauro-vasconcelos-5513334;baixa;-22.9014475;-43.1789159;100.0;-23.5486657;-46.6382522;100.0
José Pancetti;Brazil;Núcleo Bernardelli;;;Campinas;;Rio de Janeiro;male;"Itaú Cultural; MAM Rio";;"Aprendizado inicial autodidata; em 1933 ingressa no Núcleo Bernardelli e recebe orientação de Bruno Lechowski.";;;"MAC; outros; MAC USP";Rio de Janeiro, Brasil;1933;Itaú Cultural;alta;-22.9073702;-47.0628996;100.0;-22.9014475;-43.1789159;100.0
José Pedro Costigliolo;;;;;;;;;;;;;;;;;;;;;;;;
José Pinelo Llull;Spain;"Escuela de Bellas Artes de Sevilla; estudos com Eduardo Cano; estudos com Villegas em Roma";"37.3877; 41.893055555556";"-5.99106; 12.482777777778";Cádiz Province;;Seville;male;https://es.wikipedia.org/wiki/Jos%C3%A9_Pinelo_Llull | https://es.hispanopedia.com/wiki/Jos%C3%A9_Pinelo_Llull;;;;;"outros; Museu Histórico Nacional";"Sevilha; Roma";"até 1879; depois de 1879";https://es.wikipedia.org/wiki/Jos%C3%A9_Pinelo_Llull | https://es.hispanopedia.com/wiki/Jos%C3%A9_Pinelo_Llull;alta;11.4;122.56667;84.82;37.38264;-5.9962951;100.0
José Roberto Aguilar;Brazil;;;;São Paulo;;;male;https://enciclopedia.itaucultural.org.br/pessoas/1119-jose-roberto-aguilar;;"artista autodidata; sem escola formal localizada";;;"MAC; outros; MAC USP";São Paulo, Brasil;;;alta;-23.5486657;-46.6382522;100.0;;;
José Rodrigues;Kingdom of Portugal;Escola Superior de Belas-Artes do Porto;41.15;-8.610833333333334;Lisbon;;Lisbon;male;fontes biográficas de referência;;instituição identificada em biografias sumárias;;;"MAC; outros; Museu Paulista";Porto, Portugal;s.d.;fontes biográficas de referência;media;38.7070085;-9.1356407;100.0;38.7070085;-9.1356407;100.0
José Simeão de Oliveira;Brazil;Escola Militar da Praia Vermelha;-22.9560798;-43.1662774;Rio Grande;;Nova Iorque;male;https://pt.wikipedia.org/wiki/Jos%C3%A9_Sime%C3%A3o_de_Oliveira;;A fonte documenta formação militar e em ciências físicas e matemáticas.;;;"outros; Museu Paulista";Rio de Janeiro;ingresso em 1855;https://pt.wikipedia.org/wiki/Jos%C3%A9_Sime%C3%A3o_de_Oliveira;alta;25.95619;-97.14525;100.0;40.71427;-74.00597;100.0
José Spaniol;Brazil;"European Ceramics Work Center; Fundação Armando Álvares Penteado (FAAP); Academia de Artes de Düsseldorf";"51.5833; 51.23054";"5.2; 6.77365";São Luiz Gonzaga;;;male;https://enciclopedia.itaucultural.org.br/pessoas/2833-jose-spaniol;;;;;"MAC; outros; MAC USP";"São Paulo, Brasil; Düsseldorf, Alemanha";"1978–1983; 1990–1993";https://enciclopedia.itaucultural.org.br/pessoas/2833-jose-spaniol;alta;-28.4078903;-54.9614629;100.0;;;
José Wasth Rodrigues;Brazil;"Académie Julian; Escola Superior de Belas-Artes do Porto";41.15;-8.610833333333334;São Paulo;;Rio de Janeiro;male;fontes biográficas de referência;;instituição identificada em biografias sumárias;;;outros;Porto, Portugal;s.d.;fontes biográficas de referência;media;-23.5486657;-46.6382522;100.0;-22.9014475;-43.1789159;100.0
João Abel Manta;Portugal;"University of Lisbon; Escola Superior de Belas-Artes de Lisboa";38.708042;-9.139016;Lisbon;;;male;"biografia institucional do artista; fontes de referência";;datas aproximadas;;;"MAC; outros; MAC USP";Lisboa, Portugal;c. 1940s–1950s;"biografia institucional do artista; fontes de referência";media;38.7070085;-9.1356407;100.0;;;
João Ayres;;"Escola de Belas Artes de Lisboa; Escola de Belas Artes do Porto";"38.708042; 41.15";"-9.139016; -8.610833333333334";;;;male;https://www.cps.pt/pt/artistas/joao-ayres;;A fonte fala em estudos de arquitetura nas duas escolas.;;;"MAC; outros; MAC USP";"Lisboa; Porto";antes de 1946;https://www.cps.pt/pt/artistas/joao-ayres;alta;;;;;;
João Batista Bordon;Brazil;Escola Nacional de Belas Artes (Enba);-22.90879805555556;-43.17573111111111;;;;male;https://enciclopedia.itaucultural.org.br/pessoas/6646-joao-batista-bordon;;A fonte indica condição de aluno livre e mestres Baptista da Costa e Zeferino da Costa.;;;"outros; Museu Histórico Nacional";Rio de Janeiro;"meados de 1900; prêmio de viagem em 1915";https://enciclopedia.itaucultural.org.br/pessoas/6646-joao-batista-bordon;alta;;;;;;
João Batista da Costa;Brazil;"Académie Julian; Asilo dos Meninos Desvalidos; Academia Imperial de Belas Artes; Academia Julian";"-22.91111111111111; -22.91111111111111";"-43.20555555555556; -43.20555555555556";Itaguaí;;Rio de Janeiro;male;https://pt.wikipedia.org/wiki/Jo%C3%A3o_Batista_da_Costa | https://www.guiadasartes.com.br/baptista-da-costa/obras-e-biografia;;;;;"outros; Pinacoteca de São Paulo";"Rio de Janeiro; Paris";"1877; 1885; 1896";https://pt.wikipedia.org/wiki/Jo%C3%A3o_Batista_da_Costa | https://www.guiadasartes.com.br/baptista-da-costa/obras-e-biografia;alta;-22.866538;-43.777224;100.0;-22.9014475;-43.1789159;100.0
João Calixto;;;;;;;;;;;;;;;;;;;;;;;;
João Câmara Filho;Brazil;"Federal University of Pernambuco; curso livre da Escola de Belas Artes da Universidade Federal de Pernambuco";-8.0517328;-34.9507155;João Pessoa;;;male;https://acervo.macrs.rs.gov.br/artistas-macrs/joao-camara/;;;;;"MAC; outros; MAC USP";Recife, Brasil;1960–1963;https://acervo.macrs.rs.gov.br/artistas-macrs/joao-camara/;alta;-7.1152478;-34.8610531;100.0;;;
João Francisco Lopes Rodrigues;Brazil;"Aula Pública de Desenho da Bahia; estudos com José Rodrigues Nunes; assistência a Teófilo de Jesus";-12.98305555555556;-38.49277777777777;Salvador;;;male;https://pt.wikipedia.org/wiki/Jo%C3%A3o_Francisco_Lopes_Rodrigues | https://enciclopedia.itaucultural.org.br/pessoas/7099-joao-francisco-lopes-rodrigues;;A formação aparece pela Aula Pública e por mestres, sem cronologia fechada na fonte aberta.;;;"outros; Museu Histórico Nacional";Salvador;;;alta;-12.9641527;-38.5058208;100.0;;;
João Garboggni Quaglia;;Liceu de Artes e Ofícios de São Paulo;-23.5331446;-46.6267577;;;;;fontes biográficas de referência;;"instituição identificada; datas aproximadas";;;"MAC; outros; MAC USP";São Paulo, Brasil;c. 1920s;fontes biográficas de referência;media;;;;;;
João Lopes Maciel (atribuição);;;;;;;;;;;"autoria atribuída/incerta; formação não localizada com segurança";;;"outros; Museu da Inconfidência";;;;;;;;;;
João Marcos Maciel;Brazil;Universidade de Cuiabá (UNIC);-15.624294;-56.087167;Belo Horizonte, Minas Gerais, Brazil;;;male;ArtStation (resume);médio;;FILE Festival;alta;FILE;;;;;-19.9181771;-43.9370534;100.0;;;
João Nepomuceno Correia e Castro (atribuição);;;;;;;;;;;"autoria atribuída/incerta; formação não localizada com segurança";;;"outros; Museu da Inconfidência";;;;;;;;;;
João Timóteo da Costa;Brazil;Escola Nacional de Belas Artes (Enba);-22.90879805555556;-43.17573111111111;Rio de Janeiro;;Rio de Janeiro;male;https://pt.wikipedia.org/wiki/Jo%C3%A3o_Tim%C3%B3teo_da_Costa | https://enciclopedia.itaucultural.org.br/pessoas/7117-joao-timotheo-da-costa;;A fonte cita estudos com Daniel Bérard, Zeferino da Costa e Rodolfo Amoedo.;;;"outros; Museu Histórico Nacional";Rio de Janeiro;por volta de 1894 em diante;https://pt.wikipedia.org/wiki/Jo%C3%A3o_Tim%C3%B3teo_da_Costa;alta;-22.9014475;-43.1789159;100.0;-22.9014475;-43.1789159;100.0
João Zeferino da Costa;Brazil;"Federal University of Rio de Janeiro; Academia Imperial de Belas Artes; Accademia di San Luca";"-22.91111111111111; 41.90166";"-43.20555555555556; 12.483586";Rio de Janeiro;;Rio de Janeiro;male;https://pt.wikipedia.org/wiki/Zeferino_da_Costa;;;;;"outros; Museu Nacional de Belas Artes";"Rio de Janeiro, Brasil; Roma, Itália";"1857–1868; 1869–1877";https://pt.wikipedia.org/wiki/Zeferino_da_Costa;alta;-22.9014475;-43.1789159;100.0;-22.9014475;-43.1789159;100.0
Joãozinho;;;;;;;;;;;"identificação incompleta; não foi possível desambiguar com segurança";;;"MAC; outros; MAC USP";;;;;;;;;;
Joéser Alvarez;Brazil;"UNIR – Universidade Federal de Rondônia; UNINTES – Faculdade Interamericana de Porto Velho; SENAC, Polo Cuiabá";"-8.8356; -8.7619444444444; -15.595833333333";"-63.9389; -63.903888888889; -56.096944444444";Rio de Janeiro, Rio de Janeiro, Brazil;;;male;PAVIC;médio;;FILE Festival;alta;FILE;;;;;-22.9014475;-43.1789159;100.0;;;
jtwine;Germany;"Siemens Business School; Kunstschule Rödel in Mannheim; Universität der Künste Berlin";"49.48777777777778; 52.50916666666667";"8.466111111111111; 13.32694444444444";Germany;;;male;galeria do artista | FILE Festival;médio;Biografia do FILE explicita que o artista nasceu na Alemanha.;FILE Festival (biografia do artista);alta;FILE;;;;alta;;;;;;
Juan Carlos Vasquez;Colombia;"Sibelius Academy; Aalto University; University of Virginia";"60.17166666666667; 60.186111; 38.035555555555554";"24.9325; 24.828611; -78.50333333333333";Santiago de Cali, Colombia;;;male;site oficial do artista;alto;;Wikipedia;médio;FILE;;;;;3.4529814;-76.5187809;100.0;;;
Juan José Balzi;Argentina;"Brera Academy; Academia Nacional de Bellas Artes de Buenos Aires";-34.58260085251006;-58.40162870493147;Buenos Aires;Araçá Cemetery;São Paulo;male;https://enciclopedia.itaucultural.org.br/pessoas/9391-balzi | https://pt.wikipedia.org/wiki/Juan_Jos%C3%A9_Balzi;;As fontes indicam formação em desenho, pintura e publicidade artística.;;;"MAC; outros; MAC USP";Buenos Aires (Argentina);1948-1956;https://pt.wikipedia.org/wiki/Juan_Jos%C3%A9_Balzi;alta;-34.6090264;-58.3732215;100.0;-23.5486657;-46.6382522;100.0
Juan Langlois;Chile;"Pontifical Catholic University of Valparaíso; Escuela de Bellas Artes de la Universidad de Chile";-33.44454888888889;-70.65095388888889;Santiago;Parque del Recuerdo Cemetery;Santiago;male;fontes biográficas de referência;;instituição identificada em biografias sumárias;;;"MAC; outros; MAC USP";Santiago, Chile;s.d.;fontes biográficas de referência;baixa;-33.4459946;-70.6670569;100.0;-33.4459946;-70.6670569;100.0
Juan León Pallière;Brazil;"Escola de Picot, em Paris; Imperial Academia de Belas Artes do Rio de Janeiro; Academia Francesa, em Roma";"48.85666666666667; -22.91111111111111; 41.90827";"2.352222222222222; -43.20555555555556; 12.48252";Rio de Janeiro;;Lorris;male;https://pt.wikipedia.org/wiki/Jean_Leon_Palli%C3%A8re | https://pt.wiki34.com/wiki/Juan_Le%C3%B3n_Palli%C3%A8re;;;;;"outros; Museu Nacional de Belas Artes";"Paris; Rio de Janeiro; Roma";"até 1855; viagem/continuação de estudos a partir de 1850";https://pt.wiki34.com/wiki/Juan_Le%C3%B3n_Palli%C3%A8re;media;-22.9014475;-43.1789159;100.0;47.889257443;2.512997635;100.0
Juan Pablo Machado;France;Émile Cohl School;45.7569;4.8658;Cali, Colombia;;;male;;;;FILE Festival;alta;FILE;;;;;3.4529814;-76.5187809;100.0;;;
Juan Ventayol;Uruguay;"Círculo Fomento de Bellas Artes; estudos com Guillermo Laborde";"; ";"; ";Montevideo;;Montevideo;male;https://www.museos.gub.uy/arteactivo/artistas/item/ventayol-juan.html | https://www.catalogodasartes.com.br/artista/Juan%20Ventayol/;;;;;"MAC; outros; MAC USP";Montevidéu (Uruguai);1933-1938;https://www.catalogodasartes.com.br/artista/Juan%20Ventayol/;alta;-34.9055557;-56.1852505;100.0;-34.9055557;-56.1852505;100.0
Juarez Silveira;;Faculdade de Arquitetura e Urbanismo da Universidade de São Paulo (FAU-USP);-23.56012;-46.72985;;;;male;https://enciclopedia.itaucultural.org.br/pessoa24332/juarez-silveira;;A formação acadêmica aberta consultada é em arquitetura.;;;"outros; Museu Paulista";São Paulo;;;media;;;;;;
Judith Lauand;Brazil;"Escola de Belas-Artes de Araraquara; estudos de gravura com Lívio Abramo";-21.793895;-48.179486;Pontal;;São Paulo;female;https://www.escritoriodearte.com/artista/judith-lauand;;na escola de Araraquara aprende pintura com Mario Ybarra de Almeida e Domenico Lazzarini;;;"MAC; outros; MAC USP";"Araraquara, Brasil; São Paulo, Brasil";"até 1950; 1952";https://www.escritoriodearte.com/artista/judith-lauand;alta;-21.0227393;-48.0379355;100.0;-23.5486657;-46.6382522;100.0
Jules Ballá;France;"Beaux-Arts de Paris; ateliê e prática artística francesa; instituição não identificada com clareza em fonte aberta";"48.85680555555555; ;";"2.333277777777778; ;";Rio de Janeiro;;17th arrondissement of Paris;male;https://www.brasilianaiconografica.art.br/;;Mantido em formulação prudente por falta de detalhe aberto.;;;"outros; Museu Paulista";Paris;;;baixa;-22.9014475;-43.1789159;100.0;48.8637;2.2769;81.98
Jules Le Chevrel;France;École des Beaux-Arts de Paris;48.85680555555555;2.333277777777778;France;;Rio de Janeiro;male;https://pt.wikipedia.org/wiki/Jules_Le_Chevrel;;A fonte aberta consultada identifica a escola, mas não detalha cronologia fina.;;;"outros; Museu Histórico Nacional";Paris;;;alta;46.559417044;2.550539953;100.0;-22.9014475;-43.1789159;100.0
Jules Marie Vincent de Sinety;France;escola da Marinha de Angoulême;;;Aix-en-Provence;;Avignon;male;https://www.brasilianaiconografica.art.br/artigos/23686/0;;"A fonte ressalta que se trata de oficial da Marinha e artista amador; registrei apenas a formação documentada.";;;"outros; Pinacoteca de São Paulo";Angoulême, França;1827;https://www.brasilianaiconografica.art.br/artigos/23686/0;alta;43.529850239;5.447376271;100.0;43.949315226;4.805311547;100.0
Jules Victor Génisson;Belgium;Royal Academy of Fine Arts of Antwerp;51.2234;4.4069;Saint-Omer;;Bruges;male;https://en.wikipedia.org/wiki/Jules_Victor_G%C3%A9nisson | https://www.niceartgallery.com/artist/jules-victor-genisson.html;;As fontes citam estudo com Mattheus Ignatius van Bree.;;;"outros; Pinacoteca de São Paulo";Antuérpia;;;alta;50.7519062;2.25360383;100.0;51.266855502;3.220199559;100.0
Jules-Victor-André Martin;France;"École des Beaux-Arts de Marseille; ateliê de pintura em Paris";48.85666666666667;2.352222222222222;Montiers;Consolação Cemetery;São Paulo;male;https://pt.wikipedia.org/wiki/Jules_Martin | https://jundpedia.com.br/martin-jules-victor-andre/ | https://www.brasilianaiconografica.art.br/autores/20121/jules-martin;;As fontes indicam formação em desenho na escola de Marselha e trabalho/aperfeiçoamento em ateliê parisiense.;;;"outros; Museu Paulista";"Marselha; Paris";"1844; 1852-1855";https://pt.wikipedia.org/wiki/Jules_Martin | https://jundpedia.com.br/martin-jules-victor-andre/;alta;49.50056;2.57806;100.0;-23.5486657;-46.6382522;100.0
Julien Hazebroucq;France;Supinfocom Arles (atual MOPA);;;France;;;male;Digital Production;médio;"FILE explicita “País de Origem: França”; preenchido em nível de país.";FILE Festival (País de Origem);alta;FILE;;;;;;;;;;
Julien Regnard;Belgium;La Cambre Art School;50.818888888889;4.3741666666667;Versailles, France;;;male;FILE;alto;;Message to Man;media;FILE;;;;;48.8047472;2.1205122;100.0;;;
Juliette Viger;France;The Animation Workshop;56.4561;9.40611;France;;;female;"FILE; site oficial";alto;"Biografia do FILE explicita que a artista nasceu na França; preenchido em nível de país.";FILE Festival (biografia do artista);alta;FILE;;;;;;;;;;
Julius Bissier;Germany;"University of Freiburg; Academy of Fine Art Karlsruhe";47.994166666667;7.8469444444444;Freiburg im Breisgau;;Ascona;male;https://www.bissier.org/en/biography;;As fontes confirmam estudos de história da arte em Freiburg e breve passagem pela academia de Karlsruhe.;;;"MAC; outros; MAC USP";"Freiburg, Alemanha; Karlsruhe, Alemanha";"c. 1913–1918; c. 1913–1914";https://lorenzelliarte.com/en/artists/33-julius-bissier/biography/;media;47.994785999;7.849876999;100.0;46.155757232;8.772669437;100.0
Julius Horsthuis;Netherlands;Open Studio, Amsterdam;52.36666666666667;4.883333333333333;Amsterdam, Netherlands;;;male;"Playgrounds; Open Studio";baixo;;site oficial do artista;médio;FILE;;;;;;;;;;
Julius L. Stewart;;;;;;;;;;;;;;;;;;;;;;;;
Julius Leblanc Stewart;United States;"Beaux-Arts de Paris; École des Beaux-Arts";48.85666666666667;2.333611111111112;Philadelphia;;Paris;male;"Wikipedia; Google Arts & Culture";;também estudou com Eduardo Zamacois e Jean-Léon Gérôme;;;"outros; Museu Paulista";Paris, França;;;media;39.9510605;-75.1656204;100.0;48.856372814;2.352529617;100.0
Julián Angarita;Colombia;Universidad de los Andes;-33.404007;-70.507468;Colombia;;;male;"FILE; CV pessoal";alto;"FILE explicita “País de Origem: Colômbia”; preenchido em nível de país.";FILE Festival (País de Origem);alta;FILE;;;;;;;;;;
Jurgen Trautwein;Germany;University of the Arts Berlin;52.50916666666667;13.32694444444444;Bruchsal, Germany;;;male;Project Space Byi;médio;;site oficial do artista / Galerie Marek Kralewski;alto;FILE;;;;;49.125784999;8.5977;100.0;;;
Juuke Schoorl;Netherlands;Royal Academy of Art, The Hague (KABK);52.08161111111111;4.319166666666667;Netherlands;;;female;"KABK alumni; FILE";médio;"FILE explicita “País de Origem: Países Baixos / Holanda”; preenchido em nível de país.";FILE Festival (País de Origem);alta;FILE;;;;;;;;;;
Jérémy Oury;France;ENSATT;45.7533;4.81142;France;;;male;"diplomatie.gouv.fr; Videomapping Resources";médio;"FILE explicita “País de Origem: França”; preenchido em nível de país.";FILE Festival (País de Origem);alta;FILE;;;;;;;;;;
Júlio de Resende;;"Escola Superior de Belas-Artes do Porto; Académie de la Grande Chaumière";41.15;-8.610833333333334;;;;;"biografia institucional do artista; fontes de referência";;aperfeiçoamento posterior em Paris;;;"MAC; outros; MAC USP";"Porto, Portugal; Paris, França";"1937–1945; c. 1947";"biografia institucional do artista; fontes de referência";media;;;;;;
Júnior Suci;;"Universidade Estadual Paulista Júlio de Mesquita Filho (UNESP); Instituto de Artes da Universidade Estadual de Campinas (UNICAMP)";"-22.8172; -22.817222222222";"-47.0694; -47.069444444444";;;;;"Memorial da América Latina; Casa Museu Ema Klabin";;"instituições identificadas; datas dos estudos não localizadas com precisão";;;"MAC; outros; MAC USP";;;;alta;;;;;;
Kai Welf Hoyme;Germany;"Academy of Media Arts Cologne (KHM); Ruhr-University of Bochum";"50.93475582568144; 51.443888888889";"6.962159950772375; 7.2616666666667";Mönchengladbach, Germany;;;male;site oficial do artista;alto;;site oficial do artista / FILE Festival;alto;FILE;;;;;51.194472999;6.43161;100.0;;;
Kang Hyeun;South Korea;;;;South Korea;;;;;;"FILE explicita “País de Origem: Coreia do Sul”; preenchido em nível de país.";FILE Festival (País de Origem);alta;FILE;;;;;;;;;;
Kara Gut;United States;Cranbrook Academy of Art;42.567788874683096;-83.25154634187616;Cleveland, Ohio, USA;;;female;"FILE Festival; United States Artists";média;;Pioneer Works;alto;FILE;;;;;41.5051414;-81.6914575;100.0;;;
Karel Appel;Kingdom of the Netherlands;"Royal Academy of Fine Arts; Rijksakademie van beeldende kunsten";52.36222222222222;4.917777777777777;Amsterdam;Père Lachaise Cemetery;Zurich;male;https://karelappelfoundation.com/karel-appel/chronology;;A cronologia da fundação confirma ingresso na Rijksakademie em 1942 e proteção estudantil encerrada cerca de dois anos depois.;;;"MAC; outros; MAC USP";Amsterdã, Países Baixos;1942–1944;https://karelappelfoundation.com/karel-appel/chronology;alta;52.361524688;4.890870311;100.0;47.38454096;8.529927493;100.0
Karina Smigla-Bobinski;Poland;"Academy of Fine Arts in Kraków; Academy of Fine Arts in Munich";"50.066389; 48.1531959202723";"19.941667; 11.5803123911292";Szczecin;;;female;FILE Festival;médio;;;;FILE;;;;;53.425109842;14.550810974;100.0;;;
Karl Baumann;United States;University of Southern California (USC);34.021667;-118.285278;Leipzig;;San Francisco;male;FILE Festival;média;;;;FILE;;;;;51.338287999;12.377931001;100.0;37.7800771;-122.4201615;100.0
Karl Ernst Papf;Brazil;Academy of Fine Arts Dresden;51.05284167;13.74244444;Dresden;;São Paulo;male;https://en.wikipedia.org/wiki/Karl_Ernst_Papf;;Registro mantido de forma prudente por escassez de cronologia detalhada.;;;"outros; Pinacoteca de São Paulo";Dresden;;;baixa;51.051696999;13.736883;100.0;-23.5486657;-46.6382522;100.0
Karl Munstedt;United States;Pratt Institute;40.691111;-73.963889;Boston, Massachusetts, USA;;;male;site oficial do artista | Currents New Media;alto;;CURRENTS New Media;alto;FILE;;;;;;;;;;
Karl Plattner;Italy;"Brera Academy; Accademia di Belle Arti di Venezia";"45.47222222; 45.4286";"9.18888889; 12.3305";Mals;;Milan;male;https://de.wikipedia.org/wiki/Karl_Plattner;;;;;"MAC; outros; MAC USP";Veneza, Itália;1937–1941;https://de.wikipedia.org/wiki/Karl_Plattner;media;46.6889259;10.5476666;100.0;45.4636183;9.1881156;100.0
Karl Robert von Planitz;;Akademie der Bildenden Künste Dresden;51.05284167;13.74244444;Eilenburg;;;male;https://de.wikipedia.org/wiki/Karl_Robert_Planitz;;datas aproximadas;;;"outros; Pinacoteca de São Paulo";Dresden, Alemanha;1920s;https://de.wikipedia.org/wiki/Karl_Robert_Planitz;media;51.459845;12.632788;100.0;;;
Karni;Israel;Bezalel Academy of Art and Design;31.781166666666667;35.22361111111111;Israel;;;female;FILE Festival — biografia de Karni;médio;"FILE explicita “País de Origem: Israel”; preenchido em nível de país.";FILE Festival (País de Origem);alta;FILE;;;;;;;;;;
Karoline Georges;Canada;Université du Québec à Montréal;45.513888888889;-73.560277777778;Montreal, Quebec, Canada;;;female;;;;FILE Festival / Wikipedia;alto;FILE;;;;;45.508867;-73.554242;100.0;;;
Karsten Hoof;Kingdom of Denmark;The Animation Workshop;56.4561;9.40611;Denmark;;;male;Ox and Bird — Our team;alto;"FILE explicita “País de Origem: Dinamarca”; preenchido em nível de país.";FILE Festival (País de Origem);alta;FILE;;;;;;;;;;
Kassiani Kappelos;Greece;University of the Arts London;51.5178;-0.116389;Greece;;;female;FILE Festival;médio;"FILE explicita “País de Origem: Grécia”; preenchido em nível de país.";FILE Festival (País de Origem);alta;FILE;;;;;;;;;;
Katarina Lundquist;Norway;The Animation Workshop;56.4561;9.40611;Norway;;;female;;;;Animafest / FILE Festival;alto;FILE;;;;;62.0;10.0;100.0;;;
Katherina Tsirakis;Brazil;"Pontifícia Universidade Católica de São Paulo (PUC-SP); Fundação Armando Alvares Penteado (FAAP); Limón Foundation";40.829304;-73.943767;São Paulo, Brazil;;;female;site oficial da artista;média;;FilmFreeway (perfil da artista);médio;FILE;;;;;-23.5486657;-46.6382522;100.0;;;
Kazuhiro Goshima;Japan;Kyoto Institute of Technology;35.049389;135.781853;Shizuoka Prefecture, Japan;;;male;transmediale;médio;;site oficial do artista / FILE Festival;alto;FILE;;;;;34.97515624;138.3832445;100.0;;;
Kazuo Wakabayashi;Japan;"Escola Técnica de Hikone; Escola de Belas Artes; Academia Niki";35.27436111111111;136.2597222222222;Kobe;;;;https://enciclopedia.itaucultural.org.br/pessoas/1011-wakabayashi;;também frequenta aulas de desenho e pintura de Kanosuke Tamura;;;"MAC; outros; MAC USP";"Hikone, Shiga, Japão; Tóquio, Japão; Tóquio, Japão";"1944; 1947–1950; 1947–1950";https://enciclopedia.itaucultural.org.br/pessoas/1011-wakabayashi;alta;34.68942768;135.19575707;100.0;;;
Keigo Matsumoto;Japan;University of Tokyo;35.71339;139.76232;Kumamoto, Japan;;;male;;;;Universidade de Tóquio (página do projeto Unlimited Corridor);alto;FILE;;;;;;;;;;
Keiya Sugano;;Tokyo University of the Arts;35.7195782;139.7726862;;;;;fontes biográficas de referência;;instituição identificada em fontes sumárias;;;"MAC; outros; MAC USP";Tóquio, Japão;s.d.;fontes biográficas de referência;baixa;;;;;;
Kelley Bell;United States;"University of Maryland, Baltimore County; Pratt Institute";"39.25555555555555; 40.691111";"-76.71138888888889; -73.963889";United States;;;female;FILE Festival;médio;"FILE explicita “País de Origem: Estados Unidos”; preenchido em nível de país.";FILE Festival (País de Origem);alta;FILE;;;;;;;;;;
Kenny Scharf;United States;School of Visual Arts;40.73861111;-73.98222222;Hollywood;;;male;fontes biográficas de referência;;;;;"MAC; outros; MAC USP";Nova York, EUA;1978–1980;fontes biográficas de referência;alta;26.0117574;-80.1390551;100.0;;;
Kevin Lesur;France;;;;France;;;male;;;"FILE explicita “País de Origem: França”; preenchido em nível de país.";FILE Festival (País de Origem);alta;FILE;;;;;;;;;;
Kevin Welsh;United States;Savannah College of Art and Design;32.073;-81.0961;United States;;;male;FILE Festival;médio;"FILE explicita “País de Origem: United States”; preenchido em nível de país.";FILE Festival (País de Origem);alta;FILE;;;;alta;;;;;;
Khalil Charif;Brazil;"Parsons School; New York University; Escola de Artes Visuais do Parque Lage; Pontifícia Universidade Católica do Rio de Janeiro";"-22.9606; -22.97868";"-43.212; -43.232819";Rio de Janeiro;;;male;FILE Festival;médio;;;;FILE;;;;;-22.9014475;-43.1789159;100.0;;;
Kian Hossein;Iran;Qazvin Islamic Azad University (QIAU);36.3212;50.036;Tehran, Iran;;;male;"FILE Festival; site oficial do artista";média;Biografia do FILE explicita nascimento em Teerã.;FILE Festival (biografia do artista);alta;FILE;;;;;;;;;;
Kim Laughton;People's Republic of China;;;;China;;;;;;"FILE explicita “País de Origem: China”; preenchido em nível de país.";FILE Festival (País de Origem);alta;FILE;;;;;;;;;;
Kim Strandli;Norway;The Animation Workshop;56.4561;9.40611;Norway;;;male;"FILE Festival; site oficial do artista";média;"FILE explicita “País de Origem: Noruega”; preenchido em nível de país.";FILE Festival (País de Origem);alta;FILE;;;;;;;;;;
Kirokaze;Peru;;;;Lima;;;male;;;;;;FILE;;;;;-12.04318;-77.02824;100.0;;;
Klasien Van De Zandschulp;Netherlands;"Hogeschool Arnhem en Nijmegen; Hogeschool van Utrecht";"51.989; 52.09083333333334";"5.9493; 5.121666666666667";Netherlands;;;female;CV (Mediamatic) — Klasien van de Zandschulp;alto;"FILE explicita “País de Origem: Países Baixos / Holanda”; preenchido em nível de país.";FILE Festival (País de Origem);alta;FILE;;;;;;;;;;
Koos Hooykaas;Kingdom of the Netherlands;Royal Academy of Art, The Hague;52.08161111111111;4.319166666666667;Rotterdam;;'s-Graveland;male;"biografia institucional do artista; fontes de referência";;datas aproximadas;;;"MAC; outros; MAC USP";Haia, Países Baixos;c. 1920s;"biografia institucional do artista; fontes de referência";media;51.918323034;4.493749988;100.0;52.240957026;5.123342649;100.0
Kozo Mio;Japan;;;;;;;male;;;;;;"MAC; outros";;;;;;;;;;
Kristin McWharter;United States;"Maryland Institute College of Art; University of California, Los Angeles (UCLA)";34.07222222222222;-118.4427777777778;United States;;;female;"School of the Art Institute of Chicago; UCLA Design Media Arts";alta;"FILE explicita “País de Origem: Estados Unidos”; preenchido em nível de país.";FILE Festival (País de Origem);alta;FILE;;;;;;;;;;
Krsto Hegedušić;Hungary;Academy of Fine Arts, Zagreb;45.8121;15.9624;Petrinja;Mirogoj Cemetery;Zagreb;male;"biografia institucional do artista; fontes de referência";;;;;"MAC; outros; MAC USP";Zagreb, Croácia;1926–1930;"biografia institucional do artista; fontes de referência";alta;45.436257443;16.285364178;100.0;45.815916177;15.980642745;100.0
Krystal Li;United States;Pratt Institute;40.691111;-73.963889;New York, USA;;;female;Pratt Shows 2020;alto;Fonte institucional usa formulação de origem (“Sou de Nova York”), sem afirmar nascimento.;FILE Festival (biografia do artista);baixa;FILE;;;;;;;;;;
Kuesti Fraun;Germany;;;;Germany;;;male;;;;FilmFreeway / IMDb;médio;FILE;;;;;51.110631049;10.392277932;100.0;;;
L. Masson;;;;;;;;;;;;;;"outros; Museu Histórico Nacional";;;;;;;;;;
Lair Gago;;Instituto de Artes da UFRGS;-30.0292;-51.2233;;;;;fontes biográficas de referência;;datas aproximadas;;;"outros; Museu de Arte Religiosa e Tradicional";Porto Alegre, Brasil;1960s;fontes biográficas de referência;baixa;;;;;;
Lama Kadri;Lebanon;American University of Sharjah;25.309722;55.490556;Lebanon;;;;;;"FILE explicita “País de Origem: Líbano”; preenchido em nível de país.";FILE Festival (País de Origem);alta;FILE;;;;;;;;;;
Lara Genovese;Italy;;;;Italy;;;female;;;"FILE explicita “País de Origem: Itália”; preenchido em nível de país.";FILE Festival (País de Origem);alta;FILE;;;;;;;;;;
Lasar Segall;Brazil;"Prussian Academy of Arts; Escola de Artes Aplicadas; Academia Imperial de Belas Artes";"52.516666666667; -22.91111111111111";"13.383333333333; -43.20555555555556";Vilnius;;São Paulo;male;Enciclopédia Itaú Cultural;;"inicia estudos de arte na Lituânia em 1905; instituição não identificada";;;"MAC; outros; MAC USP";"Berlim, Alemanha; Berlim, Alemanha";"1906; 1906";Enciclopédia Itaú Cultural;media;54.701609712;25.266350902;100.0;-23.5486657;-46.6382522;100.0
Laura Cesana;;"Temple University (Roma); Art Students League de New York; Universidade de Roma; Escola Superior de Educação pela Arte de Lisboa; Boston University";"41.893055555556; 41.903333333333; 38.7525";"12.482777777778; 12.515833333333; -9.1588888888889";;;;;"https://www.cps.pt/pt/artistas/laura-cesana | https://www.lauracesana.com/backgroundpt.html; https://www.cps.pt/pt/artistas/laura-cesana | https://www.lauracesana.com/backgroundpt.html | https://www.serigrafiaseafins.pt/post/arteemdestaque-laura-cesana";;A fonte lista várias etapas formativas, mas sem cronologia detalhada de cada curso livre.;;;"MAC; outros; MAC USP";"Brasil; Roma; Nova York; Lisboa; Boston";sem datas exatas na fonte;;media;;;;;;
Laura Højberg Kunov;Kingdom of Denmark;The Animation Workshop;56.4561;9.40611;Frederiksberg, Denmark;;;female;CV da artista;média;Biografia do FILE explicita nascimento em Frederiksberg, na Dinamarca.;FILE Festival (biografia do artista);alta;FILE;;;;;;;;;;
Laura Leppert;Germany;Academy of Fine Arts Munich;48.1531959202723;11.5803123911292;Germany;;;female;"FILE Festival; Urbane Künste Ruhr";média;"FILE explicita “País de Origem: Alemanha”; preenchido em nível de país.";FILE Festival (País de Origem);alta;FILE;;;;;;;;;;
Laura Schneider;United States;"New York University (NYU); City College of New York";40.8194;-73.95;United States;;;female;"site oficial da artista; Research Kitchens NYU Abu Dhabi";alta;"FILE explicita “País de Origem: Estados Unidos”; preenchido em nível de país.";FILE Festival (País de Origem);alta;FILE;;;;;;;;;;
Laura Tack;Belgium;Royal Academy of Fine Arts, Ghent;51.05361111111111;3.725277777777778;Belgium;;;female;Q-O2;alto;fonte identifica apenas o país de nascimento;FILE Festival;médio;FILE;;;;;;;;;;
Laurel Beckman;United States;California Institute of the Arts;34.393055555556;-118.56694444444;United States;;;male;AD&A Museum / UC Santa Barbara;alto;"FILE explicita “País de Origem: United States”; preenchido em nível de país.";FILE Festival (País de Origem);alta;FILE;;;;alta;;;;;;
Lauren Dimaya;United States;Pratt Institute;40.691111;-73.963889;United States;;;female;FILE Festival;alto;"FILE explicita “País de Origem: United States”; preenchido em nível de país.";FILE Festival (País de Origem);alta;FILE;;;;alta;;;;;;
Lauren Fenton;United States;"University of Southern California (USC); Swarthmore College";39.905435;-75.353475;United States;;;female;"USC World Building Media Lab; CV público";alta;"FILE explicita “País de Origem: United States”; preenchido em nível de país.";FILE Festival (País de Origem);alta;FILE;;;;alta;;;;;;
Lawrence Malstaf;Belgium;Henry van de Velde Institute, Antwerp;51.22111111111112;4.399722222222223;Bruges;;;male;"Frankfurter Kunstverein; FILE Festival";média;;;;FILE;;;;;51.266855502;3.220199559;100.0;;;
Leandro Angare;Brazil;"Seneca College; Universidade Estadual de Campinas (UNICAMP)";"43.79395; -22.817222222222";"-79.349047222222; -47.069444444444";Brazil;;;male;https://archive.file.org.br/participantes/leandro-angare/;alta;"FILE explicita “País de Origem: Brasil”; preenchido em nível de país.";FILE Festival (País de Origem);alta;FILE;;;;;;;;;;
Leandro Joaquim;Brazil;aluno do pintor João de Sousa;;;Rio de Janeiro;;Rio de Janeiro;male;https://www.catalogodasartes.com.br/artista/Leandro%20Joaquim/ | https://enciclopedia.itaucultural.org.br/pessoas/7084-leandro-joaquim;;Não há instituição formal recuperada, apenas mestre identificado.;;;"outros; Museu Histórico Nacional";Rio de Janeiro;sem data exata na fonte;;media;-22.9014475;-43.1789159;100.0;-22.9014475;-43.1789159;100.0
Leda Catunda;Brazil;"Fundação Armando Alvares Penteado; Fundação Armando Álvares Penteado (FAAP)";"-23.5450155; -23.5450155";"-46.6630802; -46.6630802";São Paulo;;;female;https://pt.wikipedia.org/wiki/Leda_Catunda;;teve como mestres Regina Silveira, Julio Plaza, Nelson Leirner e Walter Zanini;;;"MAC; outros; MAC USP";São Paulo, Brasil;1980–1984;https://pt.wikipedia.org/wiki/Leda_Catunda;alta;-23.5486657;-46.6382522;100.0;;;
Lee Dror;Israel;Bezalel Academy of Arts and Design;31.781166666666667;35.22361111111111;Israel;;;female;"https://archive.file.org.br/participantes/lee-dror/; https://leedror.com/about";alta;"FILE explicita “País de Origem: Israel”; preenchido em nível de país.";FILE Festival (País de Origem);alta;FILE;;;;alta;;;;;;
Lei Han;;"Shenzhen University; Memphis College of Art";"22.539256; 35.1459";"113.933684; -89.9937";China;;;;CURRENTS New Media;médio;"FILE explicita “País de Origem: China”; preenchido em nível de país.";FILE Festival (País de Origem);alta;FILE;;;;;;;;;;
Leila Santiago;Brazil;"Universidade de São Paulo (USP); School of Visual Arts";-23.5613991;-46.7307891;Rio de Janeiro;;;female;https://archive.file.org.br/participantes/leila-santiago/;alta;;;;FILE;;;;;-22.9014475;-43.1789159;100.0;;;
Leno Veras;Brazil;"Universidade de Brasília; Universidad de Salamanca; Universidad Nacional de las Artes; Universidade Federal do Rio de Janeiro; University of London (Warburg Institute)";"40.96138888888889; -34.59472222; 51.52333333333333";"-5.666666666666667; -58.39944444; -0.13";Brazil;;;male;"https://www.escavador.com/sobre/4984006/leno-veras-de-carvalho; https://www.premiopipa.com/leno-veras/";média;"FILE explicita “País de Origem: Brasil”; preenchido em nível de país.";FILE Festival (País de Origem);alta;FILE;;;;;;;;;;
Leon Gischia;France;École des Arts Décoratifs;48.5825;7.7591;Dax;Cemetery of San Michele;Venice;male;fontes biográficas de referência;;instituição identificada em biografias sumárias;;;"MAC; outros; MAC USP";Paris, França;c. 1920s;fontes biográficas de referência;media;43.708616207;-1.051795028;100.0;45.434608;12.338913;100.0
Leonardo Crescenti;Brazil;Faculdade de Arquitetura e Urbanismo da Universidade de São Paulo;-23.56012;-46.72985;São Paulo;;;male;Itaú Cultural | Videobrasil;alto;;;;FILE;;;;;-23.5486657;-46.6382522;100.0;;;
Leonel Brayner;;;;;;;;;https://atarde.com.br/muito/leonel-brayner-conteudo-x-essencia-1288951 | https://millarch.org/artigo/leonel-o-pintor;;"Fontes encontradas não indicam escola; preenchimento conservador apenas para registrar ausência de formação formal identificada.";;;"MAC; outros; MAC USP";sem formação formal identificada;pesquisa técnica em pintura ao longo de mais de 60 anos;https://atarde.com.br/muito/leonel-brayner-conteudo-x-essencia-1288951;baixa;;;;;;
Leonello Berti;;Academia de Belas Artes de Florença;43.776907;11.258475;;;;male;https://plataformaverri.com.br/?bib=1&idBook=1540&idCategory=8&idCity=24&letter=R&local=book | https://museudigital.odillamestriner.com.br/wp-content/uploads/tainacan-items/6750/9273/p26-m1.pdf;;As fontes citam trabalho prolongado com Ottone Rosai como mestre.;;;"outros; MAC USP";Florença;"desde cedo; sem ano exato inicial/final";;media;;;;;;
Leonilson;Brazil;"Fundação Armando Alvares Penteado; Fundação Armando Álvares Penteado (FAAP); Escola de Artes Aster";-23.550394444444;-46.633947222222;Fortaleza;;São Paulo;male;https://museuvictormeirelles.museus.gov.br/um-ponto-e-outro/n-1-leonilson/n-1-leonilson-biografia/;;aulas com Nelson Leirner, Júlio Plaza e Regina Silveira na FAAP;;;"MAC; outros; MAC USP";"São Paulo, Brasil; São Paulo, Brasil";"1977–1980; 1978–1981";https://museuvictormeirelles.museus.gov.br/um-ponto-e-outro/n-1-leonilson/n-1-leonilson-biografia/;alta;-3.7184625;-38.5416698;100.0;-23.5486657;-46.6382522;100.0
Leonor de Almeida Portugal, 4th Marquise of Alorna;Kingdom of Portugal;"educação conventual em Chelas; orientação literária de Filinto Elísio";38.748982;-9.117437;Lisbon;Freguesia dos Prazeres;Lisbon;female;"https://pt.wikipedia.org/wiki/Leonor_de_Almeida_Portugal | https://livro.dglab.gov.pt/sites/DGLB/Portugues/autores/Paginas/PesquisaAutores1.aspx?AutorId=6636; https://pt.wikipedia.org/wiki/Leonor_de_Almeida_Portugal | https://www.arqnet.pt/dicionario/alorna4.html";;A formação aparece como educação conventual e cultivo intensivo de letras, música e pintura.;;;"outros; MASP";Convento de São Félix em Chelas, Lisboa;1758-1777;https://pt.wikipedia.org/wiki/Leonor_de_Almeida_Portugal | https://livro.dglab.gov.pt/sites/DGLB/Portugues/autores/Paginas/PesquisaAutores1.aspx?AutorId=6636;media;38.7070085;-9.1356407;100.0;38.7070085;-9.1356407;100.0
Leopoldino Faria;Brazil;"Academia Imperial de Belas Artes (Aiba); desenho com Jules Le Chevrel; pintura com Victor Meirelles";-22.91111111111111;-43.20555555555556;;;Rio de Janeiro;male;https://enciclopedia.itaucultural.org.br/pessoas/7156-leopoldino-de-faria | https://pt.wikipedia.org/wiki/Leopoldino_Faria;;A formação acadêmica aparece com clareza, mas a fonte não traz intervalo cronológico preciso.;;;"outros; Museu Histórico Nacional";Rio de Janeiro;sem data exata na fonte;https://enciclopedia.itaucultural.org.br/pessoas/7156-leopoldino-de-faria;alta;;;;-22.9014475;-43.1789159;100.0
Letícia Burgos;;"Universidad Nacional de Cuyo; Arizona State University";"-32.88043333333334; 33.42361111111111";"-68.87773333333334; -111.9355555555556";Buenos Aires, Argentina;;;;https://yicca.org/es/view/info/leticia-burgos;;;YICCA / biografia pública;médio;"MAC; outros; MAC USP";"Mendoza, Argentina; Tempe, EUA";"s.d.; s.d.";https://yicca.org/es/view/info/leticia-burgos;media;;;;;;
Letícia Guimarães;Brazil;Escola Guignard;-19.9552;-43.9202;Nova Iguaçu;;;female;fontes biográficas de referência;;datas aproximadas;;;"outros; Museu Casa da Hera";Belo Horizonte, Brasil;1990s;fontes biográficas de referência;baixa;-22.7597835;-43.45151;100.0;;;
Levi Madeira;;Universidade Federal do Ceará (Medicina);-3.7418917;-38.5411983;;;;;"https://www.recantodasletras.com.br/cordel/3507377 | https://www.recantodasletras.com.br/cordel/3507376; https://www.recantodasletras.com.br/cordel/3507376";;As fontes autobiográficas indicam aprovação em 1982 e formatura em 17/07/1988.;;;"outros; Museu de Arte Religiosa e Tradicional";Fortaleza, CE;1982-1988;https://www.recantodasletras.com.br/cordel/3507377 | https://www.recantodasletras.com.br/cordel/3507376;alta;;;;;;
Levino Fânzeres;Brazil;"Liceu de Artes e Ofícios; Escola Nacional de Belas Artes (Enba)";-22.90879805555556;-43.17573111111111;Cachoeiro de Itapemirim;;Rio de Janeiro;male;https://pt.wikipedia.org/wiki/Levino_F%C3%A2nzeres | https://www.arrematearte.com.br/artistas/levino-fanzeres-1884;;A fonte menciona professores Artur Machado, Evêncio Nunes, João Zeferino da Costa e Baptista da Costa.;;;"outros; Museu Histórico Nacional";"Rio de Janeiro; Paris";"1902; 1910 em diante";https://pt.wikipedia.org/wiki/Levino_F%C3%A2nzeres | https://www.arrematearte.com.br/artistas/levino-fanzeres-1884;alta;-20.8488716;-41.1132515;100.0;-22.9014475;-43.1789159;100.0
Leyla Mattoso;;Escola Nacional de Belas Artes;-22.8625055;-43.2256622;São José do Rio Preto, São Paulo, Brazil;;;;fontes biográficas de referência;;;MAC USP;alto;"MAC; outros; MAC USP";Rio de Janeiro, Brasil;s.d.;fontes biográficas de referência;baixa;;;;;;
León Ferrari;Marocain;"University of Buenos Aires; Universidad de Buenos Aires";-34.599722222222;-58.373055555556;Buenos Aires;Denaro;Buenos Aires;male;https://cultura.gob.ar/cien-anos-de-leon-ferrari-9425/;;"engenheiro de formação; artista autodidata em artes plásticas";;;"outros; MAC USP";Buenos Aires, Argentina;1947;https://cultura.gob.ar/cien-anos-de-leon-ferrari-9425/;alta;-34.6090264;-58.3732215;100.0;-34.6090264;-58.3732215;100.0
Lilian Döring;Brazil;"Centro Federal de Educação Tecnológica do Paraná; Escola de Belas Artes do Paraná";"-25.43925; -25.429722222222";"-49.268833; -49.271944444444";Curitiba, Paraná, Brasil;;;female;FILE Festival;médio;;FILE Festival;alto;FILE;;;;;;;;;;
Liliana Farber;Uruguay;"Parsons School of Design; Hamidrasha School of Art, Beit Berl College; O.R.T. University";"32.200699; 19.42063";"34.918464; -99.15591";Montevideo, Uruguay;;;female;NYU The Latinx Project;alto;;FILE Festival / site oficial da artista;alto;FILE;;;;;-34.9055557;-56.1852505;100.0;;;
Lilly Michael;;School of Painting and Sculpture at Columbia University;40.8075;-73.961944444444;;;;;https://www.ripleyauctions.com/auction-lot/lily-michael-american-1912-1999-abstract-195_9C44095860;;"A fonte usa a grafia Lily Michael; mantido o creator original Lilly Michael.";;;"MAC; outros; MAC USP";Nova York, EUA;sem data exata na fonte;;media;;;;;;
Lindsay Grace;United States;"Northwestern University School of Engineering; Northwestern University; Boston Security Analysts Society";42.36027777777777;-71.05777777777777;United States;;;male;CV oficial de Lindsay Grace;médio;"FILE explicita “País de Origem: United States”; preenchido em nível de país.";FILE Festival (País de Origem);alta;FILE;;;;alta;;;;;;
Lisa Ficker Hoffmann;;;;;;;;;;;formação não localizada com segurança;;;"MAC; outros; MAC USP";;;;;;;;;;
Liu Chang;;"New York University Tisch School of the Arts (ITP); Pratt Institute";"40.72922222; 40.691111";"-73.99377778; -73.963889";Beijing, China;;;;https://liuchang.work/about;alta;;ArtFacts / The Artling;médio;FILE;;;;;;;;;;
Liu Sha;People's Republic of China;;;;;;;female;;;homônimo não desambiguado com segurança;;;FILE;;;;;;;;;;
Liz Miller;;"Rhode Island School of Design; University of Minnesota";44.975;-93.23527777777778;Minnesota, United States;;;female;https://hss.mnsu.edu/academic-programs/art/art-faculty-staff/liz-miller/ | https://mccollcenter.org/artists-in-residence/artist/liz-miller;;"fonte descreve a artista como 'from Minnesota'; usado como local com baixa confiança.";https://en.wikipedia.org/wiki/Liz_Miller_(artist);baixa;"MAC; outros; MAC USP";"Providence (EUA); Minnesota (EUA)";;;baixa;;;;;;
Lluís Graner;Spain;"Escola de la Llotja; estudo de cópia no Museo del Prado; Académie des Beaux-Arts";"41.62; 40.41388888888889";"0.63833333; -3.692222222222222";Barcelona;;Barcelona;male;https://en.wikipedia.org/wiki/Llu%C3%ADs_Graner | https://www.guiadasartes.com.br/luiz-graner-y-arrufi/biografia | https://www.escritoriodearte.com/artista/luis-graner;;;;;"outros; Museu Histórico Nacional";"Barcelona; Madri; Paris";"1883 em diante; 1886-1891 em Paris";https://en.wikipedia.org/wiki/Llu%C3%ADs_Graner | https://www.escritoriodearte.com/artista/luis-graner;alta;41.387917;2.1699187;100.0;41.387917;2.1699187;100.0
Lorenzo Indrimi;Italy;Accademia di Belle Arti di Bologna;44.497811111111;11.353188888889;;;;male;https://it.wikipedia.org/wiki/Lorenzo_Indrimi;;"instituição identificada; datas não localizadas com precisão";;;"MAC; outros; MAC USP";Bolonha, Itália;;;media;;;;;;
Lorenzo Romagnoli;Italy;Delft University of Technology (TU Delft);52.001666666667;4.3725;Italy;;;male;https://www.ciid.dk/community/lorenzo-romagnoli;alta;"FILE explicita “País de Origem: Italy”; preenchido em nível de país.";FILE Festival (País de Origem);alta;FILE;;;;alta;;;;;;
Lorenzo Viani;Kingdom of Italy;Istituto di Belle Arti di Lucca;43.85;10.516666666667;Viareggio;;Lido di Ostia;male;fontes biográficas de referência;;"instituição identificada; datas não localizadas com precisão";;;"MAC; outros; MAC USP";Lucca, Itália;s.d.;fontes biográficas de referência;media;43.874537;10.2568888;100.0;41.73212;12.27654;100.0
Lori Malépart-Traversy;Canada;Concordia University;45.496944444444445;-73.57805555555555;Montreal, Canada;;;female;FILE Festival;médio;;FILE Festival / Coalition ÉduSex;alto;FILE;;;;;45.508867;-73.554242;100.0;;;
Lothar Charoux;Brazil;"estudos com Siegfried Charoux; Liceu de Artes e Ofícios; aulas com Waldemar da Costa";"; ; ";"; ; ";Vienna;;São Paulo;male;"Enciclopédia Itaú Cultural; Academia de Curadoria; Wikipedia";;;;;"MAC; outros; MAC USP";"Viena, Áustria; São Paulo, Brasil; São Paulo, Brasil";"c. anos 1920; c. anos 1930; c. anos 1930–1940";"Enciclopédia Itaú Cultural; Academia de Curadoria; Wikipedia";media;48.2092062;16.3727778;100.0;-23.5486657;-46.6382522;100.0
Louis Buvelot;Australia;"Escola de Desenho de Lausanne; estudos com Marc Louis Arlaud";46.533333333333;6.6333333333333;Morges;Boroondara General Cemetery;Melbourne;male;https://enciclopedia.itaucultural.org.br/pessoas/7222-louis-buvelot;;Fonte de Itaú Cultural explicita escola e professor.;;;"outros; Museu Nacional de Belas Artes";Lausanne (Suíça);antes de 1835;https://enciclopedia.itaucultural.org.br/pessoas/7222-louis-buvelot;alta;46.513243136;6.494946024;100.0;-37.815051434;144.960255426;100.0
Louis Guédy;France;École des Beaux-Arts de Paris;48.85680555555555;2.333277777777778;Grenoble;;;male;"https://pt.wikipedia.org/wiki/Louis_Gu%C3%A9dy | https://www.musee-orsay.fr/en/ressources/artists-personalities-catalog/louis-guedy-14357; https://pt.wikipedia.org/wiki/Louis_Gu%C3%A9dy";;A fonte aberta também informa que foi aluno de Adolphe Yvon.;;;"outros; Museu Paulista";Paris;antes de 1877;https://pt.wikipedia.org/wiki/Louis_Gu%C3%A9dy;alta;45.186447778;5.736442084;100.0;;;
Louis Van Lint;Belgium;Académie des beaux-arts de Saint-Josse-ten-Noode;;;Saint-Josse-ten-Noode;;Brussels metropolitan area;male;MAC_consolidado_normalized.csv / nationality_applied_dataset.csv;;"dados recuperados de base auxiliar; datas não localizadas";;;"MAC; outros; MAC USP";Saint-Josse-ten-Noode, Bélgica;;;alta;50.85170248;4.376851826;100.0;-33.47269;-70.64724;78.78
Louis-Auguste Moreaux;France;"ateliê de escultura francês; instituição não identificada na fonte aberta consultada";"; ";"; ";Rocroi;;Rio de Janeiro;male;https://data.bnf.fr/fr/14967958/louis-auguste_moreaux/;;Sem escola formal explicitada na fonte aberta recuperada.;;;"outros; Museu Histórico Nacional";Paris;;;baixa;49.925149573;4.519878794;100.0;-22.9014475;-43.1789159;100.0
Lucas Cranach the Elder;Holy Roman Empire;formação com o pai Hans Maler;;;Kronach;Weimar;Weimar;male;https://en.wikipedia.org/wiki/Lucas_Cranach_the_Elder | https://www.britannica.com/biography/Lucas-Cranach-the-Elder;;A formação é descrita nas fontes como familiar/oficina.;;;"outros; MASP";Kronach;;;media;50.327841515;11.37204329;100.0;50.980760999;11.329741001;100.0
Lucas Durkheim;France;"Gobelins, l'école de l'image; California Institute of the Arts (CalArts)";48.836944444444;2.3536111111111;France;;;male;"https://lucasdurkheim.com/index.php/contacts/; https://vimeo.com/201274584";alta;"FILE explicita “País de Origem: França”; preenchido em nível de país.";FILE Festival (País de Origem);alta;FILE;;;;;;;;;;
Lucas Morais;Brazil;;;;;;;male;;;homônimo não desambiguado com segurança;;;FILE;;;;;;;;;;
Lucia Casas de Pilla;;;;;;;;;;;formação não localizada com segurança;;;"outros; Museu da Inconfidência";;;;;;;;;;
Luciano Gregory;;formação teatral com Sérgio Cardoso, Augusto Boal e Abílio Pereira de Almeida;;;Italy;;;;https://www.tvsaudades.com.br/item/2596/luciano-gregory-anos/details?pageType=search | https://www.museudatv.com.br/biografia/luciano-gregory/;;"fonte biográfica identifica apenas o país; preenchimento mantido em nível de país.";Museu Brasileiro da TV;médio;"MAC; outros; MAC USP";Brasil;;;baixa;;;;;;
Lucie Prigent;France;École Georges Méliès;48.74245192283895;2.392101897752613;France;;;female;"https://archive.file.org.br/participantes/lucie-prigent/; https://vimeo.com/lucieprigent";média;"FILE explicita “País de Origem: França”; preenchido em nível de país.";FILE Festival (País de Origem);alta;FILE;;;;;;;;;;
Lucila Mayol;Argentina;"KMD/UiB (University of Bergen); Universidad Nacional de las Artes (UNA); ENERC";"-34.59472222; -34.599722222222";"-58.39944444; -58.381944444444";Argentina;;;female;https://www.hiap.fi/resident/lucila-mayol/;alta;"FILE explicita “País de Origem: Argentina”; preenchido em nível de país.";FILE Festival (País de Origem);alta;FILE;;;;alta;;;;;;
Lucio Fontana;Italy;Brera Academy;45.47222222;9.18888889;Rosario;;Comabbio;male;MAC_consolidado_normalized.csv / nationality_progress_update.csv;;"dados recuperados de base auxiliar; datas não localizadas";;;"MAC; outros; MAC USP";Milão, Itália;;;alta;-32.959243;-60.683476;100.0;45.7721016;8.6753295;100.0
Lucy Citti Ferreira;Brazil;"Escola de Belas Artes do Havre; École des Beaux-Arts de Paris; estudos com Lasar Segall";49.494166666667;0.10805555555556;São Paulo;;14th arrondissement of Paris;female;https://pt.wikipedia.org/wiki/Lucy_Citti_Ferreira | https://www.escritoriodearte.com/artista/lucy-citti-ferreira;;;;;"MAC; outros; MAC USP";"Le Havre; Paris; São Paulo";"1930; 1932-1934; 1935-1946";https://pt.wikipedia.org/wiki/Lucy_Citti_Ferreira | https://www.escritoriodearte.com/artista/lucy-citti-ferreira;alta;-23.5486657;-46.6382522;100.0;48.8329218;2.3267959;100.0
Lucílio de Albuquerque;Brazil;"Law School, University of São Paulo; Faculdade de Direito de São Paulo; Escola Nacional de Belas Artes";-23.55;-46.63722222;Barras;;Rio de Janeiro;male;https://enciclopedia.itaucultural.org.br/pessoas/6103-lucilio-de-albuquerque;;abandona o direito para estudar pintura;;;"outros; Museu Nacional de Belas Artes";"São Paulo, Brasil; Rio de Janeiro, Brasil";"1895; 1896–1906";https://enciclopedia.itaucultural.org.br/pessoas/6103-lucilio-de-albuquerque;alta;-4.2447811;-42.2955275;100.0;-22.9014475;-43.1789159;100.0
Ludmila Rodrigues;Brazil;"Universidade Federal do Rio de Janeiro; Royal Academy of Art, The Hague (KABK); PXL-MAD School of Arts";50.930480555556;5.3384972222222;Rio de Janeiro;;;female;FILE Festival;alto;;;;FILE;;;;;-22.9014475;-43.1789159;100.0;;;
Ludolf Bakhuizen;Dutch Republic;estudos com Allart van Everdingen e Hendrik Dubbels;;;Emden;;Amsterdam;male;https://en.wikipedia.org/wiki/Ludolf_Bakhuizen;;;;;"outros; MASP";Amsterdam;;;alta;53.370557999;7.205946;100.0;52.361524688;4.890870311;100.0
Luigi Benfatto;Republic of Venice;formação com Paolo Veronese (tio e mestre);;;Verona;;Venice;male;https://en.wikipedia.org/wiki/Luigi_Benfatto;;A formação registrada é em oficina familiar, não em academia formal.;;;"outros; Museu Nacional de Belas Artes";"Verona; Veneza";;;media;45.4383527;10.9917125;100.0;45.434608;12.338913;100.0
Luigi Stalloni;Brazil;Academia de Belas Artes de Nápoles;40.8516;14.2512;;;;male;https://pt.wikipedia.org/wiki/Luigi_Stallone;;O creator está grafado como 'Stalloni', mas a fonte biográfica aberta consultada usa 'Luigi Stallone'.;;;"outros; Museu Histórico Nacional";Nápoles;;;media;;;;;;
Luis Camnitzer;Uruguay;University of the Republic;-34.90591666666667;-56.19131111111111;Lübeck;;;male;MAC_consolidado_normalized.csv / nationality_progress_update.csv;;"dados recuperados de base auxiliar; datas não localizadas";;;"MAC; outros; MAC USP";Montevidéu, Uruguai;;;alta;53.866268999;10.683932;100.0;;;
Luis Enrique Silvestre Guerra;;"Instituto Superior de Diseño Industrial; Instituto Superior de Arte (ISA)";-34.599722222222;-58.381944444444;;;;;"https://luisenriquesilvestre.wixsite.com/artist/about | https://www.zapatagallery.com/artists/luis-enrique-silvestre-guerra; https://luisenriquesilvestre.wixsite.com/artist/about";;local de nascimento não localizado em fonte auditável na pesquisa deste lote.;;;"MAC; outros; MAC USP";Havana;"1984-1986; 1988-1993";https://luisenriquesilvestre.wixsite.com/artist/about;alta;;;;;;
Luis Martinez Pedro;Cuba;Academia de San Alejandro;23.087472;-82.426917;La Habana, Cuba;;;male;fontes biográficas de referência;;;https://www.arteinformado.com/guia/f/luis-martinez-pedro-32679;media;"MAC; outros; MAC USP";Havana, Cuba;c. 1920s–1930s;fontes biográficas de referência;media;;;;;;
Luis Valdivia;Argentina;"Folkwang Hochschule; Universität Salzburg; Universität Mozarteum Salzburg; Conservatorio Gilardo Gilardi";"51.3875; 47.79722222222222; 47.80388889; -34.899";"7.00444; 13.04805555555556; 13.04341667; -57.984";La Plata, Argentina;;;male;FILE Festival | ISEA Symposium Archives;alto;Biografia do FILE explicita nascimento em La Plata, Argentina.;FILE Festival (biografia do artista);alta;FILE;;;;;;;;;;
Luiz Alphonsus;Brazil;Escola de Belas Artes da Universidade Federal do Rio de Janeiro;-22.8625055;-43.2256622;Belo Horizonte;;;male;fontes biográficas de referência;;instituição identificada em biografias sumárias;;;"MAC; outros; MAC USP";Rio de Janeiro, Brasil;c. 1960s;fontes biográficas de referência;baixa;-19.9181771;-43.9370534;100.0;;;
Luiz Hermano;Brazil;"Universidade Estadual do Ceará; Escola de Artes Visuais do Parque Lage";"-3.7275; -22.9606";"-38.5275; -43.212";Fortaleza;;;male;https://pt.wikipedia.org/wiki/Luiz_Hermano;;"na universidade estuda filosofia; no Parque Lage frequenta aulas de gravura";;;"MAC; outros; MAC USP";"Fortaleza, Brasil; Rio de Janeiro, Brasil";"início dos anos 1970; 1979";https://pt.wikipedia.org/wiki/Luiz_Hermano;media;-3.7184625;-38.5416698;100.0;;;
Luiz Martins;;Faculdade Belas Artes de São Paulo;-23.583688;-46.633917;;;;;https://www.galeriabase.com.br/luiz-martins | https://artbluumbrazil.com/luiz-martins/;;As fontes confirmam graduação em artes visuais, sem ano de conclusão.;;;"MAC; outros; MAC USP";São Paulo;;;alta;;;;;;
Luiz Paulo Baravelli;Brazil;Fundação Armando Alvares Penteado;-23.5450155;-46.6630802;São Paulo, São Paulo, Brazil;;;male;MAC_consolidado_normalized.csv / nationality_progress_update.csv;;"dados recuperados de base auxiliar; datas não localizadas";https://www.sescsp.org.br/editorial/acervo-em-foco-luiz-paulo-baravelli/;alta;"MAC; outros; MAC USP";São Paulo, Brasil;;;alta;;;;;;
Luiz Rodolfo Annes;;"Escola de Música e Belas Artes do Paraná (EMBAP); Universidade Estadual do Paraná (Unespar)";-23.0825;-52.461388888889;;;;male;"Escavador; Humana Sebo; Revista Valise";;"bacharel em Pintura pela EMBAP e mestre em Cinema e Artes do Vídeo pela Unespar; datas de início e conclusão não localizadas com segurança";;;"outros; Museu Victor Meirelles";Curitiba, PR;;;media;;;;;;
Luiz Sacilotto;Brazil;"Escola Profissional Masculina do Brás; Associação Brasileira de Belas Artes";"-23.54504; -22.91111111111111";"-46.61634; -43.20555555555556";Santo André;;São Bernardo do Campo;male;Enciclopédia Itaú Cultural;;;;;"MAC; outros; MAC USP";"São Paulo, Brasil; São Paulo, Brasil";"1938–1943; 1944–1947";Enciclopédia Itaú Cultural;alta;-23.6667259;-46.5323593;100.0;-23.694445;-46.565796;100.0
Luiza da Fonseca;;Escola Nacional de Belas Artes;-22.8625055;-43.2256622;;;;;fontes biográficas de referência;;datas aproximadas;;;"outros; Museu da Inconfidência";Rio de Janeiro, Brasil;1940s;fontes biográficas de referência;baixa;;;;;;
Lula Cardoso Ayres;Brazil;Escola Nacional de Belas Artes;-22.8625055;-43.2256622;Rio Formoso, Pernambuco, Brazil;;;male;https://enciclopedia.itaucultural.org.br/pessoas/3400-lula-cardoso-ayres;;"frequenta informalmente a Enba; também tem aulas de modelo vivo com Rodolfo Amoedo e estuda no ateliê de Carlos Chambelland";https://www.recifeartepublica.com.br/obras/obra/Da-srie-Ciclos-Econmicos-Dcada-de-60-/71;media;"MAC; outros; MAC USP";Rio de Janeiro, Brasil;1926;https://enciclopedia.itaucultural.org.br/pessoas/3400-lula-cardoso-ayres;media;;;;;;
Lustre;;;;;;;;male;;;nome artístico não desambiguado com segurança;;;FILE;;;;;;;;;;
Luís Camargo;;Faculdade de Arquitetura e Urbanismo da USP;-23.56012;-46.72985;São Paulo, São Paulo, Brazil;;;;fontes biográficas de referência;;formação em arquitetura associada à prática escultórica;https://acervo.mac.usp.br/acervo/index.php/Detail/entities/5188;alta;"MAC; outros; MAC USP";São Paulo, Brasil;s.d.;fontes biográficas de referência;alta;;;;;;
Luís Maristany de Trias;Brazil;"Escola de Belas Artes de Barcelona; estudos com Pedro Borel";41.38302778;2.11397222;Barcelona;;Porto Alegre;male;https://pt.wikipedia.org/wiki/Lu%C3%ADs_Maristany_de_Trias | https://www.ateliermaristany.com/biografia-de-luiz-maristany-de-trias;;As fontes abertas também mencionam estudos em Madrid e Paris após a formação inicial em Barcelona.;;;"outros; Museu Histórico Nacional";"Barcelona; França; Madrid; Paris";"a partir dos 14 anos; prêmio aos 17 anos";https://pt.wikipedia.org/wiki/Lu%C3%ADs_Maristany_de_Trias | https://www.ateliermaristany.com/biografia-de-luiz-maristany-de-trias;alta;41.387917;2.1699187;100.0;-30.027679;-51.2286404;100.0
Luís Teixeira;Kingdom of Portugal;"formação artística brasileira; instituição não identificada na fonte aberta consultada";"; ";"; ";;;;male;https://enciclopedia.itaucultural.org.br/;;"Nome muito amplo; mantido registro conservador sem suposição de escola.";;;"outros; Museu Histórico Nacional";Brasil;;;baixa;;;;;;
Luísa Ulhoa;United States;School of Visual Arts;40.73861111;-73.98222222;United States;;;female;FILE Festival | SVA MFA Visual Narrative;alto;"FILE explicita “País de Origem: Estados Unidos”; preenchido em nível de país.";FILE Festival (País de Origem);alta;FILE;;;;;;;;;;
Lydia Okumura;Brazil;"Fundação Armando Alvares Penteado; Pratt Graphic Art Center";40.65083333333333;-73.94972222222222;Osvaldo Cruz;;;female;MAC_consolidado_normalized.csv / nationality_progress_update.csv;;"dados recuperados de base auxiliar; datas não localizadas";;;"MAC; outros; MAC USP";"São Paulo, Brasil; Nova York, EUA";;;alta;-21.7938474;-50.8853292;100.0;;;
Lygia Clark;Brazil;"aprendizado artístico com Roberto Burle Marx; estudos com Fernand Léger, Arpad Szenes e Isaac Dobrinsky";"; ";"; ";Belo Horizonte;;Rio de Janeiro;female;https://enciclopedia.itaucultural.org.br/pessoas/538-lygia-clark;;;;;"MAC; outros; MAC USP";"Rio de Janeiro, Brasil; Paris, França";"1947; 1950–1952";https://enciclopedia.itaucultural.org.br/pessoas/538-lygia-clark;alta;-19.9181771;-43.9370534;100.0;-22.9014475;-43.1789159;100.0
Lynn Bianchi;United States;;;;Pittsburgh, Pennsylvania, USA;;;female;;;;Dayton Art Institute / Wikipedia;alto;FILE;;;;;40.4421676;-79.9949573;100.0;;;
Lúcia Suanê;;;;;Pernambuco, Brazil;;;female;"https://galeriaestacao.com.br/documents/portfolio_110_153c0-%28pt%29-suane---%5Blucia-suane-carvalho-nobrega%5D-%281%29.pdf; https://institutosuane.com/vida";;"inicia trajetória artística em ateliê compartilhado com Nelson Nóbrega; escola formal não localizada | fontes divergem entre Água Preta e Águas Belas; preenchimento mantido em nível de estado.";Jornal da USP / Catálogo das Artes;médio;"MAC; outros; MAC USP";São Paulo, Brasil;a partir de 1945;"https://galeriaestacao.com.br/documents/portfolio_110_153c0-%28pt%29-suane---%5Blucia-suane-carvalho-nobrega%5D-%281%29.pdf ; https://institutosuane.com/vida";media;;;;;;
M. Braçal;;;;;;;;;;;"assinatura abreviada; não foi possível desambiguar com segurança";;;"outros; Museu do Diamante";;;;;;;;;;
M. Jacques;;;;;;;;;;;;;;"outros; Museu Histórico Nacional";;;;;;;;;;
M. Sá;;;;;;;;;;;"assinatura abreviada; não foi possível desambiguar com segurança";;;"outros; Museu Paulista";;;;;;;;;;
M.D.;;;;;;;;;;;"assinatura abreviada; não foi possível desambiguar com segurança";;;"outros; Museu Casa de Benjamin Constant";;;;;;;;;;
Mac Cauley;United States;"New York University; American Film Institute";34.05223;-118.24368;;;;male;https://archive.file.org.br/participantes/mac-cauley/;alta;local de nascimento não localizado em fonte auditável;;;FILE;;;;;;;;;;
Mac Dougall;;;;;;;;male;;;;;;"outros; Museu Paulista";;;;;;;;;;
Macaparana;;;;;;;;;;;;;;;;;;;;;;;;
Macline;;;;;Geneva, Switzerland;;;;;;;Catálogo das Artes;médio;"MAC; outros; MAC USP";;;;;;;;;;
Mads Weidner;Kingdom of Denmark;The Animation Workshop;56.4561;9.40611;Denmark;;;male;https://archive.file.org.br/participantes/mads-weidner/;alta;"FILE explicita “País de Origem: Dinamarca”; preenchido em nível de país.";FILE Festival (País de Origem);alta;FILE;;;;;;;;;;
Magali Melleu Sehn;Brazil;Universidade de São Paulo (ECA-USP);-23.5576158;-46.7240896;;;;female;"https://orcid.org/0000-0002-9215-7747; https://www.escavador.com/sobre/355862/magali-melleu-sehn";alta;local de nascimento não localizado em fonte auditável;;;FILE;;;;;;;;;;
Mahmoud Alkhateeb;Palestine;;;;Palestine;;;;;;;;;FILE;;;;;31.912719787;35.204684057;100.0;;;
Manabu Mabe;Brazil;;;;Kumamoto Prefecture;;São Paulo;male;Enciclopédia Itaú Cultural / fontes biográficas de referência;;"artista autodidata; sem escola formal localizada";;;"MAC; outros; MAC USP";São Paulo, Brasil;;;alta;32.80320492;130.70802355;100.0;-23.5486657;-46.6382522;100.0
Mane-Katz;France;"Beaux-Arts de Paris; Escola de Belas-Artes de Kiev; estudos em Vilnius; École des Beaux-Arts (atelier de Cormon)";"50.45; 54.68722222222223; 48.85680555555555";"30.523611111111; 25.28; 2.333277777777778";Kremenchuk;Hof HaCarmel Cemetery;Tel-Aviv;male;https://www.artmajeur.com/mane-katz/pt;;a trajetória inicial passa por Kiev e Vilnius antes da ida a Paris;;;"MAC; outros; MAC USP";"Kiev, Ucrânia; Vilnius, Lituânia; Paris, França";"s.d.; s.d.; 1913–1914";https://www.artmajeur.com/mane-katz/pt;media;49.06253;33.40484;100.0;32.0735802;34.7880511;100.0
Manesha Ramesh;India;New York University Abu Dhabi;24.5239;54.4346;India;;;female;"https://nyuad.io/en/people/manesha-ramesh; https://hackathon.nyuad.nyu.edu/person/manesha-ramesh/";média;"FILE explicita “País de Origem: Índia”; preenchido em nível de país.";FILE Festival (País de Origem);alta;FILE;;;;;;;;;;
Manfredo de Souzanetto;Brazil;"Escola Guignard; Universidade Federal de Minas Gerais";-19.9552;-43.9202;Jacinto, Minas Gerais, Brazil;;;male;"https://www.martir.org/artistas/manfredo-de-souzanetto/; https://www.guiadasartes.com.br/manfredo-de-souzanetto/biografia";;na UFMG estuda arquitetura;https://acervo.macrs.rs.gov.br/artistas-macrs/manfredo-de-souzanetto/;alta;"MAC; outros; MAC USP";"Belo Horizonte, Brasil; Belo Horizonte, Brasil";"1969; 1972–1975";"https://www.martir.org/artistas/manfredo-de-souzanetto/ ; https://www.guiadasartes.com.br/manfredo-de-souzanetto/biografia";alta;;;;;;
Manoel da Costa Ataíde (atribuição);;;;;;;;;;;"autoria atribuída/incerta; formação não localizada com segurança";;;"outros; Museu da Inconfidência";;;;;;;;;;
Manoel de Oliveira Pastana;Brazil;estudos com Theodoro Braga e Francisco Estrada;;;Castanhal;;Rio de Janeiro;male;https://pt.wikipedia.org/wiki/Manoel_Pastana;;A fonte aberta registra formação por artistas-mestres em Belém.;;;"outros; Museu Histórico Nacional";Belém;;;media;-1.2971579;-47.9211778;100.0;-22.9014475;-43.1789159;100.0
Manoel Teixeira da Rocha;;;;;;;;;fontes biográficas de referência;;"não localizei escola formal; mantido apenas contexto geográfico da formação colonial";;;"outros; Museu Casa da Hera";Bahia, Brasil;;;baixa;;;;;;
Manoel Veiga;;"Escolinha de Arte do Recife; Escola Nacional Superior de Belas-Artes; Escola do Louvre; workshop em Nova York";"-8.0538888888889; 48.85680555555555; 40.71277777777778";"-34.880833333333; 2.333277777777778; -74.00611111111111";Recife, Pernambuco, Brazil;;;;https://www.sp.senac.br/sites/artenosenac/Manoel-Veiga_.html | https://www.catalogodasartes.com.br/artista/Manoel%20Veiga/;;As fontes também mencionam orientação de Gil Vicente entre 1995 e 1997.;site oficial do artista;alto;"MAC; outros; MAC USP";"Recife; Paris; Nova York";"1994-1995; 1997; 1998";https://www.sp.senac.br/sites/artenosenac/Manoel-Veiga_.html;alta;;;;;;
Manuel Alvarez;Spain;Royal Academy of Fine Arts of San Fernando;40.4178;-3.7007;Salamanca;;Madrid;male;;;"nome muito genérico; não foi possível desambiguar com segurança";;;"MAC; outros; MAC USP";;;;;20.56965284;-101.199866927;100.0;40.4166909;-3.7003454;100.0
Manuel Calvo;Spain;Círculo de Bellas Artes;40.418307;-3.696575;Oviedo;;Madrid;male;fontes biográficas de referência;;instituição identificada em fontes secundárias;;;"MAC; outros; MAC USP";Montevidéu, Uruguai;s.d.;fontes biográficas de referência;baixa;43.3602825;-5.8447919;100.0;40.4166909;-3.7003454;100.0
Manuel de Araújo Porto-Alegre;Brazil;"Escola Nacional de Belas Artes; Academia Imperial de Belas Artes; École des Beaux-Arts";"-22.91111111111111; 48.85666666666667";"-43.20555555555556; 2.333611111111112";Rio Pardo;;Lisbon;male;https://pt.wikipedia.org/wiki/Manuel_de_Ara%C3%BAjo_Porto-Alegre | https://enciclopedia.itaucultural.org.br/pessoas/5436-manuel-de-araujo-porto-alegre;;As fontes também indicam formação com Jean-Baptiste Debret.;;;"outros; Pinacoteca de São Paulo";"Rio de Janeiro; Paris";"1827 em diante; 1831-1837";https://pt.wikipedia.org/wiki/Manuel_de_Ara%C3%BAjo_Porto-Alegre;alta;-29.9833171;-52.3713228;100.0;38.7070085;-9.1356407;100.0
Manuel Dias de Oliveira;Brazil;"formação inicial como ourives; estudos de pintura no Porto; Real Casa Pia";"41.15; -23.550394444444";"-8.610833333333334; -46.633947222222";Cachoeiras de Macacu;;Campos dos Goytacazes;male;https://pt.wikipedia.org/wiki/Manuel_Dias_de_Oliveira | https://academiabrasileiradeartes.org.br/especial/patrono/manuel-dias-de-oliveira-brasiliense/;;As fontes mencionam contato com Domingos Antônio de Sequeira em Lisboa.;;;"outros; Museu Histórico Nacional";"Rio de Janeiro; Porto; Lisboa";;;media;-22.4619411;-42.6535734;100.0;-21.75227;-41.33044;100.0
Manuel Faria Guimarães;Brazil;"Liceu de Artes e Ofícios; Escola Nacional de Belas Artes";"; -22.8625055";"; -43.2256622";Rio de Janeiro;;Rio de Janeiro;male;https://pt.wikipedia.org/wiki/Manuel_Faria_Guimar%C3%A3es | https://www.arrematearte.com.br/artistas/manuel-faria-guimaraes-1895;;A fonte também nomeia Eurico Alves, João Batista da Costa, Lucílio de Albuquerque e Rodolfo Chambelland como mestres.;;;"outros; Museu Histórico Nacional";Rio de Janeiro;"1909; 1913 em diante";https://pt.wikipedia.org/wiki/Manuel_Faria_Guimar%C3%A3es | https://www.arrematearte.com.br/artistas/manuel-faria-guimaraes-1895;alta;-22.9014475;-43.1789159;100.0;-22.9014475;-43.1789159;100.0
Manuel Lopes Rodrigues;Brazil;"Liceu de Artes e Ofícios da Bahia; Academia de Belas Artes da Bahia; pedido de ingresso na Academia Imperial de Belas Artes";"-12.98305555555556; -12.990785";"-38.49277777777777; -38.524427";Salvador;;Salvador;male;https://pt.wikipedia.org/wiki/Manuel_Lopes_Rodrigues | https://www.catalogodasartes.com.br/artista/Manuel%20Lopes%20Rodrigues/;;As fontes indicam primeiras lições com o pai João Francisco Lopes Rodrigues e com Miguel Navarro Cañizares.;;;"outros; Museu Histórico Nacional";"Salvador; Rio de Janeiro";"até 1882; mudança para o Rio em 1882";https://pt.wikipedia.org/wiki/Manuel_Lopes_Rodrigues | https://www.catalogodasartes.com.br/artista/Manuel%20Lopes%20Rodrigues/;alta;-12.9641527;-38.5058208;100.0;-12.9641527;-38.5058208;100.0
Manuel Poluceno Pereira da Silva;;Academia Imperial de Belas Artes;-22.91111111111111;-43.20555555555556;;;;male;https://repositorio.ufsc.br/handle/123456789/179976 | https://repositorioslatinoamericanos.uchile.cl/handle/2250/1783781;;As fontes abertas identificam que estudou na Academia Imperial de Belas-Artes, especializando-se em retrato e pintura de história, mas não trazem cronologia detalhada.;;;"outros; Museu Histórico Nacional";Rio de Janeiro;;;media;;;;;;
Manuel Teixeira da Rocha;Brazil;"Liceu Imperial de Artes e Ofícios; Academia Imperial de Belas Artes";-22.91111111111111;-43.20555555555556;São Miguel dos Campos;;Rio de Janeiro;male;https://www.arrematearte.com.br/artistas/teixeira-da-rocha-1863 | https://enciclopedia.itaucultural.org.br/pessoas/7402-teixeira-da-rocha;;;;;"outros; Museu Histórico Nacional";Rio de Janeiro;"c.1878; c.1881";https://www.arrematearte.com.br/artistas/teixeira-da-rocha-1863 | https://enciclopedia.itaucultural.org.br/pessoas/7402-teixeira-da-rocha;alta;-9.7815759;-36.0935689;100.0;-22.9014475;-43.1789159;100.0
Manuela Cappucci;Italy;;;;Italy;;;female;;;"FILE explicita “País de Origem: Itália”; preenchido em nível de país.";FILE Festival (País de Origem);alta;FILE;;;;;;;;;;
Manuela Naveau;Austria;University of Art and Design Linz;48.3066;14.2857;Linz, Austria;;;female;CV oficial da artista / University of Art and Design Linz;alto;;Kunstuniversität Linz / site oficial;alto;FILE;;;;;48.306089;14.2864367;100.0;;;
Maranhense Mello;;;;;;;;;;;;;;"outros; Museu Histórico Nacional";;;;;;;;;;
Marc Chagall;France;"School Yehuda Pen in Vitebsk; escola de Iouri Pen; Zvantseva School of Drawing and Painting";"55.183333333333; 59.95";"30.166666666667; 30.316666666667";Liozna;Cimetière de Saint-Paul-de-Vence;Saint-Paul-de-Vence;male;"https://www.marcchagall.com/en/biography; https://www.marcchagall.com/fr/biographie";;"Educação religiosa inicial (heder) e ensino geral não foram priorizados aqui; foco na formação artística.";;;"MAC; outros; MAC USP";"Vitebsk, Belarus; São Petersburgo, Rússia";"1906; 1908–1910";"https://www.marcchagall.com/en/biography ; https://www.marcchagall.com/fr/biographie";alta;55.03097;30.7991779;100.0;43.696875101;7.122200368;100.0
Marc Lee;Switzerland;Zurich University of the Arts;47.38295;8.5358;Knutwil;;;male;;;;;;FILE;;;;;47.199360181;8.072418274;100.0;;;
Marcel Van Brakel;Netherlands;St. Joost School of Art & Design;51.58888888888889;4.775833333333333;Netherlands;;;male;St. Joost Graduation Show — Marcel van Brakel;alto;"fonte biográfica identifica apenas o país; preenchimento mantido em nível de país.";VML / FILE Festival;médio;FILE;;;;;;;;;;
Marcell Andristyak;Hungary;"Moholy-Nagy University of Art and Design; Budapest Metropolitan University";"47.5171; 47.50638889";"18.9898; 19.135";Hungary;;;male;FILE Festival;médio;"FILE explicita “País de Origem: Hungria”; preenchido em nível de país.";FILE Festival (País de Origem);alta;FILE;;;;;;;;;;
Marcello Nitsche;Brazil;"Fundação Armando Alvares Penteado; Escola Profissional Getúlio Vargas; Fundação Armando Álvares Penteado (FAAP)";-1.4558333333333;-48.503888888889;São Paulo;;;male;https://www.escritoriodearte.com/artista/marcello-nitsche;;"na Getúlio Vargas tem formação preparatória; conclui licenciatura em desenho na FAAP";;;"MAC; outros; MAC USP";"São Paulo, Brasil; São Paulo, Brasil";"s.d.; 1966–1969";https://www.escritoriodearte.com/artista/marcello-nitsche;alta;-23.5486657;-46.6382522;100.0;;;
Marcelo Bonevardi;Argentina;Escuela Nacional de Bellas Artes Prilidiano Pueyrredón;-34.59472222;-58.39944444;Buenos Aires;;;male;fontes biográficas de referência;;instituição identificada em fontes sumárias;;;"MAC; outros; MAC USP";Buenos Aires, Argentina;s.d.;fontes biográficas de referência;baixa;-34.6090264;-58.3732215;100.0;;;
Marcelo Castro;Brazil;;;;Brasil;;;male;;;Ficha FILE explicita País de Origem.;FILE Archive — ficha de participante;alta;"FILE; Museu Casa da Hera";;;;alta;;;;;;
Marcelo Grassmann;Brazil;Escola Profissional Masculina do Brás;-23.54504;-46.61634;São Simão;;São Paulo;male;"Núcleo Marcello Grassmann; Escritório de Arte";;Estuda fundição, mecânica e entalhe em madeira.;;;"MAC; outros; MAC USP";São Paulo, Brasil;1939–1942;Escritório de Arte;alta;-18.9942825;-50.5471599;100.0;-23.5486657;-46.6382522;100.0
Marcia Schvartz;Argentina;"Escuela Nacional de Bellas Artes Manuel Belgrano; ateliês de Ricardo Carreira, Aída Carballo, Luis Falcini e Luis Felipe Noé";-34.63486827098634;-58.37169270382104;Buenos Aires;;;female;https://www.marciaschvartz.com/biografia;;estudos inconclusos na Manuel Belgrano e formação complementar em ateliês;;;"MAC; outros; MAC USP";"Buenos Aires, Argentina; Buenos Aires, Argentina";"1970; 1970s";https://www.marciaschvartz.com/biografia;alta;-34.6090264;-58.3732215;100.0;;;
Marcin Giżycki;Poland;University of Warsaw;52.240280555556;21.019169444444;Warsaw, Poland;;Warsaw;male;;;;Wikipedia / IMDb;médio;FILE;;;;;52.229827082;21.011731518;100.0;52.229827082;21.011731518;100.0
Marco B. Fontichiari;United States;"Academy of Fine Arts of Bologna; Cineteca Bologna; University of California San Diego";"44.4988658; 32.88111111111111";"11.3368279; -117.2380555555556";Deer Park, USA;;;male;"https://file.org.br/videoarte_2018/marco-b-fontichiari/; https://sites.google.com/view/marcofontichiari/cv";alta;fonte não especifica o estado;Collection of Collections;médio;FILE;;;;;;;;;;
Marco Ferrazza;Italy;"Sapienza Università di Roma; conservatory in Cagliari; conservatory in Naples";"41.903333333333; 39.216666666667; 40.83583333333333";"12.515833333333; 9.1166666666667; 14.24861111111111";Italy;;;male;https://conservatoriomantova.com/it/elenco_docenti/ferrazza_marco;média;"FILE explicita “País de Origem: Itália”; preenchido em nível de país.";FILE Festival (País de Origem);alta;FILE;;;;;;;;;;
Marco Giannotti;Brazil;"University of São Paulo; Faculdade de Filosofia, Letras e Ciências Humanas da USP; curso de desenho e gravura em metal com Sérgio Fingermann";-23.5613991;-46.7307891;São Paulo, São Paulo, Brazil;;;male;https://www.escritoriodearte.com/artista/marco-giannotti;;formação combina filosofia na USP e estudo artístico com Sérgio Fingermann;https://bv.fapesp.br/pt/pesquisador/54773/marco-garaude-giannotti;alta;"MAC; outros; MAC USP";"São Paulo, Brasil; São Paulo, Brasil";"1988; a partir de 1980";https://bv.fapesp.br/pt/pesquisador/54773/marco-garaude-giannotti;alta;;;;;;
Marco Wey;Brazil;;;;Brazil;;;male;;;"FILE explicita “País de Origem: Brasil”; preenchido em nível de país.";FILE Festival (País de Origem);alta;FILE;;;;;;;;;;
Marharita Tsikhanovich;Belarus;"Minsk State Fine Art College; University of West Bohemia; Ladislav Sutnar Faculty of Design and Art";53.922383;27.595274;Minsk, Belarus;;;female;FILE Festival;médio;Fonte institucional usa formulação de origem (“artista de Minsk, Bielorrússia”), sem afirmar nascimento.;FILE Festival (biografia do artista);baixa;FILE;;;;;;;;;;
Maria Augusta da Costa Carvalho;Brazil;"estudo de desenho com Presciliano Silva; pintura com Osvaldo Teixeira, Emídio Magalhães, João Medeiros e Paulo Marinho";"; ";"; ";Piracicaba;;;female;https://www.catalogodasartes.com.br/artista/M.%20Augusta/ | https://www.catalogodasartes.com.br/artista/Maria%20Augusta%20-%20M.Augusta-%20M.%20Augusta%20-%20M%20Augusta/;;A formação recuperada é por mestres, não por instituição formal nomeada.;;;"outros; Museu Paulista";Rio de Janeiro;sem data precisa na fonte;https://www.catalogodasartes.com.br/artista/M.%20Augusta/;media;-22.724976;-47.6476;100.0;;;
Maria Carmen;;"estudos de escultura com Humberto Cozzo; curso de desenho com Abelardo da Hora";"; ";"; ";Recife, Pernambuco, Brazil;;;;https://enciclopedia.itaucultural.org.br/pessoas/3427-maria-carmen | https://sites.google.com/recife.pe.gov.br/elaspintam-7/as-artistas/1%C2%AA-temporada/maria-carmen;;A formação documentada aparece por mestres e cursos livres, não por instituição única.;Revista Continente / RGA;médio;"MAC; outros; MAC USP";"Rio de Janeiro (RJ); Recife (PE)";"1959-1961; 1962";https://enciclopedia.itaucultural.org.br/pessoas/3427-maria-carmen | https://sites.google.com/recife.pe.gov.br/elaspintam-7/as-artistas/1%C2%AA-temporada/maria-carmen;media;;;;;;
Maria Emília Campos;Brazil;Escola Guignard;-19.9552;-43.9202;;;;female;https://acervoghm.blogspot.com/2015/03/maria-emilia-campos-1980.html;;;;;"outros; Museu Histórico Nacional";Belo Horizonte;;;alta;;;;;;
Maria Hsu;Brazil;;;;Brazil;;;female;;;"FILE explicita “País de Origem: Brasil”; preenchido em nível de país.";FILE Festival (País de Origem);alta;FILE;;;;;;;;;;
Maria Leontina;Brazil;"aulas de desenho com Antônio Covello; estudos de pintura com Waldemar da Costa; ateliê de Bruno Giorgi; Museu Histórico Nacional";-22.90590833;-43.16952222;São Paulo;;;female;"Enciclopédia Itaú Cultural; Galeria Ipanema";;;;;"MAC; outros; MAC USP";"São Paulo, Brasil; São Paulo, Brasil; Rio de Janeiro, Brasil; Rio de Janeiro, Brasil";"1938; c. 1940s; 1946; 1946–1948";Galeria Ipanema;media;-23.5486657;-46.6382522;100.0;;;
Maria Luisa Pacheco;Bolivia;"Academia de Bellas Artes; Real Academia de Bellas Artes de San Fernando";40.4178;-3.7007;La Paz;;New York City;female;https://www.oas.org/artsoftheamericas/maria-luisa-pacheco;;inicia formação artística em La Paz e continua estudos de pós-graduação em Madri;;;"MAC; outros; MAC USP";"La Paz, Bolívia; Madrid, Espanha";"1934; 1951–1952";https://en.wikipedia.org/wiki/Mar%C3%ADa_Luisa_Pacheco;alta;-16.4977871;-68.1258403;100.0;40.7130466;-74.0072301;100.0
Maria Luiza Pompeu;Brazil;estudos com Alfredo Norfini;;;Campinas;;Campinas;female;https://pt.wikipedia.org/wiki/Maria_Luiza_Pompeu;;A fonte recuperada registra o mestre, não uma escola formal.;;;"outros; Museu Paulista";Campinas;;;media;-22.9073702;-47.0628996;100.0;-22.9073702;-47.0628996;100.0
Maria Lídia Magliani;Brazil;Federal University of Rio Grande do Sul;-30.033611111111;-51.219166666667;Pelotas;;Rio de Janeiro;female;MAC_consolidado_normalized.csv / nationality_applied_dataset.csv;;"dados recuperados de base auxiliar; datas não localizadas";;;"MAC; outros; MAC USP";Porto Alegre, Brasil;;;alta;-31.7466131;-52.3353928;100.0;-22.9014475;-43.1789159;100.0
Maria Polo;;University of Cordoba;37.8847;-4.78833;Venice, Italy;;;female;;;"grafia abreviada no CSV; preenchimento baseado no verbete de Maria Polo.";Enciclopédia Itaú Cultural;médio;"MAC; outros";;;;;;;;;;
Maria Salomé;;"formação artística brasileira; instituição não identificada na fonte aberta consultada";"; ";"; ";;;;female;https://www.catalogodasartes.com.br/;;Nome amplo e fontes abertas insuficientes nesta rodada.;;;"outros; Museu Histórico Nacional";Brasil;;;baixa;;;;;;
Maria Tereza Louro;;"Fundação Armando Alvares Penteado (FAAP); Escola de Comunicações e Artes da Universidade de São Paulo (ECA-USP)";"-23.5450155; -23.55833333";"-46.6630802; -46.72694444";São Paulo, São Paulo, Brazil;;;female;https://www.escavador.com/sobre/2433848/maria-tereza-figueiredo-das-neves-louro | https://arteref.com/artista-da-semana/conheca-a-arte-de-maria-tereza-louro/;;A fonte acadêmica recuperada lista graduação, especializações e mestrado.;Enciclopédia Itaú Cultural;alto;"MAC; outros; MAC USP";São Paulo (SP);"1984; 1985; 1991; 2000";https://www.escavador.com/sobre/2433848/maria-tereza-figueiredo-das-neves-louro;alta;;;;;;
Mariam Akbar;Bahrain;;;;Bahrain;;;;;;"FILE explicita “País de Origem: Barém”; preenchido em nível de país.";FILE Festival (País de Origem);alta;FILE;;;;;;;;;;
Mariana Manhães;Brazil;"Universidade Federal Fluminense (UFF); Escola de Artes Visuais do Parque Lage; Universidade Federal do Rio de Janeiro (UFRJ)";"-22.9032307; -22.9606; -22.8625";"-43.1165843; -43.212; -43.223888888889";Niterói;;;female;https://eavparquelage.rj.gov.br/professor/mariana-manhaes | https://www.catalogodasartes.com.br/artista/Mariana%20Manhaes%20%20-%20Mariana%20Manh%EF%BF%BDes%20/;;A cronologia da formação artística e acadêmica aparece com clareza nas fontes.;;;"MAC; outros; MAC USP";"Niterói; Rio de Janeiro";"Psicologia concluída em 2001; formação artística 1997-2005; mestrado concluído em 2012";https://eavparquelage.rj.gov.br/professor/mariana-manhaes | https://www.catalogodasartes.com.br/artista/Mariana%20Manhaes%20%20-%20Mariana%20Manh%EF%BF%BDes%20/;alta;-22.8898227;-43.1220775;100.0;;;
Mariana Palma;Brazil;Fundação Armando Álvares Penteado (FAAP);-23.5450155;-46.6630802;São Paulo;;;female;"currículo da artista; Guia das Artes";;bacharelado em Artes Plásticas;;;"outros; Museu Victor Meirelles";São Paulo, SP;1998–2001;"currículo da artista; Guia das Artes";alta;-23.5486657;-46.6382522;100.0;;;
Mariana Silva da Silva;Brazil;"Instituto de Artes da UFRGS; Faculté des Arts, Université de Picardie Jules Verne";"-30.0292; 49.8768";"-51.2233; 2.2646";;;;female;"MACRS; Escavador";;"bacharel, mestre e doutora em Artes Visuais pela UFRGS; estágio na Université de Picardie Jules Verne; datas não localizadas com segurança";;;"outros; Museu Victor Meirelles";"Porto Alegre, RS; Amiens, França";;;media;;;;;;
Marianne Peretti;Brazil;"Académie de la Grande Chaumière; École nationale supérieure des arts décoratifs";48.85666666666667;2.352222222222222;Paris;;Recife;female;https://mauc.ufc.br/pt/marianne-peretti/;;Fonte institucional confirma as duas escolas em Paris, mas não traz datas precisas do período de estudos.;;;"MAC; outros; MAC USP";"Paris, França; Paris, França";;;alta;48.856372814;2.352529617;100.0;-8.0551894;-34.871176;100.0
Marie Ciesielski;France;Supinfocom Rubika School;;;;;;female;FILE Festival;médio;local de nascimento não localizado em fonte auditável;;;FILE;;;;;;;;;;
Marija Avramovic;France;"Faculty of Fine Arts, Belgrade; École nationale supérieure des beaux-arts, Paris; École nationale supérieure d'art et de design de Nancy";"44.81777777777778; 48.85680555555555; 48.692777777778";"20.45694444444445; 2.333277777777778; 6.1836111111111";Belgrade, Serbia;;;female;"https://maravramovic.wixsite.com/marijaavramovic/cv; https://novembargallery.com/en/artists/marija-avramovic-3/";alta;;CV da artista;alto;FILE;;;;;;;;;;
Marilyn Diggs;;;;;Tulsa, Oklahoma, USA;;;;;;"biografia localizada; formação não localizada com segurança";MAC USP;alto;"MAC; outros; MAC USP";;;;;;;;;;
Marina Saleme;;"curso de desenho em Montreaux; Fundação Armando Álvares Penteado (FAAP); curso de desenho e pintura com Carlos Fajardo";46.435;6.9125;São Paulo, São Paulo, Brazil;;;female;"https://www.luisastrina.com.br/artists/84-marina-saleme/biography/; https://www.escritoriodearte.com/artista/marina-saleme";;combina curso livre, licenciatura e formação complementar;https://marinasaleme.com/cv/;alta;"MAC; outros; MAC USP";"Montreaux, Suíça; São Paulo, Brasil; São Paulo, Brasil";"1976; 1977–1982; 1981";"https://www.luisastrina.com.br/artists/84-marina-saleme/biography/ ; https://www.escritoriodearte.com/artista/marina-saleme";alta;;;;;;
Marine Varguy;France;Gobelins;48.836944444444;2.3536111111111;France;;;female;https://www.stashmedia.tv/tag/marine-varguy/;média;"FILE explicita “País de Origem: França”; preenchido em nível de país.";FILE Festival (País de Origem);alta;FILE;;;;;;;;;;
Mario Ballocco;Italy;Brera Academy;45.47222222;9.18888889;Milan;;Milan;male;MAC_consolidado_normalized.csv / nationality_applied_dataset.csv;;"dados recuperados de base auxiliar; datas não localizadas";;;"MAC; outros; MAC USP";Milão, Itália;;;alta;45.4636183;9.1881156;100.0;45.4636183;9.1881156;100.0
Mario Faustinelli;Italy;;;;Venice;;Milan;male;;;formação não localizada com segurança;;;"MAC; outros; MAC USP";;;;;45.434608;12.338913;100.0;45.4636183;9.1881156;100.0
Mario Mafai;Italy;Scuola Libera del Nudo, Accademia di Belle Arti di Roma;41.9075;12.4756;Rome;;Rome;male;https://pt.wikipedia.org/wiki/Mario_Mafai;;Biografia consultada confirma a frequência à Scuola Libera del Nudo, sem datas precisas nesta passada.;;;"MAC; outros; MAC USP";Roma, Itália;;;media;41.8905568;12.4942679;100.0;41.8905568;12.4942679;100.0
Mario Sironi;Italy;"University of Rome; Scuola Libera del Nudo, Accademia di Belle Arti di Roma";41.9075;12.4756;Sassari;;Milan;male;https://en.wikipedia.org/wiki/Mario_Sironi;;A biografia consultada informa estudos de engenharia em Roma e, depois, formação artística na Scuola Libera del Nudo.;;;"MAC; outros; MAC USP";"Roma, Itália; Roma, Itália";"até 1903; c. 1903–1905";https://en.wikipedia.org/wiki/Mario_Sironi;media;40.7273106;8.5586705;100.0;45.4636183;9.1881156;100.0
Mario Toral;Chile;Beaux-Arts de Paris;48.85680555555555;2.333277777777778;Santiago;;;male;MAC_consolidado_normalized.csv / nationality_applied_dataset.csv;;"dados recuperados de base auxiliar; datas não localizadas";;;"MAC; outros; MAC USP";Paris, França;;;alta;-33.4459946;-70.6670569;100.0;;;
Mark Lotterman;Kingdom of the Netherlands;;;;Rotterdam;;;male;;;;;;FILE;;;;;51.918323034;4.493749988;100.0;;;
Mark Regester;Scotland;;;;Scotland;;;male;;;fonte identifica apenas o país de nascimento;FILE Festival;médio;FILE;;;;;;;;;;
Mark Tholander;Kingdom of Denmark;"Jutland Art Academy; Imperial Academy of Arts, St. Petersburg";59.95;30.316666666667;Denmark;;;male;"https://currentsnewmedia.org/artist/mark-tholander/; https://archive.simultan.org/authors/mark-tholander/";média;"FILE explicita “País de Origem: Dinamarca”; preenchido em nível de país.";FILE Festival (País de Origem);alta;FILE;;;;;;;;;;
Markus Magnusson;Sweden;;;;Sweden;;;male;;;"FILE explicita “País de Origem: Suécia”; preenchido em nível de país.";FILE Festival (País de Origem);alta;FILE;;;;;;;;;;
Marleine van der Werf;Kingdom of the Netherlands;"St. Joost School of Art & Design; Dutch Film Academy";"51.58888888888889; 52.368333333333";"4.775833333333333; 4.9047222222222";Groningen;;;female;"https://filmforward.nl/en/participant/marleine-van-der-werf/; https://www.marleinevdwerf.com/bio-c3jm";alta;;;;FILE;;;;;53.219956308;6.564955801;100.0;;;
Marta Di Francesco;;;;;;;;female;;;local de nascimento não localizado em fonte auditável;;;FILE;;;;;;;;;;
Marta Peluffo;Argentina;Escuela Nacional de Bellas Artes Prilidiano Pueyrredón;-34.59472222;-58.39944444;La Plata;;Buenos Aires;female;fontes biográficas de referência;;"instituição identificada; datas aproximadas";;;"MAC; outros; MAC USP";Buenos Aires, Argentina;c. 1940s;fontes biográficas de referência;media;-34.9019125;-57.9511252;100.0;-34.6090264;-58.3732215;100.0
Martin Calvino;United States;"Universidad de la República; University of Tsukuba; Rutgers University";-34.90591666666667;-56.19131111111111;Uruguay;;;male;FILE Festival;médio;fonte identifica apenas o país de nascimento;Seton Hall University exhibition;médio;FILE;;;;;;;;;;
Martina Menegon;Italy;IUAV University of Venice;45.4331;12.3149;Italy;;;female;;;fonte identifica apenas o país de nascimento;Vienna Design Week;médio;FILE;;;;;42.83333;12.83333;100.0;;;
Martina Scarpelli;Italy;"Academy of Brera in Milan; Experimental Center of Cinematography in Turin";"45.47222222; 41.851021";"9.18888889; 12.499566";Rome, Lazio, Italy;;;female;"https://martinascarpelli.com/about; https://www.animazioni.net/martina-scarpelli/";alta;;Animaphix;médio;FILE;;;;;;;;;;
Mary de Souza;;"formação artística brasileira; instituição não identificada na fonte aberta consultada";"; ";"; ";;;;female;https://www.catalogodasartes.com.br/;;Registro mantido prudente por insuficiência de fonte aberta detalhada.;;;"outros; Museu Histórico Nacional";Brasil;;;baixa;;;;;;
María Bilbao-Herrera;;The Art Institute of Fort Lauderdale;26.1;-80.122;Caracas;;;female;;;;;;FILE;;;;;10.48801;-66.87919;100.0;;;
María Papi;Argentina;Universidad Nacional de las Artes (UNA);-34.59472222;-58.39944444;Argentina;;;female;"https://www.curatedbygirls.com/maria-papi/; https://filmfreeway.com/mariapapi";média;"fonte biográfica identifica apenas o país; preenchimento mantido em nível de país.";FilmFreeway / FILE Festival;médio;FILE;;;;;;;;;;
Masahiko Satō;Japan;Keio University;35.649166666667;139.74277777778;Tokyo;;;male;;;;;;FILE;;;;;35.68945633;139.69171609;100.0;;;
Masao Kodama;;;;;Wakayama, Japão;;;;;;formação não localizada com segurança;https://acervo.mac.usp.br/acervo/index.php/Detail/entities/5546;alta;"MAC; outros; MAC USP";;;;alta;;;;;;
Massimo Campigli;Italy;Universidade de Florença;43.77777;11.25951;Berlin;;Saint-Tropez;male;fontes biográficas de referência;;formação universitária anterior à carreira artística;;;"MAC; outros; MAC USP";Florença, Itália;s.d.;fontes biográficas de referência;baixa;52.517669999;13.405537999;100.0;43.273286531;6.639795945;100.0
Massimo Saverio Maida;Italy;"Scuola del Libro, Urbino; School of Cinema Television and New Media Luchino Visconti, Milan";"43.7273274; 45.466944444444";"12.6353072; 9.19";Naples, Italy;;;male;https://en.almanimatori.com/team/massimo-saverio-maida;média;;site oficial do artista;alto;FILE;;;;;;;;;;
Massimo Vito Avantaggiato;Italy;"Università Cattolica; SDA Bocconi; Conservatorio Giuseppe Verdi di Milano; Conservatorio Arrigo Boito di Parma";"45.466944444444; 45.44742222222222; 45.465; 44.79975";"9.19; 9.18754722222222; 9.203611111111112; 10.32475";Italy;;;male;"https://autori.poetipoesia.com/minisiti-massimo-vito-avantaggiato/; https://www.massimoavantaggiato.com/";média;"FILE explicita “País de Origem: Itália”; preenchido em nível de país.";FILE Festival (País de Origem);alta;FILE;;;;;;;;;;
Master of the Bigallo Crucifixion;;;;;;;;male;;;"mestre anônimo/identidade incerta; formação não documentada";;;"outros; MASP";;;;;;;;;;
Matt Hammill;Canada;Sheridan College;43.46888888888889;-79.7;Ontario, Canada;;;male;https://matthammill.com/about/;alta;Fonte institucional usa formulação de origem (“desenvolvedor de jogos e artista de Ontário, Canadá”), sem afirmar nascimento.;FILE Festival (biografia do artista);baixa;FILE;;;;;;;;;;
Matthew Schoen;Canada;Montreal Music Conservatory;45.5033426;-73.5868411;Montreal, Canada;;;male;https://avnode.net/matthew-schoen/;média;Fonte institucional usa formulação de origem (“Sou motion designer e artista 3D de Montreal, Canadá”), sem afirmar nascimento.;FILE Festival (biografia do artista);baixa;FILE;;;;;;;;;;
Matthew Williamson;United Kingdom;Central Saint Martins;51.535555555556;-125;Chorlton-cum-Hardy;;;male;;;;;;FILE;;;;;53.437935839;-2.269066458;100.0;;;
Matthieu Cherubini;Switzerland;"University of Applied Sciences of Western Switzerland; Geneva University of Art and Design (HEAD – Genève); Royal College of Art";"47.361332; 46.2089";"7.345858; 6.14132";Switzerland;;;male;"https://www.fact.co.uk/artist/matthieu-cherubini; https://archive.file.org.br/participantes/matthieu-cherubini/";alta;"FILE explicita “País de Origem: Suíça”; preenchido em nível de país.";FILE Festival (País de Origem);alta;FILE;;;;;;;;;;
Mattia Moreni;Italy;Universidade de Turim;45.069444444444;7.6888888888889;Pavia;;Brisighella;male;https://it.wikipedia.org/wiki/Mattia_Moreni;;"instituição identificada; datas não localizadas com precisão";;;"MAC; outros; MAC USP";Turim, Itália;;;media;45.1858877;9.1565627;100.0;44.2228774;11.7717285;100.0
Mauricio Jabur;Brazil;ETEC Lauro Gomes;-23.69;-46.54;Brazil;;;male;https://www.escavador.com/sobre/840464017/mauricio-aurelio-jabur;baixa;"FILE explicita “País de Origem: Brasil”; preenchido em nível de país.";FILE Festival (País de Origem);alta;FILE;;;;;;;;;;
Mauricio Sáenz;Mexico;Universitat Politècnica de València;39.48088957948802;-0.3411099306510339;Matamoros, México;;;male;"https://archive.file.org.br/participantes/mauricio-saenz/; https://proyector.info/en/profile/mauricio-saenz/";média;;Casa Tomada;médio;FILE;;;;;;;;;;
Maurício Chades;Brazil;"Universidade de Brasília; School of the Art Institute of Chicago";"-15.761388888888888; 41.879444444444";"-47.86638888888889; -87.623888888889";Gilbués, Piauí, Brasil;;;male;"https://www.mauriciochades.com/; https://www.premiopipa.com/mauricio-chades/";alta;;site oficial do artista;alto;FILE;;;;;;;;;;
Maurício Nogueira Lima;Brazil;"Instituto de Belas Artes da UFRGS; Instituto de Arte Contemporânea do MASP";"-30.033611111111; -23.56111111111111";"-51.219166666667; -46.65583333333333";Recife;;Campinas;male;https://www.escritoriodearte.com/artista/mauricio-nogueira-lima;;na volta a São Paulo frequenta cursos de comunicação visual, desenho industrial e propaganda no IAC/MASP;;;"MAC; outros; MAC USP";"Porto Alegre, Brasil; São Paulo, Brasil";"1947–1950; 1951";https://www.escritoriodearte.com/artista/mauricio-nogueira-lima;alta;-8.0551894;-34.871176;100.0;-22.9073702;-47.0628996;100.0
Max Björverud;Sweden;;;;Sweden;;;male;;;"FILE explicita “País de Origem: Suécia”; preenchido em nível de país.";FILE Festival (País de Origem);alta;FILE;;;;;;;;;;
Max Cooper;United Kingdom;University of Nottingham;52.93888888888889;-1.1969444444444444;Belfast;;;male;;;;;;FILE;;;;;54.5972686;-5.9301088;100.0;;;
Max Ernst;Cuba;"University of Bonn; Universidade de Bonn";"50.733888888889; 50.733888888889";"7.1022222222222; 7.1022222222222";Brühl;Crématorium-columbarium du Père-Lachaise;7th arrondissement of Paris;male;"Britannica; biografia institucional";;estudos universitários antes da consolidação artística;;;"MAC; outros; MAC USP";Bonn, Alemanha;1909–1914;"Britannica; biografia institucional";alta;50.829489999;6.902458;100.0;48.8637;2.2769;83.21
Max Hilsamer;Germany;"Universität der Künste Berlin; Parsons The New School for Design";52.50916666666667;13.32694444444444;;;;male;"https://archive.file.org.br/participantes/max-hilsamer/; https://screen-sharing.net/Max-Hilsamer";média;"Lote 8 pesquisado; sem fonte auditável suficiente para local de nascimento.";;;FILE;;;;;;;;;;
Max Porter;United States;"Netherlands Institute for Animated Film; Rhode Island School of Design";52.36666666666667;4.883333333333333;New York City;;;male;CV de Max Porter — Baker Artist Portfolio;alto;;;;FILE;;;;;40.7130466;-74.0072301;100.0;;;
Max van der Ree;Kingdom of the Netherlands;"HKU University of the Arts Utrecht; Utrecht University";52.09303055555556;5.121088888888889;Netherlands;;;male;"https://ercsynergy-resilience.eu/max-van-der-ree/; https://archive.file.org.br/participantes/max-van-der-ree/";alta;"FILE explicita “País de Origem: Países Baixos / Holanda”; preenchido em nível de país.";FILE Festival (País de Origem);alta;FILE;;;;;;;;;;
Maxim Zhestkov;Russia;Ulyanovsk State University;54.311623;48.389972;Ulyanovsk, Russia;;;male;FILE Festival | Artsy;médio;;Wikipedia;médio;FILE;;;;;54.3187042;48.3976353;100.0;;;
Maxime Archambault;Canada;;;;Montreal, Canada;;;;;;Fonte institucional usa formulação de origem (“de Montreal, Canadá”), sem afirmar nascimento.;FILE Festival (biografia do artista);baixa;FILE;;;;;;;;;;
Maximiliano Scholze;Brazil;"formação acadêmica alemã; instituição não identificada na fonte aberta consultada";"; ";"; ";;;;male;https://www.wikidata.org/wiki/Q116444293;;Registro conservador com fonte aberta estruturada, sem detalhe cronológico suficiente.;;;"outros; Museu Paulista";Alemanha;;;baixa;;;;;;
Maya Puig;Germany;;;;West Berlin, Germany;;;female;;;;site oficial da artista;alto;FILE;;;;;;;;;;
Mehdi Aouichaoui;France;Supinfocom Rubika;50.35805555555555;3.523333333333333;;;;male;"https://rubika-edu.com/blog/mehdi-aouichaoui-diplome-2015-interviewe-par-allocine-pour-dragon-balsuper-broly/; https://www.allocine.fr/article/fichearticle_gen_carticle=18681154.html";alta;"Lote 8 pesquisado; sem fonte auditável suficiente para local de nascimento.";;;FILE;;;;;;;;;;
Meike Redeker;Germany;"Braunschweig University of Art; Institut Teknologi Bandung";-6.889852;107.609968;Germany;;;female;"https://meikeredeker.info/About; https://www.goethe.de/ins/in/en/sta/ban/ueb/bar/red.html";alta;"FILE explicita “País de Origem: Alemanha”; preenchido em nível de país.";FILE Festival (País de Origem);alta;FILE;;;;;;;;;;
Mengjing Yang;;Supinfocom – RUBIKA;50.35805555555555;3.523333333333333;;;;;FILE Festival;médio;"Lote 8 pesquisado; sem fonte auditável suficiente para local de nascimento.";;;FILE;;;;;;;;;;
Mentalla Sayed;United Arab Emirates;American University of Sharjah;25.309722;55.490556;United Arab Emirates;;;female;"https://archive.file.org.br/participantes/mentalla-sayed/; https://www.middleeastarchitect.com/insight/tashkeel-presents-four-emerging-uae-based-designers";média;"FILE explicita “País de Origem: Emirados Árabes Unidos”; preenchido em nível de país.";FILE Festival (País de Origem);alta;FILE;;;;;;;;;;
Merlin Flügel;Germany;University of Art and Design Offenbach;50.1075;8.76472222;Naila, Germany;;;male;FILE Festival;médio;;FILE Festival / Folkwang Universität;alto;FILE;;;;;50.330342999;11.706880999;100.0;;;
Mestre da Família Artés;;oficina catalã medieval;41.3825;2.1769444444444;;;;male;https://www.museodelprado.es/;;"Trata-se de nome de convenção histórica, não de artista civil identificado; registrei apenas a tradição/oficina.";;;"outros; MASP";Catalunha;;;baixa;;;;;;
Miao Jing;People's Republic of China;Peking University;39.989722222222;116.30527777778;Chongqing, China;;;male;;;;site oficial do artista / A4 Art Museum;alto;FILE;;;;;29.56026;106.55771;100.0;;;
Michael Grotenhoff;;;;;Ahaus, Westphalia, Germany;;;male;;;;ApolloFilm;alto;FILE;;;;;;;;;;
Michael Lee;;;;;Singapore;;;;;;;4A Centre for Contemporary Asian Art;alto;FILE;;;;;;;;;;
Michael Marczewski;United Kingdom;;;;United Kingdom;;;male;;;"FILE explicita “País de Origem: Reino Unido”; preenchido em nível de país.";FILE Festival (País de Origem);alta;FILE;;;;;;;;;;
Michael Takeo Magruder;United States;University of Virginia;38.035555555555554;-78.50333333333333;United States;;;male;CV oficial / FILE Festival;alto;;CV oficial / Ben Uri Research Unit;médio;FILE;;;;;39.398703156;-99.41461919;100.0;;;
Michael Trikosko;United States;Ringling College of Art and Design;27.3607;-82.5481;Estados Unidos;;;male;"https://zerply.com/MTrikosko; https://vimeo.com/175738725";média;Ficha FILE explicita País de Origem.;FILE Archive — ficha de participante;alta;FILE;;;;alta;;;;;;
Michaela Čopíková;Slovakia;Academy of Performing Arts in Bratislava;48.14388889;17.10972222;Bratislava, Eslováquia;;;female;https://archiv.anifilm.cz/2020/en/program/jury-programme/non-competitive-sections/jury-programme-michaela-copikova-ove-pictures/;média;"Biografia diz “artista ... da Bratislava”; local usado com base em formulação equivalente a “é de”.";FILE Archive — biografia de participante;baixa;FILE;;;;baixa;;;;;;
Michaël Verlinden;;Ghent Royal Conservatory;51.03319;3.742218;;;;male;https://ap-arts.be/en/person/michael-verlinden;alta;local de nascimento não localizado em fonte auditável;;;FILE;;;;;;;;;;
Michele Rocca;Republic of Venice;formação com Pietro da Cortona;;;Parma;;Venice;male;https://en.wikipedia.org/wiki/Michele_Rocca;;Registro mantido de forma conservadora por escassez de cronologia detalhada.;;;"outros; MASP";"Parma; Roma";;;baixa;44.8078212;10.3296266;100.0;45.434608;12.338913;100.0
Mick Carnicelli;;"Mackenzie College; Accademia di Belle Arti di Venezia; estudos com Ettore Tito";-23.54564;-46.652302;Agropoli, Campania, Itália;;;male;https://enciclopedia.itaucultural.org.br/pessoas/7380-mick-carnicelli | https://www.escritoriodearte.com/artista/michele-carnicelli-sobrinho;;A fonte menciona curso comercial no Mackenzie e estudos de pintura em Veneza.;https://acervo.mac.usp.br/acervo/index.php/Detail/entities/5198;alta;"MAC; outros; MAC USP";"São Paulo (SP); Veneza (Itália)";1909;https://www.escritoriodearte.com/artista/michele-carnicelli-sobrinho;alta;;;;;;
Mick Lorusso;United States;"Colorado College; San Francisco Art Institute";"38.848611; 37.8035";"-104.825; -122.417";United States;;;male;UCLA Art | Sci Center + Lab;alto;"fonte biográfica identifica apenas o país; preenchimento mantido em nível de país.";ARTTEXTUM;médio;FILE;;;;;;;;;;
Miguel Angel Ferreira;;Escuela Nacional de Bellas Artes Manuel Belgrano;-34.63486827098634;-58.37169270382104;Buenos Aires, Argentina;;;;https://artedelaargentina.com/disciplinas/artista/pintura/miguel-angel-ferreira | https://www.arteinformado.com/guia/f/miguel-angel-ferreira-48197;;As fontes confirmam a escola, mas não trazem cronologia detalhada.;Arte de la Argentina;médio;"MAC; outros; MAC USP";Buenos Aires;sem data exata na fonte;;media;;;;;;
Miguel Melcon;;;;;Buenos Aires, Argentina;;;male;;;"biografia localizada; formação não localizada com segurança";Arte de la Argentina / Blanton Museum;médio;"MAC; outros; MAC USP";;;;;;;;;;
Miguel Navarro Cañizares;Spain;"Reial Acadèmia de Belles Arts de Sant Carles de València; Escola de Belas Artes de São Carlos de Valência; Escola de São Fernando; ateliê de Federico de Madrazo y Kuntz";"39.47; 40.4178";"-0.3763888888888889; -3.7007";Valencia;;Rio de Janeiro;male;https://pt.wikipedia.org/wiki/Miguel_Navarro_Ca%C3%B1izares;;;;;"outros; Museu Histórico Nacional";"Valência; Madri";;;alta;39.4702393;-0.3768049;100.0;-22.9014475;-43.1789159;100.0
Miguel Ângelo Lupi;Kingdom of Portugal;Academia de Belas-Artes de Lisboa;38.708042;-9.139016;Lisbon;;Lisbon;male;https://pt.wikipedia.org/wiki/Miguel_Lupi | https://www.infopedia.pt/artigos/%24miguel-angelo-lupi;;;;;"outros; Museu Nacional de Belas Artes";Lisboa;1841-1848;https://pt.wikipedia.org/wiki/Miguel_Lupi | https://www.infopedia.pt/artigos/%24miguel-angelo-lupi;alta;38.7070085;-9.1356407;100.0;38.7070085;-9.1356407;100.0
Miguelzinho Dutra;Brazil;;;;Itu;;Piracicaba;male;https://pt.wikipedia.org/wiki/Miguel_Arcanjo_Ben%C3%ADcio_de_Assun%C3%A7%C3%A3o_Dutra | https://enciclopedia.itaucultural.org.br/pessoas/2334-miguelzinho-dutra;;As fontes consultadas descrevem a formação como autodidata.;;;"outros; Pinacoteca de São Paulo";Formação autodidata;;;media;-23.265697;-47.299124;100.0;-22.724976;-47.6476;100.0
Mike Celona;;Syracuse University;43.037638888889;-76.134;Rochester, New York, USA;;;male;"https://mikecelona.net/bio-cv/; https://archive.file.org.br/participantes/mike-celona/";alta;;VIP interview / site oficial do artista;alto;FILE;;;;;;;;;;
Mike Gao (Musician);;"University of Southern California; Stanford University; University of California San Diego";32.88111111111111;-117.2380555555556;Los Angeles, United States;;;male;"https://musicgrad.ucsd.edu/~mmgao/; https://asianamericanmusics17.wordpress.com/2017/05/01/mike-gao-ivory-tower-education-dtla-beats/";média;"fonte descreve o artista como “from Los Angeles”; usado com baixa confiança.";site oficial do artista;baixa;FILE;;;;;;;;;;
Mike Pelletier;Canada;Piet Zwart Institute;51.95;4.4166666666667;Prince Albert, Saskatchewan, Canada;;;male;site oficial de Mike Pelletier | FILE Festival;alto;;Highlike / site oficial do artista;médio;FILE;;;;;;;;;;
Mike Rijnierse;Netherlands;"ArtScience Interfaculty; Royal Academy of Art, The Hague; Royal Conservatoire, The Hague";52.08;4.31;Haarlem, Netherlands;;;male;highlike — Mike Rijnierse;médio;;Highlike / CV do artista;médio;FILE;;;;;;;;;;
Mike von Rotz;Netherlands;Utrecht University of the Arts (HKU);52.085277777777776;5.175;;;;male;FILE Festival — Mike von Rotz;alto;local de nascimento não localizado em fonte auditável;;;FILE;;;;;;;;;;
Miki Del Prete;Italy;;;;Bari;;;male;;;;;;FILE;;;;;41.1259135;16.8721133;100.0;;;
Mikkel Vedel;Kingdom of Denmark;The Animation Workshop;56.4561;9.40611;Odense, Denmark;;;male;blog/showreel de Mikkel Vedel;médio;;IMDb;médio;FILE;;;;;;;;;;
Milan Zulic;Serbia;;;;Sombor, Serbia;;;male;;;;FILE Festival;médio;FILE;;;;;;;;;;
Milton Dacosta;Brazil;"ateliê de August Hantv; Escola Nacional de Belas Artes (curso livre de Marques Júnior)";-22.8625055;-43.2256622;Niterói;;Rio de Janeiro;male;"Itaú Cultural; Guia das Artes";;Frequenta por cerca de três meses o curso livre da Enba em 1930.;;;"MAC; outros; MAC USP";"Niterói, Brasil; Rio de Janeiro, Brasil";"1929; 1930";Itaú Cultural;alta;-22.8898227;-43.1220775;100.0;-22.9014475;-43.1789159;100.0
Min Liu;;"National Taiwan University; School of Visual Arts";"25.016; 40.73861111";"121.536; -73.98222222";Taiwan;;;;site oficial da artista | FILE Festival;médio;"fonte biográfica identifica apenas o país; preenchimento mantido em nível de país.";FILE Festival;médio;FILE;;;;;;;;;;
Minoru Kawabata;Japan;"Tokyo University of the Arts; Tokyo Academy of Fine Arts";35.68944444444445;139.6916666666667;Tokyo;;;male;https://www.alisonbradleyprojects.com/artists/41-minoru-kawabata/biography/;;;;;"MAC; outros; MAC USP";Tóquio, Japão;até 1934;https://www.alisonbradleyprojects.com/artists/41-minoru-kawabata/biography/;alta;35.68945633;139.69171609;100.0;;;
Mira Schendel;Brazil;"Universidade Católica de Milão; escola de arte não especificada";45.466944444444;9.19;Zurich;;São Paulo;female;"https://enciclopedia.itaucultural.org.br/pessoas/708-mira-schendel; https://pt.wikipedia.org/wiki/Mira_Schendel";;instituição artística em Milão não especificada na fonte consultada;;;"MAC; outros; MAC USP";Milão, Itália;"c. 1930s; 1936–";"https://enciclopedia.itaucultural.org.br/pessoas/708-mira-schendel; https://pt.wikipedia.org/wiki/Mira_Schendel";baixa;47.38454096;8.529927493;100.0;-23.5486657;-46.6382522;100.0
Mirjam Weder;Switzerland;"Universität Zürich; Universität Basel";"47.374722222222; 47.55852";"8.5483333333333; 7.58346";Suíça;;;female;Universität Basel — perfil de Mirjam Weder;alto;Ficha FILE explicita País de Origem.;FILE Archive — ficha de participante;alta;FILE;;;;alta;;;;;;
Miro Soares;Brazil;"École Supérieure d’Art de Grenoble; Université Paris 1 Panthéon-Sorbonne";45.1867;5.72657;Mantena, Minas Gerais, Brazil;;;male;perfil acadêmico de Miro Soares (UFES/Academia.edu);médio;;FILE Festival;alta;FILE;;;;;;;;;;
Mladen Srbinović;Yugoslavia;Academy of Fine Arts, Belgrade;44.819524;20.453494;Sushica;Belgrade New Cemetery;;male;fontes biográficas de referência;;;;;"MAC; outros; MAC USP";Belgrado, Sérvia;c. 1940s–1950s;fontes biográficas de referência;media;57.6175411;31.0548933;100.0;;;
Mme. A. Deharmel;;;;;;;;female;;;;;;"outros; Museu Histórico Nacional";;;;;;;;;;
Moacyr de Vicentis Rocha;;Estúdio Gravura, escola de Lívio Abramo;;;;;;;https://revistas.belasartes.br/revistabelasartes/article/view/263 | https://livrozilla.com/doc/412295/zita-viana-de-barros-e-moacyr-de-vicentis-rocha | https://www.academia.edu/26758427/ZITA_VIANA_DE_BARROS_E_MOACYR_DE_VICENTIS_ROCHA_A_PRODU%C3%87%C3%83O_SOB_A_INFLU%C3%8ANCIA_DE_L%C3%8DVIO_ABRAMO;;local de nascimento não localizado em fonte auditável na pesquisa deste lote.;;;"MAC; outros; MAC USP";São Paulo;1960-1962;https://revistas.belasartes.br/revistabelasartes/article/view/263 | https://livrozilla.com/doc/412295/zita-viana-de-barros-e-moacyr-de-vicentis-rocha;alta;;;;;;
Modesto Brocos Gómez;Spain;"Academia de Belas Artes da Corunha; cursos livres da Academia Imperial de Belas Artes";43.37385694021591;-8.400027032341967;Santiago de Compostela;;Rio de Janeiro;male;https://pt.wikipedia.org/wiki/Modesto_Brocos | https://www.catalogodasartes.com.br/artista/Modesto%20Brocos%20-%20Modesto%20Brocos%20y%20Gomez/;;A formação inicial inclui desenho com o irmão Isidoro Brocos y Gómez.;;;"outros; Museu Nacional de Belas Artes";"Corunha; Rio de Janeiro";"até cerca dos 18 anos; a partir de 1875";https://www.catalogodasartes.com.br/artista/Modesto%20Brocos%20-%20Modesto%20Brocos%20y%20Gomez/;alta;42.8806228;-8.5466071;100.0;-22.9014475;-43.1789159;100.0
Modesto Cuixart;Spain;"Acadèmia Lliure de Pintura de Barcelona; universidade em Paris";"41.3825; 48.85666666666667";"2.1769444444444; 2.352222222222222";Barcelona;Palafrugell Cemetery;Palamós;male;https://es.wikipedia.org/wiki/Modest_Cuixart;;Biografia confirma academia livre em Barcelona e frequência universitária em Paris, sem detalhar a instituição parisiense.;;;"MAC; outros; MAC USP";"Barcelona, Espanha; Paris, França";"c. 1940s; c. 1950";https://es.wikipedia.org/wiki/Modest_Cuixart;baixa;41.387917;2.1699187;100.0;41.8467643;3.1286356;100.0
Moisés Patrício;;Escola de Comunicações e Artes da Universidade de São Paulo (ECA-USP);-23.55833333;-46.72694444;São Paulo, São Paulo, Brazil;;;;https://galeriaestacao.com.br/documents/portfolio_100_df714-portfolio-moises-patricio-%28portugues%29-.pdf | https://amlatina.contemporaryand.com/pt/people/moises-patricio/0/ | https://acervo.macrs.rs.gov.br/artistas-macrs/moises-patricio/;;As fontes consultadas confirmam a formação na ECA-USP, mas não trazem cronologia detalhada.;https://enciclopedia.itaucultural.org.br/pessoas/37362-moises-patricio;alta;"MAC; outros; MAC USP";São Paulo;;;alta;;;;;;
Monica Manalo;United States;School of Visual Arts;40.73861111;-73.98222222;;;;female;currículo de Monica Manalo;alto;local de nascimento não localizado em fonte auditável;;;FILE;;;;;;;;;;
Montez Magno;Brazil;;;;Timbaúba, Pernambuco, Brazil;;;male;https://www.guiadasartes.com.br/montez-magno-de-oliveira/biografia;;a fonte registra estudos de desenho e pintura, mas não nomeia com segurança a instituição;https://galatea.art/artists/24?language=pt;media;"MAC; outros; MAC USP";Recife, Brasil;1953–1966;https://www.guiadasartes.com.br/montez-magno-de-oliveira/biografia;media;;;;;;
Morehshin Allahyari;Iran;"University of Tehran; University of Denver; University of North Texas";"35.70333333333333; 39.678333; 33.21095";"51.419444444444444; -104.962222; -97.146958333333";Tehran;;;female;CV da artista;médio;;;;FILE;;;;;35.6863968;51.4328575;100.0;;;
Morgane Stricot;France;"École Supérieure d’Art d’Avignon; University of Maine";43.948611111111;4.8083333333333;França;;;female;MAPS | BORN DIGITAL — Morgane Stricot;médio;Ficha FILE explicita País de Origem.;FILE Archive — ficha de participante;alta;FILE;;;;alta;;;;;;
Moritz Reichartz;Germany;Academy of Fine Arts Stuttgart;48.7775;9.18;Germany;;;male;FILE Festival;médio;;FILE Festival (País de Origem);alto;FILE;;;;;;;;;;
Morris Graves;United States;;;;Fox;;Loleta;male;fontes biográficas de referência;;"artista geralmente descrito como autodidata; sem escola formal localizada";;;"MAC; outros; MAC USP";Seattle, EUA;;;media;41.623184;-88.49519;100.0;40.640741;-124.226367;100.0
Moshe Castel;Israel;"École du Louvre; Bezalel Art School; estúdio de Yitzhak Frenkel; Académie Julian";31.78116666666667;35.22361111111111;Jerusalem;Kiryat Shaul Cemetery;Tel-Aviv;male;https://castelmuseum.co.il/en/moshe-castel-artist/moshe-castel;;O museu do artista documenta a sequência completa de formação em Jerusalém, Tel Aviv e Paris.;;;"MAC; outros; MAC USP";"Jerusalém, Israel; Tel Aviv, Israel; Paris, França; Paris, França";"1922–1925; 1925–1927; 1927; 1927";https://castelmuseum.co.il/en/moshe-castel-artist/moshe-castel;alta;31.7890222;35.2010767;100.0;32.0735802;34.7880511;100.0
Moussia Pinto Alves;Brazil;;;;Sevastopol;;;female;fontes biográficas de referência;;"formação não institucional claramente localizada; mantido local de estudo/atividade";;;"MAC; outros; MAC USP";Rio de Janeiro, Brasil;s.d.;fontes biográficas de referência;baixa;44.550653;33.5389528;100.0;;;
Murat Saygıner;Czech Republic;autodidata;;;Prague;;;male;FILE Festival — Murat Saygıner;médio;;;;FILE;;;;;50.071199678;14.450977012;100.0;;;
Muriel Montini;France;Paris VIII University;48.944722222222;2.3633333333333;França;;;female;Szczecin Film Festival;médio;Ficha FILE explicita País de Origem.;FILE Archive — ficha de participante;alta;FILE;;;;alta;;;;;;
Muriel Paraboni;Brazil;"Universidade Federal de Santa Maria (UFSM); Universidade do Vale do Rio dos Sinos (Unisinos); Pontifícia Universidade Católica do Rio Grande do Sul (PUC-RS); Escuela Internacional de Cine y TV (EICTV); Universidade Federal do Rio Grande do Sul (UFRGS)";"22.917735; -30.033611111111";"-82.540882; -51.219166666667";Southern Brazil;;;male;brCRIS/IBICT;médio;fonte explicita apenas “born in Southern Brazil”, sem cidade ou estado.;site oficial do artista;media;FILE;;;;;;;;;;
Mustashrik;England;Surrey Institute of Art & Design;51.216;-806;Dhaka, Bangladesh;;;male;IMDb;médio;;Paul Gravett;médio;FILE;;;;;;;;;;
Mário Bueno;;;;;Guadalajara;;;male;https://www4.iar.unicamp.br/gaia/a-galeria/exposicoes-anteriores/2005-2/mario-bueno-in-memoriam-pinturas-desenhos-e-monotipias-de-1952-a-1993/;;A fonte consultada qualifica a trajetória como autodidata.;;;"MAC; outros; MAC USP";Formação autodidata;começou a pintar por volta dos 30 anos;https://www4.iar.unicamp.br/gaia/a-galeria/exposicoes-anteriores/2005-2/mario-bueno-in-memoriam-pinturas-desenhos-e-monotipias-de-1952-a-1993/;media;20.674161223;-103.336727247;100.0;;;
Mário Navarro da Costa;Brazil;Accademia di Belle Arti;45.47222222;9.18888889;Rio de Janeiro;;Florence;male;https://portalartes.com.br/hist%C3%B3ria/biografias/pintores-modernos/m%C3%A1rio-navarro-da-costa.html;;a fonte também registra estudo com José Maria de Medeiros e Rodolfo Amoedo e frequência a ateliês em Nápoles;;;"outros; Museu Nacional de Belas Artes";Nápoles, Itália;1914;https://portalartes.com.br/hist%C3%B3ria/biografias/pintores-modernos/m%C3%A1rio-navarro-da-costa.html;media;-22.9014475;-43.1789159;100.0;43.7686976;11.2569291;100.0
Mário Villares Barbosa;Brazil;"Liceu de Artes e Ofícios; Academia Julian; Escola Superior de Belas Artes";41.15;-8.610833333333334;Campinas;;Madrid;male;"https://www.catalogodasartes.com.br/artista/Mario%20Villares%20Barbosa%20-%20Mario%20Barbosa/ | https://www.guiadasartes.com.br/mario-villares-barbosa/obras-e-biografia; https://www.catalogodasartes.com.br/artista/Mario%20Villares%20Barbosa%20-%20Mario%20Barbosa/";;As mesmas fontes informam aprendizagem inicial com Oscar Pereira da Silva.;;;"outros; Pinacoteca de São Paulo";"São Paulo; Paris";"c.1901; 1905";https://www.catalogodasartes.com.br/artista/Mario%20Villares%20Barbosa%20-%20Mario%20Barbosa/;alta;-22.9073702;-47.0628996;100.0;40.4166909;-3.7003454;100.0
Mário Zanini;Brazil;"Escola Profissional Masculina do Brás; Liceu de Artes e Ofícios de São Paulo";"-23.54504; -23.5331446";"-46.61634; -46.6267577";São Paulo;;São Paulo;male;"Escritório de Arte; Guia das Artes";;;;;"MAC; outros; MAC USP";"São Paulo, Brasil; São Paulo, Brasil";"1920–1922; 1924–1926";"Escritório de Arte; Guia das Artes";alta;-23.5486657;-46.6382522;100.0;-23.5486657;-46.6382522;100.0
Mélanie Courtinat;France;ECAL / École cantonale d'art de Lausanne;46.536742;6.588525;Paris, France;;;female;ECAL;alto;;Wikipédia FR;médio;FILE;;;;;48.856372814;2.352529617;100.0;;;
Mélanie Lopez;France;"L'Atelier de Sèvres; Supinfocom Rubika School";"; ";"; ";;;;female;FILE Festival;médio;local de nascimento não localizado em fonte auditável;;;FILE;;;;;;;;;;
Míriam Chiaverini;;Escola de Belas Artes da Universidade da Bahia;-12.990785;-38.524427;São Paulo, SP, Brazil;;;;https://coleccionfemsa.com/artistas/miriam-chiaverini/ | https://enciclopedia.itaucultural.org.br/pessoas/6125-miriam-chiaverini;;;MASC;alto;"MAC; MAC USP";Salvador;;;media;;;;;;
Mónica Rikić;Spain;"University of Barcelona; Universitat Pompeu Fabra; Universitat Oberta de Catalunya";"41.379166666667; 41.406594";"2.1795083333333; 2.194429";Barcelona;;;female;FILE Festival;médio;;;;FILE;;;;;41.387917;2.1699187;100.0;;;
Mônica Nador;Brazil;"Fundação Armando Alvares Penteado; Fundação Armando Álvares Penteado (FAAP); Escola de Comunicações e Artes da USP";-23.55833333;-46.72694444;Ribeirão Preto;;;female;https://www.guiadasartes.com.br/monica-nador/obras-e-biografia;;na ECA/USP frequenta curso de gravura planográfica com Regina Silveira;;;"MAC; outros; MAC USP";"São Paulo, Brasil; São Paulo, Brasil";"1983; 1985";https://www.guiadasartes.com.br/monica-nador/obras-e-biografia;alta;-21.1766308;-47.8208378;100.0;;;
Nada Al Dash;Jordan;International College of Cyprus;35;33;;;;;site oficial da artista;médio;local de nascimento não localizado em fonte auditável;;;FILE;;;;;;;;;;
Naeem Murdic;United States;Pratt Institute;40.691111;-73.963889;;;;;site oficial do artista;médio;local de nascimento não localizado em fonte auditável;;;FILE;;;;;;;;;;
Nahil Ali Memon;United States;;;;New York City, United States;;;female;;;;FILE Festival;alta;FILE;;;;;;;;;;
Nata Metlukh;United States;"Vancouver Film School; Estonian Academy of Arts";"49.26083333333333; 59";"-123.1138888888889; 26";Ukraine;;;female;site oficial da artista;alto;fonte identifica apenas o país de nascimento;site oficial da artista;médio;FILE;;;;;49.026898375;31.374926053;100.0;;;
Natalie Labarre;United States;School of Visual Arts;40.73861111;-73.98222222;New York, United States;;;female;Mountainfilm / Hornet;médio;"fonte descreve a artista como “born and bred New Yorker”; usado com baixa confiança.";Mountainfilm;baixa;FILE;;;;;;;;;;
Nathalie Lawhead;United States;;;;;;;non-binary;;;local de nascimento não localizado em fonte auditável;;;FILE;;;;;;;;;;
Nathan Jurevicius;Australia;University of South Australia;-34.9205;138.607;Bordertown, South Australia, Australia;;;male;"entrevista/artigo de perfil (Alison Peters; XLR8R)";baixa;;AustLit / Vinyl Creep;médio;FILE;;;;;-36.310601001;140.773263075;100.0;;;
Nelson Leirner;Brazil;"Lowell Technological Institute; aulas de pintura com Joan Ponç; Ateliê Abstração / Samson Flexor";42.6539;-71.3257;São Paulo;;Rio de Janeiro;male;https://www.saudeemmovimento.com.br/sites/nelsonleirner/portu/biografia.asp;;"curso de engenharia têxtil não concluído; formação artística complementar com Joan Ponç e Samson Flexor";;;"MAC; outros; MAC USP";"Massachusetts, EUA; São Paulo, Brasil; São Paulo, Brasil";"1947–1952; 1956; 1958";https://www.saudeemmovimento.com.br/sites/nelsonleirner/portu/biografia.asp;alta;-23.5486657;-46.6382522;100.0;-22.9014475;-43.1789159;100.0
Nelson Ramos;Uruguay;"Escuela Nacional de Bellas Artes; Taller Torres-García";14.09871944444444;-87.20715833333334;Soriano Department;;Montevideo;male;fontes biográficas de referência;;;;;"MAC; outros; MAC USP";"Montevidéu, Uruguai; Montevidéu, Uruguai";"s.d.; c. 1940s";fontes biográficas de referência;media;-37.9782182;-57.5871152;100.0;-34.9055557;-56.1852505;100.0
Nelton Pellenz;Brazil;"Universidade Federal de Santa Maria (UFSM); Universidade Luterana do Brasil (ULBRA); Universidade Federal do Rio Grande do Sul (UFRGS)";"-29.8872; -30.033611111111";"-51.1629; -51.219166666667";São Paulo das Missões, Rio Grande do Sul, Brasil;;;male;CV oficial do artista;médio;;CV do artista;alto;FILE;;;;;;;;;;
Nemesio Antúnez;Chile;"Colegio de los Sagrados Corazones de Santiago; Pontificia Universidad Católica de Chile (arquitetura); Atelier 17";-33.441148;-70.640694;Santiago;;Santiago;male;"biografia institucional do artista; fontes de referência";;formação combina universidade e aperfeiçoamento em ateliê;;;"MAC; outros; MAC USP";"Santiago, Chile; Nova York, EUA";"1938–1941; c. 1947–1949";"biografia institucional do artista; fontes de referência";media;-33.4459946;-70.6670569;100.0;-33.4459946;-70.6670569;100.0
Neryth Yamile Manrique Mendoza;Colombia;Universidad Industrial de Santander;43.466666666667;-3.8;Bucaramanga, Colombia;;;female;FILE Festival;médio;;portfólio da artista;alto;FILE;;;;;7.1311813;-73.1250327;100.0;;;
Nick Ladd;Canada;"Dawson College; Sheridan College";"45.489374; 43.46888888888889";"-73.588298; -79.7";Montreal, Canada;;;male;ArtStation / Museum of Other Realities;médio;fonte biográfica informa origem em Montreal.;Museum of Other Realities / site oficial do artista;médio;FILE;;;;;;;;;;
Nick Luchkiv;Russia;Academy of Architecture and Arts, Southern Federal University;;;Karaganda, URSS;;;;FILE Festival;médio;;FILE Festival;alto;FILE;;;;;;;;;;
Nicola Antonio Facchinetti;Brazil;"Escola de Desenho de Bassano; Regia Accademia di Belle Arti di Venezia";45.76666666666667;11.73416666666667;Treviso;;Rio de Janeiro;male;https://www.guiadasartes.com.br/nicolau-antonio-facchinetti/obras-e-biografia | https://pt.wikipedia.org/wiki/Nicola_Antonio_Facchinetti;;A biografia cita curso em Bassano e premiações na academia de Veneza em 1842 e 1843.;;;"outros; Pinacoteca de São Paulo";"Bassano del Grappa; Veneza";até 1843;https://www.guiadasartes.com.br/nicolau-antonio-facchinetti/obras-e-biografia;alta;45.6662855;12.242072;100.0;-22.9014475;-43.1789159;100.0
Nicola Gastaldi;;;;;Itália;;;;;;Ficha FILE explicita País de Origem.;FILE Archive — ficha de participante;alta;FILE;;;;alta;;;;;;
Nicola Giannini;Italy;University of Pisa;43.716508333333;10.398458333333;Italy;;;male;;;;FILE Festival (País de Origem);alto;FILE;;;;;;;;;;
Nicolas Fong;;École nationale supérieure des arts visuels de La Cambre;50.818888888889;4.3741666666667;Paris, France;;;male;ALOA / Vimeo;médio;;Japan Media Arts Festival;alto;FILE;;;;;48.856372814;2.352529617;100.0;;;
Nicolas Hermansen;Belgium;"Università di Bologna; Institut del Teatre / Universitat Autònoma de Barcelona / Universitat Pompeu Fabra";"44.493888888889; 41.379166666667";"11.342777777778; 2.1795083333333";Belgium;;;male;In-Sonora;médio;"fonte biográfica identifica apenas o país; preenchimento mantido em nível de país.";FILE Festival;médio;FILE;;;;;;;;;;
Nicolas Poussin;;;;;;;;;;;;;;;;;;;;;;;;
Nicolas Rubió;Spain;Escuela de Arquitectura de Barcelona;41.3842;2.1139;Barcelona;;Buenos Aires;male;https://es.wikipedia.org/wiki/Nicol%C3%A1s_Mar%C3%ADa_Rubi%C3%B3_Tudur%C3%AD | https://www.urbipedia.org/hoja/Nicol%C3%A1s_Rubi%C3%B3_Tudur%C3%AD;;A correspondência adotada foi com Nicolás Maria Rubió Tudurí.;;;"MAC; outros; MAC USP";Barcelona (Espanha);1915;https://es.wikipedia.org/wiki/Nicol%C3%A1s_Mar%C3%ADa_Rubi%C3%B3_Tudur%C3%AD | https://www.urbipedia.org/hoja/Nicol%C3%A1s_Rubi%C3%B3_Tudur%C3%AD;alta;41.387917;2.1699187;100.0;-34.6090264;-58.3732215;100.0
Nicolas Vlavianos;Brazil;Athens School of Fine Arts;37.9620098;23.6881821;Athens;;;male;fontes biográficas de referência;;instituição identificada em biografias sumárias;;;"MAC; outros; MAC USP";Atenas, Grécia;s.d.;fontes biográficas de referência;baixa;37.9753357;23.7361497;100.0;;;
Nicolas-Antoine Taunay;France;"Beaux-Arts de Paris; Estudos com François Bernard Lépicié e Nicolas Guy Brenet; aperfeiçoamento na Academia Francesa de Roma";41.893055555556;12.482777777778;Paris;;Paris;male;https://pt.wikipedia.org/wiki/Nicolas-Antoine_Taunay;;"Há mestres nomeados e aperfeiçoamento em Roma; mantida síntese conservadora.";;;"outros; Museu Nacional de Belas Artes";"Paris; Roma";"desde 1768; estadia em Roma a partir de 1770s (sem data única sintetizada na fonte)";https://pt.wikipedia.org/wiki/Nicolas-Antoine_Taunay;media;48.856372814;2.352529617;100.0;48.856372814;2.352529617;100.0
Nicolas-Louis-Albert Delerive;France;"formação com Heinsius; estudos com o conde de Neuville; escola de Francesco Casanova; Academia de Lille";50.631944444444;3.0575;Lille;;Lisbon;male;https://eviterbo.fcsh.unl.pt/wiki/Nicolas_Delerive | https://lusojornal.com/nicolas-delerive-pintor-da-familia-real-portuguesa-ignorado-em-franca/;;;;;"outros; Museu Histórico Nacional";"Lille; Artois; Paris";"1776-1778; depois de 1778 em Paris";https://eviterbo.fcsh.unl.pt/wiki/Nicolas_Delerive | https://lusojornal.com/nicolas-delerive-pintor-da-familia-real-portuguesa-ignorado-em-franca/;media;50.6304582;3.071339915;100.0;38.7070085;-9.1356407;100.0
Nicolau Del Negro;Brazil;Escola Nacional de Belas Artes (Enba);-22.90879805555556;-43.17573111111111;;;;male;https://www.catalogodasartes.com.br/artista/Nicolau%20Del%20Negro/;;A fonte identifica a ENBA e as aulas de Lucílio de Albuquerque, Rodolfo Chambelland e Rodolfo Amoedo, mas não fornece intervalo cronológico.;;;"outros; Museu Histórico Nacional";Rio de Janeiro;;;alta;;;;;;
Nicolette Daskalakis;United States;"Institut supérieur des arts et du design de Toulouse; University of Southern California, School of Cinematic Arts; University of Southern California, Roski School of Art & Design";43.6008;1.44043;San Francisco, USA;;;female;CV oficial da artista;alto;;site oficial da artista;alto;FILE;;;;;;;;;;
Nicolás Alcalá;Spain;;;;;;;male;;;local de nascimento não localizado em fonte auditável;;;FILE;;;;;;;;;;
Nienke Deutz;Kingdom of the Netherlands;"Maastricht Academy of Fine Arts; KASK / School of Arts";"50.848736111111;";"5.6830416666667;";Netherlands;;;female;Animafest / Batavierhuis;médio;"fonte biográfica identifica apenas o país; preenchimento mantido em nível de país.";FILE Festival;médio;FILE;;;;;;;;;;
Nikita Diakur;Russia;Royal College of Art;51.501388888889;-0.17888888888889;Russia;;;male;FILE Festival;médio;;FILE Festival / Re-Imagine Europe;alto;FILE;;;;;61.989526183;96.805371534;100.0;;;
Nilda Neves;;curso de contabilidade (instituição não identificada na fonte);;;;;;;"https://www.catalogodasartes.com.br/artista/Nilda%20Neves/ | https://www.centralgaleria.com/exposicoes/nildaneves-visagens; https://www.catalogodasartes.com.br/artista/Nilda%20Neves/";;"A fonte confirma estudo de contabilidade, mas não informa a instituição. | fontes divergentes sobre o local de nascimento (Botuporã/BA e Camanducaia/MG); campo não preenchido.";;;"MAC; outros; MAC USP";Brumado (BA);sem data precisa;;baixa;;;;;;
Niobe Xandó;Brazil;ateliê de Raphael Galvez;;;Campos Novos Paulista, São Paulo, Brazil;;;female;https://pt.wikipedia.org/wiki/Niobe_Xand%C3%B3;;"artista frequentemente descrita como autodidata; registro mantido apenas para o estudo em ateliê explicitado na fonte";Guia das Artes;médio;"MAC; outros; MAC USP";São Paulo, Brasil;1947;https://pt.wikipedia.org/wiki/Niobe_Xand%C3%B3;media;;;;;;
Niura Bellavinha;Brazil;"Escola Guignard; Universidade Federal de Minas Gerais (UFMG); Parsons School of Design";"-19.9552; -19.8690878";"-43.9202; -43.9663841";Belo Horizonte;;;female;https://www.niurabellavinha.com.br/biografia | https://pt.wikipedia.org/wiki/Niura_Bellavinha;;As fontes também registram oficinas e orientação de Amílcar de Castro.;;;"MAC; outros; MAC USP";"Belo Horizonte (MG); Nova York (EUA)";"1976-1977; 1982-1984";https://www.niurabellavinha.com.br/biografia | https://pt.wikipedia.org/wiki/Niura_Bellavinha;alta;-19.9181771;-43.9370534;100.0;;;
Noha Eid;Egypt;Alexandria University;31.20194;29.90528;Alexandria, Egypt;;;female;East-West Dialogue / Racotis Art;médio;;East-West Dialogue;alto;FILE;;;;;;;;;;
Nonnnon;United States;;;;Salt Lake City, Utah, United States;;;male;;;nome artístico vinculado no FILE a Dave Madden, descrito como “de Salt Lake City”.;FILE Festival;baixa;FILE;;;;;;;;;;
Norha Beltran;;"Academia de Belas Artes (Viena) e outras academias de belas-artes na Bolívia, Áustria, Espanha e Brasil; estudos de Museologia e Psicologia no Brasil";48.20833333333334;16.3725;La Paz, Bolivia;;;;"https://www.catalogodasartes.com.br/artista/Norha%20Beltr%EF%BF%BDn/ | https://www.museonacionaldearte.gob.bo/2023/10/11/norah-beltran/; https://www.catalogodasartes.com.br/artista/Norha%20Beltr%EF%BF%BDn/ | https://www.museonacionaldearte.gob.bo/2023/10/11/norah-beltran/ | https://www.guiadasartes.com.br/norha-beltran/obras-principais";;"As fontes confirmam formação em várias academias, mas sem cronologia fina; mantida formulação prudente.";Museo Nacional de Arte (Bolívia);alto;"MAC; outros; MAC USP";"Europa; Brasil; Viena";"sem datas exatas; referência específica a Viena";;baixa;;;;;;
Nuno Ramos;Brazil;Faculdade de Filosofia, Letras e Ciências Humanas da USP;-23.5613991;-46.7307891;São Paulo;;;male;https://pt.wikipedia.org/wiki/Nuno_Ramos;;"formação em filosofia; passa a integrar a Casa 7 em 1984";;;"MAC; outros; MAC USP";São Paulo, Brasil;1978–1982;https://pt.wikipedia.org/wiki/Nuno_Ramos;alta;-23.5486657;-46.6382522;100.0;;;
Nury Iyem;;"Istanbul State Academy of Fine Arts; Higher Department of Painting";41.01;28.960277777778;;;;;fontes biográficas de referência;;"possível variante gráfica de Nuri İyem; sem desambiguação segura";;;"MAC; outros; MAC USP";"Istambul, Turquia; Istambul, Turquia";"1933–1937; 1940";fontes biográficas de referência;alta;;;;;;
Não identificada;;;;;;;;;;;autoria não identificada;;;"outros; Museu do Diamante";;;;;;;;;;
Não identificado;;;;;;;;;;;autoria não identificada;;;"outros; Museu Regional do Caeté";;;;;;;;;;
O. Brieu;;;;;;;;male;;;"assinatura abreviada; não foi possível desambiguar com segurança";;;"outros; Pinacoteca de São Paulo";;;;;;;;;;
Octave Tassaert;France;"Beaux-Arts de Paris; aprendizado de gravura com Alexis-François Girard; École royale des beaux-arts de Paris";"48.85680555555555; ; 48.85680555555555";"2.333277777777778; ; 2.333277777777778";Paris;;14th arrondissement of Paris;male;https://fr.wikipedia.org/wiki/Octave_Tassaert;;;;;"outros; Museu Nacional de Belas Artes";"Paris, França; Paris, França";"1816; 1817–1825";https://fr.wikipedia.org/wiki/Octave_Tassaert;media;48.856372814;2.352529617;100.0;48.8329218;2.3267959;100.0
Odilla Mestriner;Brazil;Escola Municipal de Belas Artes de Ribeirão Preto;-21.1776315;-47.8100983;Ribeirão Preto;;;female;https://enciclopedia.itaucultural.org.br/pessoas/2074-odilla-mestriner;;aluna de Domenico Lazzarini;;;"MAC; outros; MAC USP";Ribeirão Preto, Brasil;1955–1956;https://enciclopedia.itaucultural.org.br/pessoas/2074-odilla-mestriner;alta;-21.1766308;-47.8208378;100.0;;;
Oliver Grau;Germany;Humboldt-Universität zu Berlin;52.518055555555556;13.393333333333333;Germany;;;male;ZKM;médio;"fonte biográfica identifica apenas o país; preenchimento mantido em nível de país.";ISEA Symposium Archives / Wikipedia;médio;FILE;;;;;;;;;;
Olle Bærtling;Sweden;"escola de Otte Sköld; Académie André Lhote";48.85666666666667;2.352222222222222;Halmstad;;Stockholm;male;fontes biográficas de referência;;formação combinando ateliê e academia;;;"MAC; outros; MAC USP";"Estocolmo, Suécia; Paris, França";"1934; c. 1948";fontes biográficas de referência;media;56.6735868;12.8571404;100.0;59.3327881;18.0644881;100.0
Omar Rayo;;;;;;;;;;;;;;;;;;;;;;;;
Or Kantor;Israel;autodidata;;;;;;;site oficial do artista;alto;local de nascimento não localizado em fonte auditável;;;FILE;;;;;;;;;;
Oreste Sercelli;Kingdom of Italy;Escola Profissional de Artes Industriais e Decorativas de Florença;43.771388888889;11.254166666667;Florence;;São Paulo;male;https://pt.wikipedia.org/wiki/Oreste_Sercelli;;A fonte também o descreve como professor de artes decorativas ao chegar ao Brasil.;;;"outros; Museu Paulista";Florença;;;alta;43.7686976;11.2569291;100.0;-23.5486657;-46.6382522;100.0
Oscar Dominguez;France;Instituto de La Laguna;25.535249;-103.434875;San Cristóbal de La Laguna;Montparnasse Cemetery;Paris;male;https://oliviermalingue.com/artists/53-oscar-dominguez/biography/;;A biografia confirma estudos no Instituto de La Laguna, mas sem datas precisas no trecho consultado.;;;"MAC; outros; MAC USP";San Cristóbal de La Laguna, Espanha;;;media;28.4881163;-16.3147761;100.0;48.856372814;2.352529617;100.0
Oscar Garcia Reino;Uruguay;"Círculo de Bellas Artes; Escuela Taller de Artes Plásticas; cursos de composição de Cecilia Marcovich; Gobelins; Escuela Superior de Bellas Artes de Bruselas";"40.418307; 50.84666666666666";"-3.696575; 4.351666666666667";Montevideo, Uruguay;;;male;https://www.askart.com/bio/Oscar_Garcia_Reino/11102130/oscar-garcia-reino | https://www.lmda.uy/garcia-reino;;;MAC USP;alto;"MAC; outros; MAC USP";"Montevidéu; Bruxelas/França";"1956-1958 para Gobelins/Bruxelas; sem datas exatas para a formação inicial";https://www.lmda.uy/garcia-reino;media;;;;;;
Oscar Pereira da Silva;Brazil;Academia Imperial de Belas Artes;-22.91111111111111;-43.20555555555556;São Fidélis;;São Paulo;male;"Wikipédia; Guia das Artes";;em Paris estudou com Léon Bonnat e Jean-Léon Gérôme;;;"outros; Museu Casa de Benjamin Constant";"Rio de Janeiro; Paris, França";"1882–1887; 1889–1896";"Wikipédia; Guia das Artes";media;-21.6460048;-41.7531245;100.0;-23.5486657;-46.6382522;100.0
Osvaldo Carvalho;;"EAV-Parque Lage; Oficina de Escultura do Museu do Ingá; ECA-USP";"-22.903722222222; -23.55833333";"-43.125416666667; -46.72694444";;;;;https://www.catalogodasartes.com.br/artista/Osvaldo%20Carvalho/ | https://zbgaleriadearte.com.br/artista/osvaldo-carvalho/ | https://galeriadearte.acervos.ufsc.br/os-artistas/osvaldo-carvalho/;;"As fontes convergem em estudos no Parque Lage e Museu do Ingá, além do título de mestre em Poéticas Visuais pela ECA-USP. | fontes divergentes sobre local e ano de nascimento; possível homônimo, campo não preenchido.";;;"MAC; outros; MAC USP";"Rio de Janeiro; Niterói; São Paulo";"sem datas exatas nas fontes; mestrado concluído antes da atuação documentada em 2000";https://www.catalogodasartes.com.br/artista/Osvaldo%20Carvalho/ | https://zbgaleriadearte.com.br/artista/osvaldo-carvalho/;alta;;;;;;
Osvaldo Cibils;Uruguay;;;;Montevideo, Uruguay;;;male;;;;PROYECTOR;alta;FILE;;;;;;;;;;
Osvaldo Oliveira Cunha;;"Faculdade de Belas Artes de São Paulo; oficinas do Museu Lasar Segall e da Pinacoteca; estudos com Michinori Inagaki";"-23.583688; -23.5947";"-46.633917; -46.6356";;;;;"https://www.newbarbizonartgallery.com/osvaldo-oliveira-personal-art-gallery | https://www.guapufrn.com/0001/osvaldo-oliveira; https://www.newbarbizonartgallery.com/osvaldo-oliveira-personal-art-gallery | https://hotmart.com/pt-br/marketplace/produtos/osvaldo-oliveira/V75861961W";;"As fontes abertas usam 'Osvaldo Oliveira'; mantive associação ao creator 'Osvaldo Oliveira Cunha' com confiança média.";;;"MAC; outros; MAC USP";São Paulo;anos 1980;https://www.newbarbizonartgallery.com/osvaldo-oliveira-personal-art-gallery;media;;;;;;
Oswald de Andrade Filho;Brazil;"Estudos na Suíça; aulas com Candido Portinari, Anita Malfatti e Lasar Segall";46.798562;8.231973;São Paulo, SP, Brazil;;;male;https://enciclopedia.itaucultural.org.br/pessoas/3397-oswald-de-andrade-filho | https://www.guiadasartes.com.br/oswald-de-andrade-filho/obras-e-biografia;;;Enciclopédia Itaú Cultural;alto;"MAC; outros; MAC USP";"São Paulo; Europa/Suíça";"c. 1924-1929; 1931-1936";https://enciclopedia.itaucultural.org.br/pessoas/3397-oswald-de-andrade-filho | https://www.guiadasartes.com.br/oswald-de-andrade-filho/obras-e-biografia;media;;;;;;
Oswaldo Goeldi;Brazil;"Escola Nacional de Belas Artes; Escola Politécnica de Zurique; École des Arts et Métiers";"47.37645; 48.85666666666667";"8.54785; 2.352222222222222";Rio de Janeiro;;Rio de Janeiro;male;https://pt.wikipedia.org/wiki/Oswaldo_Goeldi;;abandona engenharia e passa por seis meses na Escola de Artes e Ofícios de Genebra;;;"MAC; outros; MAC USP";"Zurique, Suíça; Genebra, Suíça";"1914–1917; 1917";https://pt.wikipedia.org/wiki/Oswaldo_Goeldi;alta;-22.9014475;-43.1789159;100.0;-22.9014475;-43.1789159;100.0
Oswaldo Teixeira;Brazil;"National School of Fine Arts; Liceu de Artes e Ofícios do Rio de Janeiro; Escola Nacional de Belas Artes (Enba)";"-22.91111111111111; -22.90879805555556";"-43.20555555555556; -43.17573111111111";Rio de Janeiro;;Rio de Janeiro;male;https://www.oswaldoteixeira.art.br/ | https://www.guiadasartes.com.br/oswaldo-teixeira-do-amaral/biografia;;As fontes citam também os mestres Argemiro Cunha, Eurico Moreira Alves, Rodolfo Chambelland e Baptista da Costa.;;;"outros; Museu Paulista";Rio de Janeiro;;;alta;-22.9014475;-43.1789159;100.0;-22.9014475;-43.1789159;100.0
Ottaviano Nelli;;"provável formação com o pai Martino Nelli; tradição local umbriana";"; ";"; ";Gubbio;;Gubbio;male;https://en.wikipedia.org/wiki/Ottaviano_Nelli;;Registro prudente por escassez de documentação formativa detalhada.;;;"outros; MASP";Gubbio;;;baixa;43.3554814;12.5734444;100.0;43.3554814;12.5734444;100.0
Ottone Rosai;Italy;"Accademia di Belle Arti di Firenze; School of Engraving (com Celestino Celestini)";43.776907;11.258475;Florence;Cimitero delle Porte Sante;Ivrea;male;"Estorick Collection; Collezione Giuseppe Iannaccone";;"expulso da academia; continuidade dos estudos em gravura";;;"MAC; outros; MAC USP";"Florença, Itália; Florença, Itália";"até 1912; c. 1913";"Estorick Collection; Collezione Giuseppe Iannaccone";media;43.7686976;11.2569291;100.0;45.466605;7.8759452;100.0
Ottone Zorlini;Brazil;Academia de Belas Artes de Veneza;45.431078;12.328139;Province of Treviso;;;male;https://www.guiadasartes.com.br/ottone-zorlini;;os dados de formação na Itália são descritos como incertos, mas a entrada na academia é explicitada;;;"MAC; outros; MAC USP";Veneza, Itália;1905–1906;https://www.guiadasartes.com.br/ottone-zorlini;media;45.83333;12.21667;100.0;;;
P. Meytre;;;;;;;;;;;"assinatura abreviada; não foi possível desambiguar com segurança";;;"outros; Museu da Inconfidência";;;;;;;;;;
Pablo Bounous;Uruguay;;;;;;;male;;;local de nascimento não localizado em fonte auditável;;;FILE;;;;;;;;;;
Pablo Gobira;Brazil;Universidade Federal de Minas Gerais;-19.8690878;-43.9663841;;;;female;Escavador/Lattes;alto;local de nascimento não localizado em fonte auditável;;;FILE;;;;;;;;;;
Pablo Picasso;Spain;"Royal Academy of Fine Arts of San Fernando; School of Fine Arts of La Lonja; Real Academia de San Fernando";"-34.4549738; 40.4178";"-58.8421679; -3.7007";Málaga;Château of Vauvenargues;Mas Notre-Dame-de-Vie de Mougins;male;"https://www.museepicassoparis.fr/en/picasso-timeline; https://www.museepicassoparis.fr/en/picassos-training";;Treinado também pelo pai, professor de desenho, mas o preenchimento privilegia instituições formais.;;;"MAC; outros; MAC USP";"Barcelona, Espanha; Madrid, Espanha";"1895–1900; 1897–1898";"https://www.museepicassoparis.fr/en/picasso-timeline ; https://www.museepicassoparis.fr/en/picassos-training";alta;36.7196292;-4.4200007;100.0;43.593596124973;7.002182144023;95.24
Pablo-Martín Córdoba;Argentina;autodidata;;;;;;male;PROYECTOR;médio;local de nascimento não localizado em fonte auditável;;;FILE;;;;;;;;;;
Paolo Rissone;;Accademia di Brera;45.47222222;9.18888889;Reggio Calabria, Italy;;;;fontes biográficas de referência;;;Enciclopédia Itaú Cultural;alto;"MAC; outros; MAC USP";Milão, Itália;s.d.;fontes biográficas de referência;baixa;;;;;;
Paolo Serafini;;"formação com o pai Serafino Serafini; trabalho formativo ao lado de Simone dei Crocefissi";"; ";"; ";;;;male;https://pt.wikipedia.org/wiki/Paolo_Serafini_da_Modena;;A formação é reconstruída por vínculos familiares e de oficina, não por academia formal.;;;"outros; MASP";"Módena; Bolonha";"antes de 1371; documentado em 1371 em San Domenico, Bolonha";https://pt.wikipedia.org/wiki/Paolo_Serafini_da_Modena;media;;;;;;
Paris Bordone;Republic of Venice;ateliê de Ticiano;;;Treviso;;Venice;male;https://en.wikipedia.org/wiki/Paris_Bordone | https://www.britannica.com/biography/Paris-Bordone;;Formação em oficina/atelier.;;;"outros; MASP";Veneza;;;media;45.6662855;12.242072;100.0;45.434608;12.338913;100.0
Paris Mavroidis;United States;"Brown University; Pratt Institute";"41.82611111111111; 40.691111";"-71.40305555555555; -73.963889";;;;;FILE Festival;médio;local de nascimento não localizado em fonte auditável;;;FILE;;;;;;;;;;
Patakk;Croatia;"Faculty of Electrical Engineering and Computing, University of Zagreb; Universidad Politécnica de Madrid";40.448655555556;-3.7088805555556;Zagreb, Croatia;;;male;galeria Ragnar Digital;médio;;Ragnar Digital;alto;FILE;;;;;45.815916177;15.980642745;100.0;;;
Patricio Ballesteros Ledesma;Argentina;Universidad de Buenos Aires (UBA);-34.599722222222;-58.373055555556;Buenos Aires;;;male;CV / Video Art World;alto;;;;FILE;;;;;-34.6090264;-58.3732215;100.0;;;
Patricio Gonzalez Vivo;Argentina;Parsons The New School;40.73534;-73.99704;Buenos Aires, Argentina;;;male;site oficial do artista;alto;;Eyeo Festival;alto;FILE;;;;;-34.6090264;-58.3732215;100.0;;;
Paul Clement;France;"Athénée de Luxembourg; École des Beaux-Arts";"49.60388889; 48.85666666666667";"6.11083333; 2.333611111111112";Aix-en-Provence, France;;;male;https://de.wikipedia.org/wiki/Paul_Clement_(Maler);;;Montmartre Montparnasse;médio;"MAC; outros; MAC USP";"Luxemburgo; Paris, França";"s.d.; s.d.";https://de.wikipedia.org/wiki/Paul_Clement_(Maler);media;;;;;;
Paul Cézanne;France;"Aix-Marseille University; Aix-Marseille University (curso de direito); Académie Suisse";"43.29349444444444; 43.29349444444444; 48.8545";"5.357841666666666; 5.357841666666666; 2.3446";Aix-en-Provence;Saint-Pierre Cemetery;Aix-en-Provence;male;https://en.wikipedia.org/wiki/Paul_C%C3%A9zanne | https://www.worldhistory.org/Paul_Cezanne/;;A fonte também menciona aulas de desenho com Joseph Gibert antes da ida a Paris.;;;"outros; MASP";"Aix-en-Provence; Paris";"1856-1858; 1861-1862";https://www.worldhistory.org/Paul_Cezanne/ | https://en.wikipedia.org/wiki/Paul_C%C3%A9zanne;alta;43.529850239;5.447376271;100.0;43.529850239;5.447376271;100.0
Paul de Geslin;France;École des Beaux-Arts / ateliê de Jean-Auguste-Dominique Ingres;48.85666666666667;2.333611111111112;Rennes;Cemetery of Saint-Louis, Versailles;Versailles;male;https://fr.wikipedia.org/wiki/Paul_de_Geslin;;registro combina ingresso na escola e formação em ateliê;;;"outros; Museu do Diamante";Paris, França;1828;https://fr.wikipedia.org/wiki/Paul_de_Geslin;media;48.111582472;-1.68005409;100.0;48.8047472;2.1205122;100.0
Paul Gauguin;France;"lycée Pothier; Petit Séminaire de La Chapelle-Saint-Mesmin; Loriol Institute; Lycée Jeanne d'Arc; formação artística autodidata e informal com mentoria de Camille Pissarro";"47.8822; 45.7769";"1.839; 3.09487";Paris;Calvary Cemetery;Atuona;male;https://en.wikipedia.org/wiki/Paul_Gauguin;;A formação artística é explicitamente descrita como largely self-taught and informal.;;;"outros; MASP";"Orléans; Paris";"antes de 1865; formação artística sem data escolar precisa";https://en.wikipedia.org/wiki/Paul_Gauguin;media;48.856372814;2.352529617;100.0;-9.8032751;-139.0415162;100.0
Paul Jenkins;United States;"Art Students League of New York; Kansas Art Institute; Cleveland Play House";"39.0463; 41.49916666666667";"-94.5831; -81.69472222222223";Kansas City;;New York City;male;https://en.wikipedia.org/wiki/Paul_Jenkins_%28painter%29;;na Art Students League estuda com Yasuo Kuniyoshi;;;"MAC; outros; MAC USP";"Kansas City, EUA; Cleveland, EUA; Nova York, EUA";"1937–1942; s.d.; 1948–1952";https://en.wikipedia.org/wiki/Paul_Jenkins_%28painter%29;media;39.099792;-94.578559;100.0;40.7130466;-74.0072301;100.0
Paul Émile Chabas;France;"lycée Georges-Clemenceau; Académie Julian";"47.2189; 48.871111111111";"-1.545; 2.3416666666667";Nantes;;Paris;male;https://pt.wikipedia.org/wiki/Paul_Chabas | https://myopenmuseum.com/en/artist/paul-emile-chabas-964791;;A fonte também cita formação com William-Adolphe Bouguereau e Tony Robert-Fleury.;;;"outros; MASP";Paris, França;"antes de 1890; sem datas exatas adicionais na fonte";https://pt.wikipedia.org/wiki/Paul_Chabas;alta;47.21838348;-1.554317317;100.0;48.856372814;2.352529617;100.0
Paula Perissinotto;Brazil;"Fundação Armando Alvares Penteado (FAAP); Escola de Comunicações e Artes da Universidade de São Paulo; MECAD / ESDI";"-23.5450155; -23.55833333;";"-46.6630802; -46.72694444;";São Paulo, São Paulo, Brasil;;;female;Biblioteca Virtual da FAPESP;alto;;Currículo Lattes (espelho USP/Academia.edu);médio;FILE;;;;;;;;;;
Paulina Rutman;Chile;"School of the Art Institute of Chicago; The Edit Center";40.65083333333333;-73.94972222222222;Chile;;;female;FILE Festival;médio;"fonte biográfica identifica apenas o país; preenchimento mantido em nível de país.";FILE Festival;médio;FILE;;;;;;;;;;
Pauline Le Bris;France;Supinfocom Valenciennes;50.35805555555555;3.523333333333333;France;;;female;portfólio / CV da artista;médio;"FILE explicita “País de Origem”; preenchido em nível de país.";FILE Festival (País de Origem);alto;FILE;;;;;;;;;;
Paulo Almeida;Portugal;Imperial College London;51.498308;-0.176882;São Paulo, Brazil;;;male;FILE Festival;médio;;Galeria Leme;alta;FILE;;;;;;;;;;
Paulo Becker;;"Universidade Federal do Rio de Janeiro (UFRJ); formação com Turíbio Santos, Marco Pereira, Léo Soares e Nícolas Barros";-22.8625;-43.223888888889;Santa Cruz do Sul, RS, Brazil;;;;"https://acervo.casadochoro.com.br/cards/view/1641 | https://www.revistaprosaversoearte.com/casa-do-choro-ze-paulo-becker-e-fernando-leitzke/; https://acervo.casadochoro.com.br/cards/view/1641 | https://dicionariompb.com.br/artista/ze-paulo-becker/";;;MARGS / Guia das Artes;alto;"MAC; outros; MAC USP";Rio de Janeiro (RJ);"violão clássico por 12 anos; sem datas exatas na fonte";https://acervo.casadochoro.com.br/cards/view/1641;media;;;;;;
Paulo Franco;;Faculdade de Belas Artes de São Paulo;-23.583688;-46.633917;;;;male;fontes biográficas de referência;;datas aproximadas;;;"outros; Museu de Arte Religiosa e Tradicional";São Paulo, Brasil;1980s;fontes biográficas de referência;baixa;;;;;;
Paulo Monteiro;Brazil;Faculdade de Belas Artes de São Paulo;-23.583688;-46.633917;São Paulo;;;male;https://www.guiadasartes.com.br/paulo-bacellar-monteiro;;;;;"MAC; outros; MAC USP";São Paulo, Brasil;1980;https://www.guiadasartes.com.br/paulo-bacellar-monteiro;alta;-23.5486657;-46.6382522;100.0;;;
Paulo Pasta;;Fundação Armando Álvares Penteado (FAAP);-23.5450155;-46.6630802;Ariranha, São Paulo, Brazil;;;male;fontes biográficas de referência;;;Iberê Camargo;alto;"MAC; outros; MAC USP";São Paulo, Brasil;1977–1982;fontes biográficas de referência;alta;;;;;;
Paulo Renato Gaiad;Brazil;"Florianópolis; Universidade do Estado de Santa Catarina";"-27.593280555556; -27.60111111";"-48.553047222222; -48.52";Piracicaba;;;male;fontes biográficas de referência;;datas aproximadas;;;"outros; Museu Victor Meirelles";Florianópolis, Brasil;1970s;fontes biográficas de referência;media;-22.724976;-47.6476;100.0;;;
Paulo Rossi Osir;Brazil;Accademia di Belle Arti di Bologna;44.497811111111;11.353188888889;São Paulo;;;male;"biografia institucional do artista; fontes de referência";;datas aproximadas;;;"MAC; outros; MAC USP";Bolonha, Itália;c. 1910s;"biografia institucional do artista; fontes de referência";media;-23.5486657;-46.6382522;100.0;;;
Paulo Whitaker;;Universidade para o Desenvolvimento do Estado de Santa Catarina (Udesc/SC);-27.593280555556;-48.553047222222;São Paulo, São Paulo, Brazil;;;male;https://enciclopedia.itaucultural.org.br/pessoas/2240-paulo-whitaker | https://www.referenciagaleria.com.br/artista/paulo-whitaker/;;;AM Galeria;médio;"MAC; outros; MAC USP";Santa Catarina;formação concluída em 1984;https://enciclopedia.itaucultural.org.br/pessoas/2240-paulo-whitaker | https://www.referenciagaleria.com.br/artista/paulo-whitaker/;alta;;;;;;
Pedro Alexandrino Borges;Brazil;"aprendizado com Claude-Paul Barandier; Academia Imperial de Belas Artes / Escola Nacional de Belas Artes";-22.91111111111111;-43.20555555555556;São Paulo;;São Paulo;male;"https://pt.wikipedia.org/wiki/Pedro_Alexandrino_Borges | https://www.escritoriodearte.com/artista/pedro-alexandrino | https://pt.wikipedia.org/wiki/Pedro_Alexandrino_Borges; https://pt.wikipedia.org/wiki/Pedro_Alexandrino_Borges | https://www.escritoriodearte.com/artista/pedro-alexandrino";;Fonte adicional aberta informa mestres José Maria Medeiros e Zeferino da Costa no Rio.;;;"outros; Pinacoteca de São Paulo";"Campinas; Rio de Janeiro";"desde 1867; 1890-1892";https://pt.wikipedia.org/wiki/Pedro_Alexandrino_Borges | https://pt.wikipedia.org/wiki/Pedro_Alexandrino_Borges;alta;-23.5486657;-46.6382522;100.0;-23.5486657;-46.6382522;100.0
Pedro Américo;Brazil;"Beaux-Arts de Paris; Academia Imperial de Belas Artes; École des Beaux-Arts; Université libre de Bruxelles";"-22.91111111111111; 48.85666666666667; 50.811667";"-43.20555555555556; 2.333611111111112; 4.381111";Areia;Rio de Janeiro;Florence;male;fontes biográficas de referência;;formação artística e acadêmica mais ampla;;;"outros; Museu Paulista";"Rio de Janeiro, Brasil; Paris, França; Bruxelas, Bélgica";"1855–1859; 1860s; 1868";fontes biográficas de referência;alta;-6.9660876;-35.6899708;100.0;43.7686976;11.2569291;100.0
Pedro Augusto Simões Pires;;Escola Nacional de Belas Artes;-22.8625055;-43.2256622;;;;male;fontes biográficas de referência;;datas aproximadas;;;"outros; Museu Victor Meirelles";Rio de Janeiro, Brasil;1930s;fontes biográficas de referência;baixa;;;;;;
Pedro Bruno;Brazil;"Conservatório de Nápoles; Conservatório de Roma; Academia Inglesa (curso de pintura, em Roma); Escola Nacional de Belas Artes";"40.84944444; 41.893055555556; 41.893055555556";"14.2525; 12.482777777778; 12.482777777778";Paquetá Island;;Rio de Janeiro;male;https://pt.wikipedia.org/wiki/Pedro_Bruno | https://pintorpedrobruno.com.br/biografia-pedro-bruno/;;A trajetória combina formação musical e posterior aperfeiçoamento em pintura.;;;"outros; Museu Histórico Nacional";"Nápoles; Roma; Rio de Janeiro";"1905 em diante; 1918; 1918-1922";https://pt.wikipedia.org/wiki/Pedro_Bruno | https://pintorpedrobruno.com.br/biografia-pedro-bruno/;media;14.37611;123.0525;93.69;-22.9014475;-43.1789159;100.0
Pedro Correia de Araújo;;Liceu de Artes e Ofícios de Pernambuco;-8.06127;-34.879077;Paris;;Rio de Janeiro;male;fontes biográficas de referência;;datas aproximadas;;;"outros; Museu da Inconfidência";Recife, Brasil;fim do século XIX;fontes biográficas de referência;baixa;48.856372814;2.352529617;100.0;-22.9014475;-43.1789159;100.0
Pedro Galbiati;;"formação escultórica ítalo-brasileira; instituição não identificada na fonte aberta consultada";"; ";"; ";;;;male;https://www.catalogodasartes.com.br/artista/Pedro%20Galbiati/;;"A fonte disponível é insuficiente para nomear escola específica; registro mantido cauteloso.";;;"outros; Museu Paulista";"Brasil; Itália";;;baixa;;;;;;
Pedro Ivo Carvalho;Brazil;The Animation Workshop;56.4561;9.40611;Niterói, Brazil;;;male;FILE Festival | blog pessoal;alto;;FILE Festival;alta;FILE;;;;;;;;;;
Pedro José Pinto Peres;;"Liceu de Artes e Ofícios do Rio de Janeiro; Academia Imperial de Belas Artes";"-22.91111111111111; -22.91111111111111";"-43.20555555555556; -43.20555555555556";;;;;"Catálogo das Artes; Escritório de Arte; Wikipédia";;chegou ao Brasil ainda criança e realizou sua formação artística no Rio de Janeiro;;;"outros; Museu Victor Meirelles";Rio de Janeiro;"c. 1865; 1868";"Catálogo das Artes; Escritório de Arte; Wikipédia";alta;;;;;;
Pedro Riva;Argentina;"Universidad de Buenos Aires; University of Bergen; Kuvataideakatemia / University of the Arts Helsinki";-34.599722222222;-58.373055555556;;;;male;NOBA;médio;local de nascimento não localizado em fonte auditável;;;FILE;;;;;;;;;;
Pedro Veneroso;Brazil;Universidade Federal de Minas Gerais (UFMG);-19.8690878;-43.9663841;Belo Horizonte, Minas Gerais, Brasil;;;male;Lab|Front / currículo;alto;;GAL;alto;FILE;;;;;;;;;;
Pedro Weingärtner;Brazil;"Académie Julian; Liceu de Artes e Ofícios de Hamburgo; Academia Grão-ducal de Arte de Baden; Real Academia de Artes da Prússia";"53.55; 47.47291; 52.516666666667";"10; 8.30799; 13.383333333333";Porto Alegre;;Porto Alegre;male;https://pt.wikipedia.org/wiki/Pedro_Weing%C3%A4rtner | https://www.arrematearte.com.br/artistas/pedro-weingartner-1853;;;;;"outros; Museu Nacional de Belas Artes";"Hamburgo; Karlsruhe; Berlim; Paris";"1878; 1880; sem data exata para Académie Julian na fonte recuperada";https://pt.wikipedia.org/wiki/Pedro_Weing%C3%A4rtner | https://www.arrematearte.com.br/artistas/pedro-weingartner-1853;alta;-30.027679;-51.2286404;100.0;-30.027679;-51.2286404;100.0
Pereira, A.J.;;;;;;;;;;;;;;"outros; Museu Histórico Nacional";;;;;;;;;;
Pete Burkeet;United States;The University of Akron;41.0752;-81.5115;;;;male;site da artista | fellowship.xyz;médio;local de nascimento não localizado em fonte auditável;;;FILE;;;;;;;;;;
Peter Burr;United States;Carnegie Mellon University;40.4425;-79.94333333333333;Brooklyn;;;male;CV do artista;alto;;;;FILE;;;;;40.692529;-73.990996;100.0;;;
Peter Lubarda;;School of Fine Arts / Academy in Belgrade;;;Ljubotin, Montenegro;;;;"biografia institucional do artista; fontes de referência";;denominação institucional varia entre fontes | fonte usa a grafia Petar Lubarda.;Museum of Contemporary Art Skopje;alto;"MAC; outros; MAC USP";Belgrado, Sérvia;1925–1929;"biografia institucional do artista; fontes de referência";media;;;;;;
Peter Paul Rubens;Spanish Netherlands;"University of Cambridge; aprendiz com Tobias Verhaecht, Adam van Noort e Otto van Veen";"52.205355979757925;";"0.11315726963968827;";Siegen;St. James' Church, Antwerp;Antwerp;male;https://en.wikipedia.org/wiki/Peter_Paul_Rubens | https://www.britannica.com/biography/Peter-Paul-Rubens;;;;;"outros; MASP";Antuérpia;c.1591-1598;https://en.wikipedia.org/wiki/Peter_Paul_Rubens;alta;50.874558999;8.024625;100.0;51.25942418;4.371799938;100.0
Peter Sussmann;;Colegio Nacional Manuel Belgrano;-34.599722222222;-58.381944444444;Berlin, Germany;;;male;https://artedelaargentina.com.ar/disciplinas/artista/pintura/peter-sussmann;;"fonte confirma egresso do colegio; não localizei escola de arte formal";Arte de la Argentina;médio;"MAC; outros; MAC USP";Buenos Aires, Argentina;até 1944;https://artedelaargentina.com.ar/disciplinas/artista/pintura/peter-sussmann;media;;;;;;
Peter Whittenberger;United States;"University of Montana; University of Nevada, Reno";"46.86; 39.545833333333";"-113.98527777778; -119.81666666667";St. Louis, Missouri, USA;;;male;CV do artista;alto;;Saatchi Art;médio;FILE;;;;;;;;;;
Peter William Holden;Germany;;;;Burnley, United Kingdom;;;male;;;;site oficial do artista;alto;FILE;;;;;;;;;;
Petros Vrellis;Greece;"University of Patras; University of Ioannina";"38.286666666667; 39.62";"21.786388888889; 20.84";Greece;;;male;Saatchi Art;médio;fonte identifica apenas o país de nascimento;bio do artista;médio;FILE;;;;;39.0;22.0;100.0;;;
Philipp Artus;Germany;"École des Beaux Arts in Nantes; Academy of Media Arts Cologne";47.206475;-1.560904;Bremen;;;male;site oficial do artista;alto;;;;FILE;;;;;53.075605999;8.809338;100.0;;;
Philippe Lamy;France;École nationale supérieure des beaux-arts de Toulouse;45.768055555556;4.8172222222222;Casablanca, Morocco;;;male;site oficial do artista;alto;;site oficial do artista;alto;FILE;;;;;;;;;;
Piero di Cosimo;;aprendiz de Cosimo Rosselli;;;Florence;;Florence;male;https://en.wikipedia.org/wiki/Piero_di_Cosimo | https://www.britannica.com/biography/Piero-di-Cosimo;;;;;"outros; MASP";Florença;;;media;43.7686976;11.2569291;100.0;43.7686976;11.2569291;100.0
Piero Marussig;;;;;;;;;;;;;;;;;;;;;;;;
Pierre Alechinsky;France;École nationale supérieure des arts visuels de La Cambre;50.818888888889;4.3741666666667;Brussels;;;male;place_of_birth_tiered_dataset.csv;;"dados recuperados de base auxiliar; datas não localizadas";;;"MAC; outros; MAC USP";Bruxelas, Bélgica;;;alta;50.89806471;4.406264339;100.0;;;
Pierre Chaumont;Canada;"Université du Québec à Montréal (UQAM); Campus ADN";"45.513888888889;";"-73.560277777778;";Libourne;;;male;CV do artista;alto;;;;FILE;;;;;44.914458002;-0.245192324;100.0;;;
Pierre Depaz;France;Sorbonne Nouvelle-Paris 3;48.84488888888889;2.396988888888889;Bordeaux, France;;;male;Cosyll / AI Fictions;médio;fonte biográfica informa origem em Bordeaux.;site oficial do artista;médio;FILE;;;;;;;;;;
Pierre F. K.;;;;;;;;male;;;;;;"outros; Museu Paulista";;;;;;;;;;
Pierre Gobert;France;"estudos com Pierre Mignard; Académie Royale de Peinture et de Sculpture";"; 48.85722222222222";"; 2.3369444444444443";Fontainebleau;;Paris;male;https://en.wikipedia.org/wiki/Pierre_Gobert;;;;;"outros; MASP";Paris;;;media;48.404740851;2.701648778;100.0;48.856372814;2.352529617;100.0
Pierre Soulages;France;Montpellier Fine Arts School;43.61755318089179;3.8841390694349522;Rodez;Montparnasse Cemetery;Centre Hospitalier Universitaire De Nîmes;male;place_of_birth_tiered_dataset.csv;;"dados recuperados de base auxiliar; datas não localizadas";;;"MAC; outros; MAC USP";Montpellier, França;;;alta;44.349408655;2.576021508;100.0;43.853552;4.3978;100.0
Pierre-Auguste Renoir;France;"Beaux-Arts de Paris; École des Beaux-Arts de Paris; atelier de Charles Gleyre";"48.85680555555555; 48.85680555555555;";"2.333277777777778; 2.333277777777778;";Limoges;Essoyes;Cagnes-sur-Mer;male;https://sammlung.staedelmuseum.de/en/person/renoir-auguste;;;;;"outros; MASP";"Paris, França; Paris, França";"1862–1864; 1861–1864";https://sammlung.staedelmuseum.de/en/person/renoir-auguste;alta;45.826337539;1.260531636;100.0;43.663746502;7.148767541;100.0
Pierre-Jean Le Moël;France;;;;France;;;male;;;"fonte biográfica identifica apenas o país; preenchimento mantido em nível de país.";Vimeo;médio;FILE;;;;;;;;;;
Pieter Tjabbes;Netherlands;Leiden University;52.15694444444444;4.485277777777778;Netherlands;;;male;FILE Festival;médio;"fonte biográfica identifica apenas o país; preenchimento mantido em nível de país.";Itaú Cultural / FILE Festival;médio;FILE;;;;;;;;;;
Pietro Perugino;Italy;oficina de Andrea del Verrocchio;;;Città della Pieve;;Fontignano;male;https://en.wikipedia.org/wiki/Perugino | https://www.britannica.com/biography/Perugino;;As fontes também mencionam formação inicial em Perugia antes da ida a Florença.;;;"outros; MASP";"Perugia; Florença";c.1470s;https://en.wikipedia.org/wiki/Perugino;media;42.953051;12.003567;100.0;43.0262392;12.1913319;100.0
Pio Semeghini;Italy;"Accademia di Belle Arti di Modena; Accademia di Belle Arti di Firenze; Académie Julian";"44.64445277777778; 43.776907";"10.92485277777778; 11.258475";Quistello;;Verona;male;"https://it.wikipedia.org/wiki/Pio_Semeghini; https://piosemeghini.it/biografia.php";;As fontes convergem sobre a formação nas academias de Modena e Florença e a frequência à Académie Julian em Paris, mas sem datas precisas localizadas.;;;"MAC; outros; MAC USP";"Modena, Itália; Florença, Itália; Paris, França";;;media;45.006574;10.9834629;100.0;45.4383527;10.9917125;100.0
Pola Rezende;;Escola de Belas Artes da UFMG;-19.8690878;-43.9663841;;;;;fontes biográficas de referência;;fontes divergentes sobre local de nascimento (Rússia/Polônia);;;"MAC; outros; MAC USP";Belo Horizonte, Brasil;s.d.;fontes biográficas de referência;baixa;;;;;;
Prisciliano Silva;Brazil;"Federal University of Bahia; Escola de Belas Artes da Bahia; Liceu de Artes e Ofícios; Académie Julian";-12.990785;-38.524427;Salvador;;Rio de Janeiro;male;https://pt.wikipedia.org/wiki/Prisciliano_Silva | https://www.escritoriodearte.com/artista/presciliano-silva;;As fontes também citam aulas particulares com Manoel Lopes Rodrigues.;;;"outros; Museu Histórico Nacional";"Salvador; Paris";"matrícula em 1896; temporada em Paris de 1905 a 1908";https://pt.wikipedia.org/wiki/Prisciliano_Silva | https://www.escritoriodearte.com/artista/presciliano-silva;alta;-12.9641527;-38.5058208;100.0;-22.9014475;-43.1789159;100.0
Przemek Wegrzyn;Poland;"University of Wroclaw; Academy of Fine Arts in Wroclaw";"51.11361111111111; 51.111944";"17.03333333333333; 17.008611";Nowy Sącz, Poland;;;male;FILE Festival;médio;;currículo do artista;alto;FILE;;;;;;;;;;
Q10288297;;;;;;;;;;;;;;;;;;;;;;;;
Quba Michalski;Poland;;;;Poland;;;male;;;fonte identifica apenas o país de nascimento;FILE Festival;médio;FILE;;;;;52.123790154;19.398768986;100.0;;;
Quentin Pointillart;;"Supinfocom; BTS communication visuelle; Reims Management School; Tomas Bata University in Zlín";50.35805555555555;3.523333333333333;;;;male;Zerply;médio;local de nascimento não localizado em fonte auditável;;;FILE;;;;;;;;;;
Quinten Metsys;Duchy of Brabant;"formação inicial em Leuven; provável aprendizagem em oficinas da família Bouts; Guilda de São Lucas de Antuérpia";"50.8775; 51.22111111111112";"4.704444; 4.399722222222223";Leuven;Onze-Lieve-Vrouwekathedraal;Antwerp;male;"https://en.wikipedia.org/wiki/Quentin_Matsys | https://www.wikiart.org/en/quentin-matsys | https://thekleschcollection.com/selected-works/quinten-metsys-christ-blessing/; https://en.wikipedia.org/wiki/Quentin_Matsys | https://thekleschcollection.com/selected-works/quinten-metsys-christ-blessing/";;"A formação inicial é reconstruída por historiadores; registros de guilda em Leuven não foram preservados.";;;"outros; MASP";"Leuven; Antuérpia";"antes de 1491; mestre em Antuérpia em 1491";https://en.wikipedia.org/wiki/Quentin_Matsys;baixa;50.882173608;4.705906182;100.0;51.25942418;4.371799938;100.0
Quirino da Silva;Brazil;Liceu de Artes e Ofícios de São Paulo;-23.5331446;-46.6267577;Rio de Janeiro;;;male;fontes biográficas de referência;;"instituição identificada; datas aproximadas";;;"MAC; outros; MAC USP";São Paulo, Brasil;c. 1910s;fontes biográficas de referência;media;-22.9014475;-43.1789159;100.0;;;
Rafael Frederico;Brazil;Academia Imperial de Belas Artes (Aiba);-22.91111111111111;-43.20555555555556;Rio de Janeiro;;Rio de Janeiro;male;https://enciclopedia.itaucultural.org.br/pessoas/7385-rafael-frederico | https://www.catalogodasartes.com.br/artista/Rafael%20Frederico/;;A fonte aberta também informa depois atuação como assistente de Zeferino da Costa.;;;"outros; Museu Nacional de Belas Artes";Rio de Janeiro;1877 em diante;https://enciclopedia.itaucultural.org.br/pessoas/7385-rafael-frederico;alta;-22.9014475;-43.1789159;100.0;-22.9014475;-43.1789159;100.0
Raheed Allaf;United Arab Emirates;American University of Sharjah;25.309722;55.490556;Saudi Arabia;;;female;site oficial da artista;alto;"fonte descreve a artista como “storyteller from Saudi Arabia”; usado com baixa confiança.";FILE Festival;baixa;FILE;;;;;;;;;;
Raimundo de Oliveira;Brazil;"seminário de Feira de Santana; Escola de Belas Artes da Universidade da Bahia; cursos com Maria Célia Amado";-12.266944444444;-38.966944444444;;;;male;"https://galeriadearte.art.br/artista/raimundo-de-oliveira/ | https://www.guiadasartes.com.br/raimundo-de-oliveira/vida | https://enciclopedia.itaucultural.org.br/pessoas/2741-raimundo-de-oliveira; https://www.guiadasartes.com.br/raimundo-de-oliveira/vida | https://galeriadearte.art.br/artista/raimundo-de-oliveira/";;"A formação inicial aparece por influência da mãe e pela passagem pelo seminário; em 1947 a fonte menciona cursos regulares de pintura na Universidade da Bahia.";;;"MAC; outros; MAC USP";"Feira de Santana; Salvador";"1942-1943; 1947 em diante";https://galeriadearte.art.br/artista/raimundo-de-oliveira/ | https://www.guiadasartes.com.br/raimundo-de-oliveira/vida;alta;;;;;;
Raj Jeshang;Tanzania;Savannah College of Art and Design;32.073;-81.0961;Dar es Salaam, Tanzania;;;male;The AOI | Graphic Days;médio;;FILE Festival;alto;FILE;;;;;;;;;;
Ralph Du Casse;United States;"University of Cincinnati; University of California, Berkeley; estudos com Hans Hofmann; California College of Arts and Crafts";37.775;-122.4194444444444;Paducah;;San Francisco;male;https://fostergwin.com/artist-bios/ralph-ducasse/ | https://www.carlsonartprojects.com/ralph-ducasse;;;;;"MAC; outros; MAC USP";"Cincinnati; Berkeley; Nova York; Oakland";"B.A. 1940; M.A. 1948; M.F.A. 1950";https://fostergwin.com/artist-bios/ralph-ducasse/ | https://www.carlsonartprojects.com/ralph-ducasse;alta;37.07639;-88.633016;100.0;37.7800771;-122.4201615;100.0
Raman Djafari;Germany;Hamburg University of Applied Sciences (HAW);53.55627;10.02196;Alemanha;;;male;FILE Festival;médio;Ficha FILE explicita País de Origem.;FILE Archive — ficha de participante;alta;FILE;;;;alta;;;;;;
Ramiro AMK Fernández;Argentina;;;;Buenos Aires, Argentina;;;male;;;;Mundos Digitales;alto;FILE;;;;;-34.6090264;-58.3732215;100.0;;;
Ramon Vergara Grez;Chile;Escuela de Bellas Artes de la Universidad de Chile;-33.44454888888889;-70.65095388888889;Mejillones;;Santiago;male;fontes biográficas de referência;;"instituição identificada; datas aproximadas";;;"MAC; outros; MAC USP";Santiago, Chile;c. 1940s;fontes biográficas de referência;baixa;-18.990488501803;-68.69463918794;100.0;-33.4459946;-70.6670569;100.0
Raoul Dufy;France;"École supérieure d'art du Havre; École des Beaux-Arts du Havre; École Nationale supérieure des Beaux-Arts";49.494166666667;0.10805555555556;Le Havre;Cimetière de Cimiez;Forcalquier;male;"Wikipedia; Britannica";;;;;"MAC; outros; MAC USP";"Le Havre, França; Paris, França";"1895–1900; 1900";"Wikipedia; Britannica";alta;49.494261098;0.107801459;100.0;43.960133439;5.780591181;100.0
Raphael;Holy Roman Empire;Liceu de Artes e Ofícios de São Paulo;-23.5331446;-46.6267577;Urbino;Pantheon;Rome;male;fontes biográficas de referência;;instituição identificada em biografias sumárias;;;outros;São Paulo, Brasil;s.d.;fontes biográficas de referência;baixa;43.7247469;12.6366847;100.0;41.8905568;12.4942679;100.0
Raphael Galvez;Brazil;Liceu de Artes e Ofícios de São Paulo;-23.5331446;-46.6267577;São Paulo;;São Paulo;male;fontes biográficas de referência;;instituição identificada em biografias sumárias;;;"MAC; outros; MASP";São Paulo, Brasil;s.d.;fontes biográficas de referência;baixa;-23.5486657;-46.6382522;100.0;-23.5486657;-46.6382522;100.0
Raphaël Collin;France;"Beaux-Arts de Paris; École des Beaux-Arts de Paris (atelier de Cabanel)";"48.85680555555555; 48.85680555555555";"2.333277777777778; 2.333277777777778";Rue Louise-Émilie-de-La-Tour-d'Auvergne;Cemetery of Fontenay-aux-Roses;Brionne;male;https://cths.fr/an/savant.php?id=125219;;;;;"outros; Museu Nacional de Belas Artes";Paris, França;1869–1873;https://cths.fr/an/savant.php?id=125219;alta;45.53389;2.68917;81.21;49.193448918;0.721791538;100.0
Raquel Fukuda;Brazil;Faculdade Santa Marcelina;-23.550394444444;-46.633947222222;São Paulo;;;female;Escavador / Lattes;médio;;;;FILE;;;;;-23.5486657;-46.6382522;100.0;;;
Raquel Piantino;Brazil;"Universidade de Brasília (UnB); The University of Texas at Dallas";-15.76138888888889;-47.86638888888889;Brasília;;;female;FILE Festival | UIVO Filmes;médio;;;;FILE;;;;;-15.7793842;-47.9257379;100.0;;;
Raul Milian;Cuba;Academia de San Alejandro;23.087472;-82.426917;Havana;;Havana;male;fontes biográficas de referência;;"instituição identificada; datas não localizadas com precisão";;;"MAC; outros; MAC USP";Havana, Cuba;s.d.;fontes biográficas de referência;baixa;23.1281371;-82.3897195;100.0;23.1281371;-82.3897195;100.0
Raul Porto;;;;;Dois Córregos, SP, Brazil;;;;https://www.catalogodasartes.com.br/artista/Raul%20Porto/;;;Galeria Berenice Arvani / Catálogo das Artes;alto;"MAC; outros; MAC USP";Campinas (SP);;;baixa;;;;;;
Ravana;India;;;;New Delhi, India;;;male;;;;FILE Festival;alto;FILE;;;;;;;;;;
Raven Kwok;United States;"Shanghai Institute of Visual Art; Rensselaer Polytechnic Institute";"31.048; 42.729014";"121.202; -73.676728";Shanghai, China;;;male;site oficial / CV do artista;alto;;site oficial do artista;alto;FILE;;;;;31.22222;121.45806;100.0;;;
Ray Gropius;Italy;autodidata;;;Netherlands;;;;FILE Festival;médio;fonte identifica apenas o país de nascimento;site oficial do artista;médio;FILE;;;;;52.249375293;5.616126398;100.0;;;
Regina Silveira;Brazil;"Arts Institute of Federal University of Rio Grande do Sul; Instituto de Artes da UFRGS; Escola de Comunicações e Artes da USP";"-30.0292; -23.55833333";"-51.2233; -46.72694444";Porto Alegre;;;female;https://reginasilveira.c2midia.com.br/sobre-a-artista/;;"graduação na UFRGS; depois mestrado e doutorado na ECA/USP";;;"MAC; outros; MAC USP";"Porto Alegre, Brasil; São Paulo, Brasil";"1959; 1980–1984";https://reginasilveira.c2midia.com.br/sobre-a-artista/;alta;-30.027679;-51.2286404;100.0;;;
Regina Veiga;Brazil;"Académie Julian; estudos com Rodolfo Amoedo; Academia Julian; formação com o pintor Heilmann";"48.871111111111; ; 48.871111111111;";"2.3416666666667; ; 2.3416666666667;";;;;female;https://pt.wikipedia.org/wiki/Regina_Veiga | https://aterraeredonda.com.br/regina-veiga/;;Mantive a cronologia de forma conservadora porque a fonte não detalha todos os anos de estudo na Europa.;;;"outros; Museu Histórico Nacional";"Rio de Janeiro; Paris; Munique";"antes de 1916; sem cronologia fina completa nas fontes";https://pt.wikipedia.org/wiki/Regina_Veiga;media;;;;;;
Rei Souza;Brazil;autodidata;;;Bragança Paulista;;;male;FILE Festival;médio;;;;FILE;;;;;-22.9517005;-46.5406666;100.0;;;
Rejane Cantoni;Brazil;"Pontifícia Universidade Católica de São Paulo (PUC-SP); University of Geneva; Universidade de São Paulo (USP)";-23.5613991;-46.7307891;São Paulo;;;female;Itaú Cultural | site oficial;alto;;;;FILE;;;;;-23.5486657;-46.6382522;100.0;;;
Rek;Canada;;;;;;;female;;;local de nascimento não localizado em fonte auditável;;;FILE;;;;;;;;;;
Rembrandt;Dutch Republic;"Leiden University; aprendizagem com Jacob van Swanenburgh; estudos com Pieter Lastman";"52.15694444444444; ;";"4.485277777777778; ;";Leiden;Westerkerk;Amsterdam;male;https://www.ebiografia.com/rembrandt/ | https://pt.wikipedia.org/wiki/Rembrandt;;A formação aparece em oficinas e mestres, não em academia formal.;;;"outros; MASP";"Leiden; Amsterdã";c.1620-1623;https://www.ebiografia.com/rembrandt/;alta;52.158170179;4.48755174;100.0;52.361524688;4.890870311;100.0
Renata Barros;;"Faculty of Nutrition and Food Science of the University of Porto; Fundação Armando Álvares Penteado (FAAP); Atelier des Beaux Arts";"41.14666667; -23.5450155;";"-8.61555556; -46.6630802;";;;;female;"https://enciclopedia.itaucultural.org.br/pessoas/5195-renata-barros; https://mapa.pacodasartes.org.br/page.php?id=85905463-b0a1-481d-ae03-7671a882f149&name=artistas&op=detalhe";;também estuda com Vick Machado, Carlos Fajardo e outros em ateliê;;;"MAC; outros; MAC USP";"São Paulo, Brasil; Paris, França";"1981; c. 1982–1984";"https://enciclopedia.itaucultural.org.br/pessoas/5195-renata-barros ; https://mapa.pacodasartes.org.br/page.php?id=85905463-b0a1-481d-ae03-7671a882f149&name=artistas&op=detalhe";alta;;;;;;
Renata de Andrade;;Gerrit Rietveld Academie;52.3413;4.86;;;;female;"Museu Victor Meirelles; Germina";;"formou-se em pintura na Academia Rietveld; começou a estudar arte aos 29 anos, já na Holanda";;;"outros; Museu Victor Meirelles";Amsterdã, Holanda;;;media;;;;;;
Renata Pedrosa;Brazil;"European Ceramics Work Center; Pontifícia Universidade Católica de São Paulo (PUC-SP); Escola de Comunicações e Artes da Universidade de São Paulo (ECA-USP)";51.5833;5.2;;;;female;"https://www.escavador.com/sobre/3341664/renata-pedrosa | https://teresaberlinck.com.br/curriculo/; https://www.escavador.com/sobre/3341664/renata-pedrosa";;"A fonte recuperada é de currículo acadêmico; informação artística complementar não especifica outras formações.";;;"MAC; outros; MAC USP";São Paulo;"2004; 2011 (qualificação de doutorado em Poéticas Visuais)";https://www.escavador.com/sobre/3341664/renata-pedrosa;media;;;;;;
Renato Birolli;Kingdom of Italy;Accademia Cignaroli;45.43479753250506;10.9929983708197;Verona;monumental cemetery of Milan;Milan;male;https://galleriadelloscudo.com/en/artist/renato-birolli-biography-artworks-exhibitions/;;"Biografia de arquivo informa estudos na Accademia Cignaroli, da qual foi expulso; não localizei datas exatas nesta passada.";;;"MAC; outros; MAC USP";Verona, Itália;;;media;45.4383527;10.9917125;100.0;45.4636183;9.1881156;100.0
Renato Guttuso;Italy;"University of Palermo; Universidade de Palermo";"38.11768; 38.11768";"13.370131; 13.370131";Bagheria;Museo Guttuso;Rome;male;https://en.wikipedia.org/wiki/Renato_Guttuso;;"Também frequentou o ateliê de Pippo Rizzo; preenchimento institucional mantido apenas para a universidade.";;;"MAC; outros; MAC USP";Palermo, Itália;c. 1930;https://en.wikipedia.org/wiki/Renato_Guttuso;media;38.0783238;13.5069548;100.0;41.8905568;12.4942679;100.0
Renzo Filinich;Chile;"University of Chile; University of Valparaíso";"-33.44454888888889; -33.0407143";"-70.65095388888889; -71.6254608";Chile;;;male;site oficial do artista;médio;"FILE explicita “País de Origem”; preenchido em nível de país.";FILE Festival (País de Origem);alto;FILE;;;;;;;;;;
Renzo Vespignani;Italy;;;;Rome;;Rome;male;fontes biográficas de referência;;"artista geralmente descrito como autodidata; mantido apenas local de formação";;;"MAC; outros; MAC USP";Roma, Itália;c. 1940s;fontes biográficas de referência;media;41.8905568;12.4942679;100.0;41.8905568;12.4942679;100.0
René Bauer;Switzerland;University of Zurich;47.374722222222;8.5483333333333;Suíça;;;male;FILE Festival;médio;Ficha FILE explicita País de Origem.;FILE Archive — ficha de participante;alta;FILE;;;;alta;;;;;;
René Guiette;Belgium;Royal Academy of Fine Arts, Antwerp;51.2234;4.4069;Antwerp;;Wilrijk;male;https://en.wikipedia.org/wiki/Ren%C3%A9_Guiette;;datas aproximadas;;;"MAC; outros; MAC USP";Antuérpia, Bélgica;1910s;https://en.wikipedia.org/wiki/Ren%C3%A9_Guiette;media;51.25942418;4.371799938;100.0;51.16734;4.39513;100.0
René Portocarrero;Cuba;Academia de San Alejandro;23.087472;-82.426917;Cerro;;Havana;male;Wikipedia / fontes biográficas de referência;;artista amplamente descrito como majoritariamente autodidata;;;"MAC; outros; MAC USP";Havana, Cuba;breve frequência, s.d.;Wikipedia / fontes biográficas de referência;media;23.1157488;-82.3775869;100.0;23.1281371;-82.3897195;100.0
Renée Lefèvre;Brazil;"estudos com Pedro Alexandrino Borges; Académie Julian; Académie de La Grande Chaumière";"; 48.871111111111; 48.8422";"; 2.3416666666667; 2.3304";São Paulo;;;male;"https://pt.wikipedia.org/wiki/Ren%C3%A9e_Lef%C3%A8vre | https://enciclopedia.itaucultural.org.br/pessoas/259-renee-lefevre; https://pt.wikipedia.org/wiki/Ren%C3%A9e_Lef%C3%A8vre | https://enciclopedia.itaucultural.org.br/pessoas/259-renee-lefevre | https://www.escritoriodearte.com/artista/renee-lefevre";;;;;"MAC; outros; MAC USP";"São Paulo; Paris";"década de 1940 em Paris; sem data exata do estudo com Pedro Alexandrino";https://enciclopedia.itaucultural.org.br/pessoas/259-renee-lefevre;media;-23.5486657;-46.6382522;100.0;;;
Ricardo Barreto;Brazil;"Faculdade de Belas Artes de São Paulo; Faculdade de Filosofia, Letras e Ciências Humanas da Universidade de São Paulo (FFLCH-USP)";"-23.583688; -23.5613991";"-46.633917; -46.7307891";Rio de Janeiro;;;male;Enciclopédia Itaú Cultural;alto;;;;FILE;;;;;-22.9014475;-43.1789159;100.0;;;
Ricardo Dal Farra;Argentina;Université du Québec à Montréal;45.513888888889;-73.560277777778;Buenos Aires;;;male;Daniel Langlois Foundation;alto;;;;FILE;;;;;-34.6090264;-58.3732215;100.0;;;
Ricardo de Armas;Argentina;"Vicentina de la Torre Arts Academy; Instituto Superior de Arte";21.378611111111;-77.918611111111;Buenos Aires;;;male;site oficial do artista;médio;;;;FILE;;;;;-34.6090264;-58.3732215;100.0;;;
Ricardo Martínez;Mexico;Escuela Nacional de Artes Plásticas;19.43305556;-99.12888889;Mexico City;;;male;fontes biográficas de referência;;"instituição identificada; datas aproximadas";;;"MAC; outros; MAC USP";Cidade do México, México;c. 1930s;fontes biográficas de referência;media;19.430457906;-99.141684761;100.0;;;
Richard Mortensen;Kingdom of Denmark;Royal Danish Academy of Fine Arts;55.680277777777775;12.587222222222222;Ejby;;Copenhagen;male;https://www.britannica.com/biography/Richard-Mortensen;;Britannica informa que deixou a academia após dois anos para trabalhar de forma independente.;;;"MAC; outros; MAC USP";Copenhague, Dinamarca;1931–1932;https://www.britannica.com/biography/Richard-Mortensen;alta;55.6982617;12.4119032;100.0;55.675757;12.5690233;100.0
Richard Paul Lohse;Switzerland;Kunstgewerbeschule Zürich;47.38295;8.5358;Zurich;Cemetery Sihlfeld;Zurich;male;"biografia institucional do artista; fontes de referência";;datas aproximadas;;;"MAC; outros; MAC USP";Zurique, Suíça;c. 1918–1922;"biografia institucional do artista; fontes de referência";media;47.38454096;8.529927493;100.0;47.38454096;8.529927493;100.0
Rino Stefano Tagliafierro;Italy;"ISIA Urbino; IED – European Institute of Design, Milan";45.466944444444;9.19;Piacenza, Italy;;;male;site oficial do artista;alto;;biografia pública / página profissional;médio;FILE;;;;;45.0537735;9.6951421;100.0;;;
Robert Becker;;"École des arts décoratifs de Strasbourg; Académie Européenne d’Art de Trèves";"48.5825; 45.539444444444";"7.7591; 4.6761111111111";Sarreguemines, Lorraine, France;;;;arts-direct;médio;;arts-direct.com;médio;FILE;;;;;49.109707574;7.070491816;100.0;;;
Robert Gwathmey;United States;"Pennsylvania Academy of the Fine Arts; Art Students League of New York";"39.955683; 40.766083333333";"-75.163217; -73.980861111111";Manchester;;Southampton;male;fontes biográficas de referência;;;;;"MAC; outros; MAC USP";"Nova York, EUA; Filadélfia, EUA";"c. 1926; 1929–1932";fontes biográficas de referência;alta;53.478956243;-2.245275766;100.0;50.904882121;-1.404303871;100.0
Robert Wallace;;;;;New Zealand;;;;;;"fonte biográfica identifica apenas o país; preenchimento mantido em nível de país.";FILE Festival;médio;FILE;;;;;;;;;;
Roberto Burle Marx;Brazil;"Escola Nacional de Belas Artes; ateliê de Degner Klemn";"-22.8625055;";"-43.2256622;";São Paulo;;Rio de Janeiro;male;"Itaú Cultural; Wikipédia";;"Formação em pintura e arquitetura confirmada; ateliê anterior em Berlim.";;;"MAC; outros; MAC USP";"Berlim, Alemanha; Rio de Janeiro, Brasil";"1929; 1930–1934";Itaú Cultural;alta;-23.5486657;-46.6382522;100.0;-22.9014475;-43.1789159;100.0
Roberto Castellanos;Uruguay;Academia de Bellas Artes de Florencia;43.776907;11.258475;Montevideo;;Montevideo;male;https://es.wikipedia.org/wiki/Roberto_Castellanos;;estuda pintura em Florença com bolsa de estudos;;;"outros; Museu Histórico Nacional";Florença, Itália;1891;https://es.wikipedia.org/wiki/Roberto_Castellanos;media;-34.9055557;-56.1852505;100.0;-34.9055557;-56.1852505;100.0
Roberto Mertig;;"formação artística brasileira; instituição não identificada na fonte aberta consultada";"; ";"; ";;;;male;https://www.catalogodasartes.com.br/;;Sem base aberta detalhada suficiente.;;;"outros; Museu Paulista";Brasil;;;baixa;;;;;;
Roberto Okinaka;;"Fundação Armando Álvares Penteado (FAAP); estudos em Osaka";34.68633333333333;135.5198611111111;;;;;https://www.smartgallery.com.br/categoria/arte-japonesa-no-brasil/roberto-okinaka/;;"fonte secundária recente; informa formação na FAAP e complementação de estudos em Osaka, sem datas";;;"MAC; outros; MAC USP";"São Paulo, Brasil; Osaka, Japão";;;media;;;;;;
Roberto Sambonet;Kingdom of Italy;"Manzoni; Brera Academy; Polytechnic University of Milan";45.45994722;9.17774167;Vercelli;monumental cemetery of Milan;Milan;male;MAC_consolidado_normalized.csv / nationality_applied_dataset.csv;;"dados recuperados de base auxiliar; datas não localizadas";;;"MAC; outros; MAC USP";"Milão, Itália; Milão, Itália; Milão, Itália";;;media;45.3211114;8.4262359;100.0;45.4636183;9.1881156;100.0
Roberto Santaguida;Canada;Concordia University;45.496944444444445;-73.57805555555555;Montreal, Canada;;;male;Art Souterrain;médio;;Akademie Schloss Solitude;alta;FILE;;;;;;;;;;
Robin Baumgarten;Germany;Imperial College London;51.498308;-0.176882;Alemanha;;;male;site oficial do artista;médio;Ficha FILE explicita País de Origem.;FILE Archive — ficha de participante;alta;FILE;;;;alta;;;;;;
Rocío Cano Valiño;Argentina;"Conservatoire National Supérieur Musique et Danse de Lyon (CNSMD Lyon); Conservatoire à Rayonnement Régional de Lyon (CRR de Lyon); Universität für Musik und darstellende Kunst Graz";"45.76915; 45.761; 47.0725";"4.81262; 4.82234; 15.4503";Buenos Aires;;;female;site oficial da artista;alto;;;;FILE;;;;;-34.6090264;-58.3732215;100.0;;;
Rodolfo Abularach;Guatemala;Escuela Nacional de Artes Plásticas;19.43305556;-99.12888889;Guatemala City;;;male;"biografia institucional do artista; fontes de referência";;datas aproximadas;;;"MAC; outros; MAC USP";Cidade da Guatemala, Guatemala;c. 1940s–1950s;"biografia institucional do artista; fontes de referência";media;14.64198;-90.51324;100.0;;;
Rodolfo Amoedo;Brazil;"Beaux-Arts de Paris; Liceu de Artes e Ofícios do Rio de Janeiro; Academia Julian; École des Beaux-Arts";"-22.91111111111111; 48.85666666666667";"-43.20555555555556; 2.333611111111112";Salvador;;Rio de Janeiro;male;https://pt.wikipedia.org/wiki/Rodolfo_Amoedo | https://www.guiadasartes.com.br/rodolfo-amoedo/obras-e-biografia;;;;;"outros; Pinacoteca de São Paulo";"Rio de Janeiro; Paris";"1873; 1879-1880";https://pt.wikipedia.org/wiki/Rodolfo_Amoedo | https://www.guiadasartes.com.br/rodolfo-amoedo/obras-e-biografia;alta;-12.9641527;-38.5058208;100.0;-22.9014475;-43.1789159;100.0
Rodolfo Bernardelli;Mexico;"Academia Imperial de Belas Artes; estudos com Giulio Monteverde e Achilles Monteverde";-22.91111111111111;-43.20555555555556;Guadalajara;;Rio de Janeiro;male;https://pt.wikipedia.org/wiki/Rodolfo_Bernardelli;;A fonte também indica aulas informais com Francisco Manuel Chaves Pinheiro.;;;"outros; Museu Histórico Nacional";"Rio de Janeiro; Roma";"antes de 1876; desde 1876 na Itália";https://pt.wikipedia.org/wiki/Rodolfo_Bernardelli;alta;20.674161223;-103.336727247;100.0;-22.9014475;-43.1789159;100.0
Rodolfo Chambelland;Brazil;"Académie Julian; Liceu de Artes e Ofícios; Escola Nacional de Belas Artes; Academia Julian";"48.871111111111; ; -22.8625055; 48.871111111111";"2.3416666666667; ; -43.2256622; 2.3416666666667";Rio de Janeiro;;;male;https://pt.wikipedia.org/wiki/Rodolfo_Chambelland;;;;;"outros; Museu Histórico Nacional";"Rio de Janeiro; Paris";"1901 em diante; 1906 em diante";https://pt.wikipedia.org/wiki/Rodolfo_Chambelland;alta;-22.9014475;-43.1789159;100.0;;;
Rodrigo Bivar;;Fundação Armando Álvares Penteado (FAAP);-23.5450155;-46.6630802;;;;;https://www.premiopipa.com/pag/artistas/rodrigo-bivar/;;A fonte informa graduação em artes plásticas pela FAAP, sem detalhar as datas.;;;"MAC; outros; MAC USP";São Paulo;;;alta;;;;;;
Rodrigo Faustini;Brazil;"Universidade Estadual de Campinas (UNICAMP); Universidade de São Paulo (USP); Goldsmiths College, University of London";"-22.817222222222; -23.5613991; 51.47426944444445";"-47.069444444444; -46.7307891; -0.0354111111111111";São Paulo, Brazil;;;male;USP | FAPESP | Academia.edu;médio;;PROYECTOR;alta;FILE;;;;;;;;;;
Rodrigo Rezende;Brazil;"Faculdade Impacta de Tecnologia; Universidade Estadual Paulista Júlio de Mesquita Filho (Unesp)";-23.550394444444;-46.633947222222;Brazil;;;male;site oficial do artista;médio;;FILE Festival (País de Origem);alto;FILE;;;;;;;;;;
Rogelio Meléndez;Mexico;;;;Reynosa, México;;;male;;;Biografia explicita local e ano de nascimento.;FILE Archive — biografia de participante;alta;FILE;;;;alta;;;;;;
Roger Chastel;France;"Beaux-Arts de Paris; Académie de La Palette";48.85666666666667;2.352222222222222;9th arrondissement of Paris;Saint Germain-en-Laye Old Communal Cemetery;Saint-Germain-en-Laye;male;nationality_applied_dataset.csv;;"dados recuperados de base auxiliar; datas não localizadas";;;"MAC; outros; MAC USP";"Paris, França; Paris, França";;;alta;45.779098566223;4.804366932758;97.02;48.898970617;2.093804863;100.0
Roger Dudant;Belgium;"Academy of Arts of Tournai; La Cambre";"50.60555555555555; 50.818888888889";"3.388055555555556; 4.3741666666667";Brunehaut;;Péruwelz;male;Artsy biography;;;;;"MAC; outros; MAC USP";"Tournai, Bélgica; Bruxelas, Bélgica";"até 1949; 1950–1953";Artsy biography;media;50.527149348;3.395107839;100.0;50.52945214;3.563871239;100.0
Rogério Bedim;;;;;;;;;https://www.youtube.com/watch?v=r6Zl0AAsKPw;;A referência recuperada descreve o artista como autodidata.;;;"outros; Museu de Arte Religiosa e Tradicional";Formação autodidata;;;baixa;;;;;;
Rolf van Boxmeer;Netherlands;;;;;;;male;;;local de nascimento não localizado em fonte auditável;;;FILE;;;;;;;;;;
Romane Granger;France;ENSAD / École nationale supérieure des Arts Décoratifs;;;;;;female;Animafest | Vimeo;médio;local de nascimento não localizado em fonte auditável;;;FILE;;;;;;;;;;
Romano Vicente (atribuição);;;;;;;;;;;"autoria atribuída/incerta; formação não localizada com segurança";;;"outros; Museu da Inconfidência";;;;;;;;;;
Romero Britto;Brazil;;;;Recife;;;male;https://www.siennafineart.com/romero-britto-biography;;"biografias consultadas enfatizam trajetória autodidata; sem escola formal confirmada";;;"MAC; outros; MAC USP";Recife, Brasil;;;media;-8.0551894;-34.871176;100.0;;;
Ronald van der Meijs;Kingdom of the Netherlands;"AKV; St.Joost Academy of Fine Arts and Design / Avans University of Applied Sciences";51.58888888888889;4.775833333333333;Tilburg;;;male;FILE Festival;médio;;;;FILE;;;;;51.566279732;5.062871894;100.0;;;
Ronchi;;;;;;;;;;;"identificação incompleta; não foi possível desambiguar com segurança";;;"outros; Museu Casa de Benjamin Constant";;;;;;;;;;
Rora Blue;United States;"San Francisco Art Institute; University of Nevada, Reno";"37.8035; 39.545833333333";"-122.417; -119.81666666667";California, United States;;;female;site oficial do artista;alto;"preenchido a partir de fonte secundária auditável; sem fonte institucional localizada no lote.";Wikipedia;media;FILE;;;;;;;;;;
Rosina Becker do Valle;Brazil;Instituto de Artes da UFRGS;-30.0292;-51.2233;Rio de Janeiro;;;female;fontes biográficas de referência;;"instituição identificada; datas não localizadas com precisão";;;"MAC; outros; MAC USP";Porto Alegre, Brasil;s.d.;fontes biográficas de referência;baixa;-22.9014475;-43.1789159;100.0;;;
Ru Kuwahata;Japan;Parsons The New School for Design;40.73534;-73.99704;Japan;;;female;site oficial / Parsons;alto;;;;FILE;;;;;36.655226998;139.271495;100.0;;;
Rubem Valentim;Brazil;"Federal University of Bahia; Universidade Federal da Bahia; Faculdade de Filosofia e Ciências Humanas da Universidade Federal da Bahia";-13.00527777777778;-38.51361111111111;Maceió;;São Paulo;male;"Governo da Bahia; Wikipédia";;na pintura, autodidata;;;"MAC; outros; MAC USP";"Salvador, Brasil; Salvador, Brasil";"1946; 1953";"Governo da Bahia; Wikipédia";media;-9.6652281;-35.7357217;100.0;-23.5486657;-46.6382522;100.0
Rubens Gerchman;Brazil;"Escola Nacional de Belas Artes; Liceu de Artes e Ofícios do Rio de Janeiro";-22.91111111111111;-43.20555555555556;Rio de Janeiro;;São Paulo;male;https://pt.wikipedia.org/wiki/Rubens_Gerchman;;na Escola Nacional de Belas Artes estuda xilogravura com Adir Botelho;;;"MAC; outros; MAC USP";"Rio de Janeiro, Brasil; Rio de Janeiro, Brasil";"1957–1958; 1960–1961";https://pt.wikipedia.org/wiki/Rubens_Gerchman;alta;-22.9014475;-43.1789159;100.0;-23.5486657;-46.6382522;100.0
Rune Spaans;Norway;;;;Norway;;;male;;;;FILE Festival (País de Origem);alto;FILE;;;;;;;;;;
Ruth Gibson;United Kingdom;Royal Melbourne Institute of Technology (RMIT University);-37.80777777777778;144.96333333333334;;;;female;Triarchy Press;médio;local de nascimento não localizado em fonte auditável;;;FILE;;;;;;;;;;
Ryan Seslow;United States;;;;;;;male;;;local de nascimento não localizado em fonte auditável;;;FILE;;;;;;;;;;
Ryoya Usuha;Japan;Graduate School of Film and New Media, Tokyo University of the Arts;35.7195782;139.7726862;Saitama Prefecture, Japan;;;male;Tokyo TDC | FILE Festival;médio;;Tokyo TDC;alta;FILE;;;;;;;;;;
S. Rosenthal;United Kingdom;;;;;;;male;;;;;;"outros; Museu Histórico Nacional";;;;;;;;;;
S4RA;;;;;;;;;;;local de nascimento não localizado em fonte auditável;;;FILE;;;;;;;;;;
Saad Moosajee;United States;Rhode Island School of Design;41.825833333333;-71.407777777778;;;;female;The Talks | shots Awards;médio;local de nascimento não localizado em fonte auditável;;;FILE;;;;;;;;;;
Sabato Visconti;Brazil;Amherst College;42.370833333333;-72.516944444444;São Paulo;;;male;FILE Festival;médio;;;;FILE;;;;;-23.5486657;-46.6382522;100.0;;;
Sada Yazima;;;;;;;;;;;formação não localizada com segurança;;;"MAC; outros; MAC USP";;;;;;;;;;
Salar Niknafs;Iran;University of Wollongong;-34.406166666667;150.87953611111;;;;male;University of Wollongong | site oficial;alto;local de nascimento não localizado em fonte auditável;;;FILE;;;;;;;;;;
Salomon van Ruysdael;Dutch Republic;aluno de Esaias van de Velde;;;Naarden;Grote Kerk;Haarlem;male;https://en.wikipedia.org/wiki/Salomon_van_Ruysdael | https://www.britannica.com/biography/Salomon-van-Ruysdael;;;;;"outros; MASP";Haarlem;;;media;52.29240476;5.157403567;100.0;52.381044553;4.642828229;100.0
Salomé Chatriot;France;"École nationale supérieure d’art de Paris-Cergy; Swiss University of Arts and Design in Lausanne";"49.0364; 46.533333333333";"2.07763; 6.6333333333333";Paris, France;;;female;Reiffers Art Initiatives;médio;;Volery Gallery;alta;FILE;;;;;;;;;;
Salvador Escolá Arimany;Spain;Academia de Belas Artes de Barcelona;41.38240278;2.18358611;Barcelona;;;male;https://pt.wikipedia.org/wiki/Salvador_Escol%C3%A1_Arimany | https://www.salvadorescola.org/;;"A escola de Barcelona é nomeada; a etapa romana aparece como complemento de formação, sem academia identificada na fonte aberta.";;;"outros; Museu Paulista";"Barcelona; Roma";"antes de 1876; ida posterior a Roma para completar a formação";https://pt.wikipedia.org/wiki/Salvador_Escol%C3%A1_Arimany | https://www.salvadorescola.org/;media;41.387917;2.1699187;100.0;;;
Salvatore Insana;Italy;"Università degli Studi Roma Tre; Accademia di Belle Arti di Napoli";"41.8625; 40.8516";"12.47888888888889; 14.2512";Oppido Mamertina, Calabria, Italy;;;male;"GAI - Giovani Artisti Italiani; fontes biográficas de referência";médio;;CARMA / biografia pública;alto;FILE;Nápoles, Itália;s.d.;fontes biográficas de referência;media;;;;;;
Sam Twidale;England;Liverpool University;53.406;-2.967;Hereford, United Kingdom;;;male;CCCB | FILE Festival;médio;;FILE Festival;alto;FILE;;;;;;;;;;
Samson Flexor;Brazil;"Académie Royale des Beaux-Arts - École supérieure des Arts de la Ville de Bruxelles; Académie Royale des Beaux-Arts; École Nationale Supérieure des Beaux-Arts; Sorbonne";"50.844; 50.844; 48.84861111111111";"4.3477; 4.3477; 2.343611111111111";Soroca;;São Paulo;male;Enciclopédia Itaú Cultural;;fontes secundárias mencionam ainda academias Ranson e La Grande Chaumière, não consolidadas aqui para manter concisão;;;"MAC; outros; MAC USP";"Bruxelas, Bélgica; Paris, França; Paris, França";"1922–1924; desde 1924; desde 1924";Enciclopédia Itaú Cultural;alta;48.138362008203;28.19432030475;100.0;-23.5486657;-46.6382522;100.0
Samuel Fouracre;United Kingdom;Royal College of Art;51.501388888889;-0.17888888888889;United Kingdom;;;male;FILE Festival;médio;;FILE Festival / IMDb;alto;FILE;;;;;53.408386605;-1.969559544;100.0;;;
Samuel Walters;United Kingdom of Great Britain and Ireland;"Liverpool Academy; formação inicial com o pai Miles Walters";53.401862;-2.983605;London;;Liverpool;male;https://www.askart.com/bio/Samuel_Walters/9000406/Samuel_Walters | https://en.wikipedia.org/wiki/Samuel_Walters_%28artist%29;;A Wikipedia também o descreve como amplamente autodidata após ensino paterno.;;;"outros; Coleção Brasiliana Itaú";Liverpool;;;media;51.50740836;-0.127698693;100.0;53.409366791;-2.978494817;100.0
Sandra Crisp;United Kingdom;Wimbledon School of Art;51.41343;-0.211466;Cheshire, United Kingdom;;;female;FILE Festival;médio;;FILE Festival;alta;FILE;;;;;;;;;;
Sandrine Deumier;France;;;;;;;female;;;local de nascimento não localizado em fonte auditável;;;FILE;;;;;;;;;;
Sandro Botticelli;;aprendiz no ateliê de Fra Filippo Lippi;;;Florence;Ognissanti Church;Florence;male;https://en.wikipedia.org/wiki/Sandro_Botticelli;;Fontes abertas recuperadas não confirmam outra oficina com o mesmo grau de certeza.;;;"outros; MASP";"Florença; Prato";c.1461/1462-c.1467;https://en.wikipedia.org/wiki/Sandro_Botticelli;alta;43.7686976;11.2569291;100.0;43.7686976;11.2569291;100.0
Sandro Miccoli;Brazil;Universidade Federal de Minas Gerais (UFMG);-19.8690878;-43.9663841;Belo Horizonte, Minas Gerais, Brazil;;;male;FILE Festival;médio;"fonte descreve o artista como “natural de Belo Horizonte”; usado com baixa confiança.";FILE Festival;baixa;FILE;;;;;;;;;;
Sangjun Yoo;;University of Ulsan College of Medicine;35.52;129.429;Seoul, South Korea;;;male;;;;about.me / SEA Foundation;médio;FILE;;;;;37566.0;126.9784;100.0;;;
Santiago Echeverry;Colombia;New York University;40.73;-73.995;Bogotá, Colombia;;;male;FILE Festival;médio;;FilmFreeway / biografia pública;alto;FILE;;;;;;;;;;
Sara Kolster;Kingdom of the Netherlands;Design Academy Eindhoven;51.439825;5.474695;Netherlands;;;female;FILE Festival;médio;;;;FILE;;;;;52.249375293;5.616126398;100.0;;;
Sara Ávila;;Escola de Belas Artes de Belo Horizonte / atual Escola Guignard-UEMG;-19.8690878;-43.9663841;;;;;https://www.guiadasartes.com.br/sara-avila-de-oliveira/artista | https://www.escritoriodearte.com/artista/sara-avila-de-oliveira;;Também aparecem aulas com Guignard, Franz Weissmann, Anna Letycia e Quaglia.;;;"MAC; outros; MAC USP";Belo Horizonte;1953-1955;https://www.guiadasartes.com.br/sara-avila-de-oliveira/artista | https://www.escritoriodearte.com/artista/sara-avila-de-oliveira;alta;;;;;;
Sarah Ouazzani;France;Conservatoire National de Marseille;43.2959;5.38358;;;;female;In-Sonora;médio;local de nascimento não localizado em fonte auditável;;;FILE;;;;;;;;;;
Saul;United Kingdom;autodidata;;;;;;male;FILE Festival;médio;local de nascimento não localizado em fonte auditável;;;FILE;;;;;;;;;;
Saurabh Datta;India;;;;;;;male;;;local de nascimento não localizado em fonte auditável;;;FILE;;;;;;;;;;
Scant Intone;Canada;;;;;;;male;;;local de nascimento não localizado em fonte auditável;;;FILE;;;;;;;;;;
Scipione;Kingdom of Italy;Scuola Libera di Nudo, Accademia di Belle Arti di Roma;41.893055555556;12.482777777778;Macerata;;Arco;male;https://en.wikipedia.org/wiki/Scipione_(Gino_Bonichi);;"instituição confirmada; data de ingresso não localizada com precisão na fonte consultada";;;"MAC; outros; MAC USP";Roma, Itália;;;media;43.3007462;13.456262;100.0;45.9178236;10.8868491;100.0
Scipião Mandira;;;;;;;;;fontes biográficas de referência;;"artista autodidata; sem escola formal localizada";;;"MAC; outros; MAC USP";Salvador, Brasil;s.d.;fontes biográficas de referência;baixa;;;;;;
Sebastian Gatz;Kingdom of Denmark;"The Royal Danish Academy of Fine Arts; HDK-Valand Academy of Art and Design, University of Gothenburg; Konstfack University of Arts, Crafts and Design";59.29861111;17.99583333;;;;male;FILE Festival / site do artista;médio;local de nascimento não localizado em fonte auditável;;;FILE;;;;;;;;;;
Sebastian Tedesco;Argentina;"Universidad de Buenos Aires; Universidad Nacional de Tres de Febrero";"-34.599722222222; -34.60166667";"-58.373055555556; -58.52777778";Buenos Aires;;;male;CV do artista;médio;;;;FILE;;;;;-34.6090264;-58.3732215;100.0;;;
Serge Poliakoff;Russian Empire;"Académie de la Grande Chaumière; Moscow School of Painting, Sculpture and Architecture";55.76416131;37.63523324;Moscow;Sainte-Geneviève-des-Bois Russian Cemetery;Paris;male;https://en.wikipedia.org/wiki/Serge_Poliakoff;;Fonte confirma formação em Moscou antes do exílio e matrícula na Grande Chaumière em Paris em 1929.;;;"MAC; outros; MAC USP";"Moscou, Rússia; Paris, França";"até 1918; 1929";https://en.wikipedia.org/wiki/Serge_Poliakoff;media;55.7565408;37.6149202;100.0;48.856372814;2.352529617;100.0
Sergio Mantilla;Colombia;"Universidad de los Andes; Fundação Armando Álvares Penteado (FAAP)";"-33.404007; -23.5450155";"-70.507468; -46.6630802";;;;male;site do artista;médio;local de nascimento não localizado em fonte auditável;;;FILE;;;;;;;;;;
Sergio Niculitcheff;;"Instituto de Artes e Decoração (IADÊ); Ateliê de Gravura da Escola de Comunicações e Artes da USP";"-23.550394444444; -23.55833333";"-46.633947222222; -46.72694444";;;;;https://enciclopedia.itaucultural.org.br/pessoas/3078-niculitcheff;;;;;"MAC; outros; MAC USP";"São Paulo, Brasil; São Paulo, Brasil";"1975–1977; 1978";https://enciclopedia.itaucultural.org.br/pessoas/3078-niculitcheff;alta;;;;;;
Servando Barreiro;Spain;;;;Santiago de Compostela, Spain;;;male;;;;Art Meets Radical Openness;alta;FILE;;;;;;;;;;
Seymor Lipton;;"Brooklyn Polytechnic Institute; City College of New York; Columbia University (DDS)";"40.65083333333333; 40.8194";"-73.94972222222222; -73.95";;;;;"https://michaelrosenfeld.com/storage/app/media/Artist/CV/Seymour%20Lipton%20CV.pdf | https://www.britannica.com/biography/Seymour-Lipton; https://michaelrosenfeld.com/storage/app/media/Artist/CV/Seymour%20Lipton%20CV.pdf | https://findingaids.archives.newschool.edu/repositories/3/resources/98";;"Creator grafado como 'Seymor'; fontes biográficas usam 'Seymour Lipton'.";;;"MAC; outros; MAC USP";Nova York (EUA);1923-1927;https://michaelrosenfeld.com/storage/app/media/Artist/CV/Seymour%20Lipton%20CV.pdf;alta;;;;;;
Sheila Brannigan;;"ateliers de André Lhote e Henry Goetz; Académie de La Grande Chaumière";"; 48.8422";"; 2.3304";;;;;https://www.catalogodasartes.com.br/artista/Sheila%20Brannigan/;;A fonte indica início da pintura na Suíça e posterior formação em Paris.;;;"MAC; outros; MAC USP";"Suíça; Paris, França";"antes de 1957; sem datas exatas na fonte";https://www.catalogodasartes.com.br/artista/Sheila%20Brannigan/;alta;;;;;;
Shenuka Corea;Pakistan;"New York University Abu Dhabi; School of Visual Arts";"24.5239; 40.73861111";"54.4346; -73.98222222";;;;female;NYU Abu Dhabi / School of Visual Arts;alto;local de nascimento não localizado em fonte auditável;;;FILE;;;;;;;;;;
Shinzo Adachi;;Tokyo School of Fine Arts;35.68944444444445;139.6916666666667;;;;;fontes biográficas de referência;;instituição identificada em fontes sumárias;;;"MAC; outros; MAC USP";Tóquio, Japão;s.d.;fontes biográficas de referência;baixa;;;;;;
Shirin Abedinirad;Iran;"Shariaty Technical College; Michigan State University";"35.62037376586496; 42.7018637482531";"51.399823250684136; -84.48216117291386";Tabriz;;;female;FILE Festival | site oficial da artista;alto;;;;FILE;;;;;38.08;46.2919;100.0;;;
Shirley Paes Leme;Brazil;University of California, Berkeley;37.871944444444445;-122.25833333333334;;;;female;MAC_consolidado_normalized.csv / nationality_refined_dataset.csv;;"dados recuperados de base auxiliar; datas não localizadas";;;"MAC; outros; MAC USP";Berkeley, Califórnia, EUA;;;alta;;;;;;
Shoichiro Mori;Japan;Waseda University;35.709202777778;139.71933333333;Amagasaki;;;male;Enciclopédia Itaú Cultural / bases auxiliares;;;;;"MAC; outros; MAC USP";Tóquio, Japão;s.d.;Enciclopédia Itaú Cultural / bases auxiliares;alta;34.73377489;135.40636455;100.0;;;
Sigrun Höllrigl;Austria;University of Vienna;48.213055555555556;16.35972222222222;Innsbruck, Austria;;;female;site da artista;médio;;site oficial da artista;alto;FILE;;;;;;;;;;
Silvano Bozzolini;Italy;"Accademia di Belle Arti di Firenze; École des Beaux-Arts";"43.776907; 48.85666666666667";"11.258475; 2.333611111111112";Fiesole;;Paris;male;"Hanina Fine Arts biography; gallery Champetier";;;;;"MAC; outros; MAC USP";"Florença, Itália; Paris, França";"anos 1930; 1947";"Hanina Fine Arts biography; gallery Champetier";media;43.8069331;11.2927658;100.0;48.856372814;2.352529617;100.0
Silvano Vescovi;;Accademia di Belle Arti di Venezia;45.4286;12.3305;;;;;fontes biográficas de referência;;"instituição identificada; datas não localizadas com precisão";;;"MAC; outros; MAC USP";Veneza, Itália;s.d.;fontes biográficas de referência;media;;;;;;
Silvia De Gennaro;Italy;;;;Siena, Italy;;;female;;;;galeria / biografia pública;médio;FILE;;;;;;;;;;
Silvia Laurentiz;Brazil;Fundação Armando Álvares Penteado (FAAP);-23.5450155;-46.6630802;;;;female;BV FAPESP / Currículo Lattes;alto;local de nascimento não localizado em fonte auditável;;;FILE;;;;;;;;;;
Silvia Ruzanka;Peru;"Smith College; School of the Art Institute of Chicago";"42.3175; 41.879444444444";"-72.6375; -87.623888888889";Cuzco, Peru;;;female;site da artista;médio;;FILE Festival;alta;FILE;;;;;;;;;;
Simon Boucly;France;Supinfocom Rubika School;;;;;;male;FILE Festival;médio;local de nascimento não localizado em fonte auditável;;;FILE;;;;;;;;;;
Simon Christoph Krenn;Austria;"University of Innsbruck; University of Arts and Industrial Design Linz";48.3066;14.2857;Feldkirch, Austria;;;male;Art Meets Radical Openness;médio;;Art Meets Radical Openness;alta;FILE;;;;;;;;;;
Simon Scheiber;Austria;;;;Austria;;;male;;;fonte consultada informa nascimento apenas em nível de país;site oficial do artista / Zippy Frames;médio;FILE;;;;;;;;;;
Simone Rebaudengo;Italy;"Delft University of Technology; Polytechnic University of Turin";"52.001666666667; 45.063094444444";"4.3725; 7.661075";;;;male;ThingsCon;médio;local de nascimento não localizado em fonte auditável;;;FILE;;;;;;;;;;
Simplício Rodrigues de Sá;Kingdom of Portugal;"inicia-se no ofício de artista em Lisboa; aproxima-se da Missão Artística Francesa; formação com Jean-Baptiste Debret";38.708042;-9.139016;São Nicolau Tolentino;;Rio de Janeiro;male;https://pt.wikipedia.org/wiki/Simpl%C3%ADcio_Rodrigues_de_S%C3%A1 | https://enciclopedia.itaucultural.org.br/pessoas/7754-simplicio-de-sa;;Sem escola formal nomeada nas fontes recuperadas.;;;"outros; Pinacoteca de São Paulo";"Lisboa; Rio de Janeiro";"antes de 1809; sem data exata na fonte";;media;15.01279;-23.57054;100.0;-22.9014475;-43.1789159;100.0
Sir Henry Chamberlain, 2nd Baronet;Brazil;"formação militar e diplomática britânica; estudos de desenho topográfico no contexto do serviço exterior";"; ";"; ";London;;Bermuda;male;https://pt.wikipedia.org/wiki/Henry_Chamberlain;;As fontes biográficas abertas enfatizam carreira diplomática e prática de desenho, sem escola formal claramente identificada.;;;"outros; MASP";Londres;fim do séc. XVIII;;baixa;51.50740836;-0.127698693;100.0;32.306817732;-64.770041837;100.0
Sofia Pardillo;United States;Pratt Institute;40.691111;-73.963889;;;;female;FILE Festival;médio;local de nascimento não localizado em fonte auditável;;;FILE;;;;;;;;;;
Sofia Pashaei;Sweden;The Animation Workshop;56.4561;9.40611;Sweden;;;female;FILE Festival;médio;;Willow Art Space;alto;FILE;;;;;64.712585547;17.260487956;100.0;;;
Sofie Kampmark;Kingdom of Denmark;The Animation Workshop, Viborg, Denmark;56.4561;9.40611;Copenhagen, Denmark;;;female;Danish Film Institute;alto;declaração em entrevista da própria artista.;Genevieve Clee Gallery;media;FILE;;;;;;;;;;
Sofía Bertomeu;Spain;;;;Benidorm, Spain;;;female;;;;site oficial da artista;alto;FILE;;;;;;;;;;
Solimán López;Spain;University of Córdoba;37.8847;-4.78833;Burgos;;;male;nota de imprensa / Paris College of Art;médio;;;;FILE;;;;;42.3408923;-3.6997623;100.0;;;
Sonia Li;Taiwan;New York University Tisch School of the Arts;40.72922222;-73.99377778;Taiwan;;;female;site da artista / NYU Tisch;médio;;CreativeMornings;alta;FILE;;;;;;;;;;
Sonia Paço-Rocchia;Canada;Université de Montréal;45.50414;-73.61433;Montreal;;;female;;;;;;FILE;;;;;45.508867;-73.554242;100.0;;;
Sonia von Brüsky;Brazil;"Museu de Arte Moderna do Rio de Janeiro (MAM-RJ); ateliê de Ivan Serpa; Escola de Artes Visuais do Parque Lage (EAV-Parque Lage)";"-22.91111111111111; -22.9606";"-43.20555555555556; -43.212";Rio de Janeiro;;;female;https://enciclopedia.itaucultural.org.br/pessoas/177-sonia-von-brusky | https://acervo.macrs.rs.gov.br/artistas-macrs/sonia-von-brusky/;;As fontes indicam formação inicial no Rio e aperfeiçoamento posterior na Europa.;;;"MAC; outros; MAC USP";"Rio de Janeiro (RJ); Bruxelas; Munique";"1967; 1974";https://enciclopedia.itaucultural.org.br/pessoas/177-sonia-von-brusky | https://acervo.macrs.rs.gov.br/artistas-macrs/sonia-von-brusky/;alta;-22.9014475;-43.1789159;100.0;;;
Sophie Taeuber-Arp;Switzerland;"Gewerbeschule / School of Applied Arts; Debschitz-Schule; Kunstgewerbeschule Hamburg";"48.1375; 53.56757";"11.575; 10.03132";Davos;;Zurich;female;https://en.wikipedia.org/wiki/Sophie_Taeuber-Arp;;As fontes permitem reconstituir a sequência de formação em St. Gallen, Munique e Hamburgo antes do retorno à Suíça em 1914.;;;"MAC; outros; MAC USP";"St. Gallen, Suíça; Munique, Alemanha; Hamburgo, Alemanha; Munique, Alemanha";"1906–1910; 1911; 1912–1913; 1913–1914";https://www.fondazionearp.ch/de/sophie-taeuber-arp;alta;46.790561747;9.822948957;100.0;47.38454096;8.529927493;100.0
Soran Ahmed;Iraq;Universität der Künste Berlin;52.50916666666667;13.32694444444444;;;;male;site pessoal do artista;médio;local de nascimento não localizado em fonte auditável;;;FILE;;;;;;;;;;
Stavros Didakis;Greece;"University of Plymouth; Queen's University Belfast; London Metropolitan University";"50.374121; 54.584166666667; 51.551574";"-4.138512; -5.9347222222222; -0.110687";;;;male;NYU Shanghai | CV do artista;alto;local de nascimento não localizado em fonte auditável;;;FILE;;;;;;;;;;
Stefano Delle Monache;Italy;"Catholic University of Milan; IUAV University of Venice; Conservatory of Como";"45.4631; 45.81025";"9.1769111111111; 9.0861388888889";Padua;;;male;FILE Festival;médio;;;;FILE;;;;;45.4095409;11.8765508;100.0;;;
Stefano Miraglia;Spain;"Università degli Studi Roma Tre; École Normale Supérieure de Lyon";"41.8625; 45.729734";"12.47888888888889; 4.826875";Málaga;;;male;bio do artista;médio;;;;FILE;;;;;36.7196292;-4.4200007;100.0;;;
Stella Speziali;Switzerland;"École cantonale d’art de Lausanne (ECAL); Zürcher Hochschule der Künste (ZHdK)";47.38295;8.5358;;;;female;ZHdK | CV da artista;alto;local de nascimento não localizado em fonte auditável;;;FILE;;;;;;;;;;
Stephan Kessler;;formação com o pai Georg Kessler, pintor;;;Donauwörth;;Brixen;male;https://de.wikipedia.org/wiki/Stephan_Kessler_%28Maler%29 | https://www.dorotheum.com/en/l/6534426/;;"As fontes abertas recuperadas não indicam academia formal; a formação foi registrada de modo conservador pela tradição familiar/oficina.";;;"outros; Pinacoteca de São Paulo";Donauwörth;;;baixa;48.719138999;10.777945;100.0;46.7158636;11.6572007;100.0
Stuart Pound;United Kingdom;Nottingham Trent University;52.9564;-1.15203;London, England, United Kingdom;;;male;Experimental Cinema;médio;;FilmFreeway / IMDb;médio;FILE;;;;;;;;;;
Susana Wald;Chile;Escuela de Bellas Artes de la Universidad de Chile;-33.44454888888889;-70.65095388888889;Budapest;;;female;fontes biográficas de referência;;instituição identificada em biografias sumárias;;;"MAC; outros; MAC USP";Santiago, Chile;s.d.;fontes biográficas de referência;baixa;47.4981441;19.0405528;100.0;;;
Susanna Flock;Austria;"University of Art and Design Linz; Academy of Fine Arts Vienna";"48.3066; 48.201388888889";"14.2857; 16.365277777778";Graz;;;female;FILE Festival;médio;;;;FILE;;;;;47.0695512;15.4381829;100.0;;;
Susanne Slavick;United States;"Yale University; Jagiellonian University; Tyler School of Art";"41.311111111111; 50.06166666666667; 39.9832";"-72.926666666667; 19.933888888888887; -75.1536";;;;female;Carnegie Mellon University;alto;local de nascimento não localizado em fonte auditável;;;FILE;;;;;;;;;;
Susanne Wiegner;Germany;"Akademie der Bildenden Künste München; Pratt Institute";48.1531959202723;11.5803123911292;Germany;;;female;Haus der Kunst | ADAF;médio;"FILE explicita “País de Origem: Alemanha”; preenchido em nível de país.";FILE Festival (País de Origem);alta;FILE;;;;alta;;;;;;
Suzanne Valadon;France;"sem formação formal; aprendizado com artistas do meio parisiense e orientação de Edgar Degas";"; ";"; ";Bessines-sur-Gartempe;Saint-Ouen Cemetery;16th arrondissement of Paris;female;"https://nmwa.org/art/artists/suzanne-valadon/ | https://pt.wikipedia.org/wiki/Suzanne_Valadon; https://nmwa.org/art/artists/suzanne-valadon/";;As fontes indicam explicitamente ausência de aulas formais de arte.;;;"outros; MASP";Paris;c.1880-1893;https://nmwa.org/art/artists/suzanne-valadon/;media;46.108999393;1.369008025;100.0;48.8638667;2.2765753;100.0
Svend Wiig Hansen;Kingdom of Denmark;The Royal Danish Academy of Fine Arts School of Visual Arts;55.6801;12.5874;Møgeltønder;;Helsingør;male;;;;;;"MAC; outros";;;;;54.9405144;8.8039655;100.0;56.0361988;12.6134945;100.0
Sydenham Edwards;Wales;estudos de ilustração botânica com William Curtis;;;Usk;;Brompton;male;https://artcollection.dcms.gov.uk/person/edwards-sydenham-teast/ | https://en.wikipedia.org/wiki/Sydenham_Edwards;;As fontes descrevem formação com William Curtis, sem instituição formal nomeada.;;;"outros; Coleção Brasiliana Itaú";Grã-Bretanha;antes de 1787;https://en.wikipedia.org/wiki/Sydenham_Edwards;media;51.701047166;-2.902065141;100.0;-34.898002638;138.575468064;100.0
Sylvain Souklaye;France;autodidata;;;France;;;male;FILE Festival | Prospect Art;médio;"FILE explicita “País de Origem: França”; preenchido em nível de país.";FILE Festival (País de Origem);alta;FILE;;;;alta;;;;;;
Sérgio Ferro;Brazil;"Faculdade de Arquitetura e Urbanismo da Universidade de São Paulo (FAU-USP); Mackenzie; pós-graduação em museologia e evolução urbana na FAU-USP";"-23.56012; -23.547; -23.56012";"-46.72985; -46.652; -46.72985";Curitiba;;;male;https://www.escritoriodearte.com/artista/sergio-ferro | https://pt.wikipedia.org/wiki/S%C3%A9rgio_Ferro;;Mantida a identificação completa do artista como Sérgio Ferro Pereira.;;;"MAC; outros; MAC USP";São Paulo (SP);"formação concluída em 1962; pós-graduação concluída em 1965";https://www.escritoriodearte.com/artista/sergio-ferro | https://pt.wikipedia.org/wiki/S%C3%A9rgio_Ferro;alta;-25.4283563;-49.2732515;100.0;;;
Sérgio Ferro Pereira;;"Faculdade de Arquitetura e Urbanismo da Universidade de São Paulo (FAU-USP); Mackenzie; pós-graduação em museologia e evolução urbana na FAU-USP";"-23.56012; -23.547; -23.56012";"-46.72985; -46.652; -46.72985";;;;male;https://www.escritoriodearte.com/artista/sergio-ferro | https://pt.wikipedia.org/wiki/S%C3%A9rgio_Ferro;;Mantida a identificação completa do artista como Sérgio Ferro Pereira.;;;outros;São Paulo (SP);"formação concluída em 1962; pós-graduação concluída em 1965";https://www.escritoriodearte.com/artista/sergio-ferro | https://pt.wikipedia.org/wiki/S%C3%A9rgio_Ferro;alta;;;;;;
Sérgio Fingermann;Brazil;"Faculty of Architecture and Urbanism of the University of São Paulo; Fundação Armando Álvares Penteado (FAAP)";"-23.56012; -23.5450155";"-46.72985; -46.6630802";São Paulo;;;male;fontes biográficas de referência;;datas aproximadas;;;"MAC; outros; MAC USP";São Paulo, Brasil;1970s;fontes biográficas de referência;media;-23.5486657;-46.6382522;100.0;;;
Sérgio Luís de Castro Bonson;Brazil;Universidade Federal de Santa Catarina (História);-27.6011;-48.52;;;;male;"Quadrinhopédia; Museu Victor Meirelles";;"graduado em História pela UFSC; fontes o descrevem como artista plástico autodidata";;;"outros; Museu Victor Meirelles";Florianópolis, SC;1973;Quadrinhopédia;media;;;;;;
Sérgio Milliet;Brazil;"University of Bern; Universidade de Genebra";46.19899;6.14446;São Paulo;;São Paulo;male;fontes biográficas de referência;;formação em ciências sociais/letras, não em escola de arte;;;"MAC; outros; MAC USP";Genebra, Suíça;1912–1918;fontes biográficas de referência;alta;-23.5486657;-46.6382522;100.0;-23.5486657;-46.6382522;100.0
Sérgio Sister;Brazil;"Fundação Armando Álvares Penteado (FAAP); ateliê de Ernestina Karman";"-23.5450155;";"-46.6630802;";;;;male;https://enciclopedia.itaucultural.org.br/pessoas/1045-sergio-sister;;;;;"MAC; outros; MAC USP";"São Paulo, Brasil; São Paulo, Brasil";"1964–1967; 1965–1967";https://enciclopedia.itaucultural.org.br/pessoas/1045-sergio-sister;alta;;;;;;
Sérvulo Esmeraldo;Brazil;École Nationale Supérieure des Beaux-Arts;45.768055555556;4.8172222222222;Crato;;Fortaleza;male;https://www.guiadasartes.com.br/servulo-esmeraldo/obras-e-biografia;;"estuda litografia em Paris; datas precisas não localizadas na fonte consultada";;;"MAC; outros; MAC USP";Paris, França;;;media;-7.2370585;-39.4160774;100.0;-3.7184625;-38.5416698;100.0
Tadahiro Ono;Japan;Ritsumeikan University;35.032579;135.724041;;;;male;place_of_birth_tiered_dataset.csv;;"dados recuperados de base auxiliar; datas não localizadas";;;"MAC; outros; MAC USP";Kyoto, Japão;;;alta;;;;;;
Tadashi Kaminagai;Japan;;;;Hiroshima;;15th arrondissement of Paris;male;https://pt.wikipedia.org/wiki/Tadashi_Kaminagai;;"muda-se para Paris e é orientado na pintura por Tsuguharu Foujita; não foi localizada instituição formal";;;"MAC; outros; MAC USP";Paris, França;1927;https://pt.wikipedia.org/wiki/Tadashi_Kaminagai;media;34.38524389;132.45534115;100.0;48.85817;2.344362;92.57
Takashi Fukushima;;Muso School of Fine Arts;42.406949;-71.11982;;;;;Enciclopédia Itaú Cultural / fontes biográficas de referência;;;;;"MAC; outros; MAC USP";Tóquio, Japão;1940;Enciclopédia Itaú Cultural / fontes biográficas de referência;alta;;;;;;
Takuji Narumi;Japan;The University of Tokyo;35.71339;139.76232;Japan;;;male;The University of Tokyo;alto;"FILE explicita “País de Origem: Japão”; preenchido em nível de país.";FILE Festival (País de Origem);alta;FILE;;;;alta;;;;;;
Tamiko Thiel;United States;"Stanford University; Massachusetts Institute of Technology; Academy of Fine Arts, Munich";"37.4275; 42.359722222222224; 48.1531959202723";"-122.17; -71.09194444444445; 11.5803123911292";Oakland;;;female;CV oficial da artista;alto;;;;FILE;;;;;37.804828;-122.27248;100.0;;;
Tania Aedo;Mexico;"Escuela Superior de Artes de Yucatán; Escuela Nacional de Artes Visuales, Universidad Nacional Autónoma de México";"21; 19.353773";"-89.6; -99.13589";Mexico;;;female;ZKM | FILE Festival;alto;"FILE explicita “País de Origem: México”; preenchido em nível de país.";FILE Festival (País de Origem);alta;FILE;;;;alta;;;;;;
Tarcizo;;;;;;;;;;;"identificação incompleta; não foi possível desambiguar com segurança";;;"MAC; outros; MAC USP";;;;;;;;;;
Tarsila do Amaral;Brazil;"Académie Julian; Colégio Sion";-23.541253;-46.66059;Capivari;Consolação Cemetery;São Paulo;female;site oficial Tarsila do Amaral;;também estudou com Pedro Alexandrino, Fernand Léger, André Lhote e Albert Gleizes;;;"MAC; outros; MAC USP";"São Paulo; Barcelona, Espanha; Paris, França";"1904; 1920";site oficial Tarsila do Amaral;alta;-22.9993972;-47.5026334;100.0;-23.5486657;-46.6382522;100.0
Tatiana Blass;Brazil;"São Paulo State University; Universidade Estadual Paulista (UNESP)";-22.8172;-47.0694;São Paulo;;;female;https://pt.wikipedia.org/wiki/Tatiana_Blass;;;;;"MAC; outros; MAC USP";São Paulo, Brasil;1998–2001;https://pt.wikipedia.org/wiki/Tatiana_Blass;alta;-23.5486657;-46.6382522;100.0;;;
Tatsuo Arai;;Tokyo School of Fine Arts;35.68944444444445;139.6916666666667;;;;;fontes biográficas de referência;;instituição identificada em fontes secundárias;;;"MAC; outros; MAC USP";Tóquio, Japão;s.d.;fontes biográficas de referência;baixa;;;;;;
Tatsuoki Nambata;Japan;Tokyo School of Fine Arts;35.68944444444445;139.6916666666667;Asahikawa;;;male;fontes biográficas de referência;;instituição identificada em fontes sumárias;;;"MAC; outros; MAC USP";Tóquio, Japão;s.d.;fontes biográficas de referência;baixa;43.77149871;142.36532907;100.0;;;
Teodoro Braga;Brazil;"Académie Julian; Faculdade de Direito do Recife; Escola Nacional de Belas Artes; Academia Julian";"48.871111111111; -8.0595839; -22.8625055; 48.871111111111";"2.3416666666667; -34.882675; -43.2256622; 2.3416666666667";Belém;;São Paulo;male;https://pt.wikipedia.org/wiki/Teodoro_Braga | https://obrasraras.fcp.pa.gov.br/book-author/theodoro-jose-da-silva-braga-1872-1953/ | https://fcp.pa.gov.br/galeriasfcp/pagina/209;;As fontes citam Jean-Paul Laurens e Benjamin Constant como mestres em Paris.;;;"outros; Museu Paulista";"Recife; Rio de Janeiro; Paris";"bacharel em 1893; 1900-1905 em Paris";https://pt.wikipedia.org/wiki/Teodoro_Braga | https://fcp.pa.gov.br/galeriasfcp/pagina/209;alta;-1.4549817;-48.502273;100.0;-23.5486657;-46.6382522;100.0
Teresa Berlinck;;Faculdade Santa Marcelina (FASM);-23.550394444444;-46.633947222222;;;;;https://teresaberlinck.com.br/curriculo/;;A página consultada só explicita o mestrado em Produção, Teoria e Crítica em Artes Visuais.;;;"MAC; outros; MAC USP";São Paulo;mestrado concluído em 2006;https://teresaberlinck.com.br/curriculo/;media;;;;;;
Teresa Viana;Brazil;Escola de Artes Visuais do Parque Lage;-22.9606;-43.212;;;;female;place_of_birth_tiered_dataset.csv;;"dados recuperados de base auxiliar; datas não localizadas";;;"MAC; outros; MAC USP";Rio de Janeiro, Brasil;;;alta;;;;;;
Terezinha Veloso;Brazil;"Federal University of Minas Gerais; Escola de Belas Artes da UFMG";-19.8690878;-43.9663841;;;;female;https://pt.wikipedia.org/wiki/Terezinha_Veloso;;a fonte indica que se formou em artes plásticas na EBA/UFMG;;;"MAC; outros; MAC USP";Belo Horizonte, Brasil;;;media;;;;;;
Tess Adams;United States;Pratt Institute;40.691111;-73.963889;United States;;;;Pratt Institute | FILE Festival;alto;"FILE explicita “País de Origem: Estados Unidos”; preenchido em nível de país.";FILE Festival (País de Origem);alta;FILE;;;;alta;;;;;;
Tessa Peters;Netherlands;"Winchester School of Art; Middlesex University";"51.066; 51.5893495";"-1.309; -0.2282466";Netherlands;;;female;University of Westminster;alto;"FILE explicita “País de Origem: Países Baixos”; preenchido em nível de país.";FILE Festival (País de Origem);alta;FILE;;;;alta;;;;;;
Teun Vonk;Kingdom of the Netherlands;Royal Academy of Art;52.08161111111111;4.319166666666667;Uden;;;male;Lab for the Unstable Media;médio;;;;FILE;;;;;51.659797218;5.621042999;100.0;;;
Thais Weiller;Brazil;"University of São Paulo; Centro Universitário de Maringá";-23.425;-51.938888888889;Brazil;;;female;ORCID | site da artista;médio;"FILE explicita “País de Origem: Brasil”; preenchido em nível de país.";FILE Festival (País de Origem);alta;FILE;;;;alta;;;;;;
Theodor Werner;Germany;"Stuttgarter Akademie; atelier de Charles Guérin";48.7775;9.18;Itzehoe;;Munich;male;https://de.wikipedia.org/wiki/Theodor_Werner_(Maler);;formação artística paralela à atividade como professor;;;"MAC; outros; MAC USP";"Stuttgart, Alemanha; Paris, França";"1908–1909; 1909–1914";https://de.wikipedia.org/wiki/Theodor_Werner_(Maler);media;53.920549999;9.515569;100.0;48.143438999;11.573599;100.0
Thiago Cóser;Brazil;Universidade Estadual de Campinas;-22.817222222222;-47.069444444444;Brazil;;;male;FILE Festival;alto;"FILE explicita “País de Origem: Brasil”; preenchido em nível de país.";FILE Festival (País de Origem);alta;FILE;;;;alta;;;;;;
Thiago Sacramento;Brazil;"Universidade Federal de Juiz de Fora; Faculdade Angel Vianna";"-21.7747; -22.9396151";"-43.3683; -43.1805362";Nova Iguaçu, Brazil;;;;FILE Festival;médio;Biografia do FILE explicita nascimento em Nova Iguaçu.;FILE Festival (biografia do artista);alta;FILE;;;;alta;;;;;;
Thoka Maer;Germany;Universität der Künste Berlin;52.50916666666667;13.32694444444444;Germany;;;female;site pessoal da artista | Goethe-Institut;alto;"FILE explicita “País de Origem: Alemanha”; preenchido em nível de país.";FILE Festival (País de Origem);alta;FILE;;;;alta;;;;;;
Thomas Ender;Austrian Empire;Academy of Fine Arts Vienna;48.201388888889;16.365277777778;Vienna;;Vienna;male;https://en.wikipedia.org/wiki/Thomas_Ender | https://enciclopedia.itaucultural.org.br/pessoas/3910-thomas-ender;;As fontes citam estudo com Hubert Maurer, Laurenz Janscha e Joseph Mössmer.;;;"outros; MASP";Viena;desde 1806;https://enciclopedia.itaucultural.org.br/pessoas/3910-thomas-ender | https://en.wikipedia.org/wiki/Thomas_Ender;alta;48.2092062;16.3727778;100.0;48.2092062;16.3727778;100.0
Thomas Gainsborough;United Kingdom;"Sudbury Grammar School; St Martin's Lane Academy; estudos com Hubert Gravelot e Francis Hayman";51.5117;-0.127333;Sudbury;St Anne's Church, Kew;London;male;https://en.wikipedia.org/wiki/Thomas_Gainsborough | https://www.britannica.com/biography/Thomas-Gainsborough;;;;;"outros; MASP";Londres;a partir de c.1740;https://en.wikipedia.org/wiki/Thomas_Gainsborough;alta;52.039223856;0.731878053;100.0;51.50740836;-0.127698693;100.0
Thomas Lawrence;United Kingdom of Great Britain and Ireland;"Royal Academy of Arts; formação artística em grande parte autodidata, com orientação do pai";"51.509166666667;";"-0.13944444444444;";Bristol;St Paul's Cathedral;London;male;https://en.wikipedia.org/wiki/Thomas_Lawrence;;"As fontes não sustentam escola formal clara; mantido como autodidata/orientação familiar.";;;"outros; MASP";Inglaterra;;;baixa;51.453132471;-2.600983373;100.0;51.50740836;-0.127698693;100.0
Thomas Lyde Hornbrook;Kingdom of Great Britain;formação militar britânica e prática de desenho topográfico;;;;;;male;https://www.brasilianaiconografica.art.br/autores/20146/thomas-lyde-hornbrook;;A fonte aberta consultada não nomeia instituição específica.;;;"outros; Coleção Brasiliana Itaú";Inglaterra;;;baixa;;;;;;
Thy Nguyen;United Kingdom;Bournemouth University;50.7432;-1.8969;United Kingdom;;;female;FILE Festival;alto;"FILE explicita “País de Origem: Reino Unido”; preenchido em nível de país.";FILE Festival (País de Origem);alta;FILE;;;;alta;;;;;;
Tikashi Fukushima;Japan;aprendizado/assistência com Tadashi Kaminagai;;;Sōma-shi;;São Paulo;male;Enciclopédia Itaú Cultural;;instituição formal não localizada com segurança nesta passada;;;"MAC; outros; MAC USP";Rio de Janeiro, Brasil;1946;Enciclopédia Itaú Cultural;media;37.79733207;140.91896953;100.0;-23.5486657;-46.6382522;100.0
Timothy Weaver;United States;"University of Colorado Boulder; Purdue University";"40.006666666667; 40.425";"-105.26722222222; -86.92305555555555";United States;;;male;University of Denver;alto;"FILE explicita “País de Origem: Estados Unidos”; preenchido em nível de país.";FILE Festival (País de Origem);alta;FILE;;;;alta;;;;;;
Titian;Republic of Venice;"aprendizagem com Sebastiano Zuccato; oficina de Gentile Bellini; oficina de Giovanni Bellini";"; ; ";"; ; ";Pieve di Cadore;Santa Maria Gloriosa dei Frari;Venice;male;https://www.britannica.com/biography/Titian | https://en.wikipedia.org/wiki/Titian;;Formação descrita por mestres e oficinas venezianas.;;;"outros; MASP";Veneza;c.1490s;https://www.britannica.com/biography/Titian | https://en.wikipedia.org/wiki/Titian;alta;46.4285225;12.3740656;100.0;45.434608;12.338913;100.0
Tivon Rice;Netherlands;"University of Colorado Boulder; University of Washington";"40.006666666667; 47.65416666666667";"-105.26722222222; -122.30805555555555";;;;male;DXARTS | Artist Trust;alto;local de nascimento não localizado em fonte auditável;;;FILE;;;;;;;;;;
Tom Morris;;;;;;;;male;;;local de nascimento não localizado em fonte auditável;;;FILE;;;;;;;;;;
Tomek Jarolim;France;"École supérieure d'art d'Aix-en-Provence; School of the Art Institute of Chicago";43.5307;5.44105;Aix-en-Provence;;;male;FILE Festival;médio;;;;FILE;;;;;43.529850239;5.447376271;100.0;;;
Tomie Ohtake;Brazil;"Doshisha University; estudos com Keisuke Sugano";"35.029737;";"135.760725;";Kyoto;;São Paulo;female;https://pt.wikipedia.org/wiki/Tomie_Ohtake;;formação localizada por mestre/ateliê, sem instituição formal identificada;;;"MAC; outros; MAC USP";São Paulo, Brasil;1952;https://pt.wikipedia.org/wiki/Tomie_Ohtake;media;35.01169705;135.76816161;100.0;-23.5486657;-46.6382522;100.0
Tommaso Minardi;Kingdom of Italy;"Accademia del Regno italico; Accademia di San Luca; Accademia di Belle Arti di Bologna";"41.893055555556; 41.90166; 44.497811111111";"12.482777777778; 12.483586; 11.353188888889";Faenza;Campo Verano;Rome;male;"Wikipedia; Aberystwyth University";;também foi aluno de Giuseppe Zauli e estudou no ateliê de Vincenzo Camuccini;;;"outros; Museu Victor Meirelles";"Faenza; Roma; Bolonha; Perugia";"1803–1810; c. 1810";Wikipedia;media;44.2853477;11.8829895;100.0;41.8905568;12.4942679;100.0
Tommy Becker;United States;"San Francisco Art Institute; California College of the Arts";"37.8035; 37.8359";"-122.417; -122.25";United States;;;male;FILE Festival | Canyon Cinema;alto;"FILE explicita “País de Origem: Estados Unidos”; preenchido em nível de país.";FILE Festival (País de Origem);alta;FILE;;;;alta;;;;;;
Tomoshige Kusuno;;Tokyo School of Fine Arts;35.68944444444445;139.6916666666667;;;;;fontes biográficas de referência;;instituição identificada em fontes secundárias;;;"MAC; outros; MAC USP";Tóquio, Japão;s.d.;fontes biográficas de referência;baixa;;;;;;
Toni Mitjanit;Spain;"Universitat de les Illes Balears; Universitat Oberta de Catalunya; Escola Superior de Disseny de Palma";"39.63805555555555; 41.406594; 39.57730555555555";"2.648055555555556; 2.194429; 2.645638888888889";Manacor, Spain;;;male;Technarte | FILE Festival;médio;;FILE Festival (biografia do artista);alta;FILE;;;;alta;;;;;;
Traugott Spiess;Switzerland;estudos com Johannes Itten;;;;;;male;https://www.espacel.net/maill-seau/;;Fonte consultada identifica apenas formação com Johannes Itten, sem instituição explicitada.;;;"MAC; outros; MAC USP";Suíça;;;baixa;;;;;;
Tuneu;;Fundação Armando Álvares Penteado (FAAP);-23.5450155;-46.6630802;;;;;fontes biográficas de referência;;datas aproximadas;;;outros;São Paulo, Brasil;1970s;fontes biográficas de referência;media;;;;;;
Tzu-Hsin (Cindy) Yang;Taiwan;"Taipei National University of the Arts; California Institute of the Arts";"25.13406; 34.393055555556";"121.47038; -118.56694444444";Taichung;;;female;FILE Festival | site da artista;alto;;;;FILE;;;;;24.1634888;120.6467399;100.0;;;
Tânia Rodrigues;Brazil;Faculdade de Ciências Humanas e Sociais da Universidade do Algarve;37.0224;-7.92764;Brazil;;;female;ORCID | Ciência Iscte;médio;"FILE explicita “País de Origem: Brasil”; preenchido em nível de país.";FILE Festival (País de Origem);alta;FILE;;;;alta;;;;;;
Ubirajara Ribeiro;Brazil;"Universidade Mackenzie; curso livre de gravura na Escola de Belas Artes da Universidade da Bahia; estudos com Vicente Mecozzi, Pedro Corona, João Rossi e Waldemar da Costa";"-23.547; -12.9928637";"-46.652; -38.5205973";;;;male;"https://www.escritoriodearte.com/artista/ubirajara-ribeiro | https://www.glatt.com.br/artistas/ubirajara-ribeiro; https://www.escritoriodearte.com/artista/ubirajara-ribeiro | https://www.glatt.com.br/artistas/ubirajara-ribeiro | https://fvcb.com.br/acervo/artista/ubirajara-ribeiro/";;A formação combina estudos com artistas, graduação em arquitetura e curso livre de gravura.;;;"MAC; outros; MAC USP";"São Paulo; Salvador; Paris";"1948; 1952-1954; 1954; 1956; bolsa em 1960";https://www.escritoriodearte.com/artista/ubirajara-ribeiro | https://www.glatt.com.br/artistas/ubirajara-ribeiro | https://fvcb.com.br/acervo/artista/ubirajara-ribeiro/;alta;;;;;;
Ulpiano Checa;Spain;"Royal Academy of Fine Arts of San Fernando; Escuela de Bellas Artes y Oficios; Real Academia de Bellas Artes de San Fernando; Academia Española de Bellas Artes de Roma";"4; 40.4178; 41.893055555556";"-73.25; -3.7007; 12.482777777778";Colmenar de Oreja;Colmenar de Oreja;Dax;male;https://es.wikipedia.org/wiki/Ulpiano_Checa | https://museoulpianocheca.com/ulpiano-checa-pintor.html;;;;;"outros; Museu Histórico Nacional";"Madri; Roma";"1873-1880; depois de 1880 como pensionista em Roma";https://es.wikipedia.org/wiki/Ulpiano_Checa | https://museoulpianocheca.com/ulpiano-checa-pintor.html;alta;40.107583;-3.387693;100.0;43.708616207;-1.051795028;100.0
Ulrich Steffen;Switzerland;"formação técnica e artística alemã; instituição não identificada na fonte aberta consultada";"; ";"; ";;;;male;https://www.wikidata.org/wiki/Q24989942;;Sem documentação aberta suficiente para detalhar instituição e datas nesta rodada.;;;"outros; Museu Histórico Nacional";Alemanha;;;baixa;;;;;;
Umberto Lilloni;Italy;"Brera Academy; Società Umanitaria; Accademia di Brera";45.47222222;9.18888889;Milan;monumental cemetery of Milan;Milan;male;https://www.treccani.it/enciclopedia/umberto-lilloni_(Dizionario-Biografico)/;;interrompe os estudos em 1917 para servir na guerra;;;"MAC; outros; MAC USP";"Milão, Itália; Milão, Itália";"até 1915; 1915–1917";https://www.treccani.it/enciclopedia/umberto-lilloni_(Dizionario-Biografico)/;alta;45.4636183;9.1881156;100.0;45.4636183;9.1881156;100.0
unknown;;;;;;;;;;;creator registrado como 'unknown';;;"outros; Museu Paulista";;;;;;;;;;
Uwe Heine Debrodt;Mexico;Facultad de Química, Universidad Nacional Autónoma de México;19.33191;-99.18193;Mexico;;;male;Miami New Media Festival;médio;"FILE explicita “País de Origem: México”; preenchido em nível de país.";FILE Festival (País de Origem);alta;FILE;;;;alta;;;;;;
V. F. Leite;;;;;;;;;;;;;;"outros; Museu Histórico Nacional";;;;;;;;;;
Vadinho Santa Rosa (atribuído);;;;;;;;;;;"autoria atribuída/incerta; formação não localizada com segurança";;;"outros; Museu de Arte Religiosa e Tradicional";;;;;;;;;;
Valdeir Maciel;;;;;;;;;https://blombo.com/artistas/valdir-maciel | https://www.al.sp.gov.br/noticia/?id=264828;;Também grafado Valdir/Waldeir em fontes secundárias.;;;"MAC; outros; MAC USP";formação autodidata;sem data exata na fonte;;alta;;;;;;
Valentina Besegher;Italy;;;;Italy;;;female;;;"FILE explicita “País de Origem: Itália”; preenchido em nível de país.";FILE Festival (País de Origem);alta;FILE;;;;alta;;;;;;
Valerie LeBlanc;Canada;"Alberta College of Art + Design; School of the Art Institute of Chicago; University of Sydney";51.062;-114.091;Halifax, Nova Scotia, Canada;;;female;site da artista | Vtape;médio;;site oficial / FILE Festival;médio;FILE;;;;;44.648881;-63.575312;100.0;;;
Valério Vieira;Brazil;Academia Imperial de Belas Artes (aluno ouvinte);-22.91111111111111;-43.20555555555556;;;;male;"https://enciclopedia.itaucultural.org.br/pessoas/6241-valerio-vieira | https://pt.wikipedia.org/wiki/Val%C3%A9rio_Vieira; https://enciclopedia.itaucultural.org.br/pessoas/6241-valerio-vieira";;;;;"outros; Museu Paulista";Rio de Janeiro;a partir de 1875;https://enciclopedia.itaucultural.org.br/pessoas/6241-valerio-vieira;alta;;;;;;
Veneta Androva;Bulgaria;"Weißensee Academy of Art Berlin; Humboldt-Universität zu Berlin; Bezalel Academy of Arts and Design";"52.5581; 52.518055555555556; 31.781166666666667";"13.4393; 13.393333333333333; 35.22361111111111";Sofia, Bulgaria;;;female;site da artista;alto;;FILE Festival (biografia do artista);alta;FILE;;;;alta;;;;;;
Vera Sebert;Germany;"University of Fine Arts Braunschweig; Academy of Fine Arts Vienna";52.2575;10.50166667;Freiburg im Breisgau, Germany;;;female;esc medien kunst labor;alto;;Arts Foundation BW;alto;FILE;;;;;47.994785999;7.849876999;100.0;;;
Veronika Obertová;Slovakia;Academy of Fine Arts and Design in Bratislava;48.1416;17.1072;Bratislava, Slovakia;;;female;Animafest;médio;"Biografia a apresenta como artista de Bratislava; usado com baixa.";FILE Festival (biografia do artista);baixa;FILE;;;;baixa;;;;;;
Vicente do Rego Monteiro;Brazil;"Académie Julian; Escola Nacional de Belas Artes; Academia Julian";"48.871111111111; -22.8625055; 48.871111111111";"2.3416666666667; -43.2256622; 2.3416666666667";Recife;;Recife;male;Wikipédia;;fontes secundárias mencionam também Académie Colarossi e Académie de la Grande Chaumière;;;"MAC; outros; MAC USP";"Rio de Janeiro, Brasil; Paris, França";"1908; 1911–1914";Wikipédia;media;-8.0551894;-34.871176;100.0;-8.0551894;-34.871176;100.0
Vicente José de Micolta (atribuição);;;;;;;;;;;"autoria atribuída/incerta; formação não localizada com segurança";;;"outros; Museu da Inconfidência";;;;;;;;;;
Vicente Mallio;Portugal;;;;Azores;;;male;;;;;;"outros; Museu Histórico Nacional";;;;;37.74058;-25.67282;100.0;;;
Victor Barrat;;"formação artística francesa; instituição não identificada na fonte aberta consultada";"; ";"; ";;;;male;https://www.brasilianaiconografica.art.br/;;Registro prudente por carência de detalhe aberto.;;;"outros; Coleção Brasiliana Itaú";França;;;baixa;;;;;;
Victor Brecheret;Brazil;"Liceu de Artes e Ofícios de São Paulo; aprendizado com Arturo Dazzi";-23.5331446;-46.6267577;Farnese;;São Paulo;male;"https://enciclopedia.itaucultural.org.br/pessoas/522-victor-brecheret; https://pt.wikipedia.org/wiki/Victor_Brecheret";;;;;"MAC; outros; MAC USP";"São Paulo, Brasil; Roma, Itália";"1912; 1914";"https://enciclopedia.itaucultural.org.br/pessoas/522-victor-brecheret; https://pt.wikipedia.org/wiki/Victor_Brecheret";media;42.5504814;11.7267407;100.0;-23.5486657;-46.6382522;100.0
Victor Meirelles;Brazil;Academia Imperial de Belas Artes;-22.91111111111111;-43.20555555555556;Florianópolis;;Rio de Janeiro;male;"Museu Victor Meirelles; Wikipédia";;;;;"outros; Museu Nacional de Belas Artes";"Rio de Janeiro; Itália; França";"c. 1847–1852; 1853–1861; 1853–1861";Museu Victor Meirelles;media;-27.5969123;-48.5495751;100.0;-22.9014475;-43.1789159;100.0
Victor Meirelles de Lima;Brazil;Academia Imperial de Belas Artes;-22.91111111111111;-43.20555555555556;Florianópolis;;Rio de Janeiro;male;"Museu Victor Meirelles; Wikipédia";;;;;"outros; Museu Nacional de Belas Artes";"Rio de Janeiro; Itália; França";"c. 1847–1852; 1853–1861; 1853–1861";Museu Victor Meirelles;media;-27.5969123;-48.5495751;100.0;-22.9014475;-43.1789159;100.0
Victor Pinto;;Escola Nacional de Belas Artes;-22.8625055;-43.2256622;;;;;fontes biográficas de referência;;datas aproximadas;;;"outros; Museu da Inconfidência";Rio de Janeiro, Brasil;1940s;fontes biográficas de referência;baixa;;;;;;
Victor Ribeiro;;Ar.Co;;;;;;;https://www.fundacaoplmj.com/pt/colecao/artistas/vitor-ribeiro/1017/ | https://dev.cps.pt/pt/artistas/vitor-ribeiro;;"A base usa Victor Ribeiro; as fontes consultadas usam Vitor Ribeiro.";;;"MAC; outros; MAC USP";Porto (Portugal);formação em escultura concluída em 1985;https://www.fundacaoplmj.com/pt/colecao/artistas/vitor-ribeiro/1017/;alta;;;;;;
Victor Vasarely;Hungary;"Eötvös Loránd University; University of Budapest; Podolini-Volkmann Academy; Muhely";"47.4906; 47.498333333333";"19.0585; 19.040833333333";Pécs;;16th arrondissement of Paris;male;"https://www.fondationvasarely.org/architectonic-center/victor-vasarely/; https://www.fairheadfineart.com/biographies/victor-vasarely";;Muhely é frequentemente descrita como a Bauhaus de Budapeste.;;;"MAC; outros; MAC USP";"Budapeste, Hungria; Budapeste, Hungria; Budapeste, Hungria";"1925–1927; 1927; 1929";"https://www.fondationvasarely.org/architectonic-center/victor-vasarely/ ; https://www.fairheadfineart.com/biographies/victor-vasarely";media;46.0713012;18.2331371;100.0;48.8638667;2.2765753;100.0
Vienot et Morissete;;;;;;;;;;;;;;"outros; Museu Histórico Nacional";;;;;;;;;;
Vilma Pasqualini;;Escuela Nacional de Bellas Artes;14.09871944444444;-87.20715833333334;;;;;fontes biográficas de referência;;"instituição identificada; datas não localizadas com precisão";;;"MAC; outros; MAC USP";Buenos Aires, Argentina;s.d.;fontes biográficas de referência;baixa;;;;;;
Vilma Teresa Rodrigues de Carvalho;Brazil;"formação artística brasileira; instituição não identificada na fonte aberta consultada";"; ";"; ";;;;female;https://www.catalogodasartes.com.br/;;Não localizei escola formal aberta confiável nesta rodada.;;;"outros; Museu Histórico Nacional";Brasil;;;baixa;;;;;;
Vincent Gallut;France;;;;France;;;male;;;"FILE explicita “País de Origem: França”; preenchido em nível de país.";FILE Festival (País de Origem);alta;FILE;;;;alta;;;;;;
Vincent Houzé;France;;;;France;;;male;;;"FILE explicita “País de Origem: França”; preenchido em nível de país.";FILE Festival (País de Origem);alta;FILE;;;;alta;;;;;;
Vincent van Gogh;Kingdom of the Netherlands;"Royal Academy of Fine Arts; Academy of Fine Arts, Antwerp; ateliê de Fernand Cormon";51.2234;4.4069;Zundert;Auvers-Sur-Oise Communal Cemetery;Auvers-sur-Oise;male;fontes biográficas de referência;;;;;"outros; MASP";"Antuérpia, Bélgica; Paris, França";"1886; 1886–1887";fontes biográficas de referência;alta;51.470497894;4.659364233;100.0;49.07018118;2.171887667;100.0
Vincenzo Lodigiani;Italy;;;;;;;male;;;local de nascimento não localizado em fonte auditável;;;FILE;;;;;;;;;;
Virgilio Guidi;Italy;"Scuola Libera di Pittura; Accademia di Belle Arti di Roma";41.9075;12.4756;Rome;Cemetery of San Michele;Venice;male;https://en.wikipedia.org/wiki/Virgilio_Guidi;;Fontes apontam formação inicial na escola livre de pintura e continuidade dos estudos na Academia de Belas Artes de Roma.;;;"MAC; outros; MAC USP";"Roma, Itália; Roma, Itália";"c. 1904–1908; c. 1908–1910s";https://en.wikipedia.org/wiki/Virgilio_Guidi;media;41.8905568;12.4942679;100.0;45.434608;12.338913;100.0
Virgílio Lopes Rodrigues;Brazil;"colônia agrícola Frei Caneca, dirigida por religiosos; tentativa de matrícula no Colégio Militar";-8.8027777777778;-35.828888888889;;;;male;"https://www.guiadasartes.com.br/virgilio-lopes-rodrigues/resumo | https://www.saladearte.com.br/virgilio-lopes-rodrigues; https://www.guiadasartes.com.br/virgilio-lopes-rodrigues/resumo";;"O dado recuperado refere-se à educação geral/documentada; as fontes consultadas não sustentam formação artística formal posterior.";;;"outros; Museu Histórico Nacional";"Pernambuco; Rio de Janeiro";"antes dos 20 anos; sem datas exatas";;baixa;;;;;;
Virgílio Maurício;Brazil;"formação artística com Rosalvo Ribeiro; frequência a diversos ateliês em Paris";48.85666666666667;2.352222222222222;Lagoa da Canoa;;Belo Horizonte;male;"https://pt.wikipedia.org/wiki/Virg%C3%ADlio_Maur%C3%ADcio | https://wp.historiadealagoas.com.br/virgilio-mauricio-genial-e-polemico.html; https://pt.wikipedia.org/wiki/Virg%C3%ADlio_Maur%C3%ADcio";;"A fonte indica que era estudante de medicina e que frequentou ateliês na França; sem instituição única identificada.";;;"outros; Pinacoteca de São Paulo";"Brasil; Paris";até 1914;https://pt.wikipedia.org/wiki/Virg%C3%ADlio_Maur%C3%ADcio | https://wp.historiadealagoas.com.br/virgilio-mauricio-genial-e-polemico.html;media;-9.8292288;-36.7373101;100.0;-19.9181771;-43.9370534;100.0
Vittorio Gobbis;Brazil;Accademia di Belle Arti di Venezia;45.4286;12.3305;;;;male;fontes biográficas de referência;;"instituição identificada; datas não localizadas com precisão";;;"MAC; outros; MAC USP";Veneza, Itália;s.d.;fontes biográficas de referência;media;;;;;;
Vj Iluminous (Manolo Fraga);Brazil;Universidade Federal do Paraná;-25.428888888889;-49.2675;Rio de Janeiro, Brazil;;;male;FILE Festival;médio;"Biografia o qualifica como “carioca”; usado com baixa.";FILE Festival (biografia do artista);baixa;FILE;;;;baixa;;;;;;
Vladimir Leschiov;Latvia;"J. Rosenthal Riga Art School; Konstfack University College of Arts, Crafts and Design";"56.9475; 59.29861111";"24.106944444444; 17.99583333";Daugavpils;;;male;FILE Festival | Animation World Network;médio;;;;FILE;;;;;55.874818283;26.536061783;100.0;;;
Vânia Mignone;;"UNICAMP; PUC-Campinas";"-22.817222222222; -22.8346";"-47.069444444444; -47.0476";;;;;https://www.guiadasartes.com.br/vania-mignone/obras-e-biografia;;A fonte informa Artes Plásticas na UNICAMP e Publicidade na PUC-Campinas.;;;"MAC; outros; MAC USP";Campinas (SP);formação concluída em 1989;https://www.guiadasartes.com.br/vania-mignone/obras-e-biografia;alta;;;;;;
Waichi Tsutaka;Japan;Nakanoshima Yōga Kenkyūjo;;;Naniwa-ku;;Nishinomiya;male;https://en.wikipedia.org/wiki/Waichi_Tsutaka;;escola privada de pintura ocidental;;;"MAC; outros; MAC USP";Osaka, Japão;1939;https://en.wikipedia.org/wiki/Waichi_Tsutaka;media;34.6594048;135.49954261;100.0;34.737607;135.34172987;100.0
Waldemar Cordeiro;Italy;"Liceo Tasso; Accademia di Belle Arti di Roma";"41.91; 41.9075";"12.49583333; 12.4756";Rome;;São Paulo;male;https://pt.wikipedia.org/wiki/Waldemar_Cordeiro;;"formação artística identificada; datas precisas não localizadas";;;"MAC; outros; MAC USP";"Roma, Itália; Roma, Itália";;;media;41.8905568;12.4942679;100.0;-23.5486657;-46.6382522;100.0
Walter Jonas;Switzerland;Kunstgewerbeschule Stuttgart;48.7775;9.18;Oberursel (Taunus);;Zurich;male;fontes biográficas de referência;;"instituição identificada; datas não localizadas com precisão";;;"MAC; outros; MAC USP";Stuttgart, Alemanha;s.d.;fontes biográficas de referência;media;50.200587999;8.582282;100.0;47.38454096;8.529927493;100.0
Walter Lewy;Brazil;Escola de Artes e Ofícios de Dortmund;51.513888888889;7.4652777777778;Bad Oldesloe;;São Paulo;male;https://pt.wikipedia.org/wiki/Walter_Lewy;;;;;"MAC; outros; MAC USP";Dortmund, Alemanha;1923–1927;https://pt.wikipedia.org/wiki/Walter_Lewy;alta;53.810045999;10.373196001;100.0;-23.5486657;-46.6382522;100.0
Wani Soruku;;;;;;;;;;;formação não localizada com segurança;;;"MAC; outros; MAC USP";;;;;;;;;;
Wassily Kandinsky;Russian Empire;"Academy of Fine Arts, Munich; Universidade de Moscou; escola particular de Anton Ažbe";55.7025;37.530555555556;Moscow;Neuilly-sur-Seine New Communal Cemetery;Neuilly-sur-Seine;male;"https://www.wassily-kandinsky.org/Biography.jsp; https://municharttogo.zikg.eu/items/show/141; https://www.tate.org.uk/art/artists/wassily-kandinsky-1382";;;;;"MAC; outros; MAC USP";"Moscou, Rússia; Munique, Alemanha; Munique, Alemanha";"1886–1892; 1897–1899; 1900";"https://www.wassily-kandinsky.org/Biography.jsp; https://municharttogo.zikg.eu/items/show/141";alta;55.7565408;37.6149202;100.0;48.884828024;2.269704778;100.0
Wayne Kirby;United States;"Juilliard School; Yale University; New York University";"40.773871; 41.311111111111; 40.73";"-73.983178; -72.926666666667; -73.995";United States;;;male;site pessoal | FILE Festival;médio;"FILE explicita “País de Origem: Estados Unidos”; preenchido em nível de país.";FILE Festival (País de Origem);alta;FILE;;;;alta;;;;;;
Wega Nery;Brazil;"Escola de Belas Artes de São Paulo; Atelier-Abstração de Samson Flexor";"; ";"; ";Corumbá;;Guarujá;female;https://www.guiadasartes.com.br/wega-nery-gomes-pinto/obras-e-biografia;;;;;"MAC; outros; MAC USP";"São Paulo, Brasil; São Paulo, Brasil";"1946–1949; s.d.";https://www.guiadasartes.com.br/wega-nery-gomes-pinto/obras-e-biografia;media;-19.0095613;-57.6524928;100.0;-23.9938582;-46.2559589;100.0
Wesley Duke Lee;Brazil;"Académie de la Grande Chaumière; curso de desenho livre do MASP; Parsons School of Design; American Institute of Graphic Arts";"-23.56111111111111; 43";"-46.65583333333333; -75";São Paulo;;São Paulo;male;"https://pt.wikipedia.org/wiki/Wesley_Duke_Lee; https://enciclopedia.itaucultural.org.br/pessoas/892-wesley-duke-lee";;formação em Paris identificada sem data precisa localizada;;;"MAC; outros; MAC USP";"São Paulo, Brasil; Nova York, EUA; Nova York, EUA; Paris, França";"1951; 1952–1955; 1952–1955;";https://pt.wikipedia.org/wiki/Wesley_Duke_Lee;media;-23.5486657;-46.6382522;100.0;-23.5486657;-46.6382522;100.0
Whanki Kim;South Korea;"Nihon University; Avant-Garde Western Painting Institute";"35.691;";"139.73760833;";Zenra-nan Prefecture;;New York City;male;https://en.wikipedia.org/wiki/Whanki_Kim;;ingressa no programa de artes da Nihon University e, no segundo ano, junta-se ao instituto de pintura de vanguarda;;;"MAC; outros; MAC USP";"Tóquio, Japão; Tóquio, Japão";"1933–1936; c. 1934–1936";https://en.wikipedia.org/wiki/Whanki_Kim;media;38.05511004;140.1483323;87.11;40.7130466;-74.0072301;100.0
Will Luers;United States;"Columbia University; University of Pennsylvania";"40.8075; 39.95388888888889";"-73.961944444444; -75.19305555555556";United States;;;male;CV do artista;alto;"FILE explicita “País de Origem: Estados Unidos”; preenchido em nível de país.";FILE Festival (País de Origem);alta;FILE;;;;alta;;;;;;
Willem Roelofs;Kingdom of the Netherlands;"Academy for Visual Arts; ateliê de Hendrik van de Sande Bakhuyzen";46;15;Amsterdam;;Berchem;male;https://en.wikipedia.org/wiki/Willem_Roelofs | https://alazraki.com/artworks/artists/roelofs-willem/;;A fonte também registra aulas anteriores com Abraham Hendrik Winter.;;;"outros; Pinacoteca de São Paulo";Haia;a partir de 1839;https://en.wikipedia.org/wiki/Willem_Roelofs;alta;52.361524688;4.890870311;100.0;51.19021;4.43264;100.0
Willi Baumeister;Germany;"Friedrich-Eugens-Gymnasium Stuttgart; Königlich Württembergische Akademie / Stuttgart Art Academy; classe de Adolf Hölzel na Stuttgart Art Academy";48.7775;9.18;Stuttgart;Pragfriedhof Stuttgart;Stuttgart;male;https://en.wikipedia.org/wiki/Willi_Baumeister;;A biografia explicita estudos na academia de Stuttgart e, depois, na classe de composição de Adolf Hölzel.;;;"MAC; outros; MAC USP";"Stuttgart, Alemanha; Stuttgart, Alemanha";"1905–1906; 1908–1912";https://en.wikipedia.org/wiki/Willi_Baumeister;alta;48.775816999;9.177734;100.0;48.775816999;9.177734;100.0
William A. Brown;United States;"University of Florida; Emory University";"29.6475; 33.791111111111";"-82.345; -84.323333333333";;;;male;Vimeo do artista;médio;local de nascimento não localizado em fonte auditável;;;FILE;;;;;;;;;;
William Gore Ouseley;;Trinity College Dublin;53.3444;-6.2577;;;;;https://en.wikipedia.org/wiki/William_Gore_Ouseley;;A fonte aberta documenta formação universitária, não artística.;;;"outros; Pinacoteca de São Paulo";Trinity College, Dublin;;;alta;;;;;;
William Loew;France;;;;France;;;male;;;"FILE explicita “País de Origem: França”; preenchido em nível de país.";FILE Festival (País de Origem);alta;FILE;;;;alta;;;;;;
William Scott;United Kingdom;"Ulster University; Belfast College of Art; Royal Academy Schools";"54.60383341944372; 51.507222222222";"-5.9288864017592; -0.1275";Greenock;Berlin;Bath;male;"Tate; biografia institucional";;datas aproximadas em parte;;;"MAC; outros; MAC USP";"Belfast, Reino Unido; Londres, Reino Unido";"c. 1931; c. 1935–1938";"Tate; biografia institucional";media;55.948493719;-4.757131636;100.0;51.382799655;-2.359283633;100.0
Willys de Castro;Brazil;"Colégio Marista; estudo com João Pereira Gomes";-19.538888888889;-40.630833333333;Uberlândia;;São Paulo;male;Enciclopédia Itaú Cultural / fontes biográficas de referência;;formação combinando ensino geral e estudo artístico com mestre;;;"MAC; outros; MAC USP";"Uberlândia, Brasil; São Paulo, Brasil";"até 1941; 1940s";Enciclopédia Itaú Cultural / fontes biográficas de referência;media;-18.9097091;-48.2619157;100.0;-23.5486657;-46.6382522;100.0
Wilson Alves;;Escola Guignard;-19.9552;-43.9202;;;;;fontes biográficas de referência;;datas aproximadas;;;"outros; Museu de Arte Religiosa e Tradicional";Belo Horizonte, Brasil;1970s;fontes biográficas de referência;baixa;;;;;;
Wim van der Plas;Netherlands;Erasmus University Rotterdam;51.918061111111;4.5258305555556;Netherlands;;;male;ACM SIGGRAPH History Archives;alto;"FILE explicita “País de Origem: Países Baixos”; preenchido em nível de país.";FILE Festival (País de Origem);alta;FILE;;;;alta;;;;;;
Xabier Monreal;Spain;Escola Massana;41.380944;2.169583;Spain;;;male;FILE Festival;médio;"FILE explicita “País de Origem: Espanha”; preenchido em nível de país.";FILE Festival (País de Origem);alta;FILE;;;;alta;;;;;;
Xavier Boissarie;France;"Université Paris 8; Villa Arson; École supérieure d'art d'Aix-en-Provence";"48.944722222222; 43.5307";"2.3633333333333; 5.44105";France;;;male;site da Orbe;alto;"FILE explicita “País de Origem: França”; preenchido em nível de país.";FILE Festival (País de Origem);alta;FILE;;;;alta;;;;;;
Xaviera Lopez;Chile;;;;Santiago, Chile;;;female;;;;FILE Festival (biografia do artista);alta;FILE;;;;alta;;;;;;
XXIIVV;Canada;;;;;;;male;;;local de nascimento não localizado em fonte auditável;;;FILE;;;;;;;;;;
Yali Herbet;Israel;Bezalel Academy of Arts and Design;31.781166666666667;35.22361111111111;Israel;;;female;FILE Festival | Animafest;alto;"FILE explicita “País de Origem: Israel”; preenchido em nível de país.";FILE Festival (País de Origem);alta;FILE;;;;alta;;;;;;
Yasmin Salama;Palestine;;;;Palestine;;;;;;;;;FILE;;;;;31.912719787;35.204684057;100.0;;;
Yiannis Kranidiotis;Greece;"University of Patras; University of Essex; National and Kapodistrian University of Athens";"38.286666666667; 51.87845; 37.969166666666666";"21.786388888889; 0.94942; 23.780833333333334";Greece;;;male;site do artista | Onassis Foundation;alto;"FILE explicita “País de Origem: Grécia”; preenchido em nível de país.";FILE Festival (País de Origem);alta;FILE;;;;alta;;;;;;
Yo Yoshitome;Japan;"Escola de Navegação; Escola de Belas Artes de Tóquio";35.68944444444445;139.6916666666667;Shimane Prefecture;;;female;https://enciclopedia.itaucultural.org.br/pessoas/6124-yo-yoshitome;;;;;"MAC; outros; MAC USP";"Tóquio, Japão; Tóquio, Japão";"década de 1940; década de 1940";https://enciclopedia.itaucultural.org.br/pessoas/6124-yo-yoshitome;alta;35.47229492;133.05050166;100.0;;;
Yola Cintra;;;;;;;;;;;formação não localizada com segurança;;;"MAC; outros; MAC USP";;;;;;;;;;
Yolanda Mohalyi;Brazil;Real Academia de Belas-Artes;38.708042;-9.139016;Cluj-Napoca;;São Paulo;female;Wikipédia;;"em 1935 estuda com Lasar Segall em São Paulo; datas da formação acadêmica não localizadas com precisão";;;"MAC; outros; MAC USP";Budapeste, Hungria;;;media;46.7709185;23.5899178;100.0;-23.5486657;-46.6382522;100.0
Yuki Ban;Japan;The University of Tokyo;35.71339;139.76232;Kanagawa, Japan;;;male;Universidade de Tóquio (perfil institucional);alto;;Universidade de Tóquio (página do projeto Unlimited Corridor);alto;FILE;;;;;;;;;;
Yukun Wang;United Kingdom;West China Hospital;30.643222;104.061097;China;;;;;;;SAIC Fashion Show / site pessoal;médio;FILE;;;;;36.567348398;103.930027033;100.0;;;
Yutaka Toyota;Japan;Universidade de Arte de Tóquio;35.7195782;139.7726862;;;;male;https://www.escritoriodearte.com/artista/yutaka-toyota;;;;;"MAC; outros; MAC USP";Tóquio, Japão;início da década de 1950;https://www.escritoriodearte.com/artista/yutaka-toyota;alta;;;;;;
Yōhei Yanase;Japan;Seikei University;35.71123;139.573145;Setagaya;;;male;;;;;;FILE;;;;;35.6465436;139.65322156;100.0;;;
Zac Cooper;;University of Washington;47.65416666666667;-122.30805555555555;;;;male;University of Washington;alto;local de nascimento não localizado em fonte auditável;;;FILE;;;;;;;;;;
Zbigniew Makowski;Poland;"Academy of Fine Arts, Warsaw; Academy of Fine Arts in Warsaw";"52.239444444444445; 52.239444444444445";"21.015833333333333; 21.015833333333333";Warsaw;Northern Communal Cemetery in Warsaw;Warsaw;male;https://en.wikipedia.org/wiki/Zbigniew_Makowski;;;;;"MAC; outros; MAC USP";Varsóvia, Polônia;1950–1956;https://en.wikipedia.org/wiki/Zbigniew_Makowski;media;52.229827082;21.011731518;100.0;52.229827082;21.011731518;100.0
Zed Nesti;;Fundação Armando Álvares Penteado (FAAP);-23.5450155;-46.6630802;;;;;https://www.youtube.com/zednestistudio/videos;;"fonte pública de perfil do artista informa curso na FAAP; datas não localizadas";;;"MAC; outros; MAC USP";São Paulo, Brasil;s.d.;https://www.youtube.com/zednestistudio/videos;media;;;;;;
Zeno van den Broek;Kingdom of the Netherlands;TU Delft;52.001666666667;4.3725;Rotterdam, Netherlands;;;male;CV oficial do artista;médio;;site oficial do artista;alto;FILE;;;;;51.918323034;4.493749988;100.0;;;
Zlatan Filipović;Bosnia and Herzegovina;Alfred University, New York State College of Ceramics;42.253261;-77.787486;Sarajevo;;;male;American University of Sharjah;alto;;;;FILE;;;;;43.8581843;18.4123422;100.0;;;
Zlatko Prica;Hungary;"Academy of Fine Arts, University of Zagreb; Academy of Fine Arts, Zagreb";45.8121;15.9624;Pécs;Samobor City Cemetery;Rijeka;male;fontes biográficas de referência;;instituição identificada em biografias sumárias;;;"MAC; outros; MAC USP";Zagreb, Croácia;s.d.;fontes biográficas de referência;media;46.0713012;18.2331371;100.0;45.340230019;14.42722787;100.0
Zoran Dragelj;Croatia;Emily Carr Institute of Art and Design (ECIAD);49.26083333333333;-123.1138888888889;Split;;;male;FILE Festival | bauform.it;médio;;;;FILE;;;;;43.512822779;16.458086061;100.0;;;
Zuza Banasinska;Poland;"Jagiellonian University; Academy of Fine Arts in Kraków; Universität der Künste Berlin; Sandberg Instituut";52.50916666666667;13.32694444444444;Warsaw;;;female;FILE Festival | Berlinale;médio;;;;FILE;;;;;52.229827082;21.011731518;100.0;;;
Édouard Manet;France;"Collège-lycée Jacques-Decour; Collège Rollin; curso especial de desenho; estudos com Thomas Couture; Académie Suisse";28.5915;-81.3484;former 10th arrondissement of Paris;Passy Cemetery;8th arrondissement of Paris;male;https://en.wikipedia.org/wiki/%C3%89douard_Manet;;Priorizados os dados formativos explicitamente visíveis no snippet de busca.;;;"outros; MASP";Paris;"1844-1848; 1845; 1850-1856";https://en.wikipedia.org/wiki/%C3%89douard_Manet;alta;19.69973;-72.35832;78.35;48.8637;2.2769;83.21
Édouard Viénot;France;"Beaux-Arts de Paris; École des Beaux-Arts; discípulo de Louis Hersent e Paulin Guérin";48.85666666666667;2.333611111111112;Fontainebleau;;Brussels metropolitan area;male;https://pt.wikipedia.org/wiki/%C3%89douard_Vi%C3%A9not | https://artsandculture.google.com/entity/%C3%89douard-vi%C3%A9not/m05c3q8;;;;;"outros; Museu Paulista";Paris;ingresso em 4 out. 1822;https://pt.wikipedia.org/wiki/%C3%89douard_Vi%C3%A9not | https://artsandculture.google.com/entity/%C3%89douard-vi%C3%A9not/m05c3q8;alta;48.404740851;2.701648778;100.0;-33.47269;-70.64724;78.78
Érica Azzellini;Brazil;Faculdade Cásper Líbero;-23.56552983;-46.651333;Brazil;;;female;FAPESP;alto;"FILE explicita “País de Origem: Brasil”; preenchido em nível de país.";FILE Festival (País de Origem);alta;FILE;;;;alta;;;;;;
Özge Samancı;Turkey;Georgia Institute of Technology;33.77580555555556;-84.39469444444444;İzmir;;;female;site da artista | Northwestern University;alto;;;;FILE;;;;;38.418724;27.129601;100.0;;;
‡Starvingpoet§;United States;autodidata;;;;;;non-binary;FILE Festival | site da artista;alto;local de nascimento não localizado em fonte auditável;;;FILE;;;;;;;;;;