creator;data de nascimento;data de morte;country of citizenship;educated at;lat_educated_at;lon_educated_at;place of birth;place of death;sex or gender;fonte_educated_at;confianca_educated_at;observacoes_pesquisa;fonte_place_of_birth;confianca_place_of_birth;acervo;confianca_preenchimento;lat_birth;lon_birth;score_birth;lat_death;lon_death;score_death;fonte_place_of_death;observacoes_place_of_death;confianca_place_of_death;fonte_data_de_nascimento;fonte_data_de_morte;observacoes_datas_biograficas;confianca_datas_biograficas
Jordão de Oliveira;1900;1980;Brasil;primeiros estudos de desenho com Quintino Marques > Escola Nacional de Belas Artes;-10.9093538 > -22.8625055;-37.0743967 > -43.2256622;Aracaju;Rio de Janeiro;male;https://www.ufrgs.br/acervopbsa/autor_/oliveira-jordao/;alta;As fontes abertas disponíveis sustentam os estudos iniciais com Quintino Marques> não localizei nesta rodada fonte aberta robusta para a etapa posterior no Rio.;Wikidata;alta;Museu Histórico Nacional;média;-10.9093538;-37.0743967;100.0;-22.9111111111;-43.2055555556;100.0;https://pge.se.gov.br/artista-do-mes-de-abril-jordao-de-oliveira/;Local de morte refinado de nível de país para cidade com base em fonte biográfica oficial.;alta;PGE Sergipe | Arremate Arte > Wikidata;PGE Sergipe | Arremate Arte > Wikidata;datas confirmadas em fontes biográficas convergentes;alta
José Vieira Ottoni;;;;;;;;;;;;pesquisa deste lote não localizou fonte auditável suficiente sobre formação;;;;;;;;;;;;Não localizei fonte auditável suficiente sobre local de morte nesta rodada.;;;;"não localizadas datas biográficas em fonte auditável; possível homônimo";
A. Bierry;;;;;;;;;;;;assinatura abreviada> não foi possível desambiguar com segurança;;;Museu da Inconfidência;;;;;;;;;"Assinatura abreviada; identidade não desambiguada com segurança.";;;;"assinatura abreviada; identidade não desambiguada com segurança";
A. Bill Miller;1962;;Estados Unidos;University of Wisconsin-Milwaukee;43.07503;-87.882915;Cleveland, Ohio, Estados Unidos;;male;University of Wisconsin-Whitewater / Transfer Gallery;alta;;dieFirma / Wikipedia;média;FILE;;41.5051414;-81.6914575;100.0;;;;;Não localizei fonte auditável suficiente sobre local de morte nesta rodada.;;dieFirma | FILE > Ulan;;nascimento corrigido de 1920 para 1962 com base em biografia consistente;alta
A. Correa Costa;;;;;;;;;;;;"assinatura/nome parcial; não foi possível desambiguar com segurança";;;Museu Histórico Nacional;;;;;;;;;"Nome parcial; identidade não desambiguada com segurança.";;;;"autor identificado no acervo; datas biográficas não localizadas em fonte auditável";
A. Tinoco;;;;;;;;;;;;"assinatura/nome parcial; não foi possível desambiguar com segurança";;;Museu Histórico Nacional;;;;;;;;;"Nome parcial; identidade não desambiguada com segurança.";;;;"assinatura abreviada; identidade não desambiguada com segurança";
A.Guedes;;;;;;;;;;;;"A obra A Velha Sé de Diamantina é assinada “A. Guedes” e datada de 1932; a identidade biográfica do artista não pôde ser desambiguada.";;;Museu do Diamante;;;;;;;;;"Assinatura abreviada; identidade não desambiguada com segurança.";;;;registro localizado em fonte consultada, sem datas biográficas explícitas;
A.L. Crego;;;Espanha;autodidata;43.3707332;-8.3958532;A Corunha, Espanha;;male;FILE Festival | La Voz de Galicia / entrevista em Tumblr;média;autodidata> coordenadas atribuídas à cidade biográfica associada (A Coruña/Galícia) como proxy de formação;La Voz de Galicia / ARTEINFORMADO;média;FILE;baixa;43.3707332;-8.3958532;100.0;;;;;Não localizei fonte auditável suficiente sobre local de morte nesta rodada.;;;;identificação provável, mas sem datas biográficas explícitas em fonte auditável;
Aaron Bradbury;;;República da Abecásia;;;;;;male;;;metadado de país de origem no FILE inconsistente com a biografia> não preenchido> pesquisa sem fonte robusta para local de nascimento | formação identificada, mas a fonte não nomeia a instituição;;;FILE;média;;;;;;;;Não localizei fonte auditável suficiente sobre local de morte nesta rodada.;;;;"valor pré-existente de nascimento não confirmado em FILE/MUTEK; campo deixado em branco";
Abe Abraham;1970;;Estados Unidos;Tisch School of the Arts, New York University;40.73;-73.995;Estados Unidos;;male;https://currentsnewmedia.org/artist/abe-abraham/;alta;FILE explicita “País de Origem: United States”> preenchido em nível de país.;FILE Festival (País de Origem);alta;FILE;alta;39.398703156;-99.41461919;100.0;;;;;Não localizei fonte auditável suficiente sobre local de morte nesta rodada.;;CURRENTS New Media | Artsy > Ulan;;nascimento corrigido de 1946 para 1970 com base em biografia consistente;alta
Abel-Dominique Boyé;1864;1934;França;École des beaux-arts de Bordeaux > École des Beaux-Arts de Paris;44.83111111111111 > 48.853997;-0.5611111111111111 > 2.333500;Marmande;Marmande;male;https://pt.wikipedia.org/wiki/Abel-Dominique_Boy%C3%A9 | https://franco.wiki/fr/Abel-Dominique_Boy%C3%A9.html;média;;Wikidata;alta;MASP;alta;44.499151322;0.166416496;100.0;44.5;0.1652777778;100.0;https://pt.wikipedia.org/wiki/Abel-Dominique_Boy%C3%A9 | https://www.wikidata.org/wiki/Q944872;"Morte indicada em Marmande; coordenadas referem-se à comuna.";média;BnF Autorités > Wikidata > Ulan;BnF Autorités > Wikidata > Ulan;"fonte secundária consultada indica óbito em 1933; mantido 1934 conforme autoridade BnF";alta
Abelardo Zaluar;1924;1987;Brasil;Escola Nacional de Belas Artes;-22.8625055;-43.2256622;Niterói, Rio de Janeiro, Brasil;Rio de Janeiro;male;https://enciclopedia.itaucultural.org.br/pessoas/2112-zaluar | https://www.guiadasartes.com.br/abelardo-zaluar/obras-e-biografia;alta;;Galeria Ipanema;média;MAC USP;média;-22.8898227;-43.1220775;;-22.9111111111;-43.2055555556;100.0;https://enciclopedia.itaucultural.org.br/pessoas/2112-zaluar;Local de morte preenchido a partir de verbete biográfico institucional.;alta;Cultura Niterói | Arremate Arte > Ulan;Cultura Niterói | Arremate Arte > Ulan;"Itaú Cultural e MARGS confirmam o intervalo 1924-1987; usada fonte biográfica com datas completas";alta
Abraham Brueghel;1631;1690;Países Baixos Espanhóis;Formação com Jan Brueghel the Younger (pai);51.2234;4.4069;Antuérpia;Nápoles;male;https://en.wikipedia.org/wiki/Abraham_Brueghel | https://www.christies.com/en/lot/lot-4836790;média;Fontes indicam formação com o pai, sem instituição formal nomeada.;Wikidata;alta;Museu Nacional de Belas Artes;média;51.25942418;4.371799938;100.0;40.8358333333;14.2486111111;100.0;https://www.wikidata.org/wiki/Q1824525;"Local de morte mantido; coordenadas ajustadas para a cidade de Naples.";alta;Art UK > Wikidata > Ulan;Wikidata > Ulan;"fontes consultadas divergem sobre o ano de morte (c.1690 / 1697); óbito deixado em branco";alta
Abraham Naton;1906;1959;Israel;Bucharest Art Academy;44.44366667;26.09016667;Bessarabka, Rússia;Israel;male;https://www.beloosesky.com/artists/avraham-naton/biography | https://www.dangallery.co.il/artists/avraham-naton/;baixa;As fontes consultadas usam a forma Avraham Naton.;https://acervo.mac.usp.br/acervo/index.php/Detail/entities/5771;alta;MAC USP;alta;;;100.0;;;100.0;https://acervo.mac.usp.br/acervo/index.php/Detail/entities/5771;"Local de morte mantido; coordenadas ajustadas para a cidade de Givatayim.";alta;https://acervo.mac.usp.br/acervo/index.php/Detail/entities/5771;https://acervo.mac.usp.br/acervo/index.php/Detail/entities/5771;anos confirmados em fontes institucionais israelenses;alta
Abreu;;;;;;;;;;;;identificação incompleta> não foi possível desambiguar com segurança;;;;;;;;;;;;"Identificação incompleta; não desambiguada com segurança.";;;;"sobrenome isolado; identidade não desambiguada";
Achille Funi;1890;1972;Itália;Accademia di Belle Arti di Brera > Art School “Dosso Dossi” >;45.47222222 > 44.83916666666666 >;9.18888889 > 11.6175 >;Ferrara;Appiano Gentile;male;https://it.wikipedia.org/wiki/Achille_Funi;média;A data da etapa inicial em Ferrara não aparece com precisão no trecho consultado.;Wikidata;alta;MAC USP;alta;44.8378378;11.6203994;100.0;45.7383333333;8.9797222222;100.0;https://en.wikipedia.org/wiki/Achille_Funi;"Local de morte mantido; coordenadas ajustadas para o comune de Appiano Gentile.";média;Accademia Nazionale di San Luca > Wikidata > Ulan;Accademia Nazionale di San Luca > Wikidata > Ulan;datas completas confirmadas em fonte institucional;alta
Adam Martinakis;1972;;Polônia;estudou Interior Architecture, Decorative Arts and Industrial Design em Atenas;37.98416666666667;23.72805555555556;Lubań, Polônia;;male;site oficial do artista;alta;;site oficial do artista;alta;FILE;;51.119999978;15.289444427;100.0;;;;;Não localizei fonte auditável suficiente sobre local de morte nesta rodada.;;site oficial de Adam Martinakis | FILE > Wikidata;;fonte oficial explicita apenas o ano de nascimento;alta
Adam Pizurny;;;Eslováquia;;;;Eslováquia;;male;;;biografias localizadas neste lote não informam formação;FILE Festival;alta;FILE;;48.708702094;19.487749196;100.0;;;;;Não localizei fonte auditável suficiente sobre local de morte nesta rodada.;;;;não localizadas datas biográficas em fonte auditável;
Adam Winkels;;;Canadá;;;;Canadá;;male;;;biografias localizadas neste lote informam atuação profissional, sem formação explícita;FILE Festival (País de Origem);alta;FILE;;60.10867;-113.64258;100.0;;;;;Não localizei fonte auditável suficiente sobre local de morte nesta rodada.;;;;não localizadas datas biográficas em fonte auditável;
Ademar Shimabukuro;1962;;;Pontifícia Universidade Católica de Campinas (PUC-Campinas);-22.8346;-47.0476;Campinas, SP, Brasil;;male;https://www.escavador.com/sobre/1882197/ademar-kazumi-shimabukuro;média;graduação em arquitetura e urbanismo;MAC USP;alta;MAC USP;média;-22.9073702;-47.0628996;;;;;;Não localizei fonte auditável suficiente sobre local de morte nesta rodada.;;Itaú Cultural;;data de nascimento explicitada em enciclopédia institucional;alta
Adir Sodré de Souza;1962;2020;Brasil;Ateliê Livre da Fundação Cultural de Mato Grosso;-20.468611111111;-54.622222222222;Rondonópolis, Mato Grosso, Brasil;Cuiabá;male;https://museudeartesacra.org.br/2021/09/15/adir-sodre/;alta;formação em ateliê> escola formal não localizada;Enciclopédia Itaú Cultural;alta;MAC USP;alta;-16.470833;-54.635556;;-15.5958333333;-56.0969444444;;Prefeitura de Cuiabá;;alta;Itaú Cultural > Wikidata;Itaú Cultural > Wikidata;mantidos apenas os anos, confirmados em fonte institucional;alta
Adolf Methfessel;1836;1909;Suíça;aprendizagem como jardineiro > primeiras aulas de desenho em Bruxelas > estudos de arquitetura de jardins em Berlim >; > 50.84666666666666 > 52.516666666667 >; > 4.351666666666667 > 13.383333333333 >;Bern;Berna;male;https://www.askart.com/bio/Adolf_Methfessel/11054168/Adolf_Methfessel | https://www.swissinfo.ch/por/cultura/o-artista-su%C3%AD%C3%A7o-que-documentou-a-guerra-da-tr%C3%ADplice-alian%C3%A7a/87475847> https://www.askart.com/bio/Adolf_Methfessel/11054168/Adolf_Methfessel;alta;A fonte aberta mais específica informa aulas de desenho em Bruxelas em 1856 e estudos de arquitetura de jardins em Berlim> registrei a aprendizagem inicial de jardineiro como etapa formativa documentada.;Wikidata;alta;Museu Paulista;média;46.948998594;7.437170775;100.0;46.9479805556;7.4474305556;100.0;DSI / Univ. Stuttgart;;alta;Schweizerisches Kunstarchiv (SIK-ISEA) > Ulan;Schweizerisches Kunstarchiv (SIK-ISEA) > Ulan;datas completas confirmadas em autoridade suíça;alta
Adolfo Matarelli;1832;1887;Reino da Itália;;;;Florença, Itália;Cisano Bergamasco;male;;;Não foi localizada formação acadêmica ou aprendizado documentado com segurança para Adolfo Matarelli.;Gonnelli Casa d’Aste;média;Museu da Inconfidência;média;43.7696;11.2558;;45.7430555556;9.4708333333;100.0;"Wikipedia it; Italia Turrita";"fonte secundária convergente; sem fonte institucional direta localizada";média;The Morgan Library & Museum > Wikidata;The Morgan Library & Museum > Wikidata;fonte consultada explicita apenas os anos;alta
Adolphe Martial-Potémont;1828;1883;França;École des Beaux-Arts de Paris;48.853997;2.333500;Paris;Paris;male;https://en.wikipedia.org/wiki/Adolphe_Martial_Pot%C3%A9mont;média;;Wikidata;alta;Museu Nacional de Belas Artes;média;48.856372814;2.352529617;100.0;48.8566666667;2.3522222222;100.0;Musée Léon Dierx;;alta;Wikidata;Google Arts & Culture | Wikipédia (fr) > Wikidata;"fontes consultadas divergem sobre o ano de nascimento (1827/1828); nascimento deixado em branco";alta
Adrian Dexter;;;Estados Unidos;European Film College > The Animation Workshop;56.1937 > 56.4561;10.6913 > 9.40611;;;male;https://animafest.hr/en/2022/authors/read/adrian_dexter;alta;local de nascimento não localizado com segurança> pesquisa sem fonte robusta para local de nascimento;;;FILE;;;;;;;;;"perfil oficial/FILE recente; sem óbito identificado";;;;não localizadas datas biográficas em fonte auditável;
Adrian Flury;1978;;Suíça;Lucerne University of Applied Sciences and Arts;47.014;8.306;Zug, Suíça;;male;https://archive.file.org.br/participantes/adrian-flury/ | https://www.swissfilms.ch/en/person/adrian-flury/3c0eb1779d0746c8b0d3fd7755415d9f;alta;;HSLU / videokunst.ch;alta;FILE;;47.177534475;8.508559443;100.0;;;;;"perfil recente de artista em atividade; sem óbito identificado";;Google Arts & Culture | FILE;;"ano confirmado por múltiplas fontes; data completa obtida em metadado de obra";média
Adriano Monteiro;;;Brasil;Universidade Estadual de Campinas (UNICAMP);-22.817222222222;-47.069444444444;Brasil;;male;FILE Festival;alta;FILE explicita “País de Origem: Brazil”> preenchido em nível de país.;FILE Festival (País de Origem);alta;FILE;alta;-10.769946429;-53.073466889;100.0;;;;;"site pessoal recente; sem óbito identificado";;;;não localizadas datas biográficas em fonte auditável;
Adrien Cuvit;;;França;ARIES School of Graphic and Motion Design;48.856667;2.352222;França;;male;FILE Festival;alta;;FILE Festival (País de Origem);alta;FILE;;46.559417044;2.550539953;100.0;;;;;perfil FILE sem referência de óbito;;;;não localizadas datas biográficas em fonte auditável;
Adrien Henri Vital van Emelen;1868;1943;Bélgica;Escola de Belas Artes de Lovaina > estudos com Constantin Meunier > aperfeiçoamento com Auguste Rodin;50.8775 >  >;4.704444 >  >;Leuven;São Paulo;male;https://pt.wikipedia.org/wiki/Adrien_Henri_Vital_van_Emelen;média;;Wikidata;alta;Museu Paulista;alta;50.882173608;4.705906182;100.0;-23.5503944444;-46.6339472222;100.0;Biblioteca Nacional / Sophia;"autoridade secundária; local de morte convergente";média;Google Arts & Culture | Biblioteca Nacional > Wikidata > Ulan;Google Arts & Culture | Biblioteca Nacional > Wikidata > Ulan;datas completas confirmadas em metadado institucional e autoridade;alta
Adrián Regnier;1989;;México;"Escuela Nacional de Escultura, Pintura y Grabado ""La Esmeralda"" > Universidad Veracruzana";19.353773 > 19.5293;-99.13589 > -96.9247;Mexico City;;male;site oficial de Adrián Regnier;alta;alto;Wikidata;alta;;;19.430457906;-99.141684761;100.0;;;;;"biografia oficial recente; sem óbito identificado";;site oficial de Adrián Regnier | Fundación CERGUI;;fonte oficial explicita apenas o ano de nascimento;alta
Afro Basaldella;1912;1976;Itália;Liceo Artistico Di Porta Romana E S.F. > Accademia di Belle Arti di Venezia;43.7599 > 45.4286;11.24626 > 12.3305;Udine;Zurique;male;https://en.wikipedia.org/wiki/Afro_Basaldella;média;formação artística registrada de modo geral> datas aproximadas;Wikidata;alta;MAC USP;média;46.0649418;13.2307247;100.0;47.3744444444;8.5411111111;100.0;Peggy Guggenheim Collection;;alta;Wikidata > Ulan;Wikidata > Ulan;;alta
Aggie Pak Yee Lee;1989;;Hong Kong;Estonian Academy of Arts;59;26;Hong Kong;;female;Estonian Academy of Arts | FILE Festival;alta;;Wikidata;alta;FILE;;22.351958323;114.119385987;100.0;;;;;"biografia FILE indica artista nascida em 1989 e atuante; sem óbito identificado";;;;;
Agostinho José da Mota;1824;1878;Brasil;Academia Imperial de Belas Artes > Accademia di San Luca;-22.9071 > 41.90166;-43.1829 > 12.483586;Rio de Janeiro;Rio de Janeiro;male;https://pt.wikipedia.org/wiki/Agostinho_Jos%C3%A9_da_Mota | https://www.brasilianaiconografica.art.br/autores/19862/agostinho-da-motta;média;datas aproximadas;Wikidata;alta;Museu Nacional de Belas Artes;média;-22.9014475;-43.1789159;100.0;-22.9014475;-43.1789159;100.0;Enciclopédia Itaú Cultural;;alta;Wikidata > Ulan;Wikidata > Ulan;;alta
Agostino Masucci;1691;1758;Estados Pontifícios;formação com Benedetto Luti e Carlo Maratta;41.893055555556;12.482777777778;Roma;Roma;male;https://en.wikipedia.org/wiki/Agostino_Masucci | https://www.britannica.com/biography/Agostino-Masucci;alta;;Wikidata;alta;Museu Nacional de Belas Artes;média;41.8905568;12.4942679;100.0;41.8930555556;12.4827777778;100.0;National Galleries of Scotland;;alta;Wikidata > Ulan;Wikidata > Ulan;;alta
Agustín Abreu;1980;;México;Universidad Modelo > University of Texas at El Paso > University of Pittsburgh;21.0285 > 31.77 > 40.444565;-89.5678 > -106.505 > -79.953274;Ciudad de México, México;;male;https://orcid.org/0000-0003-2299-4555;alta;identificação alinhada pela formação> fonte indica nascimento em Ciudad de México> metadado de cidadania na planilha diverge;Biblioteca Virtual Sedeculta / Wikipedia;média;FILE> Museu da Inconfidência;;19.430457906;-99.141684761;;;;;;"ORCID e fontes recentes indicam autor em atividade; sem óbito identificado";;Enciclopedia de la Literatura en México (FLM) — https://www.elem.mx/autor/datos/121872;;"nascimento localizado; sem data de morte em fonte consultada";alta
Agustín Salinas Teruel;1861;1915;Espanha;Escuelas de Comercio, Artes y Oficios de Madrid > Escuela Superior de Bellas Artes > Academia Española de Roma;40.41694444444445 > 41.893055555556 > 41.9106;-3.703333333333333 > 12.482777777778 > 12.4781;Zaragoza;Roma;male;https://www.epdlp.com/pintor.php?id=8747 | https://pt.wikipedia.org/wiki/Augustin_Salinas_y_Teruel> https://www.epdlp.com/pintor.php?id=8747 | https://galeriandre.com.br/artistas-interna/375/augustin-salinas/;média;A grafia do creator foi mantida> as fontes também usam Augustin/Agostyn Salinas.;Wikidata;alta;Museu Nacional de Belas Artes;alta;41.656837;-0.8794245;100.0;41.8930555556;12.4827777778;100.0;"Wikipedia es; Galeria André";"fontes divergentes sobre o ano de morte; local convergente: Roma";média;Wikidata > Ulan;Wikidata > Ulan;;alta
Ahron Giladi;1907;1993;Israel;Leningrad Academy of Art;59.9375;30.29;Gomel, Belarus;;male;https://museum.imj.org.il/artcenter/newsite/en/?artist=Giladi%2C+Aharon;alta;;Israel Museum / galeria;alta;MAC USP;média;52.425163;31.015039;;;;;;fonte institucional localizada para trajetória e data, mas local de morte não confirmado com segurança;;Israel Museum, Information Center for Israeli Art — https://museum.imj.org.il/artcenter/newsite/en/?artist=Giladi%2C+Aharon%2C+Israeli%2C+born+Russia%2C+1907-1993;Israel Museum, Information Center for Israeli Art — https://museum.imj.org.il/artcenter/newsite/en/?artist=Giladi%2C+Aharon%2C+Israeli%2C+born+Russia%2C+1907-1993;;alta
Aieda Freitas;;;Brasil;Universidade Municipal de São Caetano do Sul;-23.6131956;-46.5712354;Brasil;;female;Lar Galeria | Intercom Sudeste;baixa;;FILE Festival (País de Origem);alta;FILE;;-10.769946429;-53.073466889;100.0;;;;;site oficial e FILE sem referência de óbito;;;;não localizei ano de nascimento em fonte pública consultada;
Ailadi;;;Itália;Politecnico di Milano > ENSCI, Les Ateliers > Köln International School of Design;45.478031 > 48.8584 > 50.948;9.227319 > 2.3693 > 6.956;Alpes Italianos, Itália;;female;site oficial da artista;alta;;Kinomural;média;FILE;;45.013;6.9418;100.0;;;;;"perfil autoral recente; sem óbito identificado";;;;não localizei ano de nascimento em fonte pública consultada;
Aimée;;;;;;;Argentina;;;;;fonte institucional informa apenas país de nascimento | nome monônimo e fontes abertas insuficientes para desambiguar a trajetória educacional;MAC USP;alta;MAC USP;;-38.416097;-63.616672;;;;;;"nome monônimo; identidade não desambiguada com segurança";;;;nome artístico/pseudônimo sem desambiguação segura;
Akihito Ito;1976;;Japão;Nagoya University of Arts;35.256;136.881056;Nagoya, Japão;;male;https://www.isea-symposium-archives.org/person/akihito-ito/ | https://archive.file.org.br/participantes/akihito/;alta;;site oficial (akihitoito.com);alta;FILE;;35.18142047;136.90668338;100.0;;;;;"artista em atividade em fonte recente; sem óbito identificado";;Site oficial do artista (perfil) — https://www.akihitoito.com/akihitoito_prof.html;;"nascimento localizado; sem data de morte em fonte consultada";alta
Alaa Omari;;;Palestina;American University of Sharjah;25.309722;55.490556;Palestina;;;American University of Sharjah;alta;;Wikidata;alta;FILE;;31.912719787;35.204684057;100.0;;;;;"artista em atividade em fonte recente; sem óbito identificado";;;;não localizei ano de nascimento em fonte pública consultada;
Alan Davie;1920;2014;Reino Unido;Edinburgh College of Art;55.9458;-3.19964;Grangemouth;Hertford;male;https://en.wikipedia.org/wiki/Alan_Davie> https://gulbenkian.pt/cam/artist/alan-davie/;média;As fontes convergem para Edinburgh College of Art.;Wikidata;alta;MAC USP;alta;56.019555095;-3.721883769;100.0;51.795;-0.078055556;100.0;"Wikipedia; Hertford Arts Hub";;média;Ulan;Ulan;;alta
Albert Bayona i Fernández;1954;;Espanha;School of the Circle of Fine Arts;41.614165;0.625803;Lleida;;male;Wikipedia;média;;Wikidata;alta;FILE;;41.6141646;0.6258029;100.0;;;;;"artista em atividade em fonte recente; sem óbito identificado";;Wikidata;;"sem data de morte; artista em atividade em fontes recentes";alta
Albert Eckhout;1600;1666;República Neerlandesa;formação em pintura com Gheert Roeleffs (tio);;;Groningen;Groningen;male;https://pesquisaescolar.fundaj.gov.br/pt-br/artigo/eckhout-albert/ | https://www.guiadasartes.com.br/albert-van-der-eckhout/principais-obras;alta;As fontes recuperadas não nomeiam uma academia formal> a formação aparece como aprendizado com o tio pintor.;Wikidata;alta;Coleção Brasiliana Itaú;média;53.219956308;6.564955801;100.0;53.218888889;6.5675;100.0;Enciclopédia Itaú Cultural;;alta;Ulan;Ulan;;alta
Albert Gleizes;1881;1953;França;autodidata;48.856372814;2.352529617;Paris;Avinhão;male;https://en.wikipedia.org/wiki/Albert_Gleizes;média;Autodidata> não foi localizada instituição formal de ensino artístico.;Wikidata;alta;MAC USP;média;48.856372814;2.352529617;100.0;43.948611111;4.808333333;100.0;"Britannica; The Met";"fontes divergentes: arquivo trazia Saint-Rémy-de-Provence; Britannica e The Met indicam Avignon";alta;Ulan;Ulan;;alta
Albert Merino;1979;;Espanha;Universitat de Barcelona > Kunsthochschule Berlin-Weißensee;41.386666666667 > 52.5606;2.1638888888889 > 13.4572;Barcelona, Espanha;;male;https://albertmerino.com/web/?page_id=4 | https://www.cccb.org/en/w/participants/albert-merino | https://file.org.br/videoarte_2019/albert-merino/;alta;;FILE Festival / CCCB;alta;FILE;;41.387917;2.1699187;100.0;;;;;"artista em atividade em fonte recente; sem óbito identificado";;;;"sem data de morte; artista em atividade em fonte consultada";
Alberto André Feijó Delpino;1864;1942;Brasil;Academia Imperial de Belas Artes > estudos com Georg Grimm;-22.9071 > ;-43.1829 > ;Juiz de Fora, Minas Gerais, Brasil;Belo Horizonte;;https://enciclopedia.itaucultural.org.br/pessoas/6435-alberto-delpino;alta;formação na Academia Imperial de Belas Artes e estudos com Georg Grimm;https://enciclopedia.itaucultural.org.br/pessoas/6435-alberto-delpino;alta;Museu da Inconfidência;baixa;-21.7609;-43.3500;100.0;-19.928055556;-43.941944444;100.0;Enciclopédia Itaú Cultural;;alta;Enciclopédia Itaú Cultural — https://enciclopedia.itaucultural.org.br/pessoas/6435-alberto-delpino;Enciclopédia Itaú Cultural — https://enciclopedia.itaucultural.org.br/pessoas/6435-alberto-delpino;;alta
Alberto da Veiga Guignard;1896;1962;Brasil;Akademie der Bildenden Künste München > aperfeiçoamento em Florença > aperfeiçoamento em Paris;48.153196 > 43.7696 > 48.856386;11.580312 > 11.2558 > 2.352222;Nova Friburgo;Belo Horizonte;male;https://enciclopedia.itaucultural.org.br/pessoas/2130-guignard;alta;estudos em Florença localizados, mas sem nome formal da instituição no trecho consultado;Wikidata;alta;Museu da Inconfidência;média;-22.2891837;-42.5345547;100.0;-19.928055556;-43.941944444;100.0;"Enciclopédia Itaú Cultural; Secult MG";;alta;Ulan;Ulan;;alta
Alberto Lima;;;Portugal;;;;Porto;;male;;;A fonte indica início da pintura incentivado por Carlos Scliar, sem escola formal nomeada. | fonte localizada menciona incentivo de Carlos Scliar, sem formação ou instituição explicitada;Wikidata;alta;Museu Paulista;média;41.1501526;-8.610318;100.0;;;;;data de falecimento localizada, mas local de morte não encontrado com segurança;;;;"homônimo não desambiguado; contexto do CSV (Portugal/Porto) conflita com artista brasileiro mais documentado";
Alberto Magnelli;1888;1971;Itália;autodidata;43.7686976;11.2569291;Florença;Meudon;male;https://en.wikipedia.org/wiki/Alberto_Magnelli;média;Autodidata> fontes consultadas indicam ausência de formação formal em escola de arte.;Wikidata;alta;MAC USP;média;43.7686976;11.2569291;100.0;48.8075;2.240277778;100.0;Centre Pompidou;;alta;Ulan;Ulan;;alta
Alberto Salietti;1892;1961;Itália;Accademia di Belle Arti di Brera;45.47222222;9.18888889;Ravenna;Chiavari;male;Wikipedia (it)> Pittori Liguri;média;;Wikidata;alta;MAC USP;média;44.4157367;12.1965892;100.0;44.316411111;9.323736111;100.0;Wikipedia it;;média;Wikidata > Ulan;Wikidata > Ulan;;alta
Alberto Silva;1850;;;Escola Industrial Infante D. Henrique > Escola Superior de Belas-Artes do Porto;41.15068 > 41.15;-8.63128 > -8.610833;Porto, Portugal;;male;https://sigarra.up.pt/up/pt/p/antigos%20estudantes%20ilustres%20-%20alberto%20silva;alta;Mantida identificação cautelosa por se tratar de nome relativamente comum.;"U.Porto; Leiloeira Serralves";alta;Museu Histórico Nacional;média;41.1501526;-8.610318;;;;;;homônimo não desambiguado com segurança;;Ulan;;identificação conflitante: fontes localizadas apontam artista do Porto nascido em 1882, mas o CSV traz 1850;alta
Alberto Teixeira;1925;2011;Brasil;Sociedade Nacional de Belas Artes > aulas com Samson Flexor > Atelier-Abstração;38.7140 >  > -23.550394444444;-9.1390 >  > -46.633947222222;São João do Estoril, Portugal;Campinas;male;https://enciclopedia.itaucultural.org.br/pessoas/2955-alberto-teixeira | https://www.apap.art.br/associados/338/alberto-teixeira-em-memoria/;alta;;APAP;alta;MAC USP;alta;38.697;-9.361;;-22.900833333;-47.057222222;100.0;"Centro de Memória Unicamp; Enciclopédia Itaú Cultural";;alta;;;;
Alcindo Da Conceiçao;;;França;ARIES School of Graphic and Motion Design;48.856667;2.352222;França;;male;FILE Festival;alta;FILE explicita “País de Origem: France”> preenchido em nível de país.;FILE Festival (País de Origem);alta;FILE;alta;46.559417044;2.550539953;100.0;;;;;"artista em atividade em fonte recente; sem óbito identificado";;;;não localizei ano de nascimento em fonte pública consultada;
Aldemir Martins;1922;2006;Brasil;Colégio Militar de Fortaleza > Ateneu São José;-3.7275 > -20.82;-38.5275 > -49.378888888889;Aurora;São Paulo;male;https://pt.wikipedia.org/wiki/Aldemir_Martins;média;;Wikidata;alta;MAC USP;média;-6.9406;-38.9686;100.0;-23.550394444;-46.633947222;100.0;Assembleia Legislativa do Estado de São Paulo;;alta;Wikidata > Ulan;Wikidata > Ulan;;alta
Aldo Beck;1919;1999;Brasil;"formação com Manoel Francisco de Oliveira (""Maneca Margarida"""""""")""""""";-27.60111111;-48.52;Florianópolis;;male;artigo UDESC> site do artista;alta;formação artística informal com o mestre Maneca Margarida> escola/instituição não localizada;Wikidata;alta;Museu Victor Meirelles;média;-27.5969123;-48.5495751;100.0;;;;;ano de morte localizado, mas local de morte não aparece de forma explícita nas fontes consultadas;;;Museu de Arte de Santa Catarina (MASC/FCC-SC) — https://aplicacoes.fcc.sc.gov.br/wpmasc/artista/aldo-beck/;;alta
Aldo Bonadei;1906;1974;Brasil;ateliê de Pedro Alexandrino;-23.550394444444;-46.633947222222;São Paulo;São Paulo;male;https://enciclopedia.itaucultural.org.br/pessoas/2775-bonadei;alta;também frequentou o ateliê de Antonio Rocco;Wikidata;alta;MAC USP;média;-23.5486657;-46.6382522;100.0;-23.550394444;-46.633947222;100.0;FAPESP;;alta;Wikidata > Ulan;Wikidata > Ulan;;alta
Aldo João Nunes;1925;2004;Brasil;estudos com Estanislau Traple > estudos com Martinho de Haro; > ; > ;Florianópolis, SC, Brasil;;male;https://aplicacoes.fcc.sc.gov.br/wpmasc/artista/aldo-nunes/;alta;formação artística com Estanislau Traple e Martinho de Haro;MASC;alta;Museu Victor Meirelles;alta;-27.5969123;-48.5495751;;;;;;ano de morte localizado, mas local de morte não encontrado com segurança;;Wikidata;Wikidata;;alta
Alejandro Casales;1801;1911;México;"Escuela Nacional de Música, Universidad Nacional Autónoma de México > Escuela Nacional de Pintura, Escultura y Grabado ""La Esmeralda""""""""""""""";19.328888888889 > 19.4307;-99.187222222222 > -99.1618;Cidade do México, México;Axochiapan;male;FILE Festival;alta;;site oficial do artista;alta;FILE;;19.430457906;-99.141684761;100.0;18.503055556;-98.751944444;100.0;Wikipedia es;;média;Wikidata;Wikidata;;alta
Alejandro Cicarelli;1808;1879;Chile;Instituto de Bellas Artes de Nápoles > estudos em Roma;40.8516 > 41.893055555556;14.2512 > 12.482777777778;Nápoles;Santiago;male;https://es.wikipedia.org/wiki/Alejandro_Cicarelli;média;;Wikidata;alta;Pinacoteca de São Paulo;média;40.8399833;14.2525421;100.0;-33.4459946;-70.6670569;100.0;Artistas Visuales Chilenos / MNBA;local de morte validado em fonte institucional chilena;alta;Wikidata > Ulan;Wikidata > Ulan;;alta
Alejandro Thornton;1970;;Argentina;National School of Fine Arts Prilidiano Pueyrredon;-34.59171466023074;-58.39131357322754;Buenos Aires;;male;https://archive.file.org.br/participantes/alejandro-thornton/ | https://www.wikidata.org/wiki/Q5412111;alta;;Wikidata;alta;FILE;;-34.6090264;-58.3732215;100.0;;;;;"artista em atividade em fonte recente; sem óbito identificado";;Wikidata;;;alta
Aleksander Kobzdej;1920;1972;Polônia;Jan Matejko Academy of Fine Arts in Kraków;50.066389;19.941667;Olesko;Varsóvia;male;https://en.wikipedia.org/wiki/Aleksander_Kobzdej | https://www.galeriafibak.com.pl/en/artists/kobzdej-aleksander/;média;datas aproximadas;Wikidata;alta;MAC USP;média;49.9625;24.9006;100.0;52.229827082;21.011731518;100.0;Culture.pl;;alta;Wikidata > Ulan;Wikidata > Ulan;;alta
Alessandra Plaza Saravia;;;Peru;Pontificia Universidad Católica del Perú > Universität der Künste Berlin (UdK Berlin);-12.06944444444444 > 52.50916666666667;-77.07944444444445 > 13.32694444444444;Lima;;female;PUCP (perfil docente)> Decolonize Modul21;alta;;Wikidata;alta;FILE;;-12.04318;-77.02824;100.0;;;;;"artista em atividade em fonte recente; sem óbito identificado";;;;"células vazias investigadas; biografias consultadas sem ano explícito de nascimento ou morte";
Alessandro Amaducci;1967;;Itália;Università degli Studi di Torino;45.069444444444;7.6888888888889;Turim, Itália;;male;https://unifind.unito.it/resource/person/3195 | https://italianperformers.it/it/il-team/alessandro-amaducci/;média;;site oficial / FILE Festival;alta;FILE;;45.0683751;7.6830662;100.0;;;;;"artista em atividade em fonte recente; sem óbito identificado";;;;;
Alessandro Massobrio;1974;;Itália;Istituto di Musica G. Verdi di Asti > University of Turin > C.I.B.R.A., University of Pavia;44.9 > 45.0708 > 45.1861;8.2069444444444 > 7.6889 > 9.1566;Turim, Itália;;male;site oficial do artista | Symby;alta;;Artribune / Sinewaves;média;FILE;;45.0683751;7.6830662;100.0;;;;;"artista em atividade em fonte recente; sem óbito identificado";;;;;
Alessandro Varotari;1588;1649;República de Veneza;formação com Dario Varotari the Elder;;;Pádua;Veneza;male;https://en.wikipedia.org/wiki/Alessandro_Varotari | https://www.britannica.com/biography/Padovanino;alta;Também conhecido como Padovanino.;Wikidata;alta;Museu Nacional de Belas Artes;média;45.4095409;11.8765508;100.0;45.434608;12.338913;100.0;Treccani;fontes divergem no ano (1648/1649), mas convergem em Veneza;alta;Wikidata > Ulan;Wikidata > Ulan;;alta
Alessio De Vecchi;;;Itália;Istituto Europeo di Design;45.44625233345661;9.194896909398269;Milão, Itália;;male;FILE Festival;alta;;FILE Festival / WUF Magazine;alta;FILE;;45.4636183;9.1881156;100.0;;;;;"artista em atividade em fonte recente; sem óbito identificado";;;;"células vazias investigadas; biografias consultadas sem ano explícito de nascimento ou morte";
Alex Flemming;1954;;Brasil;Fundação Armando Álvares Penteado (FAAP) > Faculdade de Arquitetura e Urbanismo e de Design da USP (FAU-USP) > estudos de serigrafia e gravura com Regina Silveira, Julio Plaza e Romildo Paiva > Pratt Institute;-23.5450155 > -23.56012 >  > 40.691111;-46.6630802 > -46.72985 >  > -73.963889;São Paulo;;male;https://alexflemming.com.br/alexflemming/> https://www.ieb.usp.br/alex-flemming/> https://pt.wikipedia.org/wiki/Alex_Flemming;média;Formação combinou curso livre, passagem universitária e estudos técnicos com artistas-professores.;Wikidata;alta;MAC USP;alta;-23.5486657;-46.6382522;100.0;;;;;"artista em atividade em fonte recente; sem óbito identificado";;Wikidata > Ulan;;;alta
Alex Moy;;;Estados Unidos;DePaul University;41.923558;-87.653542;Estados Unidos;;male;FILE Festival;alta;;FILE Festival (País de Origem);alta;FILE;;39.398703156;-99.41461919;100.0;;;;;"artista em atividade em fonte recente; sem óbito identificado";;;;"células vazias investigadas; biografias consultadas sem ano explícito de nascimento ou morte";
Alexandre Cabanel;1823;1889;França;Montpellier School of Fine Arts > École des Beaux-Arts de Paris > Villa Medici;43.6108 > 48.853997 > 41.9099;3.8767 > 2.333500 > 12.4833;Montpellier;Paris;male;https://en.wikipedia.org/wiki/Alexandre_Cabanel;média;;Wikidata;alta;Museu Nacional de Belas Artes;alta;43.598499355;3.896845979;100.0;48.856372814;2.352529617;100.0;Musée d'Orsay;;alta;Ulan;Ulan;;alta
Alexandre Cruz (Sesper);1973;;Brasil;;;;Santos, São Paulo, Brasil;;male;;;biografias localizadas neste lote não informam formação;Itaú Cultural;alta;MAC USP;;-23.9562885;-46.3264601;;;;;;"artista em atividade em fonte recente; sem óbito identificado";;;;;
Alexandre Estebanez;;;Estados Unidos;;;;Estados Unidos;;male;;;biografias localizadas neste lote informam atuação profissional, sem formação explícita;FILE Festival (País de Origem);alta;FILE;;39.398703156;-99.41461919;100.0;;;;;"artista em atividade em fonte recente; sem óbito identificado";;;;"células vazias investigadas; biografias consultadas sem ano explícito de nascimento ou morte";
Alexandre Mário Parko;;;;formação acadêmica em São Paulo;-23.550394444444;-46.633947222222;;;male;https://www.catalogodasartes.com.br/;média;Dados insuficientes para nomear escola oficial> mantido em formulação prudente.;;;Museu Histórico Nacional;baixa;;;;;;;;não localizei fonte auditável suficiente sobre local de morte nesta rodada;;;;"células vazias investigadas; autor identificado nas fontes de acervo, mas sem datas biográficas explícitas";
Alexandre Veaux;;;França;Supinfocom Rubika;50.35805555555555;3.523333333333333;França;;male;portfólio oficial do artista> FILE Festival;alta;;FILE Festival (País de Origem);alta;FILE;alta;46.559417044;2.550539953;100.0;;;;;"artista em atividade em fonte recente; sem óbito identificado";;;;"células vazias investigadas; biografias consultadas sem ano explícito de nascimento ou morte";
Alexandre Wollner;1928;2018;Brasil;Instituto de Arte Contemporânea do MASP > Hochschule für Gestaltung Ulm (HfG Ulm);-23.561111 > 48.3806;-46.655833 > 9.95278;São Paulo;São Paulo;male;https://pt.wikipedia.org/wiki/Alexandre_Wollner> https://enciclopedia.itaucultural.org.br/instituicoes/75180-hochschule-fur-gestaltung-ulm-hfg;média;instituições identificadas> datas não localizadas;Wikidata;alta;MAC USP;média;-23.5486657;-46.6382522;100.0;-23.550394;-46.633947;100.0;Enciclopédia Itaú Cultural;;alta;Wikidata > Ulan;Wikidata;;alta
Alexis Marie Lahaye;1850;1914;França;atelier de Carolus-Duran;48.85666666666667;2.333611111111112;Paris;Nîmes;male;https://fr.wikipedia.org/wiki/Alexis_Marie_Lahaye;média;A formação recuperada é em ateliê, não em academia formal explicitada na fonte consultada.;Wikidata;alta;Museu Nacional de Belas Artes;média;48.856372814;2.352529617;100.0;43.83665;4.35788;100.0;Wikipedia fr;;média;Wikidata > Ulan;Wikidata > Ulan;;alta
Alfonso Pretelt;1987;;Colômbia;Universitat de Barcelona;41.386666666667;2.1638888888889;Bogotá, Colômbia;;male;site do artista;alta;;Sonic Matter / Intermediaciones;alta;FILE;;4.6068824;-74.071837;100.0;;;;;"artista em atividade em fonte recente; sem óbito identificado";;;;;
Alfred Leslie;1927;2023;Estados Unidos;New York University (NYU) > Art Students League of New York > Pratt Institute;40.729591 > 40.766083333333 > 40.691111;-73.996895 > -73.980861111111 > -73.963889;Nova York;Brooklyn;male;https://ngabiographies.org/biographies/alfredleslie> https://en.wikipedia.org/wiki/Alfred_Leslie;média;Datas da Pratt Institute não apareceram com precisão nas fontes revisadas.;Wikidata;alta;MAC USP;média;40.7130466;-74.0072301;100.0;40.692529;-73.990996;100.0;"Janet Borden; ArtDaily";;média;;;;
Alfred Manessier;1911;1993;França;École des Beaux-Arts de Paris > Amiens Higher School of Art and Design;48.853997 > 49.8950;2.333500 > 2.3023;Saint-Ouen;Orleães;male;https://fr.wikipedia.org/wiki/Alfred_Manessier | https://www.galerie-laurentin.com/en/alfred-manessier-biography;média;dados recuperados de base auxiliar> datas não localizadas;Wikidata;alta;MAC USP;alta;49.237305387922;-2.21881450916;100.0;47.902857326;1.909331693;100.0;Museo Nacional Thyssen-Bornemisza;;alta;Ulan;Ulan;;alta
Alfred Sisley;1839;1899;Reino Unido da Grã-Bretanha e Irlanda;École des Beaux-Arts de Paris > Atelier de Marc-Charles-Gabriel Gleyre, École des Beaux-Arts;48.853997 > 48.853997;2.333500 > 2.333500;antigo 4º arrondissement de Paris;Moret-sur-Loing;male;Wikipédia;média;formação no ateliê de Gleyre;Wikidata;alta;Museu Nacional de Belas Artes;média;48.8561982;2.3556748;88.0;48.3738888889;2.815;86.04;"Tate; Musée d’Orsay";local ajustado de cemitério para cidade do óbito;alta;Ulan;Ulan;;alta
Alfredo Andersen;1860;1935;Brasil;Academia de Belas-Artes de Cristiânia > Royal Danish Academy of Fine Arts;59.9170 > 55.680277777777775;10.7276 > 12.587222222222222;Kristiansand;Curitiba;male;Wikipédia;média;identificado como artista;Wikidata;alta;MASP;alta;58.1446946;7.9982841;100.0;-25.4297222222;-49.2719444444;100.0;"Museu Casa Alfredo Andersen; Itaú Cultural";;alta;Wikidata > Ulan;Wikidata > Ulan;;alta
Alfredo Ardia;1989;;Itália;Bauhaus-Universität Weimar > Sibelius Academy > Conservatorio Rossini;50.9795 > 60.17166666666667 > 43.9102;11.3291 > 24.9325 > 12.9126;Itália;;male;site oficial do artista;alta;;site oficial (alfredoardia.com);alta;FILE;;42.83333;12.83333;100.0;;;;;"atividade recente em site autoral/FILE; sem fonte auditável de óbito";;;;;
Alfredo Nicolaievsky;1952;;Brasil;Atelier Livre de Porto Alegre > Universidade Federal do Rio Grande do Sul (UFRGS);-30.032777777778 > -30.033611111111;-51.23 > -51.219166666667;Porto Alegre, Rio Grande do Sul, Brasil;;male;https://pt.wikipedia.org/wiki/Alfredo_Nicolaiewsky;média;;UFRGS / Wikipédia;média;MAC USP;média;-30.027679;-51.2286404;;;;;;"atividade/exposições recentes; sem fonte auditável de óbito";;;;;
Alfredo Norfini;1867;1944;Brasil;Istituto di Belle Arti di Lucca;43.85;10.516666666667;Florença;Rio de Janeiro;male;https://enciclopedia.itaucultural.org.br/pessoas/5415-alfredo-norfini;alta;;Wikidata;alta;Museu Paulista;média;43.7686976;11.2569291;100.0;-22.9111111111;-43.2055555556;100.0;"Enciclopédia Itaú Cultural; UFRGS Pinacoteca Barão de Santo Ângelo";;alta;Wikidata > Ulan;Wikidata > Ulan;;alta
Alfredo Volpi;1896;1988;Brasil;Escola Profissional Masculina do Brás;-23.54504;-46.61634;Lucca;São Paulo;male;https://enciclopedia.itaucultural.org.br/pessoas/512-alfredo-volpi;alta;instituição identificada> datas não localizadas;Wikidata;alta;MAC USP;média;43.8430139;10.507994;100.0;-23.5503944444;-46.6339472222;100.0;Enciclopédia Itaú Cultural;;alta;Ulan;Ulan;;alta
Alia Alharmi;;;Emirados Árabes Unidos;New York University Abu Dhabi;24.5239;54.4346;Dubai, Emirados Árabes Unidos;;female;FILE Festival (biografia do artista);alta;;FILE Festival;alta;FILE;;25.2674058;55.2926806;100.0;;;;;"bio recente/atividade profissional; sem fonte auditável de óbito";;;;"células vazias investigadas; biografias consultadas sem ano explícito de nascimento ou morte";
Alice Jaunet;1994;;França;Supinfocom Rubika;50.35805555555555;3.523333333333333;França;;female;FILE Festival;alta;FILE explicita “País de Origem: France”> preenchido em nível de país.;FILE Festival (País de Origem);alta;FILE;alta;46.559417044;2.550539953;100.0;;;;;"atividade recente como artista 3D; sem fonte auditável de óbito";;;;;
Alice Saey;;;França;Haute école des arts du Rhin (HEAR);48.5825;7.7591;Paris, França;;female;https://www.hear.fr/agenda/alice-saey/;alta;;La Courneuve / MacDowell;média;FILE;;48.856372814;2.352529617;100.0;;;;;"site autoral ativo; sem fonte auditável de óbito";;;;"células vazias investigadas; biografias consultadas sem ano explícito de nascimento ou morte";
Aligi Sassu;1912;2000;Itália;Accademia di Belle Arti di Brera > Accademia Libera;45.47222222 > 43.771388888889;9.18888889 > 11.254166666667;Milão;Pollença;male;https://sangiorgioarte.it/en/artisti/sassu-aligi/;alta;Fontes de biografia indicam passagem por Brera e, depois, pela Accademia Libera, sem datas exatas nesta passada.;Wikidata;alta;MAC USP;média;45.4636183;9.1881156;100.0;39.8767805556;3.0162611111;100.0;Treccani;;alta;Wikidata > Ulan;Wikidata > Ulan;;alta
Aliénor Vallet;;;França;estudos em ciências humanas e sociais > formação em realização audiovisual e criação de vídeo para espetáculo ao vivo;>;>;Paris, França;;female;https://alienorvallet.jimdofree.com/fr/bio-cv/;alta;a fonte informa áreas de estudo e formação, mas não nomeia instituições;site oficial / FILE Festival;alta;FILE;média;48.856372814;2.352529617;100.0;;;;;"agenda recente no site autoral; sem fonte auditável de óbito";;;;"células vazias investigadas; biografias consultadas sem ano explícito de nascimento ou morte";
Alois Di Leo;1982;;Peru;National Film and Television School;51.6054;-0.6374;Lima;;male;https://cinemambiente.media/en/directors/alois-di-leo | https://www.semainedelacritique.com/en/articles/interview-with-the-director-alois-di-leo;média;;Wikidata;alta;FILE;;-12.04318;-77.02824;100.0;;;;;"site autoral em atividade; sem fonte auditável de óbito";;;;;
Alonso Pérez;1857;1930;Espanha;;;;Zaragoza;;male;;;As fontes abertas apenas indicam que é 'believed that he received some academic training'> mantida formulação extremamente conservadora.;Wikidata;alta;Museu Histórico Nacional;baixa;41.656837;-0.8794245;100.0;;;;;"fontes secundárias divergentes inclusive sobre ano de morte; local não confirmado";;Musée d’Orsay — catálogo de artista;Musée d’Orsay — catálogo de artista;;alta
Aloísio Lucas de Siqueira;1938;;Brasil;autodidata;-7.9829;-38.2898;Serra Talhada, Pernambuco, Brasil;;male;https://hroficinadeartes.blogspot.com/2011/07/pintura-aloisio-lucas-siqueira.html;média;fonte aberta localizada indica percurso autodidata, sem instituição formal nomeada;Google Arts & Culture;alta;MAC USP;baixa;-7.9829;-38.2898;;;;;;sem fonte auditável suficiente para local de morte;;Google Arts & Culture / Museu de Folclore Edison Carneiro — sobre o criador;;"nascimento localizado; sem data de morte em fonte consultada";média
Aloísio Magalhães;1927;1982;Brasil;Universidade Federal de Pernambuco (UFPE) > Atelier 17;-8.051733 > 48.83972898207762;-34.950716 > 2.3325339;Recife;Pádua;male;https://pt.wikipedia.org/wiki/Alo%C3%ADsio_Magalh%C3%A3es> https://portal.iphan.gov.br/noticias/detalhes/3216;média;O aperfeiçoamento em design gráfico nos EUA aparece sem instituição específica no trecho consultado.;Wikidata;alta;MAC USP;alta;-8.0551894;-34.871176;100.0;45.4077777778;11.8733333333;100.0;Fundaj;;alta;Wikidata > Ulan;Wikidata > Ulan;;alta
Alzira Fragoso;1948;;Brasil;;;;São Carlos, São Paulo, Brasil;;female;;;pesquisa deste lote não localizou fonte auditável suficiente sobre formação;MAC USP;alta;MAC USP;;-22.0174;-47.8908;;;;;;"site autoral ativo; sem fonte auditável de óbito";;;;;
Alípio Dutra;1892;1964;Brasil;Escola Complementar de Piracicaba > Académie Julian > Real Academia de Belas Artes de Bruxelas > Escola Nacional de Belas Artes de Paris;-22.729159 > 48.871111 > 50.811667 > 48.853997;-47.644382 > 2.341667 > 4.381111 > 2.333500;Jaú;São Paulo;male;https://pt.wikipedia.org/wiki/Al%C3%ADpio_Dutra | https://enciclopedia.itaucultural.org.br/pessoas/6462-alipio-dutra;média;A cronologia europeia é particularmente clara nas fontes consultadas.;Wikidata;alta;Museu Paulista;alta;-22.2962115;-48.5575955;100.0;-23.5503944444;-46.6339472222;100.0;Enciclopédia Itaú Cultural;;alta;Wikidata > Ulan;Wikidata > Ulan;;alta
Amador de Carvalho Perez;1952;;Brasil;MAM Rio de Janeiro (estudos com Aloísio Carvão e outros professores);-22.91375;-43.171805555556;Rio de Janeiro, Brasil;;male;https://museuvictormeirelles.museus.gov.br/exposicoes/temporarias/arquivo/2014-2/scliar-e-perez/ | https://www.catalogodasartes.com.br/artista/Amador%20de%20Carvalho%20Perez%20-%20Amador%20Perez/;alta;O canal do artista informa também graduação em Projeto Gráfico pela Escola de Belas Artes> mantido o dado mais seguro no campo principal.;Catálogo das Artes;média;MAC USP;média;-22.9014475;-43.1789159;;;;;;"atividade expositiva recente; sem fonte auditável de óbito";;Wikidata;;;alta
Amanda Varghese;;;Índia;American University of Sharjah;25.309722;55.490556;Índia;;female;FILE Festival;alta;;FILE Festival (País de Origem);alta;FILE;alta;20.593684;78.96288;;;;;;"bio recente de estudante/artista; sem fonte auditável de óbito";;;;"células vazias investigadas; biografias consultadas sem ano explícito de nascimento ou morte";
Amber Xu;;;República Popular da China;Shanghai University;31.316666666666666;121.38888888888889;China;;female;https://www.altiba9.com/artist-interviews/amber-xu-theodore-roosevelt-presidential-library-digital-collage;média;;FILE Festival (País de Origem);alta;FILE;alta;36.567348398;103.930027033;100.0;;;;;"site autoral ativo; sem fonte auditável de óbito";;;;"células vazias investigadas; biografias consultadas sem ano explícito de nascimento ou morte";
Amedeo Modigliani;1884;1920;Reino da Itália;Accademia delle Arti del Disegno > estudos com Guglielmo Micheli > Accademia di Belle Arti di Firenze;43.776907 >  > 43.776907;11.258475 >  > 11.258475;Livorno;Paris;male;https://en.wikipedia.org/wiki/Amedeo_Modigliani> https://www.britannica.com/biography/Amedeo-Modigliani;alta;;Wikidata;alta;MAC USP;média;43.5518876;10.3078411;100.0;48.8566666667;2.3522222222;100.0;Britannica;local normalizado de hospital para cidade do óbito;alta;Ulan;Ulan;;alta
Americo Sposito;1924;2005;Uruguai;escola italiana de Enzo Kabregú > Círculo de Bellas Artes de Montevideo > Taller Torres García;-34.90591666666667 > -34.90591666666667 > -34.9069;-56.19131111111111 > -56.19131111111111 > -56.2018;Montevidéu;Montevidéu;male;https://es.wikipedia.org/wiki/Am%C3%A9rico_Sp%C3%B3sito;média;;Wikidata;alta;MAC USP;média;-34.9055557;-56.1852505;100.0;-34.9058333333;-56.1913888889;100.0;Museo Nacional de Artes Visuales (Uruguai);;alta;Wikidata;Wikidata;;alta
Amy Karle;1980;;Estados Unidos;Alfred University > Cornell University;42.255555555556 > 42.44916666666666;-77.787527777778 > -76.48388888888888;Nova York, Estados Unidos;;female;https://en.wikipedia.org/wiki/Amy_Karle | https://www.amykarle.com/about/;média;;Wikipedia / AMEI Magazine;média;FILE;;40.7130466;-74.0072301;100.0;;;;;"site autoral ativo; sem fonte auditável de óbito";;Wikidata;;;alta
Amália Pasqualina Fernandes Filha;1950;;Brasil;Instituto de Artes da Universidade Federal do Rio Grande do Sul (UFRGS);-30.0292;-51.2233;São Paulo, SP, Brasil;;female;https://enciclopedia.itaucultural.org.br/pessoas/14221-amalia-pasqualina-zaccara-fernandes-filha;média;instituição identificada em fontes sumárias;MAC USP;alta;MAC USP;baixa;-23.5486657;-46.6382522;;;;;;sem fonte auditável suficiente para local de morte;;Enciclopédia Itaú Cultural;;"nascimento localizado; sem data de morte em fonte consultada";média
Amélia Toledo;1926;2017;Brasil;Universidade de Brasília (UnB) > Ateliê de Anita Malfatti > estudos com Yoshiya Takaoka > estudos com Waldemar da Costa > Central School of Arts and Crafts;-15.76138888888889 >  >  >  > 51.5353;-47.86638888888889 >  >  >  > -0.1253;São Paulo;São Paulo;female;https://www.ameliatoledo.com/biografia> https://pt.wikipedia.org/wiki/Amelia_Toledo;média;Parte da formação ocorreu em ateliês> a data da escola em Londres não apareceu com precisão nas fontes vistas.;Wikidata;alta;MAC USP;média;-23.5486657;-46.6382522;100.0;-23.5503944444;-46.6339472222;100.0;Enciclopédia Itaú Cultural;corrigido de Cotia para São Paulo conforme fonte institucional;alta;Wikidata > Ulan;Wikidata;;alta
Amélie Nilles;;;França;Université Paris 8 Saint-Denis;48.944722222222;2.3633333333333;França;;female;https://tamlab.kunstuni-linz.at/events/lecture-nilles/ | https://kunstuni-stage.pro.cyber.house/studium/studienrichtungen/postdigital-lutherie/aktuelles-rueckblicke/news-detail/guest-lecture-amelie-nilles;alta;FILE explicita “País de Origem: France”> preenchido em nível de país.;FILE Festival (País de Origem);alta;FILE;alta;46.559417044;2.550539953;100.0;;;;;"atividade recente/site autoral ativo; sem fonte auditável de óbito";;;;"células vazias investigadas; biografias consultadas sem ano explícito de nascimento ou morte";
Amílcar de Castro;1920;2002;Brasil;Universidade Federal de Minas Gerais (UFMG) > Faculdade de Direito da Universidade Federal de Minas Gerais > Escola de Belas Artes de Belo Horizonte;-19.8690878 > -19.925667 > -19.8690878;-43.9663841 > -43.936686 > -43.9663841;Paraisópolis;Belo Horizonte;male;Instituto Amílcar de Castro> Enciclopédia Itaú Cultural;alta;;Wikidata;alta;MAC USP;alta;-22.5494836;-45.7839767;100.0;-19.9280555556;-43.9419444444;100.0;Enciclopédia Itaú Cultural;;alta;Ulan;Ulan;;alta
Ana Lagator;;;Sérvia;Faculty of Dramatic Arts, Belgrade;44.8146;20.4087;Sérvia;;female;FILE Festival;alta;FILE explicita “País de Origem: Sérvia”> preenchido em nível de país.;FILE Festival (País de Origem);alta;FILE;;44.016521;21.005859;;;;;;"biografia recente; sem fonte auditável de óbito";;;;"células vazias investigadas; biografias consultadas sem ano explícito de nascimento ou morte";
Ana Mouyis;;;Chipre;Parsons School of Design > Pratt Institute;40.735357 > 40.691111;-73.994533 > -73.963889;Nova York, Estados Unidos;;female;site oficial da artista;alta;;Millennium Film Workshop (entrevista);média;FILE;;40.7130466;-74.0072301;100.0;;;;;"site autoral ativo; sem fonte auditável de óbito";;;;"células vazias investigadas; biografias consultadas sem ano explícito de nascimento ou morte";
Ana Teixeira;1957;;Brasil;Escola de Comunicações e Artes da Universidade de São Paulo (ECA-USP);-23.56012;-46.72985;Caçapava, São Paulo, Brasil;;female;https://mam.org.br/exposicao/projeto-parede-cala-a-boca-ja-morreu/;alta;"Fonte institucional confirma formação na ECA-USP; o registro anterior em FAU-USP foi corrigido.";currículo / site oficial da artista;alta;MAC USP;média;-23.1002;-45.7064;;;;;;"site autoral ativo; sem fonte auditável de óbito";;;;;
Anabela Costa;1958;;Portugal;Lisbon Fine Arts University;38.70893;-9.14067;Lisboa, Portugal;;female;monografia / Institut Français;média;;FILE Festival / IFdigital;alta;FILE;;38.7070085;-9.1356407;100.0;;;;;"biografia recente; sem fonte auditável de óbito";;;;;
Anaisa Franco;1981;;Brasil;Fundação Armando Álvares Penteado (FAAP) > University of Plymouth;-23.5450155 > 50.374121;-46.6630802 > -4.138512;Minas Gerais;;female;Enciclopédia Itaú Cultural;alta;;Wikidata;alta;FILE;;-18.456295297924;-44.673412162104;100.0;;;;;"verbete institucional sem óbito; sem fonte auditável de local de morte";;;;;
Anastasia Melikhova;1992;;Rússia;Ural State Academy of Architecture and Arts;56.83989;60.61183;Pyt-Yakh, Rússia;;female;FILE Festival;alta;;FILE Festival / Doha Film Institute;alta;FILE;;60.74985;72.85824;100.0;;;;;"biografia recente; sem fonte auditável de óbito";;;;;
Anatol Wladyslaw;1913;2004;Brasil;estudou engenharia eletrônica > estudou com Lucy Citti Ferreira e Yolanda Mohaly > ateliê Abstração de Samson Flexor;>  > -23.550394444444;>  > -46.633947222222;Varsóvia;São Paulo;male;https://enciclopedia.itaucultural.org.br/pessoas/2126-anatol-wladyslaw | https://www.iar.unicamp.br/gaia/a-galeria/exposicoes-anteriores/2015-2/conversas-com-o-acervo-do-mav-anatol-wladyslaw/;alta;as fontes consultadas nomeiam a formação e os estudos artísticos, mas não identificam com segurança a instituição do curso de engenharia;https://www.wikidata.org/wiki/Q9381671;alta;MAC USP;média;52.229827082;21.011731518;100.0;-23.5503944444;-46.6339472222;100.0;Enciclopédia Itaú Cultural;;alta;Wikidata > Ulan;Wikidata > Ulan;;alta
Ander Ugartemendia;;;Espanha;autodidata;43.320905;-1.9845145;Espanha;;male;FILE Festival | Tabakalera / Hotaru Visual Guerrilla;alta;autodidata> coordenadas atribuídas à cidade-base do estúdio e da atuação biográfica;FILE Festival (País de Origem);alta;FILE;alta;40.22794966;-3.646063105;100.0;;;;;"biografia recente; sem fonte auditável de óbito";;;;"células vazias investigadas; biografias consultadas sem ano explícito de nascimento ou morte";
Andrea Cristini;;;Itália;escola secundária de artes > estudos em Belas Artes em Milão > formação em Vancouver;> 45.47222222 > 49.26083333333333;> 9.18888889 > -123.1138888888889;;;male;https://archive.file.org.br/participantes/andrea-cristini/;alta;local de nascimento não localizado em fonte auditável> biografias consultadas indicam nacionalidade e atuação, não local de nascimento | a fonte não nomeia as instituições específicas;;;FILE;média;;;;;;;;"biografia recente; sem fonte auditável de óbito";;;;"células vazias investigadas; biografias consultadas sem ano explícito de nascimento ou morte";
Andrea Familari;1987;;Itália;University of Pisa;43.716508333333;10.398458333333;Itália;;male;CV/website oficial;alta;;site oficial (famifax.com) / FILE Festival;alta;FILE;;42.83333;12.83333;100.0;;;;;"site autoral ativo; sem fonte auditável de óbito";;;;;
Andrea Mantegna;1431;1506;República de Veneza;escola/oficina de Francesco Squarcione;45.4078;11.8733;Isola Mantegna;Mantua;male;https://en.wikipedia.org/wiki/Andrea_Mantegna;média;;Wikidata;alta;MASP;alta;45.5706918;11.7335521;100.0;45.1564;10.7911;100.0;"Britannica; Treccani";coordenadas corrigidas para Mantua, Itália;alta;;;;
Andreas Lutz;1981;;Alemanha;Offenburg University of Applied Sciences;48.4589;7.94278;Freiburg im Breisgau, Alemanha;;male;CURRENTS New Media;alta;;CV oficial / Wikipedia;média;FILE;;47.994785999;7.849876999;100.0;;;;;"site autoral ativo; sem fonte auditável de óbito";;;;;
Andreas Nicolas Fischer;1982;;Alemanha;Universität der Künste Berlin (UdK Berlin);52.50916666666667;13.32694444444444;Munique, Alemanha;;male;Studio ANF (site oficial);alta;;IDN World / Sedition;média;FILE;;48.143438999;11.573599;100.0;;;;;"biografia recente; sem fonte auditável de óbito";;;;;
Andressa Hadig Haidar;;;Brasil;Universidade de Fortaleza (UNIFOR);-3.7687753;-38.478061;Brasil;;female;FILE Festival (biografia do artista);alta;;FILE Festival (País de Origem);alta;FILE;alta;-10.769946429;-53.073466889;100.0;;;;;"Fonte recente indica artista em atividade; sem óbito identificado.";;;;biografia consultada sem ano explícito de nascimento ou morte;
Andrew Ellis Johnson;;;Estados Unidos;State University of New York at Buffalo > School of the Art Institute of Chicago (SAIC) > Carnegie Mellon University;43.0 > 41.879444444444 > 40.4425;-78.789167 > -87.623888888889 > -79.94333333333333;Cortland, Nova York, Estados Unidos;;male;Carnegie Mellon University;alta;;site oficial / SUNY Cortland;alta;FILE;;42.601213;-76.180483;100.0;;;;;"Fonte institucional recente indica artista em atividade; sem óbito identificado.";;;;biografia consultada sem ano explícito de nascimento ou morte;
Andrew Wilson;1780;1848;Estados Unidos;Ringling College of Art and Design > CG Master Academy;27.3590 > 34.1508;-82.5480 > -118.4480;Estados Unidos;;male;Zerply;alta;FILE explicita “País de Origem: United States”> preenchido em nível de país.;FILE Festival (País de Origem);alta;FILE;alta;39.398703156;-99.41461919;100.0;;;;;"Fonte recente indica artista em atividade; sem óbito identificado.";;Ulan;Ulan;;alta
André Berlemont;;;França;;;;França;;male;;;biografias localizadas neste lote não informam formação;FILE Festival (País de Origem);alta;FILE;alta;46.559417044;2.550539953;100.0;;;;;"Fonte recente indica artista em atividade; sem óbito identificado.";;;;biografia consultada sem ano explícito de nascimento ou morte;
André Figurey;1874;1929;França;École nationale supérieure des beaux-arts de Lyon > ateliês de gravura em Paris;45.768055555556 > 48.85666666666667;4.8172222222222 > 2.352222222222222;Lyon;Barbacena;male;https://fr.wikipedia.org/wiki/Andr%C3%A9_Figurey;média;Formação reconstruída a partir de fontes biográficas abertas francesas.;Wikidata;alta;Museu Paulista;média;45.767634724;4.835037488;100.0;-21.2264611;-43.7740274;100.0;https://pt.wikipedia.org/wiki/Andr%C3%A9_Figurey;"Local de morte mantido com base em obituário citado em verbete biográfico; coordenadas referem-se ao município.";média;Wikidata;Wikidata;;alta
André Lhote;1885;1962;França;École des beaux-arts de Bordeaux;44.83111111111111;-0.5611111111111111;Bordeaux;Paris;male;Wikipédia;média;identificado como artista;Wikidata;alta;MAC USP;alta;44.837898313;-0.579380299;100.0;48.856372814;2.352529617;100.0;https://www.britannica.com/biography/Andre-Lhote;;alta;Wikidata > Ulan;Wikidata > Ulan;;alta
André Masson;1896;1987;França;estudou pintura em Bruxelas e em Paris;50.8503 > 48.8566;4.3517 > 2.3522;Balagny-sur-Thérain;Paris;male;https://www.britannica.com/biography/Andre-Masson;alta;;https://www.britannica.com/biography/Andre-Masson;alta;MAC USP;média;49.2966;2.3436;;48.856372814;2.352529617;100.0;https://www.centrepompidou.fr/fr/ressources/personne/cpBn6g;;alta;Ulan;Ulan;;alta
André-Charles Voillemot;1822;1893;França;aluno de Michel Martin Drolling;48.85666666666667;2.333611111111112;Paris;Paris;male;https://fr.wikipedia.org/wiki/Andr%C3%A9-Charles_Voillemot;média;A fonte recuperada informa o mestre, mas não detalha cronologia formativa.;Wikidata;alta;Museu Nacional de Belas Artes;média;48.856372814;2.352529617;100.0;48.856372814;2.352529617;100.0;https://www.wikidata.org/wiki/Q16634775;"Local de morte mantido; a autoridade consultada indica Paris/9º arrondissement.";alta;Wikidata > Ulan;Wikidata > Ulan;;alta
Angela Stempel;1989;;Estados Unidos;Tufts University > School of the Museum of Fine Arts at Tufts;42.406949 > 42.3386;-71.11982 > -71.0968;São Francisco, Califórnia, Estados Unidos;;female;FILE Festival (biografia do artista);alta;;The Bureau / FILE Festival;alta;FILE;;37.7800771;-122.4201615;100.0;;;;;"Fonte recente indica artista em atividade; sem óbito identificado.";;;;;
Angelina Agostini;1888;1973;Brasil;Escola Nacional de Belas Artes > ateliê de Henrique Bernardelli;-22.8625055 > ;-43.2256622 > ;Rio de Janeiro;Rio de Janeiro;female;https://pt.wikipedia.org/wiki/Angelina_Agostini | https://enciclopedia.itaucultural.org.br/pessoas/6491-angelina-agostini;média;Os estudos iniciais com o pai Angelo Agostini aparecem na fonte complementar.;Wikidata;alta;Museu Histórico Nacional;alta;-22.9014475;-43.1789159;100.0;-22.9014475;-43.1789159;100.0;https://enciclopedia.itaucultural.org.br/pessoas/6491-angelina-agostini;;alta;Wikidata > Ulan;Wikidata > Ulan;;alta
Angelo Agostini;1843;1910;Brasil;Escola de Belas Artes;48.85666666666667;2.333611111111112;Vercelli;Rio de Janeiro;male;https://nanquim.com.br/angelo-agostini-1843-1910/> https://nacao.net/2006/01/30/angelo-agostini-1843-1910/;média;Preenchimento baseado em biografias de referência sobre o caricaturista> falta confirmação institucional mais específica.;Wikidata;alta;Museu Histórico Nacional;baixa;45.3211114;8.4262359;100.0;-22.9014475;-43.1789159;100.0;https://cpdoc.fgv.br/sites/default/files/verbetes/primeira-republica/AGOSTINI%2C%20%C3%82ngelo.pdf;;alta;Ulan;Ulan;;alta
Angelo da Silva Romão;;;;;;;;;male;;;identificação localizada, mas formação não localizada com segurança | pesquisa deste lote manteve ausência de fonte segura para formação;;;Museu Nacional de Belas Artes;;;;;;;;;Não localizei fonte auditável suficiente sobre local de morte nesta rodada.;;;;autor identificado em acervos, mas datas biográficas não localizadas em fonte explícita;
Angelo Dall'Oca Bianca;1858;1942;Reino da Itália;Accademia Cignaroli;45.43479753250506;10.9929983708197;Verona;Verona;male;https://en.wikipedia.org/wiki/Angelo_Dall%27Oca_Bianca;média;As fontes também associam a formação a Napoleone Nani.;Wikidata;alta;Museu Nacional de Belas Artes;média;45.4383527;10.9917125;100.0;45.4383527;10.9917125;100.0;https://it.wikipedia.org/wiki/Angelo_Dall%27Oca_Bianca;;média;Wikidata;Wikidata;;alta
Anita Malfatti;1896;1964;Brasil;Universidade Presbiteriana Mackenzie > Escola Americana > Academia de Belas Artes de Berlim;-23.547 > -23.54564 > 52.516666666667;-46.652 > -46.652302 > 13.383333333333;São Paulo;São Paulo;female;https://pt.wikipedia.org/wiki/Anita_Malfatti;média;instituição em Berlim identificada> data precisa não localizada;Wikidata;alta;MAC USP;média;-23.5486657;-46.6382522;100.0;-23.5486657;-46.6382522;100.0;https://enciclopedia.itaucultural.org.br/pessoas/2349-anita-malfatti;;alta;Ulan;Ulan;;alta
Anna Barros;1931;2013;Brasil;Otis Art Institute > Escola de Comunicações e Artes da USP (ECA-USP);33.956611 > -23.558333;-118.417135 > -46.726944;São Paulo, São Paulo, Brasil;São Paulo;female;https://enciclopedia.itaucultural.org.br/pessoas/8485-anna-barros;alta;graduação em artes plásticas e mestrado em artes;Enciclopédia Itaú Cultural;alta;MAC USP;alta;-23.5486657;-46.6382522;;-23.5486657;-46.6382522;;https://enciclopedia.itaucultural.org.br/pessoas/8485-anna-barros | https://www.ufsm.br/2013/10/02/anna-barros-uma-artista-que-deixa-legado-inestimavel;Local de morte preenchido a partir de fontes institucionais convergentes.;alta;Ulan;MAC USP;;alta
Anna Beata Baranska;1981;;Polônia;Maria Curie-Skłodowska University in Lublin;51.2425;22.5405;Ilza, Polônia;;female;FILE Festival;alta;;site oficial da artista / FILE Festival;alta;FILE;;51.16365665;21.236986846;100.0;;;;;"Fonte recente indica artista em atividade; sem óbito identificado.";;;;;
Anna Eyler;;;Canadá;Carleton University > University of Ottawa > Algonquin College > Concordia University;45.346936 > 45.4231 > 45.3499 > 45.496944444444445;-75.759386 > -75.6831 > -75.7553 > -73.57805555555555;Canadá;;female;Université du Québec en Outaouais;alta;;FILE Festival (País de Origem);alta;FILE;alta;60.10867;-113.64258;100.0;;;;;"Fonte recente indica artista em atividade; sem óbito identificado.";;;;biografias e CV consultados sem ano explícito de nascimento ou morte;
Anna Leterq;;;França;Lycée René Descartes de Cournon-d’Auvergne;45.744678;3.211759;França;;female;https://archive.file.org.br/participantes/anna-leterq/;alta;;FILE Festival (País de Origem);alta;FILE;alta;46.559417044;2.550539953;100.0;;;;;"Fonte recente indica artista em atividade; sem óbito identificado.";;;;biografia consultada sem ano explícito de nascimento ou morte;
Anna Salvatore;1923;1978;Itália;Accademia di Belle Arti di Firenze > Accademia di Belle Arti di Roma;43.776907 > 41.9075;11.258475 > 12.4756;Roma;Roma;female;https://universitypress.unisob.na.it/materiali/L0000153.pdf | https://www.premiosuzzara.it/opere-autori/salvatore-anna%2C417.html;alta;"instituição identificada> datas não localizadas com precisão. Fontes localizadas confirmam estudos em Florença e posteriormente em Roma; Nápoles não foi confirmada.";Wikidata;alta;MAC USP;média;41.8905568;12.4942679;100.0;41.8905568;12.4942679;100.0;https://it.wikipedia.org/wiki/Anna_Salvatore;;média;Wikidata > Ulan;Wikidata > Ulan;;alta
Anna Vasof;1985;;Grécia;University of Thessaly;39.3576754;22.9484265;Praga;;female;https://annavasof.net/about/ | https://archive.file.org.br/participantes/anna-vasof/;alta;;Wikidata;alta;FILE;;50.071199678;14.450977012;100.0;;;;;"Fonte recente indica artista em atividade; sem óbito identificado.";;Wikidata > Ulan;;;alta
Annapurna Kumar;;;Estados Unidos;California Institute of the Arts (CalArts);34.393055555556;-118.56694444444;Seattle, Estados Unidos;;female;Girls in Film;média;Fonte institucional usa formulação de origem (“originally from Seattle”), sem afirmar nascimento.;Queen’s Film and Media;baixa;FILE;;47.603832;-122.330062;;;;;;"atividade recente; sem óbito identificado";;;;biografias institucionais consultadas sem ano explícito de nascimento ou morte;
Anne Beal;;;Estados Unidos;Rhode Island School of Design;41.825833;-71.407778;Estados Unidos;;female;site oficial da artista;alta;FILE explicita “País de Origem: United States”> preenchido em nível de país.;FILE Festival (País de Origem);alta;FILE;alta;39.398703156;-99.41461919;100.0;;;;;"atividade recente; sem óbito identificado";;;;biografias consultadas sem ano explícito de nascimento ou morte;
Anne Charlotte Benasouli;;;França;ARIES School of Graphic and Motion Design;48.856667;2.352222;França;;female;FILE Festival;alta;FILE explicita “País de Origem: France”> preenchido em nível de país.;FILE Festival (País de Origem);alta;FILE;alta;46.559417044;2.550539953;100.0;;;;;"atividade recente; sem óbito identificado";;;;"biografia muito sucinta; sem ano explícito de nascimento ou morte";
Anne Ethuin;1921;2009;França;sem formação formal identificada > início do desenho e pintura em Paris > participação no Congrès Cobra em Bregnerød; > 48.85666666666667 > 56.102189; > 2.352222222222222 > 12.339152;Le Cateau-Cambrésis, França;Paris;female;https://www.dorothysgallery.com/2012/03/31/ethuin/ | https://www.appl-lachaise.net/ethuin-simone-jaguer-dite-anne-1921-2009/ | https://www.galerie-lesyeuxfertiles.com/artiste/ethuin-anne-;baixa;;Dorothy's Gallery / Find a Grave;média;MAC USP;baixa;50.105603666;3.542665357;;48.8567;2.3522;;Mélusine Surréalisme;;média;Wikidata;Wikidata;;alta
Annet Dekker;1970;;Reino dos Países Baixos;Goldsmiths, University of London > Utrecht University;51.474269444444445 > 52.085277777777776;-0.03541111111111111 > 5.175;Vorden, Países Baixos;;female;CV oficial da pesquisadora;alta;;ZKM;alta;FILE;;52.105;6.31;;;;;;"atividade recente; sem óbito identificado";;Wikidata;;;alta
Anthony Cavieles;;;Estados Unidos;Pratt Institute;40.691111;-73.963889;;;male;Pratt Institute / FILE Festival;alta;local de nascimento não localizado em fonte auditável;;;FILE;;;;;;;;;"atividade recente; sem óbito identificado";;;;biografia consultada sem ano explícito de nascimento ou morte;
Anthony Rousseau;1972;;França;École des beaux-arts de Rennes > Le Fresnoy – Studio national des arts contemporains;48.114166666667 > 50.7001129;-1.6808333333333 > 3.1547097;Mayenne, França;;male;Le Fresnoy / Atmosphères 53;alta;;Light Cone;alta;FILE;;48.147284256;-0.657415002;100.0;;;;;"atividade recente; sem óbito identificado";;BnF Catalogue;;;alta
Anthony van Dyck;1599;1641;Países Baixos Espanhóis;formação com Hendrick van Balen > trabalho no ateliê de Peter Paul Rubens;>;>;Antuérpia;Londres;male;https://en.wikipedia.org/wiki/Anthony_van_Dyck | https://www.britannica.com/biography/Sir-Anthony-Van-Dyck;alta;;Wikidata;alta;MASP;alta;51.25942418;4.371799938;100.0;51.50722;-0.1275;100.0;Britannica;registro anterior normalizado de Blackfriars para London;alta;;;;
Antoine Briot;;;França;ENSATT de Lyon > ESAAix d’Aix-en-Provence;45.7533 > 43.5307;4.81142 > 5.44105;França;;male;Théâtre Ouvert;média;FILE explicita “País de Origem: França”> preenchido em nível de país.;FILE Festival (País de Origem);alta;FILE;;46.559417044;2.550539953;100.0;;;;;"atividade recente; sem óbito identificado";;;;homônimo/artista não desambiguado com segurança;
Antoine Léon Morel-Fatio;1810;1871;França;Lycée Louis-le-Grand > Lycée Pierre-Corneille > Lycée Condorcet;48.848018 > 49.445311 > 48.874803;2.344176 > 1.100213 > 2.326933;Rouen;Paris;male;https://pt.wikipedia.org/wiki/Antoine_L%C3%A9on_Morel-Fatio;média;As fontes recuperadas indicam escolarização geral, mas não identificam academia artística específica.;Wikidata;alta;Museu Nacional de Belas Artes;baixa;49.44350314;1.100060105;100.0;48.8567;2.3522;100.0;Une Soirée au Louvre;registro anterior normalizado de 1st arrondissement of Paris para Paris;alta;Wikidata > Ulan;Wikidata > Ulan;;alta
Antoine Mortier;1908;1999;Bélgica;Académie royale des Beaux-Arts de Bruxelles;50.844;4.3477;Saint-Gilles;Auderghem;male;https://www.cobraneirynck.be/en/artist/antoine-mortier;média;instituição identificada> datas não localizadas com precisão;Wikidata;alta;MAC USP;baixa;50.828543192;4.342225635;100.0;50.81667;4.42611;100.0;Tsinghua University Art Museum;coordenadas ajustadas ao município;alta;Ulan;MAC USP;;alta
Antoine Vestier;1740;1824;França;Ateliê de Jean-Baptiste Pierre;48.85666666666667;2.333611111111112;Avallon;Paris;male;https://en.wikipedia.org/wiki/Antoine_Vestier | https://www.metmuseum.org/art/collection/search/437894?amp%3Boffset=0%3Brpp%3D40%3Bpos%3D11> https://en.wikipedia.org/wiki/Antoine_Vestier | https://artsandculture.google.com/entity/%D8%A3%D9%86%D8%B7%D9%88%D8%A7%D9%86-%D9%81%D9%8A%D8%B3%D8%AA%D9%8A%D8%B1/m04q8cfk;alta;;Wikidata;alta;Museu Nacional de Belas Artes;média;47.488286634;3.907628992;100.0;48.8567;2.3522;100.0;Musée d'Orsay;;alta;;;;
Antoine Vollon;1833;1900;França;École nationale supérieure des beaux-arts de Lyon > École nationale supérieure des beaux-arts de Lyon;45.768056 > 45.768055555556;4.817222 > 4.8172222222222;Lyon;Paris;male;https://en.wikipedia.org/wiki/Antoine_Vollon | https://www.britannica.com/biography/Antoine-Vollon;alta;;Wikidata;alta;MASP;média;45.767634724;4.835037488;100.0;48.8567;2.3522;100.0;Musée d'Orsay;;alta;;;;
Antonella Mignone;1980;;Itália;Teatro Nuovo Ballet Academy of Turin > Accademia Isola Danza > Sapienza Università di Roma;45.048762 > 45.42872 > 41.903333333333;7.680982 > 12.34297 > 12.515833333333;Turim, Itália;;female;APOTROPIA (site oficial);alta;;APOTROPIA (bio oficial);alta;FILE;;45.0683751;7.6830662;100.0;;;;;"atividade recente; sem óbito identificado";;;;;
Antoni Tàpies;1923;2012;Espanha;Universitat de Barcelona > autodidata como artista;41.386666666667 >;2.1638888888889 >;Barcelona;Barcelona;male;https://www.britannica.com/biography/Antoni-Tapies;alta;Britannica indica formação universitária em direito e autodidatismo na prática artística.;https://www.britannica.com/biography/Antoni-Tapies;alta;MAC USP;alta;41.387917;2.1699187;100.0;41.383;2.183;100.0;Museu Tàpies;;alta;Ulan;Ulan;;alta
Antonio Alice;1886;1943;Argentina;primeiras aulas com Decoroso Bonifanti > Accademia Albertina di Belle Arti; > 45.0675; > 7.68944444;Buenos Aires;Buenos Aires;male;https://en.wikipedia.org/wiki/Antonio_Alice;média;;Wikidata;alta;Museu Nacional de Belas Artes;alta;-34.6090264;-58.3732215;100.0;-34.60389;-58.38139;100.0;FADU/UBA;;alta;Wikidata > Ulan;Wikidata > Ulan;;alta
Antonio Bandeira;1922;1967;Brasil;École nationale supérieure des beaux-arts > Académie de la Grande Chaumière;48.853997 > 48.8422;2.333500 > 2.3318;Fortaleza;Paris;male;https://enciclopedia.itaucultural.org.br/pessoas/2555-antonio-bandeira;alta;;Wikidata;alta;Museu Nacional de Belas Artes;alta;-3.7184625;-38.5416698;100.0;48.8567;2.3522;100.0;Enciclopédia Itaú Cultural;;alta;Ulan;Ulan;;alta
Antonio Corpora;1909;2004;Reino da Itália;Tunis Institute of Fine Arts;36.820884;10.180469;Túnis;Roma;male;https://artsandculture.google.com/entity/g120n2xv9;alta;Fonte indica formação no instituto de belas-artes de Túnis sob Armand Vergeaud antes da ida a Paris.;Wikidata;alta;MAC USP;média;34.116317988;9.608516496;100.0;41.89333;12.48278;100.0;Banca d'Italia;;alta;Wikidata > Ulan;Wikidata > Ulan;;alta
Antonio Dias;1944;2018;Brasil;Atelier Livre de Gravura da Escola Nacional de Belas Artes;-22.862506;-43.225662;Campina Grande;Rio de Janeiro;male;https://pt.wikipedia.org/wiki/Antonio_Manuel_Lima_Dias;média;instituição identificada> datas não localizadas;Wikidata;alta;MAC USP;média;-7.2309326;-35.8818436;100.0;-22.91111;-43.20556;100.0;"Enciclopédia Itaú Cultural; Agência Brasil";"fontes divergentes em bases secundárias; priorizada fonte institucional brasileira";alta;;;;
Antonio Fernández Gómez;1882;1970;Espanha;formação no Brasil > lições com Karl Ernst Papf;>;>;Goián;Goián;male;https://pt.wikipedia.org/wiki/Antonio_Fern%C3%A1ndez_G%C3%B3mez | https://palavracomum.com/antonio-fernandez-pintor-de-tres-mundos-brasil-italia-e-galiza/> https://pt.wikipedia.org/wiki/Antonio_Fern%C3%A1ndez_G%C3%B3mez;média;As fontes não especificam instituição formal para a etapa brasileira.;Wikidata;alta;Museu Paulista;média;41.9475;-8.77111111;100.0;41.9475;-8.77111111;100.0;Museo de Belas Artes da Coruña;coordenadas ajustadas para Goián, Tomiño;alta;Museo de Belas Artes da Coruña;Museo de Belas Artes da Coruña;;alta
Antonio Ferrigno;1863;1940;Reino da Itália;Accademia di Belle Arti di Napoli > estudos com Giacomo Di Chirico, Teofilo Patini e Domenico Morelli;40.8516 > ;14.2512 > ;Maiori;Salerno;male;https://pt.wikipedia.org/wiki/Antonio_Ferrigno;média;;Wikidata;alta;Museu Paulista;alta;40.648443;14.640415;100.0;40.6779181;14.7659539;100.0;Enciclopédia Itaú Cultural;;alta;Wikidata > Ulan;Wikidata > Ulan;;alta
Antonio Henrique Amaral;1935;2015;Brasil;Escola do Museu de Arte de São Paulo (MASP) > Museu de Arte Moderna de São Paulo (MAM/SP) > Pratt Institute;-23.561111 > -23.588229 > 40.691111;-46.655833 > -46.655328 > -73.963889;São Paulo;São Paulo;male;https://pt.wikipedia.org/wiki/Antonio_Henrique_do_Amaral> https://blombo.com/artistas/antonio-henrique-amaral> https://www.acervo.sp.gov.br/ObrasAudioteca/AntonioAmaral;média;Fontes convergem para formação no MASP, MAM/SP e Pratt Graphic Institute.;Wikidata;alta;MAC USP;alta;-23.5486657;-46.6382522;100.0;-23.5486657;-46.6382522;100.0;Enciclopédia Itaú Cultural;;alta;Wikidata;Wikidata;;alta
Antonio Mancini;1852;1930;Reino da Itália;Accademia di Belle Arti di Napoli;40.8516;14.2512;Albano Laziale;Roma;male;https://en.wikipedia.org/wiki/Antonio_Mancini;média;ingressa aos 12 anos;Wikidata;alta;Museu Nacional de Belas Artes;média;41.7284032;12.6608942;100.0;41.8905568;12.4942679;100.0;Treccani;;alta;;;;
Antonio Maria Vassallo;1620;1664;Gênova, Itália;formação com Vincent Malo;44.40768333;8.934525;Gênova;Milão;male;https://en.wikipedia.org/wiki/Antonio_Maria_Vassallo;média;Formação descrita em oficina/atelier.;Wikidata;alta;Museu Nacional de Belas Artes;média;44.4070624;8.9339889;100.0;45.4636183;9.1881156;100.0;NGA Biographies;"local de morte em Milan; data de morte varia entre 1664 e 1672 nas fontes";média;Wikidata;Wikidata;;alta
Antonio Segui;1934;2022;Argentina;Real Academia de Bellas Artes de San Fernando > École nationale supérieure des beaux-arts;40.4178 > 48.853997;-3.7007 > 2.333500;Villa Allende;Buenos Aires;male;https://en.wikipedia.org/wiki/Antonio_Segu%C3%AD;média;A fonte consultada registra o período das passagens por Madri e Paris como estudante visitante.;Wikidata;alta;MAC USP;alta;-31.2946118;-64.29924;100.0;-34.6090264;-58.3732215;100.0;La Nación;;alta;Wikidata > Ulan;Wikidata;;alta
António Carneiro;1872;1930;Portugal;Universidade do Porto > Academia Portuense de Belas Artes > Académie Julian;41.15 > 41.15 > 48.871111;-8.610833 > -8.610833333333334 > 2.341667;Amarante;Porto;male;https://amarantetourism.com/poi/antonio-carneiro/ | https://www.infopedia.pt/artigos/%24antonio-carneiro | https://pt.wikipedia.org/wiki/Ant%C3%B3nio_Carneiro> https://amarantetourism.com/poi/antonio-carneiro/ | https://www.infopedia.pt/artigos/%24antonio-carneiro;média;A Infopédia menciona ainda Soares dos Reis e Marques de Oliveira como mestres na academia do Porto.;Wikidata;alta;Pinacoteca de São Paulo;alta;41.2697487;-8.0783357;100.0;41.1501526;-8.610318;100.0;Casa-Oficina António Carneiro;;média;Ulan;Ulan;;alta
António Carvalho de Silva Porto;1850;1893;Reino de Portugal;École des Beaux-Arts de Paris > Academia Portuense de Belas Artes;48.853997 > 41.15;2.333500 > -8.610833333333334;Porto;Lisboa;male;https://pt.wikipedia.org/wiki/Ant%C3%B3nio_da_Silva_Porto | https://sigarra.up.pt/up/pt/p/antigos%20estudantes%20ilustres%20-%20ant%C3%B3nio%20silva%20porto;média;As fontes citam aulas com Adolphe Yvon e Alexandre Cabanel em Paris.;Wikidata;alta;Museu Nacional de Belas Artes;alta;41.1501526;-8.610318;100.0;38.7070085;-9.1356407;100.0;RAIZ - Museus e Monumentos;;alta;Wikidata;Wikidata;;alta
Antônio Correa e Castro, “Antonico”;;;;;;;;;;;;formação não localizada com segurança | pesquisa deste lote manteve ausência de fonte segura para formação;;;Museu Casa da Hera;;;;;;;;;identidade/óbito não confirmados com segurança;;;;autor identificado no acervo, sem datas biográficas explícitas localizadas;
Antônio de Souza Lobo;1840;1909;Brasil;Academia Imperial de Belas Artes;-22.9071;-43.1829;Campos dos Goytacazes;Rio de Janeiro;male;https://pt.wikipedia.org/wiki/Ant%C3%B4nio_de_Souza_Lobo;média;Formação citada sob supervisão de Agostinho da Mota, Augusto Müller e Victor Meirelles.;Wikidata;alta;Museu Nacional de Belas Artes;alta;-21.75227;-41.33044;100.0;-22.9014475;-43.1789159;100.0;Enciclopédia Itaú Cultural;;alta;Wikidata > Ulan;Wikidata > Ulan;;alta
Antônio Diogo da Silva Parreiras;1860;1937;Brasil;Liceu Tintori > Colégio Briggs > Academia Imperial de Belas Artes > Accademia di Belle Arti di Venezia;-22.9032307 > -22.9032307 > -22.9071 > 45.4286;-43.1165843 > -43.1165843 > -43.1829 > 12.3305;Niterói, RJ, Brasil;Niterói;male;https://www.parreiras.org/ap-00100.asp | https://enciclopedia.itaucultural.org.br/pessoas/53-antonio-parreiras;alta;;Funarte;alta;;alta;-22.8898227;-43.1220775;;-22.8898227;-43.1220775;100.0;Enciclopédia Itaú Cultural;;alta;Wikidata > Ulan;Wikidata > Ulan;;alta
Antônio Firmino Monteiro;1855;1888;Brasil;Academia Imperial de Belas Artes;-22.9071;-43.1829;Rio de Janeiro;Niterói;male;https://pt.wikipedia.org/wiki/Ant%C3%B4nio_Firmino_Monteiro | https://enciclopedia.itaucultural.org.br/pessoas/293-antonio-firmino-monteiro;média;;Wikidata;alta;Museu Nacional de Belas Artes;média;-22.9014475;-43.1789159;100.0;-22.8898227;-43.1220775;100.0;Enciclopédia Itaú Cultural;;alta;Wikidata > Ulan;Wikidata > Ulan;;alta
Antônio Francisco Lisboa, Aleijadinho (atribuição);1738;1814;;formação na oficina de Manuel Francisco Lisboa > estudos no Seminário dos Franciscanos Donatos do Hospício da Terra Santa;-20.385277777778 > -20.3856;-43.503611111111 > -43.5035;Vila Rica (atual Ouro Preto), MG, Brasil;;male;https://enciclopedia.itaucultural.org.br/pessoas/2087-aleijadinho;média;Aprendizado na oficina de Manuel Francisco Lisboa. A passagem pelo Seminário dos Franciscanos Donatos do Hospício da Terra Santa é tratada como hipótese biográfica.;"Enciclopédia Itaú Cultural; IPHAN";alta;Museu da Inconfidência;média;-20.3911;-43.5056;;;;;;"registro com atribuição; local de morte não preenchido por cautela";;https://enciclopedia.itaucultural.org.br/pessoas/2087-aleijadinho;;A data de nascimento é controversa: 1738 foi mantido, embora 1730 também apareça em fontes históricas.;média
Antônio Frederico de Castro Alves;1847;1871;Brasil;Faculdade de Direito do Recife > ensino primário em São Félix > colégio de Abílio César Borges > curso preparatório anexo à Faculdade de Direito do Recife;-8.0583 > -12.605 > -12.9714 > -8.0583;-34.8811 > -38.971944444444 > -38.5014 > -34.8811;Muritiba;Salvador;male;https://pt.wikipedia.org/wiki/Castro_Alves | https://www.academia.org.br/academicos/castro-alves/biografia;média;Creator tratado como Castro Alves> a formação recuperada é escolar/literária, não de artes visuais.;Wikidata;alta;Museu Histórico Nacional;alta;-12.6222124;-38.9898379;100.0;-12.9641527;-38.5058208;100.0;Academia Brasileira de Letras;;alta;Wikidata;Wikidata;;alta
Antônio Gomide;1895;1967;Brasil;Escola de Comércio de Genebra > Escola de Belas Artes de Genebra;46.224 > 46.2;6.101 > 6.15;Itapetininga;Ubatuba;male;Wikipédia;média;também praticou afresco com Marcel-Lenoir em Paris> datas não localizadas com segurança;Wikidata;alta;MAC USP;média;-23.5905428;-48.0534686;100.0;-23.4338889;-45.0708333;100.0;Enciclopédia Itaú Cultural;;alta;Ulan;Ulan;;alta
Antônio Guimarães;1871;;Brasil;Escola de Artes Decorativas António Arroio > Escola Superior de Belas-Artes do Porto;38.73611111 > 41.15;-9.12722222 > -8.610833;Rio de Janeiro;;male;Art Book - Catálogo Internacional de Artes;média;instituições identificadas, datas não localizadas;Wikidata;alta;MAC USP;média;-22.9014475;-43.1789159;100.0;;;;;homônimo/identidade não desambiguada com segurança;;Ulan;;"homônimo; fontes localizadas conflitam com o nascimento já preenchido";alta
Antônio José dos Santos;;2015;;formação inicial como auxiliar do pintor Roberto Lúcio;-8.008888888888889;-34.855;;;male;https://www.catalogodasartes.com.br/artista/Antonio%20de%20Olinda%20-%20Ant%EF%BF%BDnio%20de%20Olinda%20-%20Ant%EF%BF%BDnio%20Jos%EF%BF%BD%20dos%20Santos/;média;A identificação do creator foi associada ao artista 'Antônio de Olinda / Antônio José dos Santos' conforme a fonte disponível.;;;Museu Histórico Nacional;média;;;;;;;;"nome genérico; óbito não desambiguado com segurança";;;"Diário de Pernambuco; Itaú Cultural (Antonio de Olinda)";nascimento não preenchido por divergência entre fontes sob o nome/alias Antonio de Olinda;média
Antônio Lizárraga;1924;2009;Argentina;;;;Buenos Aires, Argentina;São Paulo;male;https://livroresumido.com.br/2024/02/18/antonio-lizarraga-quadrados-em-quadrados-maria-jose-spiteri/;média;formação localizada em fonte secundária> datas não confirmadas em fonte institucional;https://enciclopedia.itaucultural.org.br/pessoas/991-antonio-lizarraga;alta;MAC USP;média;-34.6090264;-58.3732215;100.0;-23.5486657;-46.6382522;100.0;https://enciclopedia.itaucultural.org.br/pessoas/991-antonio-lizarraga;;alta;https://enciclopedia.itaucultural.org.br/pessoas/991-antonio-lizarraga;https://enciclopedia.itaucultural.org.br/pessoas/991-antonio-lizarraga;;alta
Antônio Parreiras;1860;1937;Brasil;Academia Imperial de Belas Artes > Accademia di Belle Arti di Venezia;-22.9071 > 45.4286;-43.1829 > 12.3305;Niterói;Niterói;male;Wikipédia> InfoEscola;média;abandonou a Academia Imperial e prosseguiu estudos com Georg Grimm> datas não localizadas com segurança;Wikidata;alta;Pinacoteca de São Paulo;média;-22.8898227;-43.1220775;100.0;-22.8898227;-43.1220775;100.0;Enciclopédia Itaú Cultural;;alta;Wikidata;Wikidata;;alta
Antônio Pedro;1940;2023;Portugal;University of Lisbon > Liceu Pedro Nunes > Instituto Nuno Álvares > liceu em Santarém > liceu em Coimbra;38.71659 > 38.71659 > 41.3430 > 39.240212 > 40.19935062631279;-9.158899 > -9.158899 > -8.4730 > -8.67913 > -8.43134784215179;Praia;Freguesia de Moledo;male;https://pt.wikipedia.org/wiki/Ant%C3%B3nio_Pedro;média;formação escolar geral antes da carreira artística> datas exatas não localizadas;Wikidata;alta;MAC USP;média;14.9167041;-23.5074979;100.0;41.8461111;-8.8561111;82.2;"Wikipédia; Infopédia";"há homônimo brasileiro; mantido o surrealista português pela convergência com Moledo/Caminha";média;;;;
Antônio Rafael Pinto Bandeira;1863;1896;Brasil;Academia Imperial de Belas Artes;-22.9071;-43.1829;Niterói;Rio de Janeiro;male;https://enciclopedia.itaucultural.org.br/pessoas/7649-rafael-pinto-bandeira;alta;;Wikidata;alta;;alta;-22.8898227;-43.1220775;100.0;-22.9014475;-43.1789159;100.0;Enciclopédia Itaú Cultural;;alta;Wikidata;Wikidata;;alta
Anuar Elías;1983;;México;autodidata;-16.5;-68.15;Cidade do México;;male;Goethe-Institut Bolivien | Goethe-Institut Bolivien / FILE Festival;alta;autodidata> coordenadas atribuídas à cidade onde vive e trabalha desde 2005, usada como proxy de formação;Wikidata;alta;FILE;baixa;19.430457906;-99.141684761;100.0;;;;;"atividade recente; sem óbito identificado";;;;;
Anushka Naanayakkara;1981;;Sri Lanka;National Film and Television School;51.6054;-0.6374;Loughborough, Reino Unido;;female;site oficial da artista | FILE Festival;alta;;Japan Media Arts Festival;alta;FILE;;52.772119611;-1.206157309;100.0;;;;;"atividade recente; sem óbito identificado";;;;;
Aram Sarkisian;;;Estados Unidos;California Institute of the Arts (CalArts);34.393055555556;-118.56694444444;Rússia;;male;FILE Festival;alta;;Animators for Armenia;média;FILE;;61.989526183;96.805371534;100.0;;;;;"atividade recente; sem óbito identificado";;;;biografias consultadas sem ano explícito de nascimento ou morte;
Arcangelo Ianelli;1922;2009;Brasil;Associação Paulista de Belas Artes > estudos com Colette Pujol;-23.550394 > ;-46.633947 > ;São Paulo;São Paulo;male;https://www.guiadasartes.com.br/arcangelo-ianelli/biografia> https://blombo.com/artistas/arcangelo-ianelli;baixa;Formação inicial combinou associação artística e orientação de ateliê.;Wikidata;alta;MAC USP;alta;-23.5486657;-46.6382522;100.0;-23.5486657;-46.6382522;100.0;Enciclopédia Itaú Cultural;;alta;Wikidata > Ulan;Wikidata > Ulan;;alta
Ardengo Soffici;1879;1964;Reino da Itália;Accademia di Belle Arti di Firenze > Scuola Libera del Nudo;43.776907 > 41.9075;11.258475 > 12.4756;Rignano sull'Arno;Vittoria Apuana;male;https://en.wikipedia.org/wiki/Ardengo_Soffici;média;Fontes apontam estudos na Academia de Belas Artes de Florença e na escola livre do nu antes da ida a Paris.;Wikidata;alta;MAC USP;alta;43.72182;11.45342;100.0;43.9755905;10.150689;100.0;"EmporiumArt; Wikipédia";fonte ampla também registra Forte dei Marmi;média;Ulan;Ulan;;alta
Ariana Boaventura;;;Brasil;Universidade Federal de Rondônia (UNIR) > União das Faculdades de Rondônia (UNIRON/UNINTES) > Serviço Nacional de Aprendizagem Comercial - MT (SENAC/MT) > Universidade do Estado de Mato Grosso;-8.8356 > -8.7619444444444 > -15.595833333333 > -15.595833333333;-63.9389 > -63.903888888889 > -56.096944444444 > -56.096944444444;Brasil;;female;Escavador (Lattes);média;;FILE Festival (País de Origem);alta;FILE;alta;-10.769946429;-53.073466889;100.0;;;;;"atividade recente; sem óbito identificado";;;;biografia de coletivo consultada sem ano explícito de nascimento ou morte;
Arlindo Daibert;1952;1993;Brasil;Universidade Federal de Juiz de Fora > Atelier Calevaert-Brun;-21.7747 > 48.85666666666667;-43.3683 > 2.352222222222222;Juiz de Fora, MG, Brasil;Juiz de Fora;male;https://www.escritoriodearte.com/artista/arlindo-daibert;baixa;formação universitária em letras e aperfeiçoamento em gravura em Paris;Wikipédia em português;média;MAC USP;alta;-21.7642;-43.3503;;-21.75;-43.35;100.0;Enciclopédia Itaú Cultural;;alta;;;;
Armand Guillaumin;1841;1927;França;Académie Suisse;48.8545;2.3446;Paris;Orly;male;https://www.museothyssen.org/en/collection/artists/guillaumin-armand;alta;formação também ligada ao convívio com Pissarro e Cézanne;Wikidata;alta;Museu Nacional de Belas Artes;média;48.856372814;2.352529617;100.0;48.743079252;2.400551222;100.0;"Wikipédia; Museo Thyssen";"fonte museológica ampla indica Paris; mantido Orly por fonte enciclopédica mais específica";média;Ulan;Ulan;;alta
Armando Morales;1927;2011;Nicarágua;School of Plastic Arts in Managua;12.1364;-86.2514;Granada, Nicarágua;Miami;male;https://armandomoralesfoundation.com/biography/;alta;;https://armandomoralesfoundation.com/biography/;alta;MAC USP;alta;11.933;-85.950;100.0;25.775084;-80.194702;100.0;https://armandomoralesfoundation.com/biography/;;alta;https://armandomoralesfoundation.com/biography/;https://armandomoralesfoundation.com/biography/;;alta
Armando Viana;1897;1991;Brasil;Liceu de Artes e Ofícios > Escola Nacional de Belas Artes;-22.91111111111111 > -22.8625055;-43.20555555555556 > -43.2256622;Rio de Janeiro, RJ, Brasil;Rio de Janeiro;male;https://pt.wikipedia.org/wiki/Armando_Viana | https://www.catalogodasartes.com.br/artista/Armando%20Vianna/;média;As fontes também citam Rodolfo Amoedo e Rodolfo Chambelland como mestres.;Sala de Arte;média;Museu Histórico Nacional;alta;-22.9014475;-43.1789159;;-22.9014475;-43.1789159;100.0;"Wikipédia; Guia das Artes";;média;Wikidata;Wikidata;;alta
Arnaldo Ferrari;1906;1974;Brasil;Liceu de Artes e Ofícios de São Paulo;-23.5331446;-46.6267577;São Paulo, SP, Brasil;São Paulo;male;https://enciclopedia.itaucultural.org.br/pessoas/2171-arnaldo-ferrari | https://www.escritoriodearte.com/artista/arnaldo-ferrari;alta;;Enciclopédia Itaú Cultural;alta;MAC USP;alta;-23.5486657;-46.6382522;;-23.5486657;-46.6382522;100.0;Enciclopédia Itaú Cultural;;alta;Ulan;Ulan;;alta
Arnaldo Pedroso D'Horta;1914;1973;Brasil;Faculdade de Direito da Universidade de São Paulo (USP);-23.55;-46.637222;São Paulo;São Paulo;male;https://enciclopedia.itaucultural.org.br/pessoas/2977-arnaldo-pedroso-d-horta | https://www.guiadasartes.com.br/arnaldo-pedroso-dhorta/quem-foi;alta;A fonte informa formação em ciências jurídicas e sociais pela USP, sem cronologia detalhada.;Wikidata;alta;MAC USP;alta;-23.5486657;-46.6382522;100.0;-23.5486657;-46.6382522;100.0;Enciclopédia Itaú Cultural;;alta;Wikidata > Ulan;Wikidata > Ulan;;alta
Arnaud Julien Pallière;1784;1862;França;estudo de retrato e pintura histórica em Paris;48.85666666666667;2.352222222222222;Bordeaux;Bordéus;male;https://front.master.enciclopedia-ic.org/pessoa22523/arnaud-julien-palliere;alta;A fonte confirma a formação em Paris, mas não nomeia a instituição de ensino.;Wikidata;alta;Coleção Brasiliana Itaú;baixa;44.837898313;-0.579380299;100.0;44.837898313;-0.579380299;100.0;Enciclopédia Itaú Cultural;;alta;Wikidata;Wikidata;;alta
Arnaud Pallière;1784;1862;França;estudo de retrato e pintura histórica em Paris;48.85666666666667;2.352222222222222;Bordeaux;Bordéus;male;https://front.master.enciclopedia-ic.org/pessoa22523/arnaud-julien-palliere;alta;A fonte confirma a formação em Paris, mas não nomeia a instituição de ensino.;Wikidata;alta;Coleção Brasiliana Itaú;baixa;44.837898313;-0.579380299;100.0;44.837898313;-0.579380299;100.0;Enciclopédia Itaú Cultural;variante nominal de Arnaud Julien Pallière;alta;Wikidata;Wikidata;;alta
Arnold Bagasha;;;Reino da Dinamarca;The Animation Workshop;56.4561;9.40611;Dinamarca;;male;site oficial / portfólio do artista;alta;;FILE Festival (País de Origem);alta;FILE;alta;55.959300779;10.053934054;100.0;;;;;"atividade recente; sem óbito identificado";;;;biografia e portfólio consultados sem ano explícito de nascimento ou morte;
Arsênio da Silva;1833;1883;Brasil;primeiros ensinamentos artísticos em Recife > aperfeiçoamento em Roma e Paris;-8.0538888888889 >;-34.880833333333 >;Recife;Salvador;male;https://pt.wikipedia.org/wiki/Ars%C3%AAnio_da_Silva | https://www.guiadasartes.com.br/arsenio-cintra-da-silva/obras-e-biografia | https://www.escritoriodearte.com/artista/arsenio-da-silva> https://pt.wikipedia.org/wiki/Ars%C3%AAnio_da_Silva | https://www.guiadasartes.com.br/arsenio-cintra-da-silva/obras-e-biografia;média;As fontes disponíveis não nomeiam instituições específicas em Roma e Paris.;Wikidata;alta;Museu Nacional de Belas Artes;média;-8.0551894;-34.871176;100.0;-12.9641527;-38.5058208;100.0;Enciclopédia Itaú Cultural;;alta;Wikidata;Wikidata;;alta
Arthur Garfield Dove;1880;1946;Estados Unidos;Cornell University;42.44916666666666;-76.48388888888888;Canandaigua;Huntington;male;Britannica> biografia institucional;alta;formação universitária com posterior migração para artes;Wikidata;alta;MAC USP;alta;42.887495;-77.282497;100.0;40.8680556;-73.4261111;100.0;Smithsonian American Art Museum;coordenadas corrigidas para Huntington, New York;alta;Wikidata > Ulan;Wikidata > Ulan;;alta
Arthur Kaufmann;1888;1971;Alemanha;Kunstakademie Düsseldorf > Akademie der bildenden Künste Wien;51.23054 > 48.201388888889;6.77365 > 16.365277777778;Mülheim an der Ruhr;Nova Friburgo;male;https://de.wikipedia.org/wiki/Arthur_Kaufmann_(Maler);média;academia identificada> datas não localizadas com precisão;Wikidata;alta;MAC USP;média;51.428106999;6.88505;100.0;-22.2891837;-42.5345547;100.0;MAC USP;;alta;Ulan;Ulan;;alta
Arthur Luiz Piza;1928;2017;Brasil;ateliê de Antonio Gomide;-23.5331446;-46.6267577;São Paulo;Paris;male;https://www.guiadasartes.com.br/arthur-luiz-piza/biografia> https://www.arthur-luiz-piza.com/biographie/?lang=pt-br;média;A formação registrada nas fontes consultadas é de ateliê, não escolar formal.;Wikidata;alta;MAC USP;média;-23.5486657;-46.6382522;100.0;48.8566666667;2.3522222222;100.0;Enciclopédia Itaú Cultural;"fonte secundária francesa indica Neuilly-sur-Seine; priorizado o verbete institucional do Itaú Cultural";alta;Wikidata > Ulan;Wikidata > Ulan;;alta
Arthur Osver;1912;2006;Estados Unidos;School of the Art Institute of Chicago (SAIC);41.879444;-87.623889;Chicago;Clayton (Missouri);male;https://www.annexgalleries.com/artists/biography/3594/Osver/Arthur;alta;;Wikidata;alta;MAC USP;alta;41.883229;-87.632398;100.0;38.64255;-90.32373;100.0;https://acervo.mac.usp.br/acervo/index.php/Detail/entities/5809;;alta;Wikidata > Ulan;Wikidata > Ulan;;alta
Arthur Zeferino;;;Brasil;Ciência da Computação;;;Brasil;;male;https://www.99freelas.com.br/user/arthur-zeferino;média;"formação identificada em perfil profissional autodeclarado; instituição não informada";FILE Festival (País de Origem);alta;FILE;baixa;-10.769946429;-53.073466889;100.0;;;;;"atividade recente; sem óbito identificado";;;;"pesquisa realizada; não localizei ano explícito de nascimento/morte em fonte confiável";
Artur Barrio;1945;;Portugal;Escola Nacional de Belas Artes > Escola Nacional de Belas Artes;-22.8625055 > -22.8625055;-43.2256622 > -43.2256622;Porto;;male;https://pt.wikipedia.org/wiki/Artur_Barrio;média;A fonte consultada não especifica no trecho o nome institucional completo da escola.;Wikidata;alta;MAC USP;média;41.1501526;-8.610318;100.0;;;;;"atividade recente; sem óbito identificado";;Wikidata > Ulan;;;alta
Artur Timóteo da Costa;1882;1922;Brasil;Escola Nacional de Belas Artes;-22.8625055;-43.2256622;Rio de Janeiro;Rio de Janeiro;male;Wikipédia;média;instituição formal identificada no Rio> período em Paris sem escola explicitada;Wikidata;alta;Museu Nacional de Belas Artes;média;-22.9014475;-43.1789159;100.0;-22.9014475;-43.1789159;100.0;Enciclopédia Itaú Cultural;;alta;Wikidata;Wikidata;;alta
Arturo Tosi;1871;1956;Reino da Itália;Accademia di Belle Arti di Brera > Brera Academy of Fine Arts (escola de estudos do nu);45.472222 > 45.472222;9.188889 > 9.188889;Busto Arsizio;Milão;male;https://en.wikipedia.org/wiki/Arturo_Tosi;média;A biografia indica frequência à escola de estudos do nu da Brera entre 1890 e 1891.;Wikidata;alta;MAC USP;alta;45.6114064;8.8502715;100.0;45.4636183;9.1881156;100.0;Treccani;;alta;;;;
Ash Thorp;1983;;Estados Unidos;autodidata;32.71571;-117.16472;Condado de San Diego;;male;Creative Bloq (entrevista) | Behance / Motionographer;média;autodidata> coordenadas atribuídas à cidade-base de residência/trabalho mencionada em biografias;Wikidata;alta;FILE;baixa;33.02820215874;-116.770213466758;100.0;;;;;"atividade recente; sem óbito identificado";;Wikidata;;;alta
Atanasio Soldati;1896;1953;Itália;estudos de arquitetura em Parma;44.8015;10.3279;Parma;Parma;male;https://www.archiviosoldati.it/nota-biografica | https://www.treccani.it/enciclopedia/atanasio-soldati/;alta;"formação universitária anterior à atividade artística abstrata. Fontes confirmam formação em arquitetura em Parma; a etapa no Politecnico di Torino foi removida por falta de confirmação.";Wikidata;alta;MAC USP;média;44.8078212;10.3296266;100.0;44.8078212;10.3296266;100.0;MAC USP;;alta;Wikidata > Ulan;Wikidata > Ulan;;alta
Auguste Petit;1844;1927;França;estudos de desenho e pintura com Eugène Nestle;47.86046539;4.573734591;Châtillon-sur-Seine;Rio de Janeiro;male;https://www.arrematearte.com.br/artistas/auguste-petit-1844;baixa;A fonte registra formação com o paisagista Eugène Nestle, sem escola formal nomeada.;Wikidata;alta;Museu Nacional de Belas Artes;média;47.86046539;4.573734591;100.0;-22.9014475;-43.1789159;100.0;Enciclopédia Itaú Cultural;;alta;;;;
Augusto Bracet;1881;1960;Brasil;Escola Nacional de Belas Artes;-22.8625055;-43.2256622;Rio de Janeiro;Rio de Janeiro;male;https://www.guiadasartes.com.br/augusto-bracet/biografia> https://pt.wikipedia.org/wiki/Augusto_Bracet;média;na Europa estudou com Morelli e Louis Billoul> as fontes consultadas não especificam instituição formal;Wikidata;alta;Museu Histórico Nacional;média;-22.9014475;-43.1789159;100.0;-22.9014475;-43.1789159;100.0;Enciclopédia Itaú Cultural;;alta;Wikidata > Ulan;Wikidata > Ulan;;alta
Augusto Müller;1815;1883;Brasil;Academia Imperial de Belas Artes;-22.9071;-43.1829;Baden-Baden;Rio de Janeiro;male;https://pt.wikipedia.org/wiki/Augusto_M%C3%BCller | https://enciclopedia.itaucultural.org.br/pessoas/6590-august-muller;média;As fontes indicam Debret como mestre.;Wikidata;alta;Museu Nacional de Belas Artes;alta;48.761793999;8.239951;100.0;-22.9014475;-43.1789159;100.0;Enciclopédia Itaú Cultural;;alta;Wikidata;Wikidata;;alta
Augusto Rodrigues Duarte;1848;1888;Brasil;Academia Imperial de Belas Artes > Escola Superior de Belas-Artes do Porto;-22.9071 > 41.15;-43.1829 > -8.610833;Portugal;Rio de Janeiro;male;https://pt.wikipedia.org/wiki/Augusto_Rodrigues_Duarte;média;A fonte indica também estudos com Léon Gérôme em Paris.;Wikidata;alta;;alta;39.593139046;-8.51981299;100.0;-22.9014475;-43.1789159;100.0;Enciclopédia Itaú Cultural;;alta;Wikidata;Wikidata;;alta
Aurélie Herbet;1985;;França;Université Paris 1 Panthéon-Sorbonne > EnsadLab;48.85666666666667 > 48.8414;2.352222222222222 > 2.3441;França;;female;Université Paris 1 / bleuOrange;alta;;FILE Festival (País de Origem);alta;FILE;alta;46.559417044;2.550539953;100.0;;;;;"atividade recente; sem óbito identificado";;site oficial da artista (CV);;"ano de nascimento explícito em CV oficial; óbito não localizado";alta
Aurélio de Figueiredo;1854;1916;Brasil;Academia Imperial de Belas Artes;-22.9071;-43.1829;Areia;Rio de Janeiro;male;https://enciclopedia.itaucultural.org.br/pessoas/3417-aurelio-de-figueiredo> https://pt.wikipedia.org/wiki/Aur%C3%A9lio_de_Figueiredo;média;em Florença estudou com Antonio Ciseri, Nicolò Barabino e Stefano Ussi> fontes consultadas não indicam escola formal nesse período;Wikidata;alta;Museu Histórico Nacional;média;-6.9660876;-35.6899708;100.0;-22.9014475;-43.1789159;100.0;Enciclopédia Itaú Cultural;;alta;Wikidata;Wikidata;;alta
Aurélio Zimmermann;1854;1920;Brasil;Escola de Belas Artes de Berlim > Hochschule für Bildende Künste Dresden;52.50916666666667 > 51.05284167;13.32694444444444 > 13.74244444;Alemanha;São Paulo;male;https://pt.wikipedia.org/wiki/Aur%C3%A9lio_Zimmermann;média;;Wikidata;alta;Museu Paulista;alta;51.110631049;10.392277932;100.0;-23.5486657;-46.6382522;100.0;Catálogo das Artes / Itaú Cultural;;média;Wikidata;Wikidata;;alta
Autoria não identificada;;;;;;;;;;;;autoria não identificada no próprio registro;;;MAC USP;;;;;;;;;"autoria não identificada; sem pesquisa biográfica aplicável";;;;registro sem autoria identificada no campo creator;
Ava I-Wen Huang;;;Taiwan;New York University (NYU);40.729591;-73.996895;Taipé;;female;Cake profile / NYU ITP archive;alta;;Wikidata;alta;FILE;;25.0384125;121.5637046;100.0;;;;;"atividade recente; sem óbito identificado";;;;"pesquisa realizada; não localizei ano explícito de nascimento/morte em fonte confiável";
Ayanna Duran;;;;Universidade Federal de Goiás - Regional Jataí;-16.604916666667;-49.261138888889;;;female;Escavador;média;fonte sugere vínculo com contexto indígena, mas sem base suficiente para preencher;;;Museu das Bandeiras;média;;;;;;;;"atividade recente; sem óbito identificado";;;;"pesquisa realizada; não localizei ano explícito de nascimento/morte em fonte confiável";
Ayao Okamoto;1953;;Brasil;Fundação Armando Álvares Penteado (FAAP) > Escola de Comunicações e Artes da USP (ECA-USP);-23.5450155 > -23.55833333;-46.6630802 > -46.72694444;Assaí;;male;https://www.escavador.com/sobre/355844/ayao-okamoto | https://www.ayaookamoto.art.br/sobre;média;As fontes indicam graduação em Artes Plásticas, mestrado e doutorado.;Wikidata;alta;MAC USP;alta;-23.377919;-50.8430309;100.0;;;;;"atividade recente; sem óbito identificado";;Wikidata;;;alta
Aysha Abulfateh;;;Bahrein;American University of Sharjah;25.309722;55.490556;;;female;site oficial da artista / CV;alta;fontes localizadas informam atuação em Bahrain e formação, sem local de nascimento explícito;;;FILE;;;;;;;;;"atividade recente; sem óbito identificado";;;;"pesquisa realizada; não localizei ano explícito de nascimento/morte em fonte confiável";
Benjamim Constant de Oliveira Neto;;;Brasil;aluno de Almeida Júnior;;;São Paulo;;male;https://enciclopedia.itaucultural.org.br/pessoas/18757-benjamim-constant-de-oliveira-neto;alta;Nome resolvido por correspondência entre a assinatura da obra no MHN/Brasiliana e a autoridade da Enciclopédia Itaú Cultural. A fonte informa nascimento em São Paulo e relação formativa como aluno de Almeida Júnior, sem explicitar local ou instituição da formação.;https://enciclopedia.itaucultural.org.br/pessoas/18757-benjamim-constant-de-oliveira-neto;alta;Museu Histórico Nacional;média;-23.5486657;-46.6382522;100.0;;;;;Não localizei fonte auditável suficiente sobre local de morte nesta rodada.;;;;"pesquisa realizada; não localizei ano explícito de nascimento/morte em fonte confiável";
Barbara Schubert Spanoudis;1927;2023;Alemanha;estudos com João Fahrion > estudos com Yolanda Mohalyi e Ernesto Klasing > Academia de Artes de Düsseldorf; >  > 51.2283; >  > 6.7733;Dessau, Alemanha;;female;https://www.catalogodasartes.com.br/artista/B%EF%BF%BDrbara%20Schubert%20Spanoudis%20-%20Barbara%20Spanoudis/ | https://www.escritoriodearte.com/artista/barbara-schubert-spanoudis;média;No CSV o creator está sem acento em 'Barbara'> mantida a grafia original do creator.;Museu de Arte do Parlamento de São Paulo;alta;MAC USP;alta;51.8333;12.25;;;;;;sem fonte auditável suficiente sobre local de morte;;;;;
Barkın Şimşek;;;Turquia;New York University Abu Dhabi;24.5239;54.4346;Ancara, Turquia;;male;FILE Festival;alta;;site pessoal;alta;FILE;;39.8965202;32.8619738;100.0;;;;;"atividade recente; sem óbito identificado";;;;"pesquisa realizada; não localizei ano explícito de nascimento/morte em fonte confiável";
Baron Lanteigne;1987;;Canadá;;;;Canadá;;male;;;biografias localizadas neste lote não informam formação;Artsy;média;FILE;;60.10867;-113.64258;100.0;;;;;"atividade recente; sem óbito identificado";;Wikidata;;;alta
Barthélemy Lauvergne;1805;1871;França;estudos com Anne-Louis Girodet;48.85666666666667;2.333611111111112;Toulon;Carcès;male;https://en.wikipedia.org/wiki/Barth%C3%A9lemy_Lauvergne;média;Não foi localizada academia formal específica nas fontes consultadas.;Wikidata;alta;Museu Histórico Nacional;média;43.12442;5.92836;100.0;43.476374453;6.181974647;100.0;Museo Nacional de Artes Visuales;;alta;Wikidata > Ulan;Wikidata > Ulan;;alta
Bas Jansen;;;Reino dos Países Baixos;HKU University of the Arts Utrecht > University of Amsterdam;52.093031 > 52.3680;5.121089 > 4.8897;Países Baixos;;male;Next Nature interview;média;;FILE Festival (País de Origem);alta;FILE;alta;52.249375293;5.616126398;100.0;;;;;"atividade recente; sem óbito identificado";;;;"pesquisa realizada; não localizei ano explícito de nascimento/morte em fonte confiável";
Beat Suter;1962;;Suíça;Universität Zürich;47.374722222222;8.5483333333333;Baden, Suíça;;male;Zurich University of the Arts (ZHdK);alta;;Kunstradio / Literaturhaus Graz;alta;FILE;;47.465543336;8.288254058;100.0;;;;;"atividade recente; sem óbito identificado";;;;;
Bego M Santiago;1980;;Espanha;Universitat Politècnica de València;39.48088957948802;-0.3411099306510339;Santiago de Compostela, Espanha;;female;https://www.wikidata.org/wiki/Q65275069 | https://gl.wikipedia.org/wiki/Bego_M._Santiago;alta;;Wikipedia (gl) / FIC KAKV;média;FILE;;42.8806228;-8.5466071;100.0;;;;;"atividade recente; sem óbito identificado";;Wikidata;;;alta
Belmiro Barbosa de Almeida Junior;1858;1935;Brasil;Liceu de Artes e Ofícios do Rio de Janeiro > Academia Imperial de Belas Artes;-22.91111111111111 > -22.9071;-43.20555555555556 > -43.1829;Serro, Minas Gerais, Brasil;Paris;male;https://enciclopedia.itaucultural.org.br/pessoas/6618-belmiro-de-almeida;alta;na França frequentou o ateliê de Jules Joseph Lefebvre> datas não localizadas com segurança Estudou no ateliê de Jules Joseph Lefebvre em Paris.;https://enciclopedia.itaucultural.org.br/pessoas/6618-belmiro-de-almeida;alta;Pinacoteca de São Paulo;média;-18.6047;-43.3794;100.0;48.856372814;2.352529617;100.0;Enciclopédia Itaú Cultural;variante nominal de Belmiro de Almeida;alta;Wikidata;Wikidata;;alta
Belmiro de Almeida;1858;1935;Brasil;Liceu de Artes e Ofícios do Rio de Janeiro > Academia Imperial de Belas Artes;-22.91111111111111 > -22.9071;-43.20555555555556 > -43.1829;Serro, Minas Gerais, Brasil;Paris;male;https://enciclopedia.itaucultural.org.br/pessoas/6618-belmiro-de-almeida;alta;na França frequentou o ateliê de Jules Joseph Lefebvre> datas não localizadas com segurança Estudou no ateliê de Jules Joseph Lefebvre em Paris.;https://enciclopedia.itaucultural.org.br/pessoas/6618-belmiro-de-almeida;alta;Pinacoteca de São Paulo;média;-18.6047;-43.3794;100.0;48.856372814;2.352529617;100.0;Enciclopédia Itaú Cultural;;alta;Ulan;Ulan;;alta
Ben Chang;;;Estados Unidos;Walsh School of Foreign Service;38.907222222222;-77.072777777778;Estados Unidos;;male;https://jcw.georgetown.edu/speaker/ben-chang/ | https://www.cfr.org/bios/ben-chang;alta;;FILE Festival (País de Origem);alta;FILE;;39.398703156;-99.41461919;100.0;;;;;"atividade recente; sem óbito identificado";;;;"pesquisa realizada; não localizei ano explícito de nascimento/morte em fonte confiável";
Ben Ozeri;;;;The Animation Workshop;56.4561;9.40611;;;male;FBF Animación;média;fontes localizadas informam formação e atuação, sem local de nascimento explícito;;;FILE;;;;;;;;;"atividade recente; sem óbito identificado";;;;"pesquisa realizada; não localizei ano explícito de nascimento/morte em fonte confiável";
Benedito Calixto;1853;1927;Brasil;Académie des Beaux-Arts > Académie Julian;48.857222 > 48.871111;2.336889 > 2.341667;Itanhaém;São Paulo;male;Wikipédia;média;fontes consultadas indicam formação inicial autodidata/ateliês em São Paulo;Wikidata;alta;MASP;média;-24.1831686;-46.7895176;100.0;-23.5486657;-46.6382522;100.0;Enciclopédia Itaú Cultural;;alta;Ulan;Ulan;;alta
Beniamino Parlagreco;1856;1902;Brasil;Accademia di Belle Arti di Napoli;40.8516;14.2512;Caltanissetta;Rio de Janeiro;male;https://pt.wikipedia.org/wiki/Beniamino_Parlagreco;média;A fonte também menciona estudo com Domenico Morelli e Filippo Palizzi.;Wikidata;alta;Pinacoteca de São Paulo;alta;37.4899089;14.0632893;100.0;-22.9014475;-43.1789159;100.0;"Wikipédia; Catálogo das Artes";;média;Wikidata;Wikidata;;alta
Benjamin Lebourgeois;;;França;Supinfocom Rubika;50.35805555555555;3.523333333333333;França;;male;FILE Festival;alta;;FILE Festival (País de Origem);alta;FILE;alta;46.559417044;2.550539953;100.0;;;;;"atividade recente; sem óbito identificado";;;;"pesquisa realizada; não localizei ano explícito de nascimento/morte em fonte confiável";
Benjamin Mary;1792;1846;Bélgica;treinamento desde a infância com um tio, incluindo fundamentos de desenho e gravura;;;Província de Liège;Bagnères-de-Luchon;male;https://www.brasilianaiconografica.org.br/artigos/20213/o-diplomata-e-desenhista-benjamin-mary | https://pt.wikipedia.org/wiki/Benjamin_Mary> https://www.brasilianaiconografica.org.br/artigos/20213/o-diplomata-e-desenhista-benjamin-mary;média;A fonte disponível descreve formação inicial familiar, sem escola formal nomeada.;Wikidata;alta;Pinacoteca de São Paulo;média;50.521163361;5.7405201;98.57;42.789181889;0.592557215;100.0;"Wikipédia; Guia das Artes";;média;;;;
Benno Treidler;1857;1931;Império Alemão;Academia de Belas Artes de Berlim;52.516667;13.383333;Berlim;Rio de Janeiro;male;https://enciclopedia.itaucultural.org.br/pessoas/6622-benno-treidler;alta;A fonte aberta também cita Christian Wilberg e Lechner como mestres.;Wikidata;alta;Pinacoteca de São Paulo;alta;52.517669999;13.405537999;100.0;-22.9014475;-43.1789159;100.0;Enciclopédia Itaú Cultural;;alta;Wikidata > Ulan;Wikidata > Ulan;;alta
Benoît Piccolini;;;Canadá;estudos em design de produto;;;Canadá;;male;https://urbania.live/article/travail-de-vj-combiner-son-et-mouvement;média;a fonte indica a área de estudo e o país, mas não nomeia a instituição;FILE Festival (País de Origem);alta;FILE;baixa;60.10867;-113.64258;100.0;;;;;"atividade recente; sem óbito identificado";;;;"pesquisa realizada; não localizei ano explícito de nascimento/morte em fonte confiável";
Bento José Rufino Capinam;1791;1874;Brasil;formação com Franco Velasco;-12.98305555555556;-38.49277777777777;Salvador;Salvador;male;https://pt.wikipedia.org/wiki/Bento_Jos%C3%A9_Rufino_Capinam;média;A fonte disponível registra vínculo formativo com Franco Velasco, sem instituição formal nomeada.;Wikidata;alta;;média;-12.9641527;-38.5058208;100.0;-12.9641527;-38.5058208;100.0;Enciclopédia Itaú Cultural;;alta;Wikidata;Wikidata;;alta
Bernardo Cid;1925;1982;Brasil;autodidata;-23.5486657;-46.6382522;São Paulo, SP, Brasil;São Paulo;male;https://enciclopedia.itaucultural.org.br/pessoas/6148-bernardo-cid;alta;;Enciclopédia Itaú Cultural;alta;;alta;-23.5486657;-46.6382522;;-23.5486657;-46.6382522;;"Bel Galeria; Enciclopédia Itaú Cultural";"Itaú omite local explícito; galeria indica idem";alta;Wikidata > Ulan;Wikidata > Ulan;;alta
Bernardo Loureiro;1898;1962;Brasil;Universidade de São Paulo (USP) > Parsons School of Design;-23.5596 > 40.7353;-46.7312 > -73.9946;Brasil;;male;https://archive.file.org.br/participantes/bernardo-loureiro/;alta;"A biografia institucional do FILE confirma graduação em Arquitetura e Urbanismo pela USP e mestrado em Desenho Urbano pela Parsons; a Escola Superior de Belas-Artes de Lisboa foi removida.";FILE Festival (País de Origem);alta;FILE;alta;-10.769946429;-53.073466889;100.0;;;;;"atividade recente; sem óbito identificado";;;;;
Bernhard Wiegandt;1851;1918;Reino da Prússia;Akademie der Bildenden Künste München;48.153196;11.580312;Colônia;Bremen;male;https://pt.wikipedia.org/wiki/Bernhard_Wiegandt | https://www.brasilianaiconografica.art.br/autores/19894/bernhard-wiegandt> https://pt.wikipedia.org/wiki/Bernhard_Wiegandt;média;A página também menciona aulas com Julius von Benczúr e Ludwig von Löfftz.;Wikidata;alta;Museu Paulista;alta;50.938106999;6.957068;100.0;53.075605999;8.809338;100.0;Enciclopédia Itaú Cultural;;alta;Wikidata;Wikidata;;alta
Bertha Worms;1868;1937;Brasil;École des Beaux-Arts de Paris > Académie Julian;48.853997 > 48.871111;2.333500 > 2.341667;Uckange;São Paulo;female;https://pt.wikipedia.org/wiki/Bertha_Worms> https://static.even3.com/anais/428011.pdf;média;Datas baseadas em fontes biográficas e trabalho acadêmico sobre a artista.;Wikidata;alta;Pinacoteca de São Paulo;média;49.300628451;6.158524336;100.0;-23.5503944444;-46.6339472222;100.0;https://enciclopedia.itaucultural.org.br/pessoas/6634-bertha-worms;"Local de morte confirmado em verbete institucional; coordenadas ajustadas para o município de São Paulo.";alta;Ulan;Ulan;;alta
Bettina Vaz Guimarães;1961;;Brasil;Fundação Armando Álvares Penteado (FAAP);-23.5450155;-46.6630802;São Paulo, SP, Brasil;;female;Artsoul> Guia das Artes;média;formação em Comunicação Visual/Artes Plásticas na FAAP> fontes convergem para 1982;Guia das Artes;média;Museu Victor Meirelles;alta;-23.5486657;-46.6382522;;;;;;"Fonte recente indica artista em atividade; local de morte não se aplica.";;Wikidata;;;alta
Bill Domonkos;;;Estados Unidos;Cleveland Institute of Art;41.5105;-81.6025;Toledo, Ohio;;male;https://vip.nmartproject.net/domonkos-bill/;média;;VideoChannel Interview Project;média;FILE;;41.655298;-83.535717;100.0;;;;;"Fonte recente/biografia institucional indica artista em atividade; local de morte não se aplica.";;;;"pesquisa realizada; não localizei ano explícito de nascimento/morte em fonte confiável";
Bill Psarras;1985;;Grécia;Goldsmiths, University of London > Ionian University > University of the Arts London (UAL);51.474269444444445 > 39.62055556 > 51.5178;-0.03541111111111111 > 19.91555556 > -0.116389;Grécia;;male;FILE Festival (biografia do artista);alta;;FILE Festival;média;FILE;;39.0;22.0;100.0;;;;;"Fonte recente/biografia universitária indica artista em atividade; local de morte não se aplica.";;;;;
Bin Kondo;1937;;;Tokyo University of the Arts;35.719578;139.772686;Anton, China;;male;fontes biográficas de referência;média;instituição identificada em fontes secundárias;Enciclopédia Itaú Cultural;alta;MAC USP;baixa;40.1292;124.3943;;;;;;Não localizei fonte auditável suficiente sobre local de morte nesta rodada.;;;;;
Binh Minh Herbst;1987;;Vietnã;Burg Giebichenstein Kunsthochschule Halle;51.5027;11.9549;Vietnã;;female;Burg Giebichenstein Kunsthochschule Halle;alta;;FILE Festival;média;FILE;;16.16667;107.83333;100.0;;;;;"Fonte recente indica artista em atividade; local de morte não se aplica.";;;;;
Bird Swarm;;;Portugal;;;;Funchal, Madeira;;male;;;biografia localizada informa pseudônimo e trajetória artística, sem formação explícita;FILE Festival;alta;FILE;;32.6475379;-16.9050158;100.0;;;;;"Fonte recente indica atividade artística em curso; local de morte não se aplica.";;;;"pseudônimo identificado; sem ano biográfico explícito localizado";
Birk Von Brockdorff;;;Dinamarca;The Animation Workshop;56.4561;9.40611;Dinamarca;;male;MOME;média;fonte biográfica identifica apenas o país> preenchimento mantido em nível de país.;MOME;média;FILE;;55.959300779;10.053934054;100.0;;;;;"Fonte recente/site oficial indica artista em atividade; local de morte não se aplica.";;;;"pesquisa realizada; não localizei ano explícito de nascimento/morte em fonte confiável";
Bittler Bernard;;;França;autodidata;;;;;male;Bedetheque;média;fontes localizadas informam residência e nacionalidade, não nascimento> autodidata mantido sem coordenadas> fontes localizadas indicam residência em Paris, mas também formação técnica formal, o que gera conflito;;;FILE;;;;;;;;;"Fonte recente/site autoral indica artista em atividade; local de morte não se aplica.";;;;"pesquisa realizada; não localizei ano explícito de nascimento/morte em fonte confiável";
Bjørn Svin;1975;;Reino da Dinamarca;;;;Ringsted, Dinamarca;;male;;;biografias localizadas neste lote não informam formação;Discogs / Wikipedia (fontes convergentes);média;FILE;;55.457294990286;11.817460156874;100.0;;;;;"Fonte recente indica atividade musical em curso; local de morte não se aplica.";;;;;
Blake Marques Carrington;;;Estados Unidos;Indiana University Bloomington > Syracuse University;39.167222 > 43.037638888889;-86.521389 > -76.134;Indiana, Estados Unidos;;male;Pratt Institute (perfil institucional);alta;biografia do FILE explicita o local de nascimento.;FILE Festival (biografia do artista);alta;FILE;alta;39.849426;-86.258278;;;;;;"Fonte recente/biografia universitária indica artista em atividade; local de morte não se aplica.";;;;"pesquisa realizada; não localizei ano explícito de nascimento/morte em fonte confiável";
Bo Mathorne;1986;;Reino da Dinamarca;The Drawing Academy > The Animation Workshop;56.4561 > 56.4561;9.40611 > 9.40611;Dinamarca;;male;FILE Festival (biografia do artista);alta;;FILE Festival (biografia do artista);alta;FILE;;55.959300779;10.053934054;100.0;;;;;"Fonte recente indica atividade autoral em curso; local de morte não se aplica.";;;;;
Bohyun Yoon;1976;;Coreia do Sul;Tama Art University;35.611933666075636;139.35045408465814;Seul;;male;https://arts.vcu.edu/directory/bohyun-yoon/ | https://bohyunyoon.com/info.php;alta;;Wikidata;alta;FILE;;37.566;126.9784;100.0;;;;;"Fonte recente/biografia institucional indica artista em atividade; local de morte não se aplica.";;Wikidata;;;alta
Bonnie Mitchell;;;Estados Unidos;University of Oregon;44.044166666667;-123.07583333333;Estados Unidos;;female;ACM SIGGRAPH History Archives;alta;Ficha FILE explicita País de Origem.;FILE Archive — ficha de participante;alta;FILE;alta;39.398703156;-99.41461919;;;;;;"Fonte recente/biografia institucional indica artista em atividade; local de morte não se aplica.";;;;"pesquisa realizada; não localizei ano explícito de nascimento/morte em fonte confiável";
Boris du Boullay;1969;;França;Université Paris 8 Saint-Denis > Greta Sud Isère > Institut des Arts de Diffusion (IAD) > Université Paris-Sorbonne;48.944722222222 > 48.848333333333 > 50.6684 > 48.84861111111111;2.3633333333333 > 2.3427777777778 > 4.6114 > 2.343611111111111;França;;male;Viadeo;média;FILE explicita “País de Origem: France”> preenchido em nível de país.;FILE Festival (País de Origem);alta;FILE;alta;46.559417044;2.550539953;100.0;;;;;"Fonte recente indica artista em atividade; local de morte não se aplica.";;Wikidata;;;alta
Boris Labbé;1987;;França;École Supérieure d’Art et de Céramique de Tarbes > EMCA École des Métiers du Cinéma d’Animation;43.23642 > 45.6484;0.074619 > 0.1562;Lannemezan, França;;male;Cinemambiente | Expanded Animation;alta;;Semaine de la Critique / Media Art Festival;alta;FILE;;43.125425768;0.384017969;100.0;;;;;"Fonte recente indica produção/exibição recente; local de morte não se aplica.";;;;;
Boris Seewald;;;Alemanha;Filmarche > Berlin University;52.516666666667 > 52.516667;13.383333333333 > 13.383333;Alemanha;;male;Numeridanse;média;;FILE Festival (País de Origem);alta;FILE;;51.110631049;10.392277932;100.0;;;;;"Fonte recente/site oficial indica artista em atividade; local de morte não se aplica.";;;;"pesquisa realizada; não localizei ano explícito de nascimento/morte em fonte confiável";
Bramante Buffoni;1912;1989;Itália;Istituto Superiore per le Industrie Artistiche (ISIA), Monza;45.5845;9.2744;Giulianova, Teramo, Itália;São Paulo;male;https://dizionariodartesartori.it/artisti/buffoni-bramante | https://www.scielo.br/j/ars/a/FfXYSkhWtqqJqyXxpnWZVzR/;alta;"instituição de formação associada à carreira gráfica em Milão. Fontes convergem para o ISIA de Monza; a Accademia di Belle Arti di Brera não foi confirmada.";Dizionario d’Arte Sartori;média;MAC USP;média;42.75;13.95;;-23.5503944444;-46.6339472222;100.0;https://acervos.ims.com.br/index.php/Detail/objects/556654;"Local de morte preenchido com base em registro institucional do acervo IMS; coordenadas ajustadas para o município de São Paulo.";alta;Wikidata;Wikidata;;alta
Brandon Blommaert;;;Canadá;Alberta College of Art and Design;51.062;-114.091;Edmonton, Alberta, Canadá;;male;FILE Festival;alta;;Animafest / FILE Festival;alta;FILE;;53.54545;-113.49014;100.0;;;;;"Fonte recente indica artista em atividade; local de morte não se aplica.";;;;"pesquisa realizada; não localizei ano explícito de nascimento/morte em fonte confiável";
Brandon Morse;1974;;Estados Unidos;University of Wisconsin–Stevens Point > The Ohio State University;44.523036 > 40.0067;-89.560321 > -83.0305;Arlington, Texas;;male;University of Maryland (perfil institucional);alta;;artnet;média;FILE;;32.735594;-97.10711;100.0;;;;;"Fonte recente/biografia universitária indica artista em atividade; local de morte não se aplica.";;;;;
Brice Roy;;;França;Université de Technologie de Compiègne;49.400272222222;2.799775;França;;male;HAL (tese UTC);média;;FILE Festival (País de Origem);alta;FILE;alta;46.559417044;2.550539953;100.0;;;;;"Fonte recente indica atuação artística em coletivo; local de morte não se aplica.";;;;"pesquisa realizada; não localizei ano explícito de nascimento/morte em fonte confiável";
Brit Bunkley;1955;;Estados Unidos;Macalester College;44.93944444444445;-93.1686111111111;Nova York;;male;https://www.britbunkley.com/about | https://en.wikipedia.org/wiki/Brit_Bunkley;média;;Wikidata;alta;FILE;;40.7130466;-74.0072301;100.0;;;;;"Fonte recente/site autoral indica artista em atividade; local de morte não se aplica.";;Wikidata;;;alta
Bruno Borne;1979;;Brasil;Universidade Federal do Rio Grande do Sul (UFRGS);-30.033611;-51.219167;Porto Alegre, RS;;male;Galeria Mamute / perfil institucional;baixa;;Fundação Vera Chaves Barcellos;alta;FILE;;-30.027679;-51.2286404;100.0;;;;;"Fonte recente/biografia institucional indica artista em atividade; local de morte não se aplica.";;;;;
Bruno Cassinari;1912;1992;Itália;Accademia di Belle Arti di Brera > Istituto Gazzola > Umanitaria > escola do Castello Sforzesco;45.47222222 > 45.05524 > 45.47222222 > 45.47222222;9.18888889 > 9.68822 > 9.18888889 > 9.18888889;Piacenza;Milão;male;https://galleriamichelangelo.it/en/artista/275/bruno-cassinari/bio;alta;Biografia de galeria documenta a sequência formativa em Piacenza e Milão e explicita o período da Brera.;Wikidata;alta;MAC USP;média;45.0537735;9.6951421;100.0;45.4669444444;9.19;100.0;https://www.treccani.it/enciclopedia/bruno-cassinari/;"Local de morte mantido com base em verbete Treccani; coordenadas ajustadas para o comune de Milan.";alta;Ulan;Ulan;;alta
Bruno Dunley;1984;;Brasil;Faculdade Santa Marcelina (FASM) > Senac São Paulo;-23.550394 > -23.669369;-46.633947 > -46.700551;Petrópolis, RJ, Brasil;;male;https://dasartes.com.br/artistas/bruno-dunley/;alta;As fontes vistas confirmam as instituições, mas não trazem no trecho datas precisas de frequência.;Editora Cobogó;média;MAC USP;média;-22.5097992;-43.1753928;;;;;;"Fonte recente/site oficial indica artista em atividade; local de morte não se aplica.";;;;;
Bruno Martelli;;;Reino Unido;Central Saint Martins;51.5353;-0.1253;Reino Unido;;male;Computer Arts Society;média;FILE explicita “País de Origem: United Kingdom”> preenchido em nível de país.;FILE Festival (País de Origem);alta;FILE;alta;53.408386605;-1.969559544;100.0;;;;;"Fonte recente indica artista em atividade; local de morte não se aplica.";;;;"pesquisa realizada; não localizei ano explícito de nascimento/morte em fonte confiável";
Bruno Ministro;1988;;Portugal;Faculdade de Letras da Universidade de Coimbra > Faculdade de Ciências Sociais e Humanas da Universidade Nova de Lisboa;40.2074 > 38.74049;-8.4265 > -9.150902;Portugal;;male;FILE Festival (biografia do artista);alta;;A Glimpse Of;média;FILE;;39.593139046;-8.51981299;100.0;;;;;"Fonte recente/biografia universitária indica pesquisador/artista em atividade; local de morte não se aplica.";;Wikidata;;;alta
Bruno Saetti;1902;1984;Itália;Accademia di Belle Arti di Bologna;44.497811111111;11.353188888889;Bologna;Bolonha;male;EmporiumArt biography;média;;Wikidata;alta;MAC USP;média;44.4941903;11.3465185;100.0;44.4938888889;11.3427777778;100.0;https://www.treccani.it/enciclopedia/bruno-saetti/;"Local de morte mantido com base em verbete Treccani; coordenadas ajustadas para o comune de Bologna.";alta;Wikidata > Ulan;Wikidata > Ulan;;alta
Bryn Oh;;;Canadá;Ontario College of Art and Design > Toronto School of Art > Seneca College;43.653056 > 43.670277777778 > 43.79395;-79.391194 > -79.386666666667 > -79.349047222222;Toronto, Canadá;;female;FILE Festival (biografia da artista);alta;;Patreon oficial da artista;baixa;FILE;;43.653524;-79.383907;100.0;;;;;"Fonte recente indica artista em atividade; local de morte não se aplica.";;;;"nome artístico; sem ano biográfico explícito localizado";
Burcu Sankur;;;Turquia;Supinfocom Rubika;50.35805555555555;3.523333333333333;Istambul, Turquia;;female;Acme Filmworks (biografia);média;;FILE Festival;alta;FILE;;41.0129952;28.9747973;100.0;;;;;"Fonte recente indica artista em atividade; local de morte não se aplica.";;;;"pesquisa realizada; não localizei ano explícito de nascimento/morte em fonte confiável";
Byron Browne;1907;1961;Estados Unidos;National Academy of Design > estudos com Hans Hofmann;40.737694 > ;-73.98675 > ;Yonkers;Nova York;male;https://en.wikipedia.org/wiki/Byron_Browne_%28artist%29> https://www.caldwellgallery.com/artists/byron-browne/biography;média;Formação combinou academia formal e estudos posteriores com Hofmann.;Wikidata;alta;MAC USP;alta;40.930794;-73.898294;100.0;40.7127777778;-74.0061111111;100.0;https://americanart.si.edu/artist/byron-browne-621;"Local de morte mantido com base em verbete do Smithsonian; coordenadas ajustadas para New York City.";alta;Ulan;Ulan;;alta
Bárbara Cani;;;Brasil;Universidade Federal do Espírito Santo > Accademia Europea di Firenze;-20.2766256 > 43.771388888889;-40.3036766 > 11.254166666667;Brasil;;female;site oficial da artista | FILE Festival;alta;FILE explicita “País de Origem: Brazil”> preenchido em nível de país.;FILE Festival (País de Origem);alta;FILE;alta;-10.769946429;-53.073466889;100.0;;;;;"Fonte recente/site autoral indica artista em atividade; local de morte não se aplica.";;;;"pesquisa realizada; biografia e portfólio sem ano explícito de nascimento/morte.";
Béatrice Viguier;;;França;Supinfocom Rubika;50.35805555555555;3.523333333333333;França;;female;FILE Festival (biografia da artista);alta;FILE explicita “País de Origem: France”> preenchido em nível de país.;FILE Festival (País de Origem);alta;FILE;alta;46.559417044;2.550539953;100.0;;;;;"Fonte recente indica artista em atividade; local de morte não se aplica.";;;;"pesquisa realizada; biografia de grupo sem ano biográfico explícito localizado.";
C. Bacchi;;;;;;;;;;;;"assinatura/nome parcial; não foi possível desambiguar com segurança";;;;;;;;;;;;"Nome abreviado; identidade não desambiguada com segurança.";;;;"nome abreviado; sem desambiguação segura do artista.";
C. Castro;;;;;;;;;;;;"assinatura/nome parcial; não foi possível desambiguar com segurança";;;;;;;;;;;;"Nome abreviado; identidade não desambiguada com segurança.";;;;"nome abreviado; sem desambiguação segura do artista.";
Carlos Linde;1830;1873;Alemanha;;;;Alemanha;Rio de Janeiro;male;;;Nome resolvido por fonte institucional, que confirma C. Linde como variante de Carlos Linde/Karl Linde. Formação artística não preenchida porque as fontes consultadas não informam escola ou mestre com segurança.;https://enciclopedia.itaucultural.org.br/pessoas/7061-carlos-linde | https://www.brasilianaiconografica.art.br/autores/18537/carlos-linde;alta;Museu Casa da Hera;média;51.110631049;10.392277932;100.0;-22.9111111111;-43.2055555556;100.0;https://enciclopedia.itaucultural.org.br/pessoas/7061-carlos-linde | https://www.brasilianaiconografica.art.br/autores/18537/carlos-linde;Local de morte preenchido a partir de fonte institucional. Local de nascimento preservado em nível de país, pois as fontes indicam Alemanha sem cidade específica.;alta;Enciclopédia Itaú Cultural;Enciclopédia Itaú Cultural;fonte institucional indica nascimento ca.1830.;média
C130;;;;;;;;;male;;;nome artístico ou identidade civil não confirmada com segurança;;;FILE;;;;;;;;;Pseudônimo/assinatura sem identificação biográfica segura.;;;;"pseudônimo/sigla; sem identificação civil segura.";
Caciporé Torres;1935;;Brasil;Université de Paris (Sorbonne);48.848333333333;2.3427777777778;Araçatuba;;male;Wikipédia;média;cursos de História da Arte e Civilização Francesa;Wikidata;alta;MAC USP;média;-21.2109137;-50.4259918;100.0;;;;;Não localizei fonte auditável suficiente sobre local de morte nesta rodada.;;Wikidata;;;alta
Cadmo Fausto de Sousa;1901;1983;Brasil;Escola Nacional de Belas Artes > Académie de la Grande Chaumière;-22.8625055 > 48.842342;-43.2256622 > 2.330848;Rio de Janeiro, RJ, Brasil;Rio de Janeiro;male;https://pt.wikipedia.org/wiki/Cadmo_Fausto_de_Sousa | https://www.diniznumismatica.com/2021/02/cadmo-fausto-o-artista-dos-cruzeiros-1.html;média;;Pinacoteca Barão de Santo Ângelo/UFRGS;alta;Museu Histórico Nacional;alta;-22.9014475;-43.1789159;;-22.9111111111;-43.2055555556;100.0;"https://pt.wikipedia.org/wiki/Cadmo_Fausto_de_Sousa ; https://www.escritoriodearte.com/artista/cadmo-fausto";"Local de morte preenchido a partir de fontes secundárias convergentes; coordenadas ajustadas para o município do Rio de Janeiro.";média;;;;
Caetano de Almeida;1964;;Brasil;Academia Imperial de Belas Artes > Fundação Armando Álvares Penteado (FAAP) > ateliês de gravura da Pinacoteca do Estado de São Paulo;-22.9071 > -23.5450155 > -23.5343;-43.1829 > -46.6630802 > -46.6339;Rio de Janeiro;;male;https://www.guiadasartes.com.br/caetano-de-almeida> https://enciclopedia.itaucultural.org.br/pessoas/2090-caetano-de-almeida;alta;Formação formal na FAAP e complementação nos ateliês de gravura da Pinacoteca.;Wikidata;alta;MAC USP;alta;-22.9014475;-43.1789159;100.0;;;;;"Fonte recente/biografia oficial indica artista em atividade; registro prévio de local de morte removido.";;Ulan;;;alta
Caetano Luiz de Miranda;1774;1837;;provável aprendizado com José Soares de Araújo;;;Arraial do Tijuco (Diamantina, MG), Brasil;;male;Estudo acadêmico sobre Caetano Luiz de Miranda e Andrea Pozzo;média;"Provável aprendizado com José Soares de Araújo; o nascimento em 1774 é aproximado.";Arquivos do Museu de História Natural e Jardim Botânico da UFMG;alta;Museu do Diamante;baixa;-18.2486;-43.6;;;;;;óbito não localizado em fonte auditável;;UFMG / Toponímia Histórica Mineira;UFMG / artigo biográfico;fonte acadêmica trata o nascimento como em torno de 1774.;média
Caetano Luiz de Miranda (?);1774;1837;;provável aprendizado com José Soares de Araújo;;;Arraial do Tijuco (Diamantina, MG), Brasil;;male;Estudo acadêmico sobre Caetano Luiz de Miranda e Andrea Pozzo;média;"Provável aprendizado com José Soares de Araújo; o nascimento em 1774 é aproximado.";Arquivos do Museu de História Natural e Jardim Botânico da UFMG;alta;Museu do Diamante;baixa;-18.2486;-43.6;;;;;;óbito não localizado em fonte auditável;;UFMG / Toponímia Histórica Mineira;UFMG / artigo biográfico;fonte acadêmica trata o nascimento como em torno de 1774.;média
Camila Kamimura;;;Brasil;graduação em Rádio, TV e Internet;;;São Paulo;;female;https://www.behance.net/camilakamimura;média;"formação informada em perfil profissional autodeclarado; instituição não identificada";Wikidata;alta;FILE;baixa;-23.5486657;-46.6382522;100.0;;;;;fonte recente indica artista em atividade;;;;"pesquisa realizada; biografia sem ano explícito de nascimento/morte.";
Camille Burdy;;;França;ARIES School of Graphic and Motion Design;48.856667;2.352222;França;;female;Ruffled Crow / créditos do filme escolar;média;;FILE Festival (País de Origem);alta;FILE;alta;46.559417044;2.550539953;100.0;;;;;sem óbito identificável em fonte consultada;;;;"pesquisa realizada; biografia sem ano explícito de nascimento/morte.";
Camille Graeser;1892;1980;Suíça;State Academy of Fine Arts Stuttgart > Königliche Kunstgewerbeschule;48.7775 > 48.1375;9.18 > 11.575;Carouge;Wald;male;https://legacy.vonbartha.com/artists/camille-graeser/;alta;Curso identificado como mobiliário e design de interiores.;Wikidata;alta;MAC USP;alta;46.181758875;6.139965114;100.0;47.275597293;8.911770999;100.0;Camille Graeser Stiftung;;alta;Ulan;Ulan;;alta
Camille Kachani;1963;;Líbano > Brasil;formação em fotografia e pintura > estudos em Economia e História (instituições não identificadas na fonte);>;>;Beirute, Líbano;;male;https://pt.wikipedia.org/wiki/Camille_Kachani;média;As áreas de formação aparecem na fonte, mas sem nome de instituição> mantida redação conservadora.;Editora Cobogó;média;MAC USP;baixa;33.88863;35.49548;;;;;;fonte recente indica artista em atividade;;Wikidata > Ulan;;;alta
Camilo Colmenares;1976;;Colômbia;National University of Colombia > Academy of Media Arts Cologne (KHM);4.6355555555556 > 50.93475582568144;-74.082777777778 > 6.962159950772375;Bogotá, Colômbia;;male;Animafest | KHM | FILE Festival;alta;;ISM ISM ISM / Deutsche Biographie;alta;FILE;;4.6068824;-74.071837;100.0;;;;;fonte recente indica artista em atividade;;;;;
Camilo Giraldo Angel;;;Colômbia;Instituto Superior de Arte, La Habana;23.088783;-82.446802;Pereira;;male;biografia oficial do artista;média;;Wikidata;alta;FILE;;4.812216;-75.6920466;100.0;;;;;fonte recente indica artista em atividade;;;;"pesquisa realizada; biografia consultada sem ano biográfico explícito.";
Camilo Herminda;1972;;Colômbia;Jorge Tadeo Lozano University > National University of Córdoba > University of Caldas;4.606805555555556 > -31.4375 > 5.05611;-74.06755555555556 > -64.18777778 > -75.4928;Colômbia;;male;ISEA Symposium Archives;alta;FILE explicita “País de Origem”> preenchido em nível de país.;FILE Festival (País de Origem);alta;FILE;;3.901115804;-73.075754924;100.0;;;;;"possível variação gráfica; fonte recente indica atividade";;;;;
Campos Ayres;1881;1944;Brasil;formação autodidata inicial > Pensionato Artístico do Estado de São Paulo > Académie Julian;>  > 48.871111;>  > 2.341667;Itapetininga;São Paulo;male;https://www.ufrgs.br/acervopbsa/autor_/campos-ayres-diogenes/ | https://pt.wikipedia.org/wiki/Campos_Ayres;média;As fontes também citam aulas com Henry Royer, Robert Fleury/Tony Robert-Fleury e Jean-Paul Laurens em Paris.;Wikidata;alta;Museu Paulista;alta;-23.5905428;-48.0534686;100.0;-23.5486657;-46.6382522;;Enciclopédia Itaú Cultural;;alta;Wikidata > Ulan;Wikidata > Ulan;;alta
Candido Portinari;1903;1962;Brasil;Escola Nacional de Belas Artes;-22.862506;-43.225662;Brodowski;Rio de Janeiro;male;Projeto Portinari;média;;Wikidata;alta;MAC USP;alta;-20.9904425;-47.6579131;100.0;-22.9014475;-43.1789159;100.0;Enciclopédia Itaú Cultural;;alta;Ulan;Ulan;;alta
Carl Burton;;;;;;;;;male;;;local de nascimento não localizado em fonte auditável;;;FILE;;;;;;;;;fonte recente indica artista em atividade;;;;"homônimo provável; sem desambiguação segura do artista do FILE.";
Carl Emil Carlsen;1982;;Reino da Dinamarca;Designskolen Kolding;55.4862;9.4803;Dinamarca;Nova York;male;Worksome;média;;cec.dk;média;FILE;;55.959300779;10.053934054;100.0;40.7130466;-74.0072301;;National Gallery of Art;;alta;;;;
Carl Friedrich Philipp von Martius;1794;1868;Reino da Baviera;Friedrich-Alexander-Universität Erlangen-Nürnberg > Royal Bavarian Academy;49.5979 > 48.153196;11.0046 > 11.580312;Erlangen;Munique;male;https://arquivo.acad-ciencias.pt/details?detailsType=Authority&id=20910 | https://www.britannica.com/biography/Karl-Friedrich-Philipp-von-Martius;alta;Creator tratado como botânico/ilustrador-viajante> dados de formação acadêmica são bem documentados.;Wikidata;alta;Coleção Brasiliana Itaú;alta;49.595132999;11.00498;100.0;48.143438999;11.573599;100.0;Britannica;;alta;;;;
Carl Morris;1911;1993;Estados Unidos;School of the Art Institute of Chicago (SAIC) > Chicago Art Institute > Kunstgewerbeschule > Vienna Academy of Fine Art;41.879444 > 41.87944444444445 > 48.201388888889 > 48.201388888889;-87.623889 > -87.62388888888889 > 16.365277777778 > 16.365277777778;Yorba Linda;;male;https://www.usbr.gov/museumproperty/art/biomorri.html;alta;datas não localizadas na fonte consultada;Wikidata;alta;MAC USP;média;33.888526;-117.824314;100.0;;;;;local de morte não confirmado em fonte robusta;;Ulan;Ulan;;alta
Carla Gannis;1970;;Estados Unidos;Boston University College of Fine Arts;42.34888888888889;-71.10027777777778;Oxford;;female;https://www.carlagannis.com/html/cv.html | https://en.wikipedia.org/wiki/Carla_Gannis;média;;Wikidata;alta;FILE;;51.751982657;-1.257628623;100.0;;;;;fonte recente indica artista em atividade;;;;;
Carlito Contini;1960;;Brasil;Fundação Armando Álvares Penteado (FAAP) > Escola de Comunicações e Artes da Universidade de São Paulo (ECA-USP);-23.5450155 > -23.56012;-46.6630802 > -46.72985;São Paulo;;male;https://www.iea.usp.br/pessoas/pasta-pessoac/carlito-contini | https://carlitocontini.com/arquivos/cv2.pdf;alta;dados recuperados de base auxiliar> datas não localizadas. Fontes confirmam licenciatura na FAAP e mestrado em Poéticas Visuais na ECA-USP.;Wikidata;alta;MAC USP;alta;-23.5486657;-46.6382522;100.0;;;;;fonte recente indica artista em atividade;;Wikidata > Ulan;;;alta
Carlo Carrà;1881;1966;Itália;Accademia di Belle Arti di Brera;45.472222;9.188889;Quargnento;Milão;male;https://www.britannica.com/biography/Carlo-Carra;alta;Fontes consultadas indicam estudo breve na academia e forte componente autodidata.;Wikidata;alta;MAC USP;média;44.9459444;8.4881296;100.0;45.4636183;9.1881156;100.0;Treccani;;alta;Ulan;Ulan;;alta
Carlo De Servi;1871;1947;Brasil;Escola de Belas Artes de Lucca > estudos em Roma com Alfredo Norfini;43.85 > ;10.516667 > ;Lucca;Lucca;male;https://pt.wikipedia.org/wiki/Carlo_De_Servi | https://www.catalogodasartes.com.br/artista/Carlo%20de%20Servi/;média;;Wikidata;alta;Museu Paulista;alta;43.8430139;10.507994;100.0;43.8430139;10.507994;100.0;Enciclopédia Itaú Cultural;corrigido de Rome para Lucca;alta;Wikidata > Ulan;Wikidata > Ulan;;alta
Carlos Alberto Carneiro Asp;1949;;Brasil;Universidade Federal do Rio Grande do Sul (UFRGS) > CEART/UDESC (Educação Artística – Artes Plásticas);-30.033611 > -27.60111111;-51.219167 > -48.52;Porto Alegre;;male;MASC> UDESC;alta;bacharel em Artes Plásticas pela UFRGS e licenciado em Educação Artística pelo CEART/UDESC> datas não localizadas;Wikidata;alta;Museu Victor Meirelles;alta;-30.027679;-51.2286404;100.0;;;;;fonte recente indica artista em atividade;;Wikidata;;;alta
Carlos Aliseris;1898;1974;Uruguai;Escuela Industrial Nº1 de Montevideo;-34.90591666666667;-56.19131111111111;Montevidéu;Montevidéu;male;https://arte.parlamento.gub.uy/autor/view/258;média;frequenta aulas de modelado com Luis Falcini;Wikidata;alta;MAC USP;média;-34.9055557;-56.1852505;100.0;-34.9055557;-56.1852505;100.0;Arte Activo / museos.gub.uy;;alta;;;;
Carlos Antônio Botelho;1899;1982;;Liceu Pedro Nunes > estudo de violino > Faculdade de Belas Artes;38.71659 > 38.708042 > 38.708042;-9.158899 > -9.139016 > -9.139016;;Lisboa;;https://raiz.museusemonumentos.pt/DetalhesAutor?authorId=68129;alta;fonte consultada refere-se ao pintor português Carlos Botelho;;;;alta;;;;38.7070085;-9.1356407;;RAIZ – Museus e Monumentos de Portugal;;alta;;;;
Carlos Balliester;1874;1926;Brasil;estudos com Auguste Petit;-22.91111111111111;-43.20555555555556;Rio de Janeiro;Rio de Janeiro;male;https://pt.wikipedia.org/wiki/Carlos_Balliester | https://www.netsaber.com.br/biografias/biografia-3563/biografia-de-carlos-balliester;média;A formação aberta recuperável é o estudo com Auguste Petit.;Wikidata;alta;Museu Histórico Nacional;média;-22.9014475;-43.1789159;100.0;-22.9014475;-43.1789159;100.0;Enciclopédia Itaú Cultural;;alta;Wikidata;Wikidata;;alta
Carlos Chambelland;1884;1950;Brasil;Escola Nacional de Belas Artes > Liceu de Artes e Ofícios do Rio de Janeiro;-22.8625055 > -22.91111111111111;-43.2256622 > -43.20555555555556;Rio de Janeiro;Rio de Janeiro;male;https://www.guiadasartes.com.br/carlos-chambelland/biografia> https://pt.wikipedia.org/wiki/Carlos_Chambelland;média;em Paris frequentou o ateliê de Puvis de Chavannes> a fonte não traz escola formal para esse período;Wikidata;alta;Museu Histórico Nacional;média;-22.9014475;-43.1789159;100.0;-22.9014475;-43.1789159;100.0;Enciclopédia Itaú Cultural;;alta;Wikidata > Ulan;Wikidata > Ulan;;alta
Carlos Delfino;1964;;Argentina;ateliê de Carlos Fajardo;-23.5331446;-46.6267577;Santa Fe;;male;https://www.catalogodasartes.com.br/artista/Carlos%20Delfino/;média;estudo em ateliê> escola formal não localizada;Wikidata;alta;MAC USP;média;-31.6333;-60.7000;100.0;;;;;homônimo não desambiguado com segurança;;;;;
Carlos Franklin;1979;;Colômbia;Universidad de los Andes > Le Fresnoy – Studio national des arts contemporains;4.6011 > 50.7001129;-74.0660 > 3.1547097;Colômbia;;male;FMSH | FILE Festival;alta;;FMSH / FILE Festival;alta;FILE;;3.901115804;-73.075754924;100.0;;;;;fonte recente indica artista em atividade;;;;;
Carlos Lima;;;;;;;;;male;;;A fonte indica início da pintura incentivado por Carlos Scliar, sem escola formal nomeada.;;;;média;;;;;;;;homônimo não desambiguado com segurança;;;;homônimo não desambiguado com segurança.;
Carlos Mendonça;1939;2016;Portugal;Escola Veiga Beirão > estudos de dança com Ruth Asvin, Anna Mascolo e Isabel Santa Rosa > Estúdios Vaquer > estudos com Jacques Van de Veld > Ealing College of Art;38.711944 >  >  >  > 51.5064;-9.140833 >  >  >  > -0.3052;Lisboa;Lisboa;male;https://pt.wikipedia.org/wiki/Carlos_Mendon%C3%A7a | https://www.bertrand.pt/autor/carlos-mendonca/3384784 | https://www.revistadadanca.com/2457/;média;Formação artística combinada entre teatro, dança clássica e desenho/história do traje.;Wikidata;alta;Museu de Arte Religiosa e Tradicional;alta;38.7070085;-9.1356407;100.0;38.7070085;-9.1356407;100.0;https://pt.wikipedia.org/wiki/Carlos_Mendon%C3%A7a;Identidade confirmada como José Carlos dos Santos Mendonça, artista português falecido em Lisboa em 2016.;média;Wikidata;Wikidata;;alta
Carlos Mérida;1891;1985;Guatemala;Académie Colarossi;48.842222222222;2.3308333333333;Guatemala City;Cidade do México;male;Wikipédia;média;identificado como artista;Wikidata;alta;MAC USP;média;14.64198;-90.51324;100.0;19.430457906;-99.141684761;100.0;MUNAE / INBAL;fontes divergem no ano, não no local;média;Ulan;Ulan;;alta
Carlos Prado;1908;1992;Brasil;Escola Politécnica de São Paulo;-23.56012;-46.72985;São Paulo;São Paulo;male;https://pt.wikipedia.org/wiki/Carlos_da_Silva_Prado;média;"instituição identificada em fontes sumárias. A fonte localizada indica formação em engenharia-arquitetura na Escola Politécnica de São Paulo; o Liceu de Artes e Ofícios foi removido.";Wikidata;alta;MAC USP;baixa;-23.5486657;-46.6382522;100.0;-23.5486657;-46.6382522;100.0;Enciclopédia Itaú Cultural;;alta;Ulan;Ulan;;alta
Carlos Reis;1863;1940;Portugal;Academia de Belas-Artes de Lisboa;38.708042;-9.139016;Torres Novas;Coimbra;male;https://arteweek.blogspot.com/2020/09/o-naturalismo-de-carlos-reis.html | https://pt.wikipedia.org/wiki/Carlos_Ant%C3%B3nio_Rodrigues_dos_Reis> https://arteweek.blogspot.com/2020/09/o-naturalismo-de-carlos-reis.html;média;A fonte consultada aponta Carlos Reis como discípulo de Silva Porto.;Wikidata;alta;Museu Nacional de Belas Artes;média;39.505553540741;-8.550812193704;100.0;40.211491;-8.4292014;100.0;e-cultura;;alta;Ulan;Ulan;;alta
Carlos Scliar;1920;2001;Brasil;aulas com Gustav Epstein;-30.033611111111;-51.219166666667;Santa Maria;Rio de Janeiro;male;Wikipédia;média;formação artística inicial por aulas, não por instituição formal;Wikidata;alta;MAC USP;baixa;-29.6842;-53.8069;100.0;-22.9014475;-43.1789159;100.0;Enciclopédia Itaú Cultural;;alta;Wikidata > Ulan;Wikidata > Ulan;;alta
Carlos Vázquez Úbeda;1869;1944;Espanha;formação inicial com Joaquín Herrer y Rodríguez > Real Academia de Bellas Artes de San Fernando > estudos com Léon Bonnat; > 40.4178 > ; > -3.7007 > ;Ciudad Real;Barcelona;male;https://www.museodelprado.es/coleccion/artista/vazquez-ubeda-carlos/a81a11e7-5afa-459b-83af-ea6ef9c8c7c3 | https://en.wikipedia.org/wiki/Carlos_V%C3%A1zquez_%C3%9Abeda;média;;Wikidata;alta;MASP;alta;38.9861041;-3.9272645;100.0;41.387917;2.1699187;100.0;Museo del Prado;;alta;Wikidata > Ulan;Wikidata > Ulan;;alta
Carlos Zilio;1944;;Brasil;Universidade Federal do Rio de Janeiro (UFRJ) > Instituto de Belas Artes do Rio de Janeiro;-22.8625 > -22.91111111111111;-43.223888888889 > -43.20555555555556;Rio de Janeiro;;male;Wikipédia;média;identificado como artista> período aproximado;Wikidata;alta;MAC USP;média;-22.9014475;-43.1789159;100.0;;;;;fonte recente indica artista em atividade;;Wikidata > Ulan;;;alta
Carmela Gross;1946;;Brasil;Fundação Armando Álvares Penteado (FAAP);-23.5450155;-46.6630802;São Paulo;;female;Wikipédia> Enciclopédia Itaú Cultural;alta;identificado como artista> data final de graduação localizada;Wikidata;alta;MAC USP;alta;-23.5486657;-46.6382522;100.0;;;;;fonte recente indica artista em atividade;;Ulan;;;alta
Carmen Gil Vrolijk;;;Colômbia;Universidad de los Andes > Pontificia Universidad Javeriana;4.62894444 > 4.62894444;-74.06485 > -74.06485;;;female;CvLAC / Voltaje;média;fontes localizadas informam atuação e residência em Bogotá, não nascimento;;;FILE;;;;;;;;;fonte recente indica artista em atividade;;;;"pesquisa realizada; perfis institucionais sem ano explícito de nascimento/morte.";
Carmélio Cruz;1924;2018;Brasil;formação com o mestre Jacinto de Souza;;;Canindé, CE, Brasil;;male;https://enciclopedia.itaucultural.org.br/pessoas/3411-carmelio-cruz;alta;Fonte registra aprendizado com mestre, não instituição formal.;https://enciclopedia.itaucultural.org.br/pessoas/3411-carmelio-cruz;alta;MAC USP;média;-4.3581;-39.3117;;;;;;fonte consultada sem local de morte explícito;;;;;
Carolus Duran;1837;1917;França;École des beaux-arts de Lille > Académie de Lille > ateliê de François Souchon > Académie Suisse;50.631944 > 50.631944444444 >  > 48.8545;3.0575 > 3.0575 >  > 2.3446;Lille;Paris;male;https://pt.wikipedia.org/wiki/Carolus-Duran> https://iamasf.org/art/artists/carolus-duran/;média;formação combinando academia local, estudo em ateliê e frequência posterior à Académie Suisse;Wikidata;alta;Museu Casa da Hera;média;50.6304582;3.071339915;100.0;48.8566666667;2.3522222222;100.0;Musée d’Orsay;normalizado de arrondissement para cidade;alta;;;;
CaRTe bLaNChe: Tanaami;1936;2024;Japão;Musashino Art University;35.72611111;139.4475;Tóquio, Japão;;male;The National Art Center, Tokyo;média;;The National Art Center, Tokyo;alta;FILE;;35.68945633;139.69171609;100.0;;;;;"registro nominal não padronizado; não desambiguado";;;;;
Carybé;1911;1997;Brasil;Escola Nacional de Belas Artes;-22.862506;-43.225662;Lanús;Salvador;male;Escritório de Arte> Wikipédia;média;também completou estudos secundários no Rio de Janeiro;Wikidata;alta;MAC USP;média;-34.6955253;-58.4076546;100.0;-12.9641527;-38.5058208;100.0;Libraries Australia authority;;média;Ulan;Ulan;;alta
Castan C.;;;;;;;;;;;;identificação incompleta> não foi possível desambiguar com segurança;;;Museu Casa da Hera;;;;;;;;;registro nominal do acervo não desambiguado com segurança;;;;;
Cedric Yon;;;;Pratt Institute;40.691111;-73.963889;;;male;Saatchi Art;média;homônimos recorrentes em fontes abertas> local de nascimento não desambiguado com segurança;;;FILE;;;;;;;;;fonte recente indica artista em atividade;;;;"pesquisa realizada; perfil consultado sem ano biográfico explícito.";
Celina Portella;1977;;Brasil;Pontifícia Universidade Católica do Rio de Janeiro (PUC-RJ) > Université Paris 8 Saint-Denis;-22.97868 > 48.944722222222;-43.232819 > 2.3633333333333;Rio de Janeiro, Rio de Janeiro, Brasil;;female;FILE Festival;alta;;Itaú Cultural / Zipper Galeria;alta;FILE;;-22.9014475;-43.1789159;100.0;;;;;fonte recente indica artista em atividade;;;;;
Chan Stéphie Peang;;;;Supinfocom Rubika;50.35805555555555;3.523333333333333;;;female;FILE Festival;alta;fontes localizadas informam formação e atuação, sem local de nascimento explícito;;;FILE;;;;;;;;;fonte consultada sem local de morte explícito;;;;"pesquisa realizada; biografia de grupo sem ano biográfico explícito localizado.";
Charles Frederic Le Brun;1811;1871;Suíça;;;;Colmar;Veysonnaz;male;;;"O registro corresponde a Charles-Frédéric Brun, conhecido como Le Déserteur; não foi localizada formação acadêmica ou aprendizado com mestres documentado.";Wikidata;alta;Museu Regional São João Del Rey;média;48.079343502;7.358139881;100.0;46.193356862;7.337602777;100.0;Deutsche Biographie;registro corresponde a Charles-Frédéric Brun;média;;;;
Charles Joseph Suares;1892;1976;França;École nationale supérieure des beaux-arts > estudos de gravura com Celestino Celestini;48.853997 > ;2.333500 > ;Alexandria, Egito;Paris;male;https://en.wikipedia.org/wiki/Carlo_Suar%C3%A8s;média;formação artística principal em ateliês em Paris;https://en.wikipedia.org/wiki/Carlo_Suar%C3%A8s;média;MAC USP;média;31.2001;29.9187;;48.8566666667;2.3522222222;100.0;AGORHA / INHA;registro corresponde a Joseph Charles Suarès [Carlo Suarès];alta;https://en.wikipedia.org/wiki/Carlo_Suar%C3%A8s;https://en.wikipedia.org/wiki/Carlo_Suar%C3%A8s;;alta
Charles Landseer;1799;1879;Reino Unido;Royal Academy Schools > formação com Benjamin Robert Haydon;51.507222 > ;-0.1275 > ;Londres;Londres;male;https://en.wikipedia.org/wiki/Charles_Landseer | https://www.britannica.com/biography/Charles-Landseer;alta;;Wikidata;alta;Pinacoteca de São Paulo;alta;51.50740836;-0.127698693;100.0;51.50740836;-0.127698693;100.0;Enciclopédia Itaú Cultural;;alta;Wikidata > Ulan;Wikidata > Ulan;;alta
Charles Watson;1951;;Reino Unido;Bath Academy of Art / Bath University;51.3814;-2.3597;Norwich;;male;https://enciclopedia.itaucultural.org.br/pessoas/2841-charles-watson | https://www.pipaprize.com/pag/charles-watson/;alta;;Wikidata;alta;MAC USP;alta;52.628893307;1.293330365;100.0;;;;;fonte recente indica artista em atividade;;;;;
Charlote Gross;1903;1965;;;;;Alemanha;Brasil;;;;fonte institucional informa apenas país de nascimento | nome parcial e fonte aberta insuficiente para localizar formação com segurança;MAC USP;alta;MAC USP;;51.110631049;10.392277932;;-10.769946429;-53.073466889;100.0;MASC;"nome do acervo varia entre Charlote e Charlotte; fonte institucional informa apenas o país";média;;;;
Charlotta Adlerová;1908;1989;Alemanha;Escola de Artes e Ofícios Berlim-Charlottenburg > Escola Reimann > Atelier-Abstração;52.516667 > 52.516666666667 > -23.550394444444;13.383333 > 13.383333333333 > -46.633947222222;Berlim;São Paulo;female;Enciclopédia Itaú Cultural;alta;;Wikidata;alta;MAC USP;alta;52.517669999;13.405537999;100.0;-23.5486657;-46.6382522;100.0;MAC USP;;alta;Ulan;Ulan;;alta
Chen-kong Fang;1931;2012;Brasil;estudos de sumi-ê e aquarela com Chang-Zenshen > estudos de pintura com Yoshiya Takaoka;>;>;Tung Cheng, Anhui, China;São Paulo;male;https://pt.wikipedia.org/wiki/Chen_Kong_Fang | https://almeidaedale.com.br/artistas/chen-kong-fang/;média;A formação aparece por mestres, não por instituição formal única.> fonte de nascimento usa a grafia Chen Kong Fang;Instituto Tomie Ohtake;alta;MAC USP;alta;30.512;116.959;;-23.5486657;-46.6382522;100.0;MAC USP;;alta;Wikidata > Ulan;Wikidata > Ulan;;alta
Chi Po Hao;1989;;Taiwan;Goldsmiths, University of London;51.474269444444445;-0.03541111111111111;Taipé;;male;https://chipohao.com/cv/ | https://act.mit.edu/about/people/po-hao-chi/;alta;;Wikidata;alta;FILE;;25.0384125;121.5637046;100.0;;;;;fonte recente indica artista em atividade;;Wikidata;;;alta
Chris Romero;1987;;Estados Unidos;New York University (NYU);40.729591;-73.996895;New Brunswick, Nova Jersey, Estados Unidos;;male;AIR 3331 / Tokyo Arts and Space;média;;site oficial do artista;alta;FILE;;40.4959469;-74.4441187;100.0;;;;;fonte recente indica artista em atividade;;;;;
Chrischa Venus Oswald;1984;;Alemanha;University of Arts Linz;48.3066;14.2857;Alemanha;;female;site oficial da artista;alta;;site oficial da artista / FILE Festival;alta;FILE;;51.110631049;10.392277932;100.0;;;;;fonte recente indica artista em atividade;;;;;
Christian Larrave;;;Estados Unidos;Rhode Island School of Design;41.825833;-71.407778;Estados Unidos;;male;FILE Festival (biografia do artista);alta;;FILE Festival (País de Origem);alta;FILE;;39.398703156;-99.41461919;100.0;;;;;fonte consultada sem local de morte explícito;;;;"pesquisa realizada; biografia consultada sem ano biográfico explícito.";
Christian Merrill;;;Estados Unidos;Bowling Green State University;41.38;-83.64;Estados Unidos;;male;FILE Festival;alta;;FILE Festival (País de Origem);alta;FILE;alta;39.398703156;-99.41461919;100.0;;;;;fonte recente indica artista em atividade;;;;"pesquisa realizada; biografia consultada sem ano biográfico explícito.";
Christin Marczinzik;1988;;Alemanha;Magdeburg-Stendal University > International University of Fine Arts in Poznan > Burg Giebichenstein University of Art and Design;52.131589 > 52.408333 > 51.4867;11.639961 > 16.933611 > 11.9688;Magdeburgo, Alemanha;;female;Frankfurter Kunstverein;alta;;FILE Vitória;alta;FILE;;52.126247999;11.632726;100.0;;;;;fonte recente indica artista em atividade;;;;;
Christina Radner;;;;University of Vienna;48.213055555555556;16.35972222222222;;;female;FILE Festival (biografia da artista);alta;fontes localizadas informam atuação institucional e formação, sem local de nascimento explícito;;;FILE;;;;;;;;;fonte recente indica artista em atividade;;;;"pesquisa realizada; perfis institucionais sem ano explícito de nascimento/morte.";
Christo Guelov;1965;;Espanha;Universidad Complutense de Madrid;40.44903888888889;-3.727030555555555;Veliko Tarnovo, Bulgária;;male;FILE Festival (biografia do artista);alta;;highlike / ARTEINFORMADO;média;FILE;;43.0785562;25.6271574;100.0;;;;;fonte recente indica artista em atividade;;;;;
Cildo Meireles;1948;;Brasil;Fundação Cultural do Distrito Federal > Escola Nacional de Belas Artes;-15.793888888889 > -22.8625055;-47.882777777778 > -43.2256622;Rio de Janeiro;;male;https://www.itaucultural.org.br/ocupacao/cildo-meireles/cildo/> https://www.ccta.ufpb.br/pinacoteca/contents/menu/institucional/biografia/cildo-meireles-1948;alta;também estudou com Félix Barrenechea> fontes convergem sobre 1963 em Brasília e estudo breve na ENBA em 1967;Wikidata;alta;MAC USP;alta;-22.9014475;-43.1789159;100.0;;;;;fonte recente indica artista em atividade;;Ulan;;;alta
Cimbelino Ramos de Freitas;1887;1970;Brasil;Escola Normal de São Paulo > aluno de Pietro Strina;-23.550394 > ;-46.633947 > ;São Paulo;São Paulo;male;https://enciclopedia.itaucultural.org.br/pessoas/6698-cimbelino-de-freitas | https://www.academia.edu/64104524/O_Desenho_na_forma%C3%A7%C3%A3o_de_professores;alta;A formação recuperada combina escola normal e aprendizado com Pietro Strina.;Wikidata;alta;Museu Histórico Nacional;média;-23.5486657;-46.6382522;100.0;-23.5486657;-46.6382522;100.0;Enciclopédia Itaú Cultural;;alta;Wikidata;Wikidata;;alta
Cincinato Mavignier;;;França;Escola Nacional de Belas Artes > Académie de la Grande Chaumière > Hochschule für Gestaltung Ulm (HfG Ulm);-22.8625055 > 48.842342 > 48.3806;-43.2256622 > 2.330848 > 9.95278;;;male;https://enciclopedia.itaucultural.org.br/pessoa8462/cincinato-mavignier | https://pt.wikipedia.org/wiki/Alu%C3%ADsio_Carv%C3%A3o> https://enciclopedia.itaucultural.org.br/pessoa8462/cincinato-mavignier;média;A etapa em Ulm é especialmente bem documentada> nomeei as instituições com forma oficial.;;;Museu Histórico Nacional;alta;;;;;;;;data de falecimento localizada, mas sem local de morte explícito em fonte aberta robusta;;;;fontes institucionais situam atividade em meados do século XIX, sem anos biográficos explícitos.;
Ciro Cozzolino;1859;1921;Brasil;Instituto de Artes e Decoração (IADÊ);-23.550394;-46.633947;São Paulo;;male;https://enciclopedia.itaucultural.org.br/pessoas/2217-ciro-cozzolino | https://www.catalogodasartes.com.br/artista/Ciro%20Cozzolino/;média;;Wikidata;alta;MAC USP;alta;-23.5486657;-46.6382522;100.0;;;;;fonte recente indica artista em atividade;;Ulan;Ulan;;alta
Ciça Santos;;;;;;;;;female;;;identificação parcial> não foi possível desambiguar com segurança;;;Museu Casa da Princesa;;;;;;;;;homônima não desambiguada com segurança;;;;homônimo/nome artístico sem desambiguação segura.;
Claire Dejoie;;;França;RUBIKA;50.37418867266314;3.523292769496986;França;;female;SIGGRAPH History Archives / créditos de produção;alta;;FILE Festival (País de Origem);alta;FILE;alta;46.559417044;2.550539953;100.0;;;;;fonte recente indica artista em atividade;;;;"pesquisa realizada; site oficial e biografia sem ano explícito de nascimento/morte.";
Claire Vandermeersh;;;França;Supinfocom Rubika;50.35805555555555;3.523333333333333;França;;female;FILE Festival;alta;FILE explicita “País de Origem: France”> preenchido em nível de país.;FILE Festival (País de Origem);alta;FILE;alta;46.559417044;2.550539953;100.0;;;;;fonte consultada sem local de morte explícito;;;;"biografia de grupo localizada; sem ano explícito de nascimento ou morte";
Claire Villacorta;1975;;Filipinas;University of the Philippines Diliman;14.654861111111;121.06446944444;Filipinas;;female;Department of Art Studies, UP Diliman;média;FILE explicita “País de Origem: Philippines”> preenchido em nível de país.;FILE Festival (País de Origem);alta;FILE;alta;12.879721;121.774017;;;;;;fonte consultada sem local de morte explícito;;;;;
claRa apaRicio yoldi;1901;;Espanha;Universidad Complutense de Madrid > London Metropolitan University > Goldsmiths, University of London;40.44903888888889 > 51.551574 > 51.474269444444445;-3.727030555555555 > -0.110687 > -0.03541111111111111;Espanha;;female;dossiê da artista | Domestika;média;;Wikidata;alta;FILE;;40.22794966;-3.646063105;100.0;;;;;fonte recente indica artista em atividade;;Wikidata;;;alta
Clara Heteny;1919;1974;Itália;School of Applied Arts > Tibor Galle School of Drawing > Strasser Atelier;47.4979 > 47.4979 > ;19.0402 > 19.0402 > ;Budapeste;Milão;female;https://www.hetenyfrancini.com/en/clara-heteny-biography/ | https://www.catalogodasartes.com.br/artista/Clara%20Heteny/;média;A biografia consultada lista a formação inicial em Budapeste, mas sem datas precisas.;Wikidata;alta;MAC USP;alta;47.4981441;19.0405528;100.0;45.4636183;9.1881156;100.0;MNAV;registro institucional usa Clara Heteny de Francini;média;Wikidata;Museo Nacional de Artes Visuales (Uruguai);óbito confirmado em fonte museológica institucional;alta
Clara Reial;;;Brasil;Universidade de Fortaleza (UNIFOR);-3.7687753;-38.478061;Brasil;;female;FILE Festival;alta;;FILE Festival (País de Origem);alta;FILE;alta;-10.769946429;-53.073466889;100.0;;;;;fonte recente indica artista em atividade;;;;"biografia localizada em FILE/perfil público; sem ano biográfico explícito";
Clarissa Ribeiro;1977;;Brasil;Escola de Comunicações e Artes da USP (ECA-USP);-23.558333;-46.726944;Visconde do Rio Branco, Minas Gerais, Brasil;;female;FILE Festival (biografia da artista);alta;;Enciclopédia Itaú Cultural;alta;FILE;;-21.0104;-42.8401;;;;;;fonte recente indica artista em atividade;;;;;
Claude Monet;1840;1926;França;École des Beaux-Arts de Paris;48.853997;2.333500;Paris;Giverny;male;https://www.britannica.com/biography/Claude-Monet;alta;sem formação artística formal> estudou desenho com artista local e com Eugène Boudin;Wikidata;alta;MASP;média;48.856372814;2.352529617;100.0;49.0761111111;1.5291666667;100.0;Britannica;;alta;Ulan;Ulan;;alta
Claudio Cretti;1964;;Brasil;Instituto de Artes e Decoração (IADÊ) > Escola de Belas Artes;-23.550394 > -23.550394444444;-46.633947 > -46.633947222222;Belém, PA, Brasil;;male;https://amgaleria.com.br/artista/claudio-cretti/> https://enciclopedia.itaucultural.org.br/pessoas/3685-claudio-cretti;alta;abandona o curso de artes plásticas no mesmo ano de ingresso;Enciclopédia Itaú Cultural;alta;MAC USP;alta;-1.4549817;-48.502273;;;;;;fonte recente indica artista em atividade;;Ulan;;;alta
Claudio Tozzi;1944;;Brasil;Faculdade de Arquitetura e Urbanismo e de Design da USP (FAU-USP);-23.56012;-46.72985;São Paulo;;male;Wikipédia;média;identificado como artista> formação em arquitetura;Wikidata;alta;MAC USP;alta;-23.5486657;-46.6382522;100.0;;;;;fonte recente indica artista em atividade;;Wikidata > Ulan;;;alta
Clayton Shonkwiler;;;Estados Unidos;University of Pennsylvania;39.95388888888889;-75.19305555555556;Estados Unidos;;male;https://orcid.org/0000-0002-4811-8409 | https://www.math.colostate.edu/~clayton/cv/cv.pdf;alta;;FILE Festival (País de Origem);alta;FILE;;39.398703156;-99.41461919;100.0;;;;;fonte recente indica artista em atividade;;;;"página oficial e perfil acadêmico localizados; sem ano biográfico explícito";
Clemens Wirth;;;Áustria;Salzburg University of Applied Sciences (FH Salzburg);47.7237;13.087;Áustria;;male;FILE Festival> FH Salzburg;alta;;FILE Festival (País de Origem);alta;FILE;alta;47.585810005;14.137076948;100.0;;;;;fonte recente indica artista em atividade;;;;"site oficial e FILE localizados; sem ano biográfico explícito";
Clóvis Graciano;1907;1988;Brasil;estudos com Waldemar da Costa > Escola Paulista de Belas Artes (aluno ouvinte) > estudos de gravura e pintura mural; > -23.550394 > ; > -46.633947 > ;Araras;São Paulo;male;https://enciclopedia.itaucultural.org.br/pessoas/1427-clovis-graciano;alta;Também estudou gravura e pintura mural em Paris, mas a instituição não foi identificada com segurança nas fontes revisadas> Parte da formação ocorreu com mestre e como aluno ouvinte> estudos posteriores em Paris após prêmio de viagem.;Wikidata;alta;MAC USP;média;-22.3864448;-47.3847424;100.0;-23.5503944444;-46.6339472222;100.0;Enciclopédia Itaú Cultural;;alta;Wikidata;Wikidata;;alta
Colin Potter;1952;;Reino Unido;;;;York, Reino Unido;;male;;;biografias localizadas neste lote não informam formação;Musichearts / Last.fm;média;FILE;;53.962026649;-1.083683588;100.0;;;;;fonte recente indica artista em atividade;;Wikidata;;;alta
Columbano Bordalo Pinheiro;1857;1929;Portugal;Academia de Belas-Artes de Lisboa > Academia Colarossi / ateliers em Paris;38.708042 > 48.842222222222;-9.139016 > 2.3308333333333;Lisboa;Lisboa;male;https://pt.wikipedia.org/wiki/Columbano_Bordalo_Pinheiro;média;em Paris também estuda com Gustave Courtois e Raphael Collin;Wikidata;alta;MASP;média;38.7070085;-9.1356407;100.0;38.7;-9.1833333333;100.0;ArqNet;;média;Ulan;Ulan;;alta
Constance Joliff;1989;;França;École des beaux-arts de Bordeaux > École de Cinéma d’Animation Georges Méliès;44.83111111111111 > 48.74245192283895;-0.5611111111111111 > 2.392101897752613;Vannes, França;;female;FILE Festival (biografia da artista);alta;;KuB / FILE Festival;alta;FILE;;47.65836516;-2.760916527;100.0;;;;;fonte consultada sem local de morte explícito;;;;;
Constant Permeke;1886;1952;Bélgica;Royal Academy of Fine Arts, Ghent > Academy of Bruges > Academy of Ghent;51.05361111111111 > 51.20888888888889 > 51.05361111111111;3.725277777777778 > 3.224166666666666 > 3.725277777777778;Antuérpia;Ostende;male;https://www.britannica.com/biography/Constant-Permeke;alta;Britannica informa formação em academias de arte em Bruges e Ghent com datas específicas.;Wikidata;alta;MAC USP;alta;51.25942418;4.371799938;100.0;51.214075;2.9259333333;100.0;Britannica;;alta;;;;
Corentin Monnier;1986;;França;The Animation Workshop;56.4561;9.40611;Saint-Malo, França;;male;CV do artista;média;;CV oficial;alta;FILE;;48.651516337;-2.022738492;100.0;;;;;fonte recente indica artista em atividade;;;;;
Corinto Brissac de Lucena;1889;1978;;Escola Nacional de Belas Artes;-22.862506;-43.225662;Dom Pedrito, RS, Brasil;;male;https://www.culturaniteroi.com.br/blog/cultura-atividades-culturais-163 | https://pt.wikipedia.org/wiki/Corinto_Brissac_de_Lucena;média;A formação aparece após a reforma do Exército> a fonte aberta não traz ano de ingresso com precisão.;Secretaria de Estado da Cultura/RS (Museu Paulo Firpo);alta;Museu Histórico Nacional;média;-30.9828;-54.6731;;;;;;local de morte não confirmado em fonte institucional aberta;;Museu Paulo Firpo / Portal Mais Dom Pedrito;;"nascimento localizado em fonte local associada ao museu; óbito já constava no CSV";média
Cornelius Joksch;;;Alemanha;weißensee kunsthochschule berlin > University of the West of England;52.5581 > 51.5008;13.4393 > -2.5480;Alemanha;;male;site oficial do artista;alta;;FILE Festival (País de Origem);alta;FILE;alta;51.110631049;10.392277932;100.0;;;;;fonte recente indica artista em atividade;;;;;
Corrado Cagli;1910;1976;Itália;Accademia di Belle Arti di Brera;45.47222222;9.18888889;Ancona;Roma;male;https://it.wikipedia.org/wiki/Corrado_Cagli;média;Fontes consultadas confirmam a academia, mas não trouxeram datas precisas nesta passada.;Wikidata;alta;MAC USP;baixa;43.6171493;13.51599;100.0;41.8930555556;12.4827777778;100.0;Treccani;;alta;Wikidata > Ulan;Wikidata > Ulan;;alta
Costa Miranda;1818;1878;Brasil;Academia Imperial de Belas Artes > aluno de Debret e Grandjean de Montigny;-22.9071 > ;-43.1829 > ;;;male;https://pt.wikipedia.org/wiki/Costa_Miranda | https://www.escritoriodearte.com/artista/costa-miranda;média;;;;Museu Histórico Nacional;alta;;;;;;;;local de morte não confirmado em fonte institucional aberta;;Wikidata;Wikidata;;alta
Costanza Savarese;;;Itália;Conservatorio di Musica Santa Cecilia;41.90679;12.47865;Itália;;female;Viterbo Oggi;média;;FILE Festival (País de Origem);alta;FILE;alta;42.83333;12.83333;100.0;;;;;fonte recente indica artista em atividade;;;;;
Couto Filho;;;;Escola Nacional de Belas Artes;-22.8625055;-43.2256622;;;;https://enciclopedia.itaucultural.org.br/;alta;Registro conservador baseado em fonte aberta secundária> faltam datas precisas.;;;Museu Histórico Nacional;baixa;;;;;;;;registro nominal do acervo não desambiguado com segurança;;;;"autor listado no MHN sem datas biográficas; homônimo não desambiguado";
Crisaldo Morais;1932;1997;Brasil;formação em economia > autodidata na pintura;> -8.0551894;> -34.871176;Recife, PE, Brasil;Recife;male;https://ardies.com/collection/crisaldo-morais/;média;fontes indicam formação em economia e percurso autodidata na pintura> instituição não localizada;Enciclopédia Itaú Cultural;alta;MAC USP;média;-8.0551894;-34.871176;;-8.0538888889;-34.8808333333;100.0;Enciclopédia Itaú Cultural;;alta;Ulan;Ulan;;alta
Cristiano Panepuccia;1979;;Itália;autodidata;41.8905568;12.4942679;Roma, Itália;;male;https://archive.file.org.br/participantes/cristiano-panepuccia/;alta;;APOTROPIA / FILE Festival;alta;FILE;média;41.8905568;12.4942679;100.0;;;;;fonte recente indica artista em atividade;;Wikidata;;;alta
Cuzco school;;;;;;;;;;;;registro refere-se a uma escola/oficina artística, não a uma pessoa individual;;;Museu Histórico Nacional;;;;;;;;;registro coletivo/escola, não pessoa;;;;"autor coletivo/escola artística; datas biográficas não se aplicam a pessoa individual";
Cybèle Varela;1943;;Brasil;École du Louvre > Museu de Arte Moderna do Rio de Janeiro (MAM-RJ) > École des Hautes Études-Sorbonne;48.8627 > -22.91111111111111 > 48.856667;2.3364 > -43.20555555555556 > 2.352222;Petrópolis;;female;https://cybelevarela.com/pt-br/biografia/> https://enciclopedia.itaucultural.org.br/pessoas/2209-cybele-varela;alta;as fontes tratam os períodos em Paris como bolsas de estudo em história da arte;Wikidata;alta;MAC USP;alta;-22.5097992;-43.1753928;100.0;;;;;fonte recente indica artista em atividade;;Wikidata;;;alta
Cyprien Eugène Boulet;1877;1927;França;École des Beaux-Arts de Paris;48.853997;2.333500;Toulouse;Toulon;male;https://en.wikipedia.org/wiki/Cyprien_Eug%C3%A8ne_Boulet;média;Cronologia formativa não explicitada na fonte consultada.;Wikidata;alta;Pinacoteca de São Paulo;baixa;43.604595206;1.444217454;100.0;43.125;5.9305555556;100.0;BnF;;alta;Wikidata > Ulan;Wikidata > Ulan;;alta
Célia Fernandes;;;Brasil;Faculty of Pharmacy, University of Lisbon;38.7525;-9.1588888888889;Lisboa, Portugal;;female;https://www.wikidata.org/wiki/Q38802947 | https://projects.ctn.tecnico.ulisboa.pt/CFernandes/turquia/CV-C%20Fernandes.pdf;alta;;Portal do Município da Lourinhã;alta;FILE;;38.7070085;-9.1356407;100.0;;;;;fonte recente indica artista em atividade;;;;"homônimo possível; biografia FILE sem ano biográfico explícito";
Céline Trouillet;1975;;França;École des Beaux-Arts de Mulhouse > École supérieure des arts décoratifs de Strasbourg;47.748611 > 48.5825;7.339167 > 7.7591;Colmar, França;;female;https://in-sonora.org/ficha-artista/celine-trouillet/ | https://archive.file.org.br/participantes/celine-trouillet/;alta;;FILE Festival / In-Sonora;alta;FILE;;48.079343502;7.358139881;100.0;;;;;fonte recente indica artista em atividade;;;;;
César Lacanna;1901;1983;Brasil;curso de Modelo Vivo da Sociedade Paulista de Belas Artes > Escola Profissional Masculina > Liceu de Artes e Ofícios;-23.550394444444 > -23.550394444444 > -23.5331446;-46.633947222222 > -46.633947222222 > -46.6267577;São Paulo;São Paulo;male;https://pt.wikipedia.org/wiki/C%C3%A9sar_Lacanna | https://enciclopedia.itaucultural.org.br/pessoas/2887-cesar-lacanna;média;;Wikidata;alta;MAC USP;alta;-23.5486657;-46.6382522;100.0;-23.5503944444;-46.6339472222;100.0;Enciclopédia Itaú Cultural;;alta;Wikidata;Wikidata;;alta
César Rossi;;;Brasil;Escola Circo Picadeiro > Grupo Acrobático Fratelli > Cia Ornitorrinco > escola de teatro de Bolonha (“Noveau Cirque”);-23.550394444444 >  >  > 44.493888888889;-46.633947222222 >  >  > 11.342777777778;Blumenau;;male;https://mapa.cultura.es.gov.br/files/agent/3305026/cv-cia-tempo-2025.pdf;média;A grafia 'Noveau Cirque' foi preservada como aparece na fonte aberta consultada.;Wikidata;alta;Museu Victor Meirelles;alta;-26.9189417;-49.0660575;100.0;;;;;fonte recente indica artista em atividade;;;;"exposição localizada no Museu Victor Meirelles; sem ano biográfico explícito";
Cícero Dias;1907;2003;Brasil;Escola de Belas Artes;-22.91111111111111;-43.20555555555556;Escada;Paris;male;Wikipédia;média;abandonou a escola em 1928;Wikidata;alta;MAC USP;média;-8.3584365;-35.2215761;100.0;48.8566666667;2.3522222222;100.0;site oficial Cícero Dias;auditoria: local ajustado para Paris com base em fonte oficial;alta;Ulan;Ulan;;alta
Daiana Ruiz;;;Argentina;;;;Mendoza, Argentina;;female;;;"fonte localizada menciona cursos e workshops sem instituição formal claramente identificável; não preenchido";Stuttgart Ballet;alta;FILE;;-32.89084;-68.82717;100.0;;;;;fonte recente indica artista em atividade;;;;"biografia FILE localizada; sem ano biográfico explícito";
Dalia Omran;;;Egito;Cairo University Kasr Alainy  Faculty of Medicine;30.0276;31.21014;Egito;;female;https://www.wikidata.org/wiki/Q92694592;alta;;FILE Festival (autodescrição da artista);média;FILE;;26.820553;30.802498;;;;;;fonte recente indica artista em atividade;;;;"biografia FILE localizada; sem ano biográfico explícito";
Dalton Martins;;;Brasil;Universidade de São Paulo (USP);-23.561399;-46.730789;Brasil;;male;https://www.escavador.com/sobre/3251041/dalton-lopes-martins | https://www.ppgech.ufscar.br/pt-br/docentes/corpo-docente/dalton-lopes-martins;média;;FAPESP (perfil de pesquisador);média;FILE;;-10.769946429;-53.073466889;100.0;;;;;;;;;"biografia institucional localizada; sem ano biográfico explícito";
Damien Deschamps;1991;;;;;;;;male;;;Lote 8 pesquisado> sem fonte auditável suficiente para local de nascimento. | pesquisa deste lote não localizou fonte auditável suficiente sobre formação;;;FILE;;;;;;;;;fonte recente indica artista em atividade;;;;;
Danae Gosset;;;França;School of Visual Arts;40.73861111;-73.98222222;Paris, França;;female;portfólio/site da artista;média;fonte biográfica informa origem em Paris.;Domestika;média;FILE;;48.856372814;2.352529617;100.0;;;;;fonte recente indica artista em atividade;;;;"site oficial/biografia localizada; sem ano biográfico explícito";
Danae Io;1993;;Grécia;Sandberg Institute > Goldsmiths, University of London;52.34138888888889 > 51.474269444444445;4.860277777777777 > -0.03541111111111111;Grécia;;female;FILE Festival;alta;;IFFR;média;FILE;;39.0;22.0;100.0;;;;;fonte recente indica artista em atividade;;;;;
Daniel Barreto;1991;;México;Imperial College London;51.498308;-0.176882;Guadalajara, México;;male;https://www.wikidata.org/wiki/Q60697571;alta;;site oficial do artista;alta;FILE;;20.674161223;-103.336727247;100.0;;;;;fonte recente indica artista em atividade;;FILE Festival;;nascimento explicitado na biografia institucional do FILE;alta
Daniel Bruson;;;Brasil;Universidade Estadual Paulista Júlio de Mesquita Filho (UNESP), Bauru;-22.314722222222;-49.060555555556;Sorocaba, São Paulo, Brasil;;male;Jornal Cruzeiro do Sul;média;;Bravo! / Portal Porque;média;FILE;;-23.5015;-47.4526;;;;;;fonte recente indica artista em atividade;;;;;
Daniel Dugas;1959;;Canadá;Université de Moncton;46.105;-64.7819;Montreal;;male;https://alberta.emuseum.com/people/653/daniel-dugas | https://pt.frwiki.wiki/wiki/Daniel_Dugas;alta;;Wikidata;alta;FILE;;45.508867;-73.554242;100.0;;;;;fonte recente indica artista em atividade;;Wikidata;;;alta
Daniel Gazana;;;Brasil;formação em Desenho Industrial;;;Veranópolis, Rio Grande do Sul, Brasil;;male;https://archive.file.org.br/participantes/daniel-gazana/;alta;a fonte identifica a área de formação, mas não nomeia a instituição;IEEE Xplore;média;FILE;média;-28.9340063;-51.5430183;100.0;;;;;fonte recente indica artista em atividade;;;;;
Daniel Grizante;;;Brasil;Universidade Presbiteriana Mackenzie > Pontifícia Universidade Católica de São Paulo (PUC-SP) > Universidade Anhembi Morumbi;-23.547 > -23.5381 > -23.6005;-46.652 > -46.6705 > -46.6749;Brasil;;male;https://repositorio-api.animaeducacao.com.br/server/api/core/bitstreams/03bc7d2e-fca1-4e54-90ba-3359a722f18c/content | https://masp.org.br/masp-escola/design-de-exposicoes-e-o-uso-de-novas-tecnologias;alta;FILE explicita “País de Origem: Brazil”> preenchido em nível de país.;FILE Festival (País de Origem);alta;FILE;alta;-10.769946429;-53.073466889;100.0;;;;;fonte recente indica artista em atividade;;;;;
Daniel Rourke;;;Reino Unido;Goldsmiths, University of London;51.474269444444445;-0.03541111111111111;Huddersfield;;male;https://machinemachine.net/curriculum-vitae/ | https://studioforcreativeinquiry.org/people/daniel-rourke;alta;;Wikidata;alta;FILE;;53.644295875;-1.78220197;100.0;;;;;fonte recente indica artista em atividade;;;;fontes localizadas sem confirmação institucional segura para ano de nascimento;
Daniel Senise;1955;;Brasil;Escola de Artes Visuais do Parque Lage > Universidade Federal do Rio de Janeiro (UFRJ);-22.9606 > -22.8625;-43.212 > -43.223888888889;Rio de Janeiro;;male;https://www.danielsenise.com/sobre/daniel-senise/> https://www.guiadasartes.com.br/daniel-senise/biografia;média;formou-se em engenharia civil na UFRJ e depois cursou formação artística livre no Parque Lage;Wikidata;alta;MAC USP;alta;-22.9014475;-43.1789159;100.0;;;;;fonte recente indica artista em atividade;;Ulan;;;alta
Daniel Sousa;1974;;Portugal;Rhode Island School of Design;41.825833;-71.407778;Cabo Verde;;male;https://en.wikipedia.org/wiki/Daniel_Sousa_(director) | https://www.danielsousa.com/about;média;;Wikidata;alta;FILE;;15.083629282;-23.624671988;100.0;;;;;fonte recente indica artista em atividade;;;;;
Daniel Suljic;1971;;Croácia;Academy of Fine Arts, Zagreb > University of Applied Arts Vienna;45.8121 > 48.2075;15.9624 > 16.3825;Zagreb, Croácia;;male;Animafest;alta;;Animafest / IMDb;média;FILE;;45.815916177;15.980642745;100.0;;;;;fonte recente indica artista em atividade;;Wikidata;;;alta
Daniela Krajčová;1983;;Eslováquia;Vysoká škola výtvarných umení v Bratislave > Vysoká škola múzických umení v Bratislave;48.1416 > 48.14388889;17.1072 > 17.10972222;Žilina, Eslováquia;;female;https://www.oskarcepan.sk/cv/55.pdf | https://secondaryarchive.org/artists/daniela-krajcova/;alta;;portfólio oficial / Secondary Archive;alta;FILE;;49.223728185;18.740108104;100.0;;;;;fonte recente indica artista em atividade;;;;;
Danilo Di Prete;1911;1985;Brasil;autodidata;45.0675;7.68944444;Pisa;São Paulo;male;https://www.oas.org/artsoftheamericas/danilo-di-prete | https://www.labiennale.org/en/art/2024/italians-everywhere/danilo-di-prete;alta;"Fontes institucionais o descrevem como amplamente autodidata; a Accademia Albertina não foi confirmada. As coordenadas preexistentes foram preservadas conforme a regra adotada para autodidatas.";Wikidata;alta;MAC USP;média;43.7161354;10.3965843;100.0;-23.5486657;-46.6382522;100.0;Enciclopédia Itaú Cultural;;alta;Wikidata > Ulan;Wikidata > Ulan;;alta
Danilo Dias;;;Brasil;Universidade Federal da Bahia (UFBA) > Universidade do Estado da Bahia;-12.990785 > -12.951417;-38.524427 > -38.4595;Sete Lagoas, Minas Gerais, Brasil;;male;Mapa da Palavra (FUNCEB);média;;Editora Draco;média;FILE;;-19.4583;-44.2472;;;;;;fonte recente indica artista em atividade;;;;"bio localizada; sem ano biográfico explícito";
Daphné Durocher;;;França;École Georges Méliès;48.74245192283895;2.392101897752613;França;;female;FILE Festival;alta;FILE explicita “País de Origem: France”> preenchido em nível de país.;FILE Festival (País de Origem);alta;FILE;alta;46.559417044;2.550539953;100.0;;;;;fonte consultada sem local de morte explícito;;;;;
Darcy Penteado;1926;1987;Brasil;Liceu de Artes e Ofícios de São Paulo;-23.5331446;-46.6267577;São Roque;São Roque;male;fontes biográficas de referência;média;instituição identificada em fontes sumárias;Wikidata;alta;MAC USP;baixa;-23.5309003;-47.1352674;100.0;-23.5288888889;-47.135;100.0;Enciclopédia Itaú Cultural;auditoria: local ajustado para São Roque com base em fonte institucional;alta;Wikidata;Wikidata;;alta
Darcílio Lima;1944;1991;Brasil;;;;Cascavel, CE, Brasil;;male;;;artista frequentemente descrito como autodidata> sem escola formal localizada;Wikipédia em português;média;MAC USP;média;-4.1309;-38.2356;;;;;;fontes divergentes sobre local de morte;;;;;
Darel Valença Lins;1925;2017;Brasil;Escola de Belas Artes do Recife (atual UFPE) > Liceu de Artes e Ofícios;-8.051733 > -8.06127;-34.950716 > -34.879077;Palmares, PE, Brasil;Rio de Janeiro;male;https://www.escritoriodearte.com/artista/darel-valenca-lins;baixa;depois entra em contato com Oswaldo Goeldi> mantidos apenas dados formativos explicitados na fonte;Wikipédia em português;média;MAC USP;alta;-8.6842;-35.589;;-22.9111111111;-43.2055555556;100.0;Enciclopédia Itaú Cultural;;alta;Ulan;Enciclopédia Itaú Cultural;óbito confirmado em fonte de referência institucional;alta
Darren McClure;;;Reino Unido;;;;Irlanda do Norte, Reino Unido;;male;;;Fonte usa formulação de origem (“originally from Northern Ireland”), sem afirmar nascimento.;Loop.cl;baixa;FILE;;54.787714;-6.492314;;;;;;fonte recente indica artista em atividade;;;;;
Dave Prosser;;;Inglaterra;Royal College of Art;51.501388888889;-0.17888888888889;Inglaterra;;male;FILE Festival;alta;FILE explicita “País de Origem: England”> preenchido em nível de país.;FILE Festival (País de Origem);alta;FILE;alta;52.355518;-1.17432;;;;;;fonte recente indica artista em atividade;;;;;
David Carson;1956;;Estados Unidos;San Diego State University;32.775277777778;-117.07222222222;Corpus Christi, Texas, Estados Unidos;;male;site oficial David Carson Design;alta;;Britannica / Wikipedia;alta;FILE;;27.796416;-97.404131;100.0;;;;;fonte recente indica artista em atividade;;Ulan;;;alta
David de Tewenoir;;;;;;;;;;;;formação não localizada com segurança;;;MAC USP;;;;;;;;;registro nominal do acervo não desambiguado com segurança;;;;"autor localizado no MAC USP; datas biográficas não encontradas";
David Dell’Edera;1991;;Hungria;Budapest Metropolitan University;47.50638889;19.135;Hungria;;male;https://archive.file.org.br/participantes/david-delledera/ | https://www.animafest.hr/en/2017/authors/read/david_dell_edera;alta;;FILE Festival / Animafest;alta;FILE;;47.16708877;19.4245317;100.0;;;;;fonte recente indica artista em atividade;;;;;
David James Armsby;;;Reino Unido;autodidata;;;Escócia, Reino Unido;;male;https://file.org.br/anima_2018/david-james-armsby/ | https://www.youtube.com/@DeadSound;média;autodidata mantido sem coordenadas> fontes localizadas informam apenas Escócia, sem cidade auditável;canal oficial no YouTube;média;FILE;;56.94663175941;-4.154528959318;100.0;;;;;fonte recente indica artista em atividade;;;;"ano encontrado apenas em perfil/autodeclaração online; sem confirmação institucional";
David Mussel;;;Brasil;Escola de Belas Artes da Universidade Federal de Minas Gerais (UFMG) > Pontifícia Universidade Católica do Rio de Janeiro (PUC-RJ);-19.869088 > -22.97868;-43.966384 > -43.232819;Brasil;;male;PUC-Rio (dissertação) | FILE Festival;alta;FILE explicita “País de Origem: Brazil”> preenchido em nível de país.;FILE Festival (País de Origem);alta;FILE;alta;-10.769946429;-53.073466889;100.0;;;;;fonte recente indica artista em atividade;;;;;
David O'Reilly;1985;;Irlanda;Dublin Institute of Art, Design and Technology (DLIADT);53.280292;-6.152882;Kilkenny, Irlanda;;male;ZKM;alta;;YveYANG Gallery / Wikipedia;média;FILE;;52.6537443;-7.2479557;100.0;;;;;fonte recente indica artista em atividade;;;;;
David Teniers the Younger;1610;1690;Países Baixos dos Habsburgo;estudos com David Teniers the Elder (pai);51.2234;4.4069;Antuérpia;Bruxelas;male;https://en.wikipedia.org/wiki/David_Teniers_the_Younger | https://www.britannica.com/biography/David-Teniers-the-Younger;alta;;Wikidata;alta;Museu Nacional de Belas Artes;alta;51.25942418;4.371799938;100.0;50.89806471;4.406264339;100.0;Britannica;;alta;Ulan;Ulan;;alta
Davide Mastrangelo;1989;;Itália;Accademia di Belle Arti di Bologna;44.497811111111;11.353188888889;Eboli, Itália;;male;https://davidemastrangelo.it/ | https://www.cinemaemiliaromagna.it/professionista/davide-mastrangelo/;média;;site oficial do artista;alta;FILE;;40.6153333;15.0587592;100.0;;;;;fonte recente indica artista em atividade;;;;;
Davy Crosta;;;França;ARIES School of Graphic and Motion Design;48.856667;2.352222;;;male;FILE Festival;alta;Lote 8 pesquisado> sem fonte auditável suficiente para local de nascimento.;;;FILE;;;;;;;;;fonte recente indica artista em atividade;;;;;
Debashis Sinha;;;Canadá;;;;Winnipeg, Manitoba, Canadá;;male;;;;Soulpepper Theatre;alta;FILE;;49.899897;-97.138865;100.0;;;;;"artista em atividade em fonte recente; sem óbito identificado";;;;"biografias localizadas; sem ano biográfico explícito";
Deborah Paiva;1950;2022;Brasil;Universidade de São Paulo (USP);-23.561399;-46.730789;Campo Grande, MS, Brasil;São Paulo;female;https://www.mac.usp.br/mac/conteudo/cursoseventos/mac_encontra/2013_1/deborahpaiva.asp | https://janainatorres.com.br/deborah-paiva-1950-2022-uma-antologia/> https://www.mac.usp.br/mac/conteudo/cursoseventos/mac_encontra/2013_1/deborahpaiva.asp;alta;A fonte recuperada informa que a artista era formada em História pela USP> não localizei datas de estudo em fonte aberta confiável.;Janaina Torres Galeria;média;MAC USP;alta;-20.4435311;-54.6477573;;-23.55;-46.633;100.0;MAC USP;Local de morte preenchido a partir de ficha institucional do MAC USP.;alta;;;;
Delfim da Câmara;1834;1916;Brasil;Academia Imperial de Belas Artes > estudos com Manuel Joaquim de Melo Corte Real, Costa Miranda e José Correia de Lima;-22.9071 > ;-43.1829 > ;Magé, RJ, Brasil;Rio de Janeiro, Brasil;male;https://enciclopedia.itaucultural.org.br/pessoas/6719-delfim-da-camara;alta;;Enciclopédia Itaú Cultural;alta;Museu Histórico Nacional;alta;-22.6528;-43.0406;;-22.9110137;-43.2093727;100.0;https://enciclopedia.itaucultural.org.br/pessoas/6719-delfim-da-camara;Data de morte aproximada: cerca de 1916.;alta;Wikidata;Wikidata;;alta
Demian Rudel Rey;;;Argentina;Universidad Nacional de las Artes (UNA) > Conservatoire national supérieur musique et danse de Lyon (CNSMD Lyon) > Universität für Musik und darstellende Kunst Graz (KUG) > Haute école des arts du Rhin (HEAR);-34.59472222 > 45.76915 > 47.0725 > 48.5825;-58.39944444 > 4.81262 > 15.4503 > 7.7591;Buenos Aires, Argentina;;male;https://demianrudelrey.com.ar/es/biografia/ | https://www.demianrudelrey.com.ar/biographie/;média;;site oficial do artista;alta;FILE;;-34.6090264;-58.3732215;100.0;;;;;"artista em atividade em fonte recente; sem óbito identificado";;;;"biografias localizadas; sem ano biográfico explícito";
Denys Voloshyn;;;Ucrânia;;;;Ucrânia;;male;;;;FILE Festival (País de Origem);alta;FILE;;49.026898375;31.374926053;100.0;;;;;;;;;"biografia FILE localizada; sem ano biográfico explícito";
Desconhecido;;;;;;;;;;;;;;;Museu de Arte Religiosa e Tradicional;;;;;;;;;registro sem identificação nominal suficiente para pesquisa biográfica;;;;"autor não identificado; datas biográficas não aplicáveis";
Diana Reichenbach;;;Estados Unidos;University of Florida > University of Southern California (USC);29.6475 > 34.021667;-82.345 > -118.285278;Estados Unidos;;female;https://dianareichenbach.com/about/ | https://www.scad.edu/academics/faculty/diana-reichenbach;alta;FILE explicita “País de Origem: United States”> preenchido em nível de país.;FILE Festival (País de Origem);alta;FILE;alta;39.398703156;-99.41461919;100.0;;;;;"artista em atividade em fonte recente; sem óbito identificado";;;;"site oficial e SCAD localizados; sem ano biográfico explícito";
Diana Salcedo;1987;;Colômbia;Pontificia Universidad Javeriana > Parsons School of Design;4.62894444 > 40.735357;-74.06485 > -73.994533;Bucaramanga, Colômbia;;female;Danza en la Ciudad;média;;Danza en la Ciudad;alta;FILE;;7.1311813;-73.1250327;100.0;;;;;"artista em atividade em fonte recente; sem óbito identificado";;Danza en la Ciudad / Gov.co;;nascimento explicitado em perfil institucional;alta
Dianne Bellino;;;Estados Unidos;University of Iowa > Brown University;41.66166666666667 > 41.82611111111111;-91.5363888888889 > -71.40305555555555;Estados Unidos;;female;https://www.diannebellino.com/about;alta;FILE explicita “País de Origem: United States”> preenchido em nível de país.;FILE Festival (País de Origem);alta;FILE;alta;39.398703156;-99.41461919;100.0;;;;;"artista em atividade em fonte recente; sem óbito identificado";;;;"site oficial e FILE localizados; sem ano biográfico explícito";
Diego de los Campos Orefice;1971;;Uruguai;Instituto Nacional de Bellas Artes, Universidad de la República;-34.905917;-56.191311;Montevidéu, Uruguai;;male;MASC> Escavador;média;;MASC (FCC/SC);alta;Museu Victor Meirelles;alta;-34.9055557;-56.1852505;;;;;;"artista em atividade em fonte recente; sem óbito identificado";;;;;
Diego Velázquez;1599;1660;Espanha;aprendizado com Francisco Herrera, o Velho > oficina de Francisco Pacheco;>;>;Seville;Madri;male;https://en.wikipedia.org/wiki/Diego_Vel%C3%A1zquez | https://www.britannica.com/biography/Diego-Velazquez | https://www.diego-velazquez.org/biography.jsp;alta;A passagem por Herrera é menos documentada> por isso mantida com observação conservadora.;Wikidata;alta;MASP;média;37.38264;-5.9962951;100.0;40.4169;-3.7033;100.0;Britannica;"fontes adicionadas em auditoria; coordenadas auditadas para a cidade";alta;;;;
Dimitri Ismailovitch;1890;1976;Brasil;Pavel Military School;59.95;30.316666666667;Sataniv;Rio de Janeiro;male;https://archive.metromod.net/viewer.p/69/2949/object/5138-10436644;média;formação localizada refere-se a escola militar> não localizei nesta rodada escola de artes.;https://www.wikidata.org/wiki/Q4198627;alta;;média;49.2567;26.2406;;-22.91111;-43.20556;100.0;MAC USP;"fontes adicionadas em auditoria; coordenadas auditadas para a cidade";alta;Wikidata;Wikidata;;alta
Dimitri Venkov;1980;;Rússia;University of Oregon;44.044166666667;-123.07583333333;Moscou, Rússia;;male;https://www.dimitrivenkov.com/cv | https://archive.file.org.br/participantes/dimitri-venkov/;alta;;Triumph Gallery / Kandinsky Prize;baixa;FILE;;55.7565408;37.6149202;100.0;;;;;"artista em atividade em fonte recente; sem óbito identificado";;Wikidata;;;alta
Dimitris Gkikas;;;Grécia;Aristotle University of Thessaloniki > National Technical University of Athens;40.63 > 37.987863888889;22.958055555556 > 23.731613888889;Atenas, Grécia;;male;biografia profissional (INNER PLAN Design Studio);média;;FILE Festival;alta;FILE;;37.9753357;23.7361497;100.0;;;;;"atividade recente em fonte aberta; sem óbito identificado";;;;;
Dina Al Khatib;;;Jordânia;American University of Sharjah;25.309722;55.490556;Jordânia;;female;https://hayyjameel.org/programmes/the-assembly/2020-2/;média;FILE explicita “País de Origem”> preenchido em nível de país.;FILE Festival (País de Origem);alta;FILE;;30.585164;36.238414;;;;;;;;;;;
Dina Velikovskaya;1984;;Rússia;Moscow State Academic Art School in Memory of 1905 > Gerasimov Institute of Cinematography (VGIK) > High Animation School-Studio SHAR;55.793269 > 55.750556 > 55.7558;37.62698 > 37.6175 > 37.6173;Moscou, Rússia;;female;FILE Festival;alta;;site oficial da artista / FILE Festival;alta;FILE;;55.7565408;37.6149202;100.0;;;;;"artista em atividade em fonte recente; sem óbito identificado";;;;;
Dirk Koy;1977;;Suíça;Basel Academy of Art and Design FHNW (HGK Basel);47.533055555555556;7.611;Basileia, Suíça;;male;https://www.fhnw.ch/en/art-design/about/portrait-organisation/people/dirk-koy | https://www.kurzfilmtage.ch/en/archive/films/film-archive?fid=185&id_film=1851540;média;;muda.co / Vimeo;média;FILE;;47.556959234;7.593086695;100.0;;;;;"artista em atividade em fonte recente; sem óbito identificado";;;;;
Djamel Afnai;;;;École du Passage > Théâtre National de Chaillot > FAI-AR;48.85666666666667 > 48.862364 > 43.3590;2.352222222222222 > 2.288117 > 5.3720;;;male;https://www.faiar.org/promotions-passees/promotion-4/djamel-afnai/;alta;Lote 8 pesquisado> sem fonte auditável suficiente para local de nascimento.;;;FILE;;;;;;;;;;;;;;
Djanira;1914;1979;Brasil;;;;Avaré;Rio de Janeiro;female;;;;https://www.wikidata.org/wiki/Q1791605;alta;MAC USP;alta;-23.0992;-48.9259;;-22.91111;-43.20556;100.0;Enciclopédia Itaú Cultural;"fontes adicionadas em auditoria; coordenadas auditadas para a cidade";alta;Ulan;Ulan;;alta
Djanira Volpi;;;;Liceu de Artes e Ofícios;-22.91111111111111;-43.20555555555556;Brasil;;female;https://www.ebiografia.com/djanira/> https://www.guiadasartes.com.br/djanira-da-motta-e-silva/quem-foi;média;também teve aulas com Emeric Marcier e Milton Dacosta, em contexto não institucional | fonte localizada informa apenas o país de nascimento;MAC USP;alta;MAC USP;média;-10.769946429;-53.073466889;;;;;;fonte recente e fonte institucional sem óbito identificado;;;;biografia localizada sem ano explícito de nascimento ou morte;
Domenico Failutti;1872;1923;Reino da Itália;Gallerie dell'Accademia > Escola de Design da Sociedade dos Trabalhadores de Udine > Accademia di Belle Arti di Venezia;45.431078 > 46.066667 > 45.4286;12.328139 > 13.233333 > 12.3305;Zugliano;;male;https://pt.wikipedia.org/wiki/Domenico_Failutti;média;A fonte também indica estudos de escultura, arte decorativa e plástico em Florença.;Wikidata;alta;Museu Paulista;média;45.7307962;11.525;100.0;;;;;"fonte secundária converge para Udine; mantido em branco por ausência de fonte institucional direta";;Wikidata;Wikidata;;alta
Domingos Clementino;;;;formação artística brasileira;;;;;male;https://www.catalogodasartes.com.br/;média;Registro conservador por falta de evidência aberta suficiente.;;;Museu Histórico Nacional;baixa;;;;;;;;;;;;;
Domingos Sequeira;1768;1837;Reino de Portugal;Casa Pia de Lisboa > aulas de pintura e desenho com Antonio Cavallucci em Roma;38.708042 > 41.893056;-9.139016 > 12.482778;Freguesia de Santa Maria de Belém;Roma;male;https://museusoaresdosreis.gov.pt/domingos-sequeira-da-casa-pia-a-pintor-oficial-da-corte/;alta;As fontes também mencionam aulas com Antonio Cavallucci em Roma.;https://museusoaresdosreis.gov.pt/domingos-sequeira-da-casa-pia-a-pintor-oficial-da-corte/;alta;MASP;alta;38.6979;-9.2064;95.21;41.89333;12.48278;100.0;https://museusoaresdosreis.gov.pt/domingos-sequeira-da-casa-pia-a-pintor-oficial-da-corte/;"fontes adicionadas em auditoria; coordenadas auditadas para a cidade";alta;https://museusoaresdosreis.gov.pt/domingos-sequeira-da-casa-pia-a-pintor-oficial-da-corte/;https://museusoaresdosreis.gov.pt/domingos-sequeira-da-casa-pia-a-pintor-oficial-da-corte/;;alta
Donald Abad;1500;;França;École nationale supérieure des arts décoratifs;48.856667;2.352222;França;;male;Paris College of Art — https://www.paris.edu/faculty/abad-donald/> CNAP — https://www.cnap.fr/donald-abad-0;alta;FILE explicita “País de Origem: France”> preenchido em nível de país.;FILE Festival (País de Origem);alta;FILE;alta;46.559417044;2.550539953;100.0;;;;;"artista em atividade em fonte recente; sem óbito identificado";;Ulan;;;alta
Donald Urquhart;1963;;Reino Unido;Edinburgh College of Art > Royal Academy Study Course at the Prado Museum;55.9458 > 40.41388888888889;-3.19964 > -3.692222222222222;Dumfries, Escócia;;male;https://www.royalscottishacademy.org/exhibitions/210-donald-urquhart-rsa/overview | https://pssauk.org/public-sculpture-of-britain/biography/urquhart-donald/ | https://www.royalscottishacademy.org/publications/118-donald-urquhart-sketchbook/> https://www.royalscottishacademy.org/exhibitions/210-donald-urquhart-rsa/overview | https://pssauk.org/public-sculpture-of-britain/biography/urquhart-donald/;alta;;MAC USP Acervo;alta;MAC USP;alta;55.069939;-3.605;;;;;;"artista em atividade em fonte recente; sem óbito identificado";;Ulan;;;alta
Dropbear;;;Austrália;;;;Melbourne, Austrália;;male;;;;CCCB / Best Ads on TV;média;FILE;;-37.815051434;144.960255426;;;;;;"nome artístico/estúdio em atividade; local de morte não se aplica";;;;;
DRTHRDWR;;;Países Baixos;Sandberg Institute > Gerrit Rietveld Academie;52.34138888888889 > 52.3413;4.860277777777777 > 4.86;Países Baixos;;female;Academia.edu CV;baixa;;FILE Festival (País de Origem);alta;FILE;alta;52.249375293;5.616126398;100.0;;;;;"nome artístico em atividade; local de morte não se aplica";;;;;
Drude Mangaard;;;Reino da Dinamarca;The Animation Workshop;56.4561;9.40611;Dinamarca;;female;FILE Festival — https://archive.file.org.br/participantes/drude-mangaard/> perfil pessoal — https://drudemangaard.blogspot.com/p/bio.html;alta;;FILE Festival (País de Origem);alta;FILE;alta;55.959300779;10.053934054;100.0;;;;;;;;;;
Décio Villares;1851;1931;Brasil;Academia Imperial de Belas Artes;-22.9071;-43.1829;Rio de Janeiro;Rio de Janeiro;male;Itaú Cultural> Arqnet;alta;fontes citam estudos com Paul Cabanel e Pedro Américo na Europa, sem instituição única claramente nomeada;Wikidata;alta;Museu Casa de Benjamin Constant;média;-22.9014475;-43.1789159;100.0;-22.91111;-43.20556;100.0;Enciclopédia Itaú Cultural;"fontes adicionadas em auditoria; coordenadas auditadas para a cidade";alta;Wikidata;Wikidata;;alta
Dénes Ruzsa;1982;;Hungria;;;;Hungria;;male;;;FILE explicita “País de Origem: Hungary”> preenchido em nível de país.;FILE Festival (País de Origem);alta;FILE;alta;47.16708877;19.4245317;100.0;;;;;;;Wikidata;;;alta
Désiré François Laugée;1823;1896;França;École des Beaux-Arts de Paris > Collège des Bons-Enfants > École des Beaux-Arts de Saint-Quentin > ateliê de Louis Nicolas Lemasle > ateliê de François-Édouard Picot;48.853997 > 49.850038 > 49.850038 >  > ;2.333500 > 3.284348 > 3.284348 >  > ;Maromme;Paris;male;https://en.wikipedia.org/wiki/D%C3%A9sir%C3%A9_Fran%C3%A7ois_Laug%C3%A9e;média;A fonte permite reconstruir a sequência formativa, mas não fornece cronologia anual completa para cada etapa.;Wikidata;alta;Museu Nacional de Belas Artes;alta;49.4811839;1.039354602;100.0;48.856372814;2.352529617;100.0;Paris Musées;auditoria: local ajustado de 16th arrondissement of Paris para Paris com base em fonte institucional;alta;Wikidata > Ulan;Wikidata > Ulan;;alta
E. F. Schute;;;;;;;;;male;;;identificação parcial e fontes divergentes sobre a autoria> formação não localizada;;;MASP;;;;;;;;;"fonte institucional indica dados biográficos escassos; local de morte não localizado";;;;;
E. Muller;;;;;;;;;;;;;;;;;;;;;;;;"nome abreviado; homônimo não desambiguado com segurança";;;;;
E. Presty;;;;;;;;;;;;;;;Museu Histórico Nacional;;;;;;;;;"nome abreviado; homônimo não desambiguado com segurança";;;;;
E. Ribeiro;1690;1752;;;;;;;;;;;;;Museu Histórico Nacional;;;;;;;;;"nome abreviado; homônimo não desambiguado com segurança";;Ulan;Ulan;;alta
Eden Chan;1993;;Taiwan;Taipei National University of the Arts;25.13406;121.47038;Taichung, Taiwan;;male;FILE Festival;alta;;FILE Festival;alta;FILE;;24.1634888;120.6467399;100.0;;;;;fonte recente indica artista em atividade;;;;;
Edgar Degas;1834;1917;França;École des Beaux-Arts de Paris;48.853997;2.333500;Paris;Paris;male;https://www.britannica.com/biography/Edgar-Degas> https://pt.wikipedia.org/wiki/Edgar_Degas;alta;também estudou no ateliê de Louis Lamothe e passou longos períodos copiando mestres no Louvre;Wikidata;alta;MASP;alta;48.856372814;2.352529617;100.0;48.856372814;2.352529617;100.0;Britannica;"fontes adicionadas em auditoria; coordenadas auditadas para a cidade";alta;Ulan;Ulan;;alta
Edgard Cognat;1919;1994;Brasil;curso de Belas Artes dirigido por Carlos Chambelland;-22.91111111111111;-43.20555555555556;Rio de Janeiro;Rio de Janeiro;male;https://en.wikipedia.org/wiki/Edgard_Cognat | https://editoradegustar.com.br/produto/gravura-em-metal-edgard-cognat/;média;Em gravura, as fontes indicam percurso autodidata> registrei apenas a formação que aparece com suporte explícito.;Wikidata;alta;Museu Histórico Nacional;média;-22.9014475;-43.1789159;100.0;-22.9014475;-43.1789159;100.0;Museu Histórico Nacional;"fontes adicionadas em auditoria; coordenadas auditadas para a cidade";alta;Wikidata;Wikidata;;alta
Edgard Parreiras;1885;1964;Brasil;estudos com Antônio Parreiras > Académie Julian; > 48.8422; > 2.3318;Niterói;Niterói;male;https://enciclopedia.itaucultural.org.br/pessoas/6140-edgard-parreiras;alta;Estudou inicialmente com Antônio Parreiras e posteriormente na Académie Julian, com Jean-Paul Laurens. As fontes divergem quanto ao ano de morte: 1960 ou 1964.;Wikidata;alta;Museu Regional São João Del Rey;baixa;-22.8898227;-43.1220775;100.0;-22.8898227;-43.1220775;100.0;Enciclopédia Itaú Cultural;"fontes adicionadas em auditoria; coordenadas auditadas para a cidade";alta;Wikidata;Wikidata;;média
Edmond Marie Petitjean;1844;1925;França;Faculty of Law at Nancy / estudos de direito > formação artística autodidata;48.6921 > ;6.1844 > ;Neufchâteau;Paris;male;https://en.wikipedia.org/wiki/Edmond_Marie_Petitjean | https://www.fineartphotographyvideoart.com/2020/06/Edmond-Marie-Petitjean.html;média;As fontes indicam estudos de direito e trajetória artística autodidata> sem escola formal de arte identificada.;Wikidata;alta;MASP;média;48.3556;5.6961;100.0;48.856372814;2.352529617;100.0;BnF;"fontes adicionadas em auditoria; coordenadas auditadas para a cidade";alta;Wikidata > Ulan;Wikidata > Ulan;;alta
Edmond Viancin;1836;1877;França;formação artística francesa;;;França;;male;https://www.brasilianaiconografica.art.br/;média;Dados abertos insuficientes para instituição específica.;Wikidata;alta;Museu Paulista;baixa;46.559417044;2.550539953;100.0;;;;;"fonte aberta consultada informa a data de morte, sem local explícito; campo mantido em branco";;Wikidata;Wikidata;;alta
Edouard Vienot;1804;;França;École des Beaux-Arts de Paris > discípulo de Louis Hersent e Paulin Guérin;48.853997 > ;2.333500 > ;Fontainebleau;Bruxelas;male;https://pt.wikipedia.org/wiki/%C3%89douard_Vi%C3%A9not | https://artsandculture.google.com/entity/%C3%89douard-vi%C3%A9not/m05c3q8;média;;Wikidata;alta;Museu Paulista;alta;48.404740851;2.701648778;100.0;50.85045;4.34878;100.0;Wikipédia (fr);"auditoria: local ajustado de Brussels metropolitan area para Brussels; coordenadas corrigidas";média;;;"fontes divergentes sobre ano de morte; campo mantido em branco";
Edouard Vienot | Morisset;;;;École des Beaux-Arts de Paris;48.853997;2.333500;;;;Wikipedia> Itaú Cultural;média;registro possivelmente composto com outro nome ('Morisset')> preencher com cautela;;;Museu Regional São João Del Rey;baixa;;;;;;;;"registro composto/atelier; local de morte não atribuível com segurança";;;;;
Eduard Hildebrandt;1818;1869;Reino da Prússia;formação com o pintor marinho Wilhelm Krause;52.50916666666667;13.32694444444444;Gdańsk;Berlim;male;https://en.wikipedia.org/wiki/Eduard_Hildebrandt | https://www.britannica.com/biography/Eduard-Hildebrandt;alta;Não foi localizada academia formal inequívoca nas fontes consultadas.;Wikidata;alta;Pinacoteca de São Paulo;média;54.351887748;18.646338873;100.0;52.517669999;13.405537999;100.0;Kulturstiftung;"fontes adicionadas em auditoria; coordenadas auditadas para a cidade";alta;Ulan;Ulan;;alta
Eduardo Abrantes;;;Portugal;Escola António Arroio > Escola Superior de Belas-Artes de Lisboa > Universidade Aberta;38.736111 > 38.708042 > 38.708042;-9.127222 > -9.139016 > -9.139016;Lisboa, Portugal;;male;currículo aberto — https://eapinturaedesenho.blogspot.com/p/curriculo.html> galeriadearte.pt — https://galeriadearte.pt/artista/eduardo-abrantes-artista-plastico/;baixa;;site oficial / Academia.edu;alta;FILE;;38.7070085;-9.1356407;100.0;;;;;fonte recente indica artista em atividade;;;;"homônimo / fontes indicam perfis distintos; data não preenchida";
Eduardo De Martino;1838;1912;Reino das Duas Sicílias;Accademia di Belle Arti di Napoli > formação na marinha italiana > inicia pintura em Nápoles sob influência da School of Resina;40.8516 >  >;14.2512 >  >;Meta;Londres;male;https://en.wikipedia.org/wiki/Edoardo_De_Martino | https://ims.com.br/por-dentro-acervo/edoardo-de-martino-marinheiro-e-pintor-por-lucia-kluck-stumpf/;média;Não foi localizada escola formal de arte em fonte aberta recuperada> mantido preenchimento conservador.;Wikidata;alta;Pinacoteca de São Paulo;baixa;40.6403;14.4192;100.0;51.50740836;-0.127698693;100.0;Brasiliana Iconográfica;"fontes adicionadas em auditoria; coordenadas auditadas para a cidade";alta;Wikidata > Ulan;Wikidata > Ulan;;alta
Eduardo de Sá;1866;1940;Brasil;Academia Imperial de Belas Artes > Académie Julian > aulas particulares de escultura com Rodolfo Bernardelli;-22.9071 > 48.871111 > ;-43.1829 > 2.341667 > ;Rio de Janeiro;Rio de Janeiro;male;https://pt.wikipedia.org/wiki/Eduardo_de_S%C3%A1 | https://www.catalogodasartes.com.br/artista/Eduardo%20de%20S%EF%BF%BD/;média;As fontes também citam formação inicial particular com Vítor Meireles.;Wikidata;alta;Museu Histórico Nacional;alta;-22.9014475;-43.1789159;100.0;-22.9014475;-43.1789159;100.0;Enciclopédia Itaú Cultural;"fontes adicionadas em auditoria; coordenadas auditadas para a cidade";alta;Enciclopédia Itaú Cultural;Enciclopédia Itaú Cultural;;alta
Eduardo Eloy;1955;;Brasil;Escola de Artes Visuais do Parque Lage > Centro Educacional Municipal Calouste Gulbenkian > Museu de Arte Moderna do Rio de Janeiro (MAM-RJ);-22.9606 > -22.9111 > -22.91111111111111;-43.212 > -43.2056 > -43.20555555555556;Fortaleza;;male;https://www.cps.pt/pt/artistas/eduardo-eloy> https://mapacultural.secult.ce.gov.br/agente/36535/;alta;fontes convergem para formação em gravura e artes visuais no Rio;Wikidata;alta;MAC USP;alta;-3.7184625;-38.5416698;100.0;;;;;fonte recente indica artista em atividade;;site oficial do artista;;;alta
Eduardo Jonquières;1918;2000;Argentina;Academia Nacional de Bellas Artes > Escuela Normal del Profesorado Mariano Acosta;-34.599722 > -34.599722222222;-58.381944 > -58.381944444444;Buenos Aires;Paris;male;https://artedelaargentina.com/disciplinas/artista/pintura/eduardo-jonquieres> https://www.ecured.cu/Eduardo_Jonqui%C3%A8res;alta;fontes sumárias convergem para formação em Buenos Aires> datas aproximadas;Wikidata;alta;MAC USP;média;-34.6090264;-58.3732215;100.0;48.856372814;2.352529617;100.0;MAC USP;Local de morte preenchido a partir de ficha institucional do MAC USP.;alta;Wikidata;Wikidata;;alta
Eduardo Nespoli;;;Brasil;Universidade Estadual de Campinas (UNICAMP);-22.817222222222;-47.069444444444;Brasil;;male;FILE Festival;alta;;FILE Festival (País de Origem);alta;FILE;alta;-10.769946429;-53.073466889;100.0;;;;;fonte recente indica artista em atividade;;;;;
Egon Schiele;1890;1918;Cisleitânia;Akademie der bildenden Künste Wien;48.201389;16.365278;Tulln an der Donau;Viena;male;https://www.leopoldmuseum.org/en/collection/egon-schiele;alta;;Wikidata;alta;MAC USP;alta;48.3310442;16.05207;100.0;48.2092062;16.3727778;100.0;Britannica;"fontes adicionadas em auditoria; coordenadas auditadas para a cidade";alta;;;;
Ekin Başaran;;;Turquia;New York University Abu Dhabi;24.5239;54.4346;Istambul, Turquia;;female;NYU Abu Dhabi — https://www.nyu.ae/en/news/latest-news/global-learning/2017/october/graphic-animations-light-up-brazilian-art-festival.html> FILE Festival — https://archive.file.org.br/participantes/ekin-basaran/;alta;;FILE Festival;alta;FILE;;41.0129952;28.9747973;100.0;;;;;sem óbito identificado em fonte aberta consultada;;;;;
El Greco;1541;1614;Coroa de Castela;Escola cretense (Cretan school);35.3387;25.1442;Heraklion;Toledo;male;https://pt.wikipedia.org/wiki/El_Greco | https://www.el-greco-foundation.org/biography.html;média;A formação inicial aparece como treinamento na tradição/Escola cretense, sem datas precisas.;Wikidata;alta;MASP;média;35.3292189;25.1386597;100.0;39.8581;-4.02263;100.0;Britannica;auditoria: coordenadas corrigidas para Toledo, Espanha;alta;;;;
Elaine Hoey;;;Irlanda;National College of Art and Design;53.34277778;-6.27888889;Irlanda;;female;National Sculpture Factory — https://nationalsculpturefactory.com/artists/elaine-hoey/> NCAD — https://www.ncad.ie/directory/view/elaine-hoey;alta;;IMMA;alta;FILE;;53.175879846;-8.146006147;100.0;;;;;fonte recente indica artista em atividade;;;;;
Elena Negoiu;;;Romênia;New York University Abu Dhabi;24.5239;54.4346;Romênia;;female;NYU Abu Dhabi — https://f5.publicprograms.nyuad.nyu.edu/en/academics/divisions/engineering/instructors/elena-negoiu.html;alta;;FILE Festival (País de Origem);alta;FILE;alta;45.943161;24.96676;;;;;;"fonte recente indica atividade profissional em 2025; sem óbito identificado";;;;;
Eleonore Koch;1926;2018;Alemanha;aulas com Yolanda Mohalyi, Elisabeth Nobiling, Samson Flexor e Bruno Giorgi > ateliês de Árpád Szenes e Robert Coutin > ateliê de Alfredo Volpi;>  >;>  >;Berlim;São Paulo;female;https://www.guiadasartes.com.br/eleonore-koch/obras-e-biografia;baixa;trajetória formativa baseada em ateliês e estudo com artistas;Wikidata;alta;MAC USP;alta;52.517669999;13.405537999;100.0;-23.5486657;-46.6382522;100.0;Enciclopédia Itaú Cultural;"fontes adicionadas em auditoria; coordenadas auditadas para a cidade";alta;Wikidata > Ulan;Wikidata > Ulan;;alta
Eli Heil;1929;2017;Brasil;;;;Palhoça, SC, Brasil;Florianópolis;female;;;artista autodidata> sem escola formal localizada;Wikipédia em português;média;MAC USP;média;-27.6455;-48.6697;;-27.5969123;-48.5495751;100.0;Enciclopédia Itaú Cultural;Local de morte preenchido a partir de fonte institucional.;alta;Wikidata;Wikidata;;alta
Elisa Gunzi;;;;Pontifícia Universidade Católica do Paraná (PUC-PR) > Escola de Música e Belas Artes do Paraná (EMBAP) > Universidade Federal do Rio Grande do Sul (UFRGS) > Universidade do Estado de Santa Catarina (UDESC);-25.4527 > -25.4284 > -30.0292 > -27.60111111;-49.2521 > -49.2733 > -51.2233 > -48.52;;;;https://www.escavador.com/sobre/4810461/elisa-kiyoko-gunzi;média;"graduação em Psicologia pela PUC-PR; formação em Pintura e História da Arte na EMBAP; mestrado em Artes Visuais pela UFRGS; doutorado em Artes Visuais pela UDESC";;;Museu Victor Meirelles;média;;;;;;;;"currículo recente indica artista em atividade; sem evidência de óbito";;;;;
Elisa Kiyoko Gunz;1969;;;Instituto de Artes da Universidade Federal do Rio Grande do Sul (UFRGS) > Programa de Pós-Graduação em Artes Visuais da UDESC;-30.0292 > -27.60111111;-51.2233 > -48.52;;;female;UFRGS Lume> repositório UDESC> Escavador;média;dissertação de mestrado na UFRGS e doutorado em Artes Visuais na UDESC concluído em 2021> graduação não localizada com segurança;;;;média;;;;;;;;identificada em exposição/acervo, sem dados biográficos suficientes para localizar óbito;;;;;
Elisa Martins da Silveira;1912;2001;Brasil;;;;Teresina;Rio de Janeiro;female;;;artista descrita como autodidata ou de formação não institucional claramente localizada;Wikidata;alta;MAC USP;baixa;-5.0879258;-42.8009765;100.0;-22.9014475;-43.1789159;100.0;MAC USP;"fontes adicionadas em auditoria; coordenadas auditadas para a cidade";alta;Wikidata > Ulan;Wikidata > Ulan;;alta
Elisa Turco;;;Itália;Università di Bologna > ERT - Emilia Romagna Teatro;44.493888888889 > 44.64582;11.342777777778 > 10.92572;Itália;;female;Rome Art Week — https://romeartweek.com/en/artists/?code=NVMAXW;alta;;FILE Festival (País de Origem);alta;FILE> Museu Paulista;alta;42.83333;12.83333;100.0;;;;;fonte recente indica artista em atividade;;;;;
Eliseu Visconti;1866;1944;Reino da Itália;Liceu de Artes e Ofícios do Rio de Janeiro > Academia Imperial de Belas Artes > Atelier Livre > Escola Nacional de Belas Artes > École nationale supérieure des beaux-arts > École normale d'enseignement du dessin (École Guérin) > Académie Julian;-22.91111111111111 > -22.9071 >  > -22.9071 > 48.853997 > 48.843223 > 48.853407;-43.20555555555556 > -43.1829 >  > -43.1829 > 2.333500 > 2.330126 > 2.330984;Giffoni Valle Piana;Rio de Janeiro;male;Projeto Eliseu Visconti;média;mais tarde ganhou prêmio de viagem à Europa> datas europeias não consolidadas neste passe;Wikidata;alta;Museu Nacional de Belas Artes;alta;40.7190349;14.9437285;100.0;-22.9014475;-43.1789159;100.0;Enciclopédia Itaú Cultural;"fontes adicionadas em auditoria; coordenadas auditadas para a cidade";alta;Ulan;Ulan;;alta
Elke Hering Bell;1940;1994;Brasil;aprendizado com Lorenz Heilmair > Academia de Belas Artes de Munique > ateliê de Mário Cravo Júnior > Escola de Belas Artes da Bahia > Academia de Belas Artes de Berlim > estudos com Robert Jacobsen; > 48.1542 >  > -12.9992 > 52.5163 > ; > 11.5417 >  > -38.5108 > 13.3777 > ;Blumenau;Blumenau;female;https://museuvictormeirelles.acervos.museus.gov.br/autores/elke-hering-bell-2/ > https://pt.wikipedia.org/wiki/Elke_Hering;alta;especialização em escultura na Akademie der Bildenden Künste München e estágio no ateliê de Mário Cravo Júnior;Wikidata;alta;Museu Victor Meirelles;baixa;-26.9189417;-49.0660575;100.0;-26.9189417;-49.0660575;100.0;Enciclopédia Itaú Cultural;"fontes adicionadas em auditoria; coordenadas auditadas para a cidade";alta;Wikidata;Wikidata;;alta
Elli Vuorinen;1985;;Finlândia;Turku Arts Academy;60.45166666666667;22.26694444444444;Finlândia;;female;FILE Festival;alta;fonte identifica apenas o país de nascimento;IFFR;média;FILE;;61.92411;25.748151;;;;;;fonte recente indica artista em atividade;;Wikidata;;;alta
Emanuele Kabu;1978;;Itália;autodidata;46.1398994;12.2176668;Belluno, Itália;;male;It’s Nice That — https://www.itsnicethat.com/articles/emanuele-kabu-animation-100118> site oficial — https://www.emanuelekabu.org/about/ | site oficial / Raum Italic / FILE Festival;alta;autodidata> coordenadas atribuídas à cidade natal associada ao início da trajetória artística;site oficial / BilBOlbul;alta;FILE;baixa;46.1398994;12.2176668;100.0;;;;;fonte recente indica artista em atividade;;;;;
Emeric Marcier;1916;1990;Brasil;Accademia di Belle Arti di Brera > École nationale supérieure des beaux-arts;45.47222222 > 48.853997;9.18888889 > 2.333500;Cluj-Napoca;Paris;male;https://www.escritoriodearte.com/artista/emeric-marcier;baixa;;Wikidata;alta;MAC USP;alta;46.7709185;23.5899178;100.0;48.856372814;2.352529617;100.0;Enciclopédia Itaú Cultural;"fontes adicionadas em auditoria; coordenadas auditadas para a cidade";alta;Wikidata > Ulan;Wikidata > Ulan;;alta
Emerik Fejes;1904;1969;Iugoslávia;;;;Osijek;Novi Sad;male;;;artista autodidata> sem escola formal localizada;Wikidata;alta;MAC USP;média;45.552721117;18.685303875;100.0;45.2545531;19.842576;100.0;Novi Sad Tourism Organisation;"fontes adicionadas em auditoria; coordenadas auditadas para a cidade";média;Wikidata > Ulan;Wikidata > Ulan;;alta
Emi Nakano;;;;;;;;;;;;possível homônimo> formação não localizada com segurança;;;MAC USP;;;;;;;;;homônimo/identificação nominal insuficiente para atribuir local de morte com segurança;;;;;
Emile Claus;1849;1924;Bélgica;Royal Academy of Fine Arts Antwerp > Academy of Waregem;51.2234 > 50.88107833333333;4.4069 > 3.400099444444444;Sint-Eloois-Vijve;Astene;male;https://en.wikipedia.org/wiki/Emile_Claus;média;A fonte também cita Jacob Jacobs e Nicaise de Keyser como mestres.;Wikidata;alta;MASP;alta;50.90911;3.41545;100.0;50.98512;3.56654;100.0;Ben Uri Research Unit;"fontes adicionadas em auditoria; coordenadas auditadas para a cidade";média;Ulan;Ulan;;alta
Emile Geissberger;;;;École d’Art de La Chaux-de-Fonds;47.099627777778;6.8295583333333;Zurique, Suíça;;;fontes biográficas de referência;média;instituição identificada em fontes secundárias;MAC USP;alta;MAC USP;baixa;47.38454096;8.529927493;;;;;;sem local de morte explícito em fonte robusta localizada;;;;;
Emiliano Di Cavalcanti;1897;1976;Brasil;Colégio Pio Americano > Faculdade de Direito da Universidade de São Paulo (USP);41.890166 > -23.55;12.434586 > -46.63722222;Rio de Janeiro;Rio de Janeiro;male;Guia das Artes;média;formação artística majoritariamente extraescolar no período inicial;Wikidata;alta;MAC USP;média;-22.9014475;-43.1789159;100.0;-22.9014475;-43.1789159;100.0;MAC USP;"fontes adicionadas em auditoria; coordenadas auditadas para a cidade";alta;Wikidata > Ulan;Wikidata > Ulan;;alta
Emiliano Zucchini;1982;;Itália;;;;Frascati, Itália;;male;;;;Homeostasis Lab;média;FILE;;41.8062042;12.6804299;100.0;;;;;fonte recente indica artista em atividade;;site oficial do artista;;;alta
Emilio Vedova;1919;2006;Itália;aulas noturnas de decoração no Carmini;45.4286;12.3305;Veneza;Veneza;male;Peggy Guggenheim Collection> Wikipedia;média;Principalmente autodidata> registro mantido por haver fonte explícita para aulas noturnas.;Wikidata;alta;MAC USP;média;45.434608;12.338913;100.0;45.434608;12.338913;100.0;Treccani;"fontes adicionadas em auditoria; coordenadas auditadas para a cidade";alta;Ulan;Ulan;;alta
Emma Vakarelova;1988;;Bulgária;Ilia Petrov National High School of Fine Arts > Estienne School > Royal Academy of Fine Arts > European School of Higher Education in Image (EESI) > La Poudrière;42.68753 > 48.831071 > 50.8440 > 44.9475 > 44.9334;23.32852 > 2.351991 > 4.3477 > 4.895278 > 4.89236;Sófia, Bulgária;;female;site oficial da artista;alta;;site oficial da artista / FILE Festival;alta;FILE;;42.6964917;23.3260106;100.0;;;;;fonte recente indica artista em atividade;;Wikidata;;;alta
Emmanuel Nassar;1949;;Brasil;Universidade Federal do Pará;-1.4746;-48.4533;Capanema;;male;https://enciclopedia.itaucultural.org.br/pessoas/2814-emmanuel-nassar;alta;formação em arquitetura;Wikidata;alta;MAC USP;alta;-1.1991117;-47.1809146;100.0;;;;;fonte recente indica artista em atividade;;Wikidata > Ulan;;;alta
Emmanuelle Leleu;;;França;Supinfocom Arles (atual MoPA);43.67670;4.6278;França;;female;Digital Production — https://digitalproduction.com/?p=99106> Cartoon Brew — https://www.cartoonbrew.com/cgi/a-la-francaise-by-julien-hazebroucq-emmanuelle-leleu-morrigane-boyer-william-lorton-ren-hsien-hsu-95939.html;média;FILE explicita “País de Origem: France”> preenchido em nível de país.;FILE Festival (País de Origem);alta;FILE;alta;46.559417044;2.550539953;100.0;;;;;fonte recente indica artista em atividade;;;;;
Emídio de Souza;1868;1949;Brasil;;;;Itanhaém, SP, Brasil;;male;;;;Prefeitura de Itanhaém;média;;;-24.1831686;-46.7895176;;;;;;fonte institucional localizada, mas sem local de morte explícito;;MAC USP;MAC USP;;alta
Emília Ceccarelli;1927;;;;;;São Paulo, SP, Brasil;;female;;;biografia localizada> formação não localizada com segurança;MAC USP;alta;MAC USP;;-23.5486657;-46.6382522;;;;;;sem local de morte explícito em fonte institucional localizada;;Enciclopédia Itaú Cultural;;;alta
Eran Hilleli;;;Israel;Bezalel Academy of Arts and Design;31.781166666666667;35.22361111111111;Israel;;male;FILE Festival;alta;FILE explicita “País de Origem: Israel”> preenchido em nível de país.;FILE Festival (País de Origem);alta;FILE;alta;31.977711512;34.979217692;100.0;;;;;fonte recente indica artista em atividade;;;;;
Erdal İnci;1983;;Turquia;Hacettepe University;39.867222222222;32.734444444444;Ancara, Turquia;;male;https://www.erdalinci.com/bio | https://archive.file.org.br/participantes/erdal-inci/;alta;;portfólio oficial / Art On Istanbul;alta;FILE;;39.8965202;32.8619738;100.0;;;;;fonte recente indica artista em atividade;;;;;
Eri Kassnel;1973;;Romênia;Bern University of the Arts > Augsburg University of Applied Sciences;46.94666666666667 > 48.355277777778;7.391388888888889 > 10.905;Timișoara, Romênia;;female;site oficial — https://eri-kassnel.de/en-info/kassnel-henneberg-media-artist/> Numeridanse — https://numeridanse.com/en/profile/kassnel-eri/;alta;;Flee Immediately / Fuck you, next;média;FILE;;45.7509747;21.2261973;100.0;;;;;fonte recente indica artista em atividade;;Kunstradio;;fontes recentes também usam a forma Erika Kassnel-Henneberg;média
Eric Lefaure;1988;;França;;;;França;;male;;;fonte biográfica identifica apenas o país> preenchimento mantido em nível de país.;FILE Festival / It’s Nice That;média;FILE;;46.559417044;2.550539953;100.0;;;;;fonte recente indica artista em atividade;;Sotheby's;;ano de nascimento obtido em catálogo de leilão;média
Erica Gualandi;;;Reino Unido;Bournemouth University;50.7432;-1.8969;Reino Unido;;female;FILE Festival — https://archive.file.org.br/participantes/erica-gualandi/> Vimeo/NCCA Degree Show — https://vimeopro.com/nccaanimation/undergraduatedegreeshow2017/video/225838598;média;FILE explicita “País de Origem: United Kingdom”> preenchido em nível de país.;FILE Festival (País de Origem);alta;FILE;alta;53.408386605;-1.969559544;100.0;;;;;"atividade profissional recente localizada; sem óbito identificado";;;;;
Erica Kaminishi;1979;;;Faculdade de Artes do Paraná > Nihon University;-25.409606 > 35.691;-49.248433 > 139.73760833;Mato Grosso, Brasil;;female;https://www.ericakaminishi.com/bio/;média;"bacharelado em Artes Plásticas pela Faculdade de Artes do Paraná e mestrado em Artes Visuais pela Nihon University; fontes divergem entre Mato Grosso e Londrina quanto ao local de nascimento; programa de doutorado no Japão não concluído";site oficial da artista;alta;Museu Victor Meirelles;média;-12.6819;-56.9211;;;;;;fonte recente indica artista em atividade;;Via Thorey;;;média
Erich Brill;1895;1942;Reich Alemão;escolas de arte em Hamburgo e Frankfurt;50.11055555555556;8.682222222222222;Lübeck;Campo de concentração de Jungfernhof;male;https://www.askart.com/bio/Erich_Arnold_Brill/11091033/Erich_Arnold_Brill;média;A fonte recuperada usa o nome completo Erich Arnold Brill.;Wikidata;alta;MAC USP;média;53.866268999;10.683932;100.0;56.8923056;24.1981111;76.43;"Deutsche Biographie; Wikipédia (de)";auditoria: coordenadas corrigidas para Jungfernhof concentration camp, perto de Riga;média;Wikidata > Ulan;Wikidata > Ulan;;alta
Erin Gee;1983;;Canadá;Concordia University;45.496944444444445;-73.57805555555555;Regina, Saskatchewan, Canadá;;female;https://en.wikipedia.org/wiki/Erin_Gee_(artist) | https://www.isea-symposium-archives.org/person/erin-marie-gee/;média;;Toronto Biennial of Art;alta;FILE;;50.448119;-104.615859;100.0;;;;;fonte recente indica artista em atividade;;site oficial da artista (biography);;;alta
Ernest Ange Duez;1843;1896;França;École des Beaux-Arts de Paris;48.853997;2.333500;antigo 3º arrondissement de Paris;Saint-Germain-en-Laye;male;https://fr.wikipedia.org/wiki/Ernest_Ange_Duez;média;aluno nos ateliês de Isidore Pils e Carolus-Duran;Wikidata;alta;Pinacoteca de São Paulo;média;43.309522766634;5.370419622038;85.38;48.898970617;2.093804863;100.0;Museo Nacional Thyssen-Bornemisza;"fontes adicionadas em auditoria; coordenadas auditadas para a cidade";alta;Ulan;Ulan;;alta
Ernestina Sanná Karman;1915;2004;Brasil;estudos de desenho com Lucilia Fraga;-23.5331446;-46.6267577;Santos;São Paulo;female;https://enciclopedia.itaucultural.org.br/pessoas/9153-ernestina-sanna-karman | https://www.guiadasartes.com.br/ernestina-sanna-karman/quem-foi;alta;"formação em ateliê explicitada em fontes sumárias. A formação no ateliê de Samson Flexor não foi confirmada; foi substituída pelos estudos de desenho com Lucilia Fraga.";Wikidata;alta;MAC USP;baixa;-23.9562885;-46.3264601;100.0;-23.5486657;-46.6382522;100.0;Enciclopédia Itaú Cultural;Local de morte preenchido a partir de fonte institucional.;alta;Wikidata;Wikidata;;alta
Ernesto de Fiori;1884;1945;Áustria;Königliche Akademie der Bildenden Künste;52.362906786;4.917817469;Roma;São Paulo;male;https://enciclopedia.itaucultural.org.br/pessoas/3015-ernesto-de-fiori;alta;A Enciclopédia Itaú Cultural informa estudos de desenho em Munique com Gabriel von Hackl na Real Academia.;Wikidata;alta;MAC USP;alta;41.8905568;12.4942679;100.0;-23.5486657;-46.6382522;100.0;MAC USP;"fontes adicionadas em auditoria; coordenadas auditadas para a cidade";alta;Wikidata > Ulan;Wikidata > Ulan;;alta
Ernesto Meyer Filho;1919;1991;Brasil;;;;Itajaí;Florianópolis;male;;;artista autodidata> sem escola formal localizada;Wikidata;alta;MAC USP;média;-26.9083405;-48.6626099;100.0;-27.5969123;-48.5495751;100.0;;;;Wikidata;Wikidata;;alta
Ernst Nowak;1851;1919;Cisleitânia;Akademie der bildenden Künste Wien;48.201388888889;16.365277777778;Opava;Viena;male;https://www.biographien.ac.at/oebl/oebl_N/Novak_Ernst_1851_1919.xml;alta;A fonte aberta também informa os professores K. Mayer, Wurzinger e Eisenmenger.;Wikidata;alta;Museu Histórico Nacional;alta;49.936506356;17.904929924;100.0;48.2092062;16.3727778;100.0;ÖBL / biographien.ac.at;"fontes adicionadas em auditoria; coordenadas auditadas para a cidade";alta;Ulan;Ulan;;alta
Erwin Günther;1950;;Alemanha;Kunstakademie Düsseldorf;51.23054;6.77365;Hamburg;Düsseldorf;male;https://de.wikipedia.org/wiki/Erwin_G%C3%BCnther_%28Maler%29;média;A fonte também informa Olof Jernberg como professor.;Wikidata;alta;MASP;alta;53.550677999;9.99697;100.0;51.224219999;6.780068;100.0;"Wikipedia (de); Wikimedia Commons";"fontes abertas convergentes; coordenadas auditadas para a cidade";média;Ulan;;"ano de morte não preenchido; fonte consultada localiza artista 1864–1927, mas o nascimento já preenchido no CSV (1950) conflita com essa identificação";alta
Estanislau Antônio de Miranda (?);;;;;;;;;;;;"Autoria atribuída com dúvida. O catálogo do Museu do Diamante identifica Estanislau Antônio de Miranda como filho de Caetano Luiz de Miranda e de Francisca, moradora da Vila de Diamantina; formação e dados biográficos não foram confirmados.";;;Museu do Diamante;;;;;;;;;homônimo/identificação nominal incerta para atribuir local de morte;;;;;
Estêvão Silva;1845;1891;Brasil;Academia Imperial de Belas Artes;-22.9071;-43.1829;Niterói;Rio de Janeiro;male;https://pt.wikipedia.org/wiki/Est%C3%AAv%C3%A3o_Silva | https://projetoafro.com/artista/estevao-silva/;média;As fontes recuperadas também identificam Victor Meirelles, Jules Le Chevrel e Agostinho José da Mota como mestres.;Wikidata;alta;Pinacoteca de São Paulo;alta;-22.8898227;-43.1220775;100.0;-22.9014475;-43.1789159;100.0;Enciclopédia Itaú Cultural;"fontes adicionadas em auditoria; coordenadas auditadas para a cidade";alta;Wikidata;Wikidata;;alta
Euclides Fonseca;1853;1929;Brasil;estudos de composição com Inocêncio Smolz;-8.0538888888889;-34.880833333333;;Olinda;male;https://pt.wikipedia.org/wiki/Euclides_Fonseca | https://musicabrasilis.org.br/pt-br/compositores/euclides-fonseca/;média;A formação aberta recuperável aparece por mestre, não por escola formal específica.;;;Museu Histórico Nacional;média;;;;-8.0088888889;-34.8552805556;100.0;Música Brasilis;auditoria: local corrigido de Rio de Janeiro para Olinda;alta;Musica Brasilis;Musica Brasilis;;alta
Eugenio Prati;1842;1907;Reino da Itália;Accademia di Belle Arti di Venezia > patronato operário Stimate de Verona;45.4286 > 45.4384;12.3305 > 10.9916;Caldonazzo;Caldonazzo;male;https://prati.com.br/famiglia-prati/ilustresilustri/biografia-portugues | https://pt.wikiital.com/wiki/Eugenio_Prati_%28scultore%29;média;Há divergência de datas entre fontes secundárias> mantido o que aparece de forma mais explícita nas fontes abertas recuperadas.;Wikidata;alta;MAC USP;média;45.9959444;11.2657962;100.0;45.9959444;11.2657962;100.0;Beweb;"fontes adicionadas em auditoria; coordenadas auditadas para a cidade";alta;Ulan;Ulan;;alta
Eugène Delacroix;1798;1863;França;École des Beaux-Arts de Paris > Lycée Impérial > ateliê de Pierre-Narcisse Guérin;48.853997 > 48.85666666666667 > ;2.333500 > 2.333611111111112 > ;Saint-Maurice;Paris;male;https://www.ebsco.com/research-starters/history/eugene-delacroix | https://www.guiadasartes.com.br/eugene-delacroix/biografia> https://www.guiadasartes.com.br/eugene-delacroix/biografia | https://www.ebsco.com/research-starters/history/eugene-delacroix;média;;Wikidata;alta;MASP;alta;48.8182;2.4347;100.0;48.856372814;2.352529617;100.0;Britannica;"fontes adicionadas em auditoria; coordenadas auditadas para a cidade";alta;;;;
Eugène Laermans;1864;1940;Bélgica;Académie royale des Beaux-Arts de Bruxelles;50.844;4.3477;Molenbeek-Saint-Jean;Bruxelas;male;https://en.wikipedia.org/wiki/Eug%C3%A8ne_Laermans;média;A fonte cita estudo com Jean-François Portaels.;Wikidata;alta;MASP;alta;50.855232451;4.318458105;100.0;50.85045;4.34878;100.0;"Wikipedia (en); Wikidata";auditoria: local regularizado para Brussels e coordenadas corrigidas;média;Ulan;Ulan;;alta
Eugène Louis Boudin;1824;1898;França;atelier de Eugène Isabey;48.85666666666667;2.333611111111112;Honfleur;Deauville;male;https://en.wikipedia.org/wiki/Eug%C3%A8ne_Boudin;média;A fonte também menciona trabalho como copista no Louvre.;Wikidata;alta;Museu Nacional de Belas Artes;alta;49.420241441;0.234543093;100.0;49.359249359;0.074676226;100.0;"Britannica; Musée d'Orsay";"fontes adicionadas em auditoria; coordenadas auditadas para a cidade";alta;Wikidata > Ulan;Wikidata > Ulan;;alta
Eugênio Teixeira;;;;formação artística brasileira;;;;;;https://enciclopedia.itaucultural.org.br/;alta;Não localizei nesta rodada uma fonte aberta suficiente para nomear escola específica> registro conservador.;;;Museu Histórico Nacional;baixa;;;;;;;;fonte institucional localizada, mas sem local de morte explícito;;;;;
Eulália Nascimento Silva;;;Brasil;formação artística brasileira;;;;;female;https://www.catalogodasartes.com.br/;média;Não localizei fonte aberta bastante robusta para nomear escola oficial nesta rodada.;;;Museu Histórico Nacional;baixa;;;;;;;;fonte institucional localizada, mas sem local de morte explícito;;;;;
Eurico de Vio;1874;1960;Itália > Brasil;Accademia di Belle Arti di Venezia;45.4286;12.3305;Veneza, Itália;São Paulo;male;https://pt.wikipedia.org/wiki/Enrico_Vio | https://www.oexplorador.com.br/enrico-vio-pintor-participa-de-exposicoes-em-milao-turim-e-da-grande-mostra-de-artes-de-veneza/;média;O creator está grafado como 'Eurico de Vio', mas as fontes abertas biográficas consultadas usam 'Enrico Vio'.;Enciclopédia Itaú Cultural;alta;Museu Paulista;média;45.4408;12.3155;;-23.5486657;-46.6382522;100.0;Enciclopédia Itaú Cultural;"place of death preenchido a partir de fonte institucional; creator usa variante de Enrico Vio";alta;;;;
Evelyn Jane Ross;;;Estados Unidos;Rhode Island School of Design;41.825833;-71.407778;;;female;FILE Festival — https://file.org.br/anima_2018/evelyn-jane-ross/> Great Women Animators — https://greatwomenanimators.com/evelyn-jane-ross/;alta;Lote 8 pesquisado> sem fonte auditável suficiente para local de nascimento.;;;FILE;;;;;;;;;fonte recente indica artista em atividade;;;;;
Everett Spruce;1908;2002;Estados Unidos;Dallas Art Institute;32.779166666667;-96.808888888889;Conway;Austin;male;https://www.cartermuseum.org/artists/everett-spruce;alta;instituição identificada em biografias do regionalismo texano;Wikidata;alta;MAC USP;média;35.0917981;-92.4367002;100.0;30.264979;-97.746598;100.0;"Wikipedia (artista); Encyclopedia of Arkansas";"local mantido em auditoria; fonte institucional principal não explicita a cidade do óbito";média;Wikidata > Ulan;Wikidata > Ulan;;alta
Evert Lundquist;1904;1994;Suécia;Gerlesborg School of Fine Art > Carl Wilhelmson's painting school > Académie Julian > Konsthögskola;59.324444 >  > 48.871111 > 59.3260;18.083056 >  > 2.341667 > 18.0720;Estocolmo;Estocolmo;male;https://en.wikipedia.org/wiki/Evert_Lundquist;média;;Wikidata;alta;MAC USP;média;59.3327881;18.0644881;100.0;59.3327881;18.0644881;100.0;"Moderna Museet; Wikidata";"fonte institucional explicita o óbito; cidade mantida por fonte aberta de autoridade";alta;Ulan;Ulan;;alta
F. Falcão;;;;;;;;;;;;;;;Museu Histórico Nacional;;;;;;;;;nome abreviado não desambiguado com segurança;;;;;
F. Mallio;;;;;;;;;male;;;;;;Museu Paulista;;;;;;;;;nome abreviado não desambiguado com segurança;;;;;
F. Prata;;;;;;;;;;;;;;;Museu Histórico Nacional;;;;;;;;;nome abreviado não desambiguado com segurança;;;;;
F. Viriato;;;;;;;;;;;;;;;Museu Histórico Nacional;;;;;;;;;nome abreviado não desambiguado com segurança;;;;;
Fabiana de Barros;1957;;Suíça;Fundação Armando Álvares Penteado (FAAP);-23.5450155;-46.6630802;São Paulo;;female;https://acervo.macrs.rs.gov.br/artistas-macrs/fabiana-de-barros/;alta;formação em artes plásticas;Wikidata;alta;MAC USP;alta;-23.5486657;-46.6382522;100.0;;;;;fonte recente indica artista em atividade;;Wikidata > Ulan;;;alta
Fabiano Rodrigues;1974;;Brasil;autodidata;-23.5486657;-46.6382522;Santos, Brasil;;male;FILE Festival — https://archive.file.org.br/participantes/fabiano-rodrigues/> Fundação Vera Chaves Barcellos — https://fvcb.com.br/acervo/artista/fabiano-rodrigues/ | Arteref / Fundação Vera Chaves Barcellos;alta;autodidata> coordenadas atribuídas à cidade de atuação e residência explicitada em biografia;FILE Festival / Constance Galeria;alta;FILE;baixa;-23.9562885;-46.3264601;100.0;;;;;fonte recente indica artista em atividade;;Fundação Vera Chaves Barcellos;;;alta
Fabio Fabbi;1861;1946;Reino da Itália;Academy of Fine Arts, Florence > Accademia di Belle Arti di Bologna;43.776907 > 44.497811111111;11.258475 > 11.353188888889;Bologna;Casalecchio di Reno;male;https://www.treccani.it/enciclopedia/fabio-fabbi_%28Dizionario-Biografico%29/;alta;depois transfere-se para Florença;Wikidata;alta;Museu Nacional de Belas Artes;alta;44.4941903;11.3465185;100.0;44.476574;11.2770555;100.0;Treccani;"local auditado; Treccani e Musée d’Orsay convergem em Casalecchio di Reno; há divergência apenas no ano do óbito";alta;Ulan;Ulan;;alta
Fabricio Lima;;;Brasil;;;;Brasil;;male;;;Perfil do artista descreve-o como “Brazilian-born”> preenchido em nível de país.;Behance;média;FILE;;-10.769946429;-53.073466889;100.0;;;;;fonte recente indica artista em atividade;;;;;
Fabrizio Clerici;1913;1993;Itália;Scuola Superiore di Architettura;41.9075;12.4756;Milão;Roma;male;Fabrizio Clerici official biography> European Parliament art collection;alta;;Wikidata;alta;MAC USP;alta;45.4636183;9.1881156;100.0;41.8905568;12.4942679;100.0;Peggy Guggenheim Collection;"fontes adicionadas em auditoria; coordenadas auditadas para a cidade";alta;Wikidata > Ulan;Wikidata > Ulan;;alta
Faith Holland;1985;;Estados Unidos;Vassar College > School of Visual Arts;41.686866666667 > 40.73861111;-73.895188888889 > -73.98222222;Nova York, Nova York, Estados Unidos;;female;Pratt Institute;alta;;Microscope Gallery (CV da artista);média;FILE;;40.7130466;-74.0072301;100.0;;;;;fonte recente indica artista em atividade;;;;;
Faiyaz Jafri;;;Países Baixos;Delft University of Technology (TU Delft);52.001666666667;4.3725;Países Baixos;;male;Parsons — https://www.newschool.edu/parsons/faculty/Faiyaz-Jafri/> Pratt Institute — https://www.pratt.edu/people/faiyaz-jafri/> FILE Festival — https://file.org.br/anima_2018/faiyaz-jafri/;alta;;site oficial do artista / Parsons;alta;FILE;;52.249375293;5.616126398;100.0;;;;;fonte recente indica artista em atividade;;;;;
Fanny Lhotellier;1990;;;École des Beaux-Arts de Bourges > École Georges Méliès;47.085781 > 48.74245192283895;2.395 > 2.392101897752613;Courcouronnes, França;;female;https://archive.file.org.br/participantes/fanny-lhotellier/ | https://filmfreeway.com/MielBleu;média;;CV da artista;alta;FILE;;48.616271;2.407557;;;;;;fonte recente indica artista em atividade;;KuB;;;média
Fausto Pirandello;1899;1975;Itália;Scuola Libera del Nudo, Accademia di Belle Arti di Roma;41.9075;12.4756;Roma;Roma;male;https://www.scuolaromana.it/artisti/pirandel.htm;alta;a fonte também registra acompanhamento de Felice Carena a partir de 1921;Wikidata;alta;MAC USP;alta;41.8905568;12.4942679;100.0;41.8905568;12.4942679;100.0;Fondazione Fausto Pirandello;"fonte institucional da fundação explicita o óbito em Roma; coordenadas auditadas para a cidade";alta;Wikidata > Ulan;Wikidata > Ulan;;alta
Fayga Ostrower;1920;2001;Brasil;Atelier 17 > Fundação Getulio Vargas;40.71277777777778 > -22.906908;-74.00611111111111 > -43.178427;Łódź;Rio de Janeiro;female;https://pt.wikipedia.org/wiki/Fayga_Ostrower;média;curso de Artes Gráficas> estudou xilogravura com Axl Leskoscheck e gravura em metal com Carlos Oswald;Wikidata;alta;MAC USP;alta;51.764444457;19.463055493;100.0;-22.9014475;-43.1789159;100.0;Instituto Fayga Ostrower;"fontes adicionadas em auditoria; coordenadas auditadas para a cidade";alta;Wikidata > Ulan;Wikidata > Ulan;;alta
Federico Bebber;1974;;Itália;;;;Udine, Itália;;male;;;;site oficial do artista;alta;FILE;;46.0649418;13.2307247;100.0;;;;;fonte recente indica artista em atividade;;;;;
Federico Tirone;;;;;;;;;male;;;identificação localizada, mas formação não localizada com segurança;;;Museu Histórico Nacional;;;;;;;;;creator não desambiguado com segurança nas fontes abertas consultadas;;;;;
Felice Carena;1879;1966;Itália;Accademia Albertina di Belle Arti;45.0675;7.68944444;Cumiana;Veneza;male;https://en.wikipedia.org/wiki/Felice_Carena;média;Fonte confirma estudos na Accademia Albertina em Turim, sem datas precisas localizadas nesta passada.;Wikidata;alta;MAC USP;média;44.9807962;7.3778148;100.0;45.434608;12.338913;100.0;Treccani;"fontes adicionadas em auditoria; coordenadas auditadas para a cidade";alta;Wikidata > Ulan;Wikidata > Ulan;;alta
Felice Casorati;1883;1963;Itália;University of Padua;45.42;11.87;Novara;Turim;male;https://en.wikipedia.org/wiki/Felice_Casorati;média;A formação localizada com segurança nesta passada é em Direito> estudos artísticos posteriores apareceram de forma menos estável entre fontes.;Wikidata;alta;MAC USP;média;45.4451051;8.6183864;100.0;45.0791666667;7.6761111111;100.0;Treccani;"fontes adicionadas em auditoria; coordenadas auditadas para a cidade";alta;Ulan;Ulan;;alta
Feliks Tomasz Konczakowski;;;Polônia;;;;Cracóvia, Polônia;;male;;;;FILE Festival;alta;FILE;;50.061781198;19.937369714;100.0;;;;;fonte recente indica artista em atividade;;;;nascimento não preenchido por divergência entre fontes consultadas (1982 e 1987);
Felipe Cama;1970;;;Escola de Comunicações e Artes da USP (ECA-USP) > Fundação Armando Álvares Penteado (FAAP);-23.558333 > -23.5450155;-46.726944 > -46.6630802;Porto Alegre, RS, Brasil;;male;https://www.premiopipa.com/pag/felipe-cama/;média;A fonte consultada informa as instituições, mas não traz cronologia detalhada.;MAC USP;alta;MAC USP;média;-30.027679;-51.2286404;;;;;;fonte recente indica artista em atividade;;;;;
Felix Bernardelli;1862;1908;Brasil;Academia Imperial de Belas Artes > estudos em Roma;-22.9071 > 41.893055555556;-43.1829 > 12.482777777778;São Pedro do Sul, Rio Grande do Sul, Brasil;Guadalajara;male;https://enciclopedia.itaucultural.org.br/pessoas/6823-felix-bernardelli;alta;fonte confirma ingresso na Aiba e viagem de estudos a Roma;https://enciclopedia.itaucultural.org.br/pessoas/6823-felix-bernardelli;alta;Pinacoteca de São Paulo;média;-29.6202;-54.1781;100.0;20.6763888889;-103.3422222222;100.0;Enciclopédia Itaú Cultural;"fontes adicionadas em auditoria; coordenadas auditadas para a cidade";alta;Wikidata;Wikidata;;alta
Felix Hardmood Beck;;;;Universität der Künste Berlin (UdK Berlin);52.50916666666667;13.32694444444444;Düsseldorf, Alemanha;;male;https://www.felix-beck.de/content/bio.html;média;;site pessoal / about.me;baixa;FILE;;51.224219999;6.780068;100.0;;;;;fonte recente indica artista em atividade;;;;;
Ferdinand Krumholz;1810;1878;;Akademie der bildenden Künste Wien;48.201388888889;16.365277777778;Dvorce;Berna;male;https://www.biographien.ac.at/oebl/oebl_K/Krumholz_Ferdinand_1844_1890.xml;alta;Cronologia não localizada nesta rodada.;Wikidata;alta;Museu Histórico Nacional;média;45.884539991;15.613960656;100.0;46.9479805556;7.4474305556;100.0;Österreichisches Biographisches Lexikon;"fonte biográfica de autoridade explicita o óbito em Bern; coordenadas mantidas para a cidade";alta;Wikidata > Ulan;Wikidata > Ulan;;alta
Ferdinand Piereck;1844;1925;Império Austríaco;formação artística alemã;;;Viena;Recife;male;https://www.wikidata.org/wiki/Q42848766;alta;Registro conservador por ausência de cronologia formativa aberta suficiente.;Wikidata;alta;Museu Paulista;baixa;48.2092062;16.3727778;100.0;-8.0538888889;-34.8808333333;100.0;Wikipedia (pt);"local mantido em auditoria; fonte aberta explícita, sem confirmação institucional localizada";média;Wikidata;Wikidata;;alta
Fernand Léger;1881;1955;França;Académie Julian > École des Arts Décoratifs > École des Beaux-Arts de Paris;48.871111 > 48.85666666666667 > 48.853997;2.341667 > 2.333611111111112 > 2.333500;Argentan;Gif-sur-Yvette;male;https://www.tate.org.uk/whats-on/tate-britain/fernand-leger;alta;Formação anterior em arquitetura mencionada em outras biografias, mas sem instituição formal confirmada nesta passada.;Wikidata;alta;MAC USP;alta;48.743980475;-0.016452183;100.0;48.7013888889;2.1336111111;100.0;Musée national Fernand Léger;"fonte museológica oficial explicita o óbito em Gif-sur-Yvette; coordenadas auditadas para a cidade";alta;Ulan;Ulan;;alta
Fernanda Ramos;;;;Escola de Comunicações e Artes da USP (ECA-USP);-23.558333;-46.726944;Brasil;;female;FILE Festival;alta;FILE explicita “País de Origem: Brasil”> preenchido em nível de país.;FILE Festival (País de Origem);alta;FILE;;-10.769946429;-53.073466889;100.0;;;;;fonte recente indica artista em atividade;;;;;
Fernanda Vogas;;;Brasil;Universidade Federal do Rio de Janeiro (UFRJ);-22.8625;-43.223889;;;female;https://archive.file.org.br/participantes/fernanda-vogas/ | https://fernandavogas.wixsite.com/vogas/sobre;alta;Lote 8 pesquisado> sem fonte auditável suficiente para local de nascimento.;;;FILE;;;;;;;;;fonte recente indica artista em atividade;;;;;
Fernandes Machado;1875;;Brasil;Escola Nacional de Belas Artes > Académie Julian;-22.8625055 > 48.871111111111;-43.2256622 > 2.3416666666667;Rio de Janeiro;Rio de Janeiro;male;https://pt.wikipedia.org/wiki/Fernandes_Machado | https://enciclopedia.itaucultural.org.br/pessoas/6826-fernandes-machado> https://pt.wikipedia.org/wiki/Fernandes_Machado | https://www.escritoriodearte.com/artista/fernandes-machado;média;As fontes abertas também nomeiam José Maria de Medeiros, Pedro Weingärtner, Modesto Broccos, Rodolfo Amoedo e Henrique Bernardelli como mestres.;Wikidata;alta;Museu Paulista;alta;-22.9014475;-43.1789159;100.0;-22.9111111111;-43.2055555556;100.0;Enciclopédia Itaú Cultural;"fonte institucional explicita o óbito em idem; coordenadas auditadas para a cidade";alta;Wikidata;Wikidata;;alta
Fernando Lemos;1926;2019;Brasil;Escola de Artes Decorativas António Arroio > Sociedade Nacional de Belas Artes;38.7223 > 38.7223;-9.1393 > -9.1393;Lisboa;São Paulo;male;https://www2.camara.leg.br/a-camara/visiteacamara/cultura-na-camara/museu/acervo/obras-de-arte/fernando-lemos-1/fernando-lemos | https://ims.com.br/titular-colecao/fernando-lemos/;alta;"Fontes institucionais confirmam a Escola António Arroio e a Sociedade Nacional de Belas Artes, ambas em Lisboa; a Escola de Belas Artes de Lisboa foi corrigida.";Wikidata;alta;MAC USP;média;38.7070085;-9.1356407;100.0;-23.5503944444;-46.6339472222;100.0;Instituto Moreira Salles;"place of death auditado em fonte institucional; coordenadas mantidas para a cidade";alta;Ulan;Ulan;;alta
Fernando Limberger;1962;;Brasil;Universidade Federal do Rio Grande do Sul (UFRGS) > especialização em Reabilitação em Paisagens Degradadas na ESALQ > Jardinagem no DEPAVE;-30.033611 > -22.708333333333 > -23.550394444444;-51.219167 > -47.641666666667 > -46.633947222222;Santa Cruz do Sul, RS, Brasil;;male;https://fosseisurbanos.com.br/fosseis-urbanos-fernando-limberger | https://www.esalq.usp.br/acom/clipping_semanal/2012/3marco/25_a_02/files/assets/downloads/page0013.pdf;alta;Além da formação artística, a fonte registra formações complementares ligadas ao paisagismo.;MAC USP;alta;MAC USP;alta;-29.7175;-52.4259;;;;;;fonte recente indica artista em atividade;;Enciclopédia Itaú Cultural;;;alta
Fernando Lindote;1960;;Brasil;Universidade do Estado de Santa Catarina (UDESC);-27.60111111;-48.52;Santana do Livramento, RS, Brasil;;male;https://www.iea.usp.br/pessoas/pasta-pessoaf/fernando-lindote | https://museuvictormeirelles.museus.gov.br/entorno-fernando-lindote/;alta;"datas aproximadas. As fontes institucionais confirmam a identidade e a trajetória do artista, mas não confirmam a formação na UDESC; dado mantido com confiança baixa.";Museu Victor Meirelles;alta;MAC USP;média;-30.89083;-55.53278;;;;;;fonte institucional recente indica artista em atividade;;Wikidata;;;alta
Fernando Lion;1947;;;;;;São Paulo, SP, Brasil;;male;;;formação não localizada com segurança;MAC USP;alta;MAC USP;;-23.5486657;-46.6382522;;;;;;fontes institucionais localizadas, sem local de morte explícito;;MAC USP;;;alta
Fernando Odriozola;1921;1986;;Escuela Nacional de Bellas Artes;14.09871944444444;-87.20715833333334;Oviedo, Espanha;São Paulo;male;https://www.escritoriodearte.com/artista/fernando-odriozola;baixa;"A fonte localizada não confirma a Escuela Nacional de Bellas Artes; dado mantido provisoriamente com confiança baixa.";Enciclopédia Itaú Cultural;alta;MAC USP;média;43.3602825;-5.8447919;;-23.5503944444;-46.6339472222;100.0;El País (necrológica, 1986);"necrológica explicita São Paulo como local de morte; coordenadas auditadas para a cidade";alta;Enciclopédia Itaú Cultural;Enciclopédia Itaú Cultural;;alta
Fernando Otávio Fuentes Lindote;1960;;Brasil;Universidade do Estado de Santa Catarina (UDESC);-27.60111111;-48.52;Sant'Ana do Livramento, RS, Brasil;;male;https://www.iea.usp.br/pessoas/pasta-pessoaf/fernando-lindote | https://museuvictormeirelles.museus.gov.br/entorno-fernando-lindote/;alta;"datas aproximadas. As fontes institucionais confirmam a identidade e a trajetória do artista, mas não confirmam a formação na UDESC; dado mantido com confiança baixa.";MACRS;alta;;média;-30.8908;-55.5322;;;;;;fonte institucional recente indica artista em atividade;;Wikidata;;;alta
Fernando Szyszlo;1925;2017;Peru;Escuela Nacional de Ingeniería > Facultad de Artes Plásticas da Pontificia Universidad Católica del Perú;19.33138889 > -12.06944444444444;-99.18472222 > -77.07944444444445;Lima, Peru;San Isidro;male;Wikipedia> Portal Contemporâneo da América Latina e Caribe;média;;IMMA;alta;;alta;-12.04318;-77.02824;;-12.0991666667;-77.0347222222;100.0;Agencia Andina;"fonte governamental explícita sobre o óbito em San Isidro; coordenadas auditadas para o distrito";alta;;;;
Filippo De Pisis;1896;1956;Itália;Università di Bologna;44.493888888889;11.342777777778;Ferrara;Milão;male;https://en.wikipedia.org/wiki/Filippo_De_Pisis;média;A biografia consultada menciona estudos de literatura e filosofia> a pintura se desenvolve depois em Roma.;Wikidata;alta;MAC USP;média;44.8378378;11.6203994;100.0;45.4636183;9.1881156;100.0;Treccani;"fontes adicionadas em auditoria; coordenadas auditadas para a cidade";alta;Wikidata > Ulan;Wikidata > Ulan;;alta
Firman Machda;;;Indonésia;University of South Wales;51.47946437141099;-3.1692761684562125;Bandung, Indonésia;;male;https://file.org.br/led_sp_2019/firman-machda/ | https://about.me/machda;alta;;about.me / FILE Festival;média;FILE;;-6.9021634;107.6191139;100.0;;;;;site oficial recente indica artista em atividade;;;;;
Florencia Levy;1979;;Argentina;Central Saint Martins > Universidad Nacional de las Artes (UNA);51.5353 > -34.59472222;-0.1253 > -58.39944444;Buenos Aires, Argentina;;female;https://www.arte-online.net/Artistas/Levy-Florencia/%28section%29/Biografia | https://proyector.info/en/profile/florencia-levy/;alta;;PROYECTOR / Mapa del Arte;alta;FILE;;-34.6090264;-58.3732215;100.0;;;;;fonte institucional recente indica artista em atividade;;Museo Moderno de Buenos Aires;;;alta
Flávia Metzler;1974;;Brasil;Universidade Federal do Rio de Janeiro (Geologia, Pintura);-22.8625;-43.223888888889;Rio de Janeiro, RJ, Brasil;;female;Escavador> site da artista;média;retomou a UFRJ em 2004 para cursar Pintura> fontes biográficas também mencionam passagem inconclusa pelo curso, mas o Lattes/Escavador registra graduação em Pintura em 2007;Museu Victor Meirelles;alta;Museu Victor Meirelles;média;-22.9014475;-43.1789159;;;;;;site oficial recente indica artista em atividade;;Wikidata;;;alta
Flávio;;;;;;;;;;;;identificação incompleta> não foi possível desambiguar com segurança;;;MAC USP;;;;;;;;;nome insuficiente/ambíguo para desambiguar com segurança;;;;;
Flávio de Carvalho;1899;1973;Brasil;Durham University > Armstrong College, Universidade de Durham > King Edward the Seventh School of Fine Arts;54.775 > 54.9783 > 54.9783;-1.575 > -1.6178 > -1.6178;Barra Mansa;Valinhos;male;Enciclopédia Itaú Cultural;alta;há referência a estudos em Paris em 1911, mas a instituição não foi localizada com segurança nesta passada;Wikidata;alta;MAC USP;alta;-22.545351;-44.169847;100.0;-22.9708333333;-46.9958333333;100.0;Enciclopédia Itaú Cultural;"auditoria: local corrigido de São Paulo para Valinhos; coordenadas auditadas para a cidade";alta;;;;
Flávio-Shiró;1928;;Japão;;;;Sapporo;;male;;;;Wikidata;alta;;;43.06203724;141.35436879;100.0;;;;;site oficial localizado, sem local de morte explícito;;Wikidata;;;alta
Fokke Mars;;;Reino dos Países Baixos;HKU University of the Arts Utrecht;52.09303055555556;5.121088888888889;Países Baixos;;male;https://archive.file.org.br/participantes/fokke-mars/ | https://file.org.br/anima_2018/fokke-mars-max-van-der-ree-bas-jansen/;alta;FILE explicita “País de Origem: Netherlands”> preenchido em nível de país.;FILE Festival (País de Origem);alta;FILE;alta;52.249375293;5.616126398;100.0;;;;;fonte recente indica artista em atividade;;;;;
Fran Orallo;1979;;Espanha;Universitat Politècnica de València > City of Glasgow College;39.48088957948802 > 55.863;-0.3411099306510339 > -4.244;Badajoz, Espanha;;male;https://file.org.br/videoarte_2018/fran-orallo/ | https://www.idkf.org/archive/idkf-2025/artists-2025/fran-orallo;alta;;FILE Festival;alta;FILE;;38.8785497;-6.9701578;100.0;;;;;fonte recente indica artista em atividade;;;;;
Frances Manacher;;;;;;;Inglaterra;;female;;;formação não localizada com segurança | fonte institucional informa nascimento apenas em nível de país;MAC USP;alta;MAC USP;;52.355518;-1.17432;;;;;;fontes abertas localizadas, sem local de morte explícito;;;;;
Francesc Domingo;1893;1974;Brasil;Escola de Belos Ofícios da Mancomunidade de Barcelona;41.388053;2.149394;Barcelona;São Paulo;male;https://www.catalogodasartes.com.br/artista/Francesc%20Domingo%20Segura%20/;média;instituição identificada> datas não localizadas na fonte consultada;Wikidata;alta;MAC USP;média;41.387917;2.1699187;100.0;-23.5503944444;-46.6339472222;100.0;Enciclopédia Itaú Cultural;;alta;Ulan;Ulan;;alta
Francesca Fini;1970;;Itália;IED – Istituto Europeo di Design, Milano > Istituto Quasar Design University;45.466944444444 > 41.893056;9.19 > 12.482778;Roma, Itália;;female;https://vip.nmartproject.net/fini-francesca/;média;;site oficial da artista;alta;FILE;;41.8905568;12.4942679;100.0;;;;;site oficial recente indica artista em atividade;;site oficial da artista;;;alta
Francesca Leoni;;;Itália;University of North Carolina Wilmington;34.225833333333334;-77.87333333333333;Itália;;female;FILE Festival;alta;;FILE Festival / Celeste Network;alta;FILE;;42.83333;12.83333;100.0;;;;;"atividade recente em fonte aberta; sem evidência de óbito";;;;;
Francesco Cozza;1605;1682;Itália;formação com Battistello Caracciolo > ateliê de Domenichino;>;>;Stilo;Roma;male;https://en.wikipedia.org/wiki/Francesco_Cozza | https://www.britannica.com/biography/Francesco-Cozza;alta;;Wikidata;alta;Museu Nacional de Belas Artes;média;38.4780678;16.4693036;100.0;41.8930555556;12.4827777778;100.0;https://www.treccani.it/enciclopedia/francesco-cozza_%28Dizionario-Biografico%29/;;alta;Ulan;Ulan;;alta
Francesco Cristofanetti;1901;1951;Itália;Accademia Albertina di Belle Arti;45.0675;7.68944444;Roma;Roma;male;fontes biográficas de referência;média;instituição identificada em fontes sumárias;Wikidata;alta;MAC USP;baixa;41.8905568;12.4942679;100.0;41.8930555556;12.4827777778;100.0;Saint Louis Art Museum;;alta;Wikidata > Ulan;Wikidata > Ulan;;alta
Francesco Menzio;1899;1979;Itália;Accademia Albertina di Belle Arti;45.0675;7.68944444;Tempio Pausania;Turim;male;https://en.wikipedia.org/wiki/Francesco_Menzio;média;Fonte informa matrícula por um ano na Accademia Albertina, depois da qual completou a formação de modo autônomo.;Wikidata;alta;MAC USP;média;40.8984444;9.104537;100.0;45.0791666667;7.6761111111;100.0;https://www.treccani.it/enciclopedia/francesco-menzio_%28Dizionario-Biografico%29/;;alta;Wikidata > Ulan;Wikidata > Ulan;;alta
Francesco Zugno;1709;1787;República de Veneza;ateliê de Giambattista Tiepolo;45.431078;12.328139;Veneza;Veneza;male;https://en.wikipedia.org/wiki/Francesco_Zugno;média;Formação descrita por oficina/atelier, não por academia formal.;Wikidata;alta;MASP;média;45.434608;12.338913;100.0;45.434608;12.338913;100.0;https://www.treccani.it/enciclopedia/francesco-zugno/;;alta;National Gallery, London;National Gallery, London;;alta
Francis Picabia;1879;1953;França;;;;Paris, França;Paris;male;;;;Britannica;alta;MAC USP;;48.856372814;2.352529617;;48.8566666667;2.3522222222;100.0;Comité Picabia;"biografia oficial explicita Paris como local de morte; coordenadas auditadas para a cidade";alta;Ulan;Ulan;;alta
Francisco Biojone;1934;2018;;início de estudos de pintura em Campinas;-22.9073702;-47.0628996;Campinas, SP, Brasil;Campinas;male;https://www.iar.unicamp.br/vanguardasemcampinas/catalogos/downloads/individuais/biojone.pdf | https://acervo.margs.rs.gov.br/artistas/francisco-biojone/> https://www.iar.unicamp.br/vanguardasemcampinas/catalogos/downloads/individuais/biojone.pdf;alta;As fontes localizadas não identificam escola ou mestre específico> mantida formulação conservadora.;MAC USP;alta;MAC USP;baixa;-22.9073702;-47.0628996;;-22.900833333;-47.057222222;100.0;Acervos MARGS;;alta;MARGS;MARGS;;alta
Francisco Brennand;1927;2019;Brasil;formação com Abelardo da Hora;-8.0517328;-34.9507155;Recife;Recife;male;https://plone.ufpb.br/pinacoteca/contents/menu/institucional/biografia/francisco-brennand-1927-2019;alta;A fonte universitária confirma o início da formação com Abelardo da Hora em 1942> não localizei instituição formal inequívoca para esse início.;Wikidata;alta;MAC USP;média;-8.0551894;-34.871176;100.0;-8.0538888889;-34.8808333333;100.0;Folha PE;"fonte jornalística local explícita sobre o óbito no Recife; coordenadas auditadas para a cidade";média;Ulan;Ulan;;alta
Francisco Cuoco;1933;2025;Brasil;Escola de Belas Artes de São Paulo > Museu de Arte de São Paulo (MASP);-23.561111 > -23.56111111111111;-46.655833 > -46.65583333333333;São Paulo;São Paulo;male;https://blombo.com/artistas/francisco-cuoco/artistas/francisco-cuoco;baixa;entrada usada para o artista plástico homônimo, não o ator;Wikidata;alta;MAC USP;baixa;-23.5486657;-46.6382522;100.0;-23.5503944444;-46.6339472222;100.0;Memória Globo;"biografia institucional explicita o óbito em São Paulo; coordenadas mantidas para a cidade";alta;Wikidata > Ulan;Wikidata;;alta
Francisco de Sousa Lobo;1800;1855;Brasil;Academia Imperial de Belas Artes > aluno de Debret;-22.9071 > ;-43.1829 > ;Minas Gerais, Brasil;Rio de Janeiro;male;https://pt.wikipedia.org/wiki/Francisco_de_Sousa_Lobo | https://www.catalogodasartes.com.br/artista/Francisco%20de%20Sousa%20Lobo/;média;fonte localizada informa apenas a província/estado de nascimento;Wikipédia em português;média;Museu Histórico Nacional;alta;-18.456295297924;-44.673412162104;;-22.9111111111;-43.2055555556;100.0;Enciclopédia Itaú Cultural;"fonte institucional explicita o óbito em Rio de Janeiro; coordenadas mantidas para a cidade";alta;Enciclopédia Itaú Cultural;Enciclopédia Itaú Cultural;;alta
Francisco de Sá;1862;1936;Brasil;Seminário Episcopal de Diamantina > Escola Politécnica do Rio de Janeiro > Escola de Minas de Ouro Preto;-18.248888888889 > -22.8625 > -20.385277777778;-43.6 > -43.223889 > -43.503611111111;Brejo de Santo André, MG, Brasil;Rio de Janeiro;male;https://mapa.an.gov.br/index.php/mapa/centrais-de-conteudo/producao/biografias/901-francisco-sa | https://pt.wikipedia.org/wiki/Francisco_S%C3%A1;média;Creator tratado como o político/engenheiro Francisco Sá, conforme a forma do nome na base.;Academia Nacional de Engenharia;alta;Museu Histórico Nacional;alta;-16.5361;-42.8900;;-22.9111111111;-43.2055555556;100.0;Arquivo Nacional (MAPA);"creator desambiguado por nascimento e formação; fonte oficial explicita o óbito no Rio de Janeiro";alta;Arquivo Nacional (MAPA);Academia Nacional de Engenharia;;alta
Francisco de Zurbarán;1598;1664;Espanha;aprendiz com Pedro Díaz de Villanueva;37.3877;-5.99106;Fuente de Cantos;Madri;male;https://en.wikipedia.org/wiki/Francisco_de_Zurbar%C3%A1n | https://www.britannica.com/biography/Francisco-de-Zurbaran;alta;;Wikidata;alta;MASP;alta;38.246614;-6.3092314;100.0;40.4169;-3.7033;100.0;Britannica;;alta;Ulan;Ulan;;alta
Francisco Domingos da Silva;1910;1985;Brasil;;;;Alto Tejo, AC, Brasil;Fortaleza;male;;;registro institucional informa ano aproximado de nascimento (c. 1922).;MAC USP;alta;;;-7.6308;-72.6700;;-3.7275;-38.5275;100.0;Enciclopédia Itaú Cultural;;alta;;;;
Francisco Goya;1746;1828;Espanha;School of St. Thomas Aquinas of the Piarist Schools of Zaragoza > ateliê de José Luzán > Real Academia de Bellas Artes de San Fernando;41.6488 >  > 40.4178;-0.8891 >  > -3.7007;Fuendetodos;Bordéus;male;https://pt.wikipedia.org/wiki/Francisco_de_Goya;média;;Wikidata;alta;MASP;média;41.3429064;-0.9598393;100.0;44.837898313;-0.579380299;100.0;Britannica;;alta;;;;
Francisco Joaquim Gomes Ribeiro;1855;1900;Brasil;Academia Imperial de Belas Artes > Grupo Grimm;-22.9071 > ;-43.1829 > ;Portugal;Rio de Janeiro;male;https://pt.wikipedia.org/wiki/Francisco_Joaquim_Gomes_Ribeiro | https://enciclopedia.itaucultural.org.br/pessoas/6871-francisco-ribeiro;média;;Wikidata;alta;Museu Histórico Nacional;alta;39.593139046;-8.51981299;100.0;-22.9111111111;-43.2055555556;100.0;Enciclopédia Itaú Cultural;;alta;Enciclopédia Itaú Cultural;Enciclopédia Itaú Cultural;;alta
Francisco Pedro do Amaral;1790;1831;Brasil;estudos com José Leandro de Carvalho e Manuel Dias de Oliveira, o Brasiliense > aula régia de desenho e pintura > primeiros alunos de Debret;>  >;>  >;Rio de Janeiro;Rio de Janeiro;male;https://pt.wikipedia.org/wiki/Francisco_Pedro_do_Amaral | https://www.guiadasartes.com.br/francisco-pedro-do-amaral/biografia | https://enciclopedia.itaucultural.org.br/pessoas/6869-francisco-pedro-do-amaral;média;;Wikidata;alta;Museu Histórico Nacional;alta;-22.9014475;-43.1789159;100.0;-22.9111111111;-43.2055555556;100.0;Enciclopédia Itaú Cultural;;alta;Wikidata;Wikidata;;alta
Francisco Rebolo Gonsales;1902;1980;Brasil;Escola Profissional Masculina do Brás;-23.54504;-46.61634;São Paulo;São Paulo;male;Escritório de Arte> Guia das Artes;média;Teve aulas de desenho com o professor Barquita.;Wikidata;alta;MAC USP;alta;-23.5486657;-46.6382522;100.0;-23.5503944444;-46.6339472222;100.0;Enciclopédia Itaú Cultural;;alta;Wikidata > Ulan;Wikidata > Ulan;;alta
Francisco Terêncio Vieira de Campos;;;;Escola Nacional de Belas Artes;-22.8625055;-43.2256622;;;male;https://enciclopedia.itaucultural.org.br/;alta;Registro conservador, sem datas precisas localizadas nesta rodada.;;;Museu Histórico Nacional;baixa;;;;;;;;fonte museológica localizada, sem local de morte explícito;;;;;
Francisco Viriato de Freitas;;;;;;;;;;;;formação não localizada com segurança;;;Museu da Inconfidência;;;;;;;;;fonte institucional localizada, sem local de morte explícito;;;;;
Francisco Xavier Carneiro;1765;1840;Brasil;;;;Mariana, MG, Brasil;Mariana;male;;;"Não foi localizada formação institucional ou mestre documentado; sua atuação esteve vinculada ao sistema oficinal da arte colonial mineira.";Enciclopédia Itaú Cultural;alta;Museu da Inconfidência;baixa;-20.3778;-43.4167;;-20.3783333333;-43.4163888889;100.0;Enciclopédia Itaú Cultural;;alta;Wikidata;Wikidata;;alta
Franck Dadure;;;França;;;;França;;male;;;fonte biográfica identifica apenas o país> preenchimento mantido em nível de país.;FILE Festival;média;FILE;;46.559417044;2.550539953;100.0;;;;;"site oficial recente indica atividade; sem evidência de óbito";;;;;
Franck Weber;;;França;ATLA de Paris;48.85666666666667;2.352222222222222;França;;male;https://www.reperes-numeriques.org/artiste/weber-franck/;alta;fonte identifica apenas o país de nascimento;Repères numériques;média;FILE;;46.559417044;2.550539953;100.0;;;;;"site profissional recente indica atividade; sem evidência de óbito";;;;;
Franco Sá Boris;;;;Escola Guignard;-19.9552;-43.9202;;;male;https://enciclopedia.itaucultural.org.br/;alta;Registro institucional prudente.;;;Museu Paulista;baixa;;;;;;;;"identidade nominal ambígua; não desambiguado com segurança";;;;;
Franco Sá Luís;;;;Escola Guignard;-19.9552;-43.9202;;;male;https://enciclopedia.itaucultural.org.br/;alta;Registro institucional prudente.;;;Museu Paulista;baixa;;;;;;;;"identidade nominal ambígua; não desambiguado com segurança";;;;;
Frank Kolkman;1989;;Reino dos Países Baixos;ArtEZ;51.98399613367563;5.8943865238974;Arnhem;;male;https://studiumgenerale.artez.nl/research/study/frank%2Bkolkman/ | https://waag.org/en/frank-kolkman/;alta;;Wikidata;alta;FILE;;51.974490103;5.905734847;100.0;;;;;"site oficial recente indica atividade; sem evidência de óbito";;Wikidata;;;alta
Frank Yefeng Wang;;;República Popular da China;Shanghai University > School of the Art Institute of Chicago (SAIC);31.316666666666666 > 41.879444;121.38888888888889 > -87.623889;Shanghai, China;;male;https://curatorsintl.org/collaborators/7388-wang-yefeng | https://www.maakemagazine.com/frank-wang-yefeng;média;;site oficial do artista / NARS Foundation;alta;FILE;;31.22222;121.45806;100.0;;;;;"site oficial recente indica atividade; sem evidência de óbito";;;;;
Frans Hals;1582;1666;República Neerlandesa;estudos com Karel van Mander;52.376609;4.633598;Antuérpia;Haarlem;male;https://en.wikipedia.org/wiki/Frans_Hals | https://www.portalartes.com.br/hist%C3%B3ria/biografias/pintores-classicos/frans-hals.html;média;O vínculo com Karel van Mander aparece em fontes secundárias> mantida confiança média.;Wikidata;alta;MASP;média;51.25942418;4.371799938;100.0;52.3802777778;4.6405555556;100.0;Britannica;;alta;;;;
Frans Krajcberg;1921;2021;Brasil;State Academy of Fine Arts Stuttgart > Universidade de Leningrado > State Academy of Fine Arts Stuttgart;48.7775 > 59.94194444444445 > 48.7775;9.18 > 30.29888888888889 > 9.18;Kozienice;Rio de Janeiro;male;Enciclopédia Itaú Cultural> Jornal da USP;alta;datas de estudo não localizadas com precisão nesta passada;Wikidata;alta;MAC USP;média;51.58420708;21.54907824;100.0;-22.9111111111;-43.2055555556;100.0;Enciclopédia Itaú Cultural;"fonte institucional explicita o óbito em Rio de Janeiro; coordenadas auditadas para a cidade";alta;Ulan;Ulan;;alta
Frans Post;1612;1680;República Neerlandesa;formação com o pai Jan Janszoon Post > provável contato com Frans Hals;>;>;Haarlem;Haarlem;male;https://en.wikipedia.org/wiki/Frans_Post | https://www.britannica.com/biography/Frans-Post;alta;As fontes não sustentam academia formal identificável.;Wikidata;alta;MASP;baixa;52.381044553;4.642828229;100.0;52.381044553;4.642828229;100.0;Fundação Maria Luisa e Oscar Americano;"fonte institucional explicita Haarlem como local de morte; coordenadas mantidas para a cidade";alta;Ulan;Ulan;;alta
Franz Josef Frühbeck;1795;1895;Alemanha;Akademie der bildenden Künste Wien;48.201388888889;16.365277777778;Viena;Krieglach;male;https://www.wikidata.org/wiki/Q20956326;alta;Registro conservador com base em fonte aberta estruturada> cronologia não localizada nesta rodada.;Wikidata;alta;Coleção Brasiliana Itaú;baixa;48.2092062;16.3727778;100.0;47.545007;15.561329;100.0;Instituto Moreira Salles / Google Arts & Culture;"metadados museológicos explicitam Krieglach como local de morte; coordenadas mantidas para o município";média;Ulan;Ulan;;alta
Franz Keller-Leuzinger;1835;1890;Império Alemão;Lyceum de Karlsruhe > Polytechnische Schule de Karlsruhe;49.016666666667 > 49.016666666667;8.4 > 8.4;Mannheim;Munique;male;https://www.deutsche-biographie.de/116125632.html?language=en;média;A referência biográfica registra a mudança da família para Karlsruhe e o estudo posterior no liceu e na escola politécnica.;Wikidata;alta;Coleção Brasiliana Itaú;alta;49.487779999;8.466275001;100.0;48.143438999;11.573599;100.0;Deutsche Biographie;;alta;;;;
François Clouet;1510;1572;França;Formação com Jean Clouet (pai) / ateliê de Jean Clouet;;;Tours;Paris;male;https://www.museothyssen.org/en/collection/artists/clouet-francois | https://en.wikipedia.org/wiki/Fran%C3%A7ois_Clouet;média;A fonte informa treinamento com o pai> não há instituição formal nomeada.;Wikidata;alta;MASP;média;47.390847918;0.689480032;100.0;48.856372814;2.352529617;100.0;Britannica;;alta;Ulan;Ulan;;alta
François Heysen;;;França;Supinfocom Rubika;50.35805555555555;3.523333333333333;França;;male;https://vimeo.com/183264882 | https://blog.autourdeminuit.com/distribution-2/rubika-supinfocom-valenciennes/rose-bleue/?lang=en;média;FILE explicita “País de Origem: France”> preenchido em nível de país.;FILE Festival (País de Origem);alta;FILE;alta;46.559417044;2.550539953;100.0;;;;;"perfil profissional recente localizado; sem evidência de óbito";;;;;
François Quévillon;;;Canadá;Université du Québec à Montréal (UQAM);45.513888888889;-73.560277777778;Montreal, Canadá;;male;https://lesabord.qc.ca/biographie/francois-quevillon/;alta;Fonte institucional usa formulação de origem (“artist from Montreal”), sem afirmar nascimento.;Harddiskmuseum;alta;FILE;;45.508867;-73.554242;100.0;;;;;"atividade recente em fonte aberta; sem evidência de óbito";;;;ano de nascimento não localizado em fonte explícita consultada;
François René Moreaux;1807;1860;França;estudos com Jean-Baptiste Couvelet e Antoine-Jean Gros (Barão Gros);;;Rocroi;Rio de Janeiro;male;https://pt.wikipedia.org/wiki/Fran%C3%A7ois-Ren%C3%A9_Moreaux | https://enciclopedia.itaucultural.org.br/pessoas/6880-francois-rene-moreaux | https://www.sabercultural.com.br/template/ArteBrasilEspeciais/Moreaux-Francois-Rene.html;média;Mantida formulação por mestres, sem instituição formal nomeada.;Wikidata;alta;Museu Nacional de Belas Artes;alta;49.925149573;4.519878794;100.0;-22.9014475;-43.1789159;100.0;https://enciclopedia.itaucultural.org.br/pessoas/31-francois-rene-moreaux;;alta;Wikidata;Wikidata;;alta
François-Auguste Biard;1788;1882;França;École nationale supérieure des beaux-arts de Lyon;45.768055555556;4.8172222222222;Lyon;;male;https://enciclopedia.itaucultural.org.br/pessoas/6639-francois-auguste-biard;alta;estuda com Pierre-Henri Révoil;Wikidata;alta;Pinacoteca de São Paulo;alta;45.767634724;4.835037488;100.0;;;;;"fontes divergem entre Samois-sur-Seine, Les Plâteries e Fontainebleau; não preenchido";;Ulan;Ulan;;alta
François-Hubert Drouais;1727;1775;França;formação com o pai Hubert Drouais > estudos com Donat Nonotte, Charles-André van Loo e François Boucher;>;>;Paris;Paris;male;https://en.wikipedia.org/wiki/Fran%C3%A7ois-Hubert_Drouais;média;Sem cronologia consolidada nas fontes consultadas.;Wikidata;alta;MASP;média;48.856372814;2.352529617;100.0;48.856372814;2.352529617;100.0;https://data.bnf.fr/fr/ark:/12148/cb149580457 | https://collections.louvre.fr/en/ark:/53355/cl010066649;;alta;Wikidata;Wikidata;;alta
François-René Moreaux;1807;1860;França;estudos com Jean-Baptiste Couvelet e Antoine-Jean Gros (Barão Gros);;;Rocroi;Rio de Janeiro;male;https://pt.wikipedia.org/wiki/Fran%C3%A7ois-Ren%C3%A9_Moreaux | https://enciclopedia.itaucultural.org.br/pessoas/6880-francois-rene-moreaux | https://www.sabercultural.com.br/template/ArteBrasilEspeciais/Moreaux-Francois-Rene.html;média;Mantida formulação por mestres, sem instituição formal nomeada.;Wikidata;alta;Museu Nacional de Belas Artes;alta;49.925149573;4.519878794;100.0;-22.9014475;-43.1789159;100.0;https://enciclopedia.itaucultural.org.br/pessoas/31-francois-rene-moreaux;;alta;Wikidata;Wikidata;;alta
Frederik Duerinck;;;Países Baixos;;;;Países Baixos;;male;;;;FILE Festival;média;FILE;;52.249375293;5.616126398;100.0;;;;;"atividade recente em fonte aberta; sem evidência de óbito";;;;;
Frederik Salling Troels-Smith;;;Reino da Dinamarca;The Animation Workshop;56.4561;9.40611;Dinamarca;;male;https://vimeo.com/121234327 | https://animationworkshop.via.dk/;média;fonte biográfica identifica apenas o país> preenchimento mantido em nível de país.;site oficial do artista;alta;FILE;;55.959300779;10.053934054;100.0;;;;;"atividade recente em fonte aberta; sem evidência de óbito";;;;;
Fredrik Lund-Hansen;;;Suécia;;;;Suécia;;male;;;;FILE Festival;média;FILE;;64.712585547;17.260487956;100.0;;;;;"atividade recente em fonte aberta; sem evidência de óbito";;;;;
Frei Nazareno Confaloni;1917;1977;Itália;estudo com Felice Carena, Maria Bacci e Primo Conti;43.776907;11.258475;Grotte di Castro, Itália;Goiânia;male;https://www.guiadasartes.com.br/nazareno-confaloni/biografia;média;Fonte localizada menciona mestres e cidade, mas não uma instituição formal nem datas precisas.;Portal Frei Confaloni;média;Museu de Arte Sacra da Boa Morte;baixa;42.6758;11.8736;;-16.6805555556;-49.2563888889;100.0;https://enciclopedia.itaucultural.org.br/pessoas/12814-giuseppe-confaloni;;alta;;;;
Friderico Pusthow G.;;;;;;;;;;;;identificação incompleta> não foi possível desambiguar com segurança;;;Museu da Inconfidência;;;;;;;;;"identificação nominal incompleta; sem fonte auditável de óbito";;;;;
Friedrich Dürck;1809;1884;Reino da Saxônia;Leipzig Art Academy > Akademie der Bildenden Künste München;51.333406 > 48.153196;12.367836 > 11.580312;Leipzig;Munique;male;https://en.wikipedia.org/wiki/Friedrich_D%C3%BCrck;média;A formação posterior em Munique ocorreu sob direção e apoio do tio Joseph Stieler.;Wikidata;alta;Pinacoteca de São Paulo;alta;51.338287999;12.377931001;100.0;48.143438999;11.573599;100.0;https://www.lenbachhaus.de/en/discover/collection-online/person/friedrich-d%C3%BCrck-30004805;;alta;Ulan;Ulan;;alta
Friedrich Hagedorn;1814;1889;Brasil;Akademie der Bildenden Künste München;48.153196;11.580312;Szczecin;Rio de Janeiro;male;https://pt.wikipedia.org/wiki/Friedrich_Hagedorn;média;A página recuperada informa a alma mater, mas não traz cronologia detalhada.;Wikidata;alta;Pinacoteca de São Paulo;média;53.425109842;14.550810974;100.0;-22.9014475;-43.1789159;100.0;https://enciclopedia.itaucultural.org.br/pessoas/2299-friedrich-hagedorn;;alta;Ulan;Ulan;;alta
Friedrich Salathé;1793;1858;Suíça;formação em gravura suíça > aperfeiçoamento em Paris;48.85666666666667 >;2.352222222222222 >;Binningen;Paris;male;https://de.wikipedia.org/wiki/Friedrich_Salath%C3%A9;média;A fonte aberta não detalha com precisão instituições formais específicas.;Wikidata;alta;Coleção Brasiliana Itaú;média;47.537550642;7.568164589;100.0;48.856372814;2.352529617;100.0;https://www.britishmuseum.org/collection/term/BIOG44799;;alta;Wikidata > Ulan;Wikidata > Ulan;;alta
Friedrich Vordemberg-Gildewart;1899;1962;Alemanha > Reino dos Países Baixos;Kunstgewerbeschule Hannover > Technische Hochschule Hannover;52.374444444444 > 52.374444444444;9.7386111111111 > 9.7386111111111;Osnabrück, Alemanha;Ulm;male;https://vordemberge-gildewart.eu/the-artist/biography/ | https://www.museothyssen.org/en/collection/artists/vordemberge-gildewart-friedrich;alta;Fundação dedicada ao artista e museu confirmam estudos nas duas instituições de Hannover.;Tate;alta;MAC USP;média;52.2799;8.0472;;48.4333333333;10.0166666667;100.0;https://stiftung-vordemberge-gildewart.de/vita/ | https://sammlung.staedelmuseum.de/en/person/vordemberge-gildewart-friedrich;;alta;Ulan;Ulan;;alta
Fritz Winter;1905;1976;Alemanha;Bauhaus;50.9745;11.3291;Bönen;Herrsching am Ammersee;male;https://www.fritz-winter-stiftung.de/en/zum-kuenstler | https://sammlung.staedelmuseum.de/en/person/winter-fritz;alta;Fundação dedicada ao artista e museu confirmam estudos no Bauhaus de Dessau entre 1927 e 1930.;Wikidata;alta;MAC USP;alta;51.597951999;7.763346;100.0;47.99888;11.17679;100.0;https://fritzwinteratelier.de/en/fritz-winter;;alta;;;;
Frê Vidovix;1997;;Brasil;Faculdade de Artes do Paraná;-25.4096065;-49.2484327;Curitiba, Brasil;;male;https://archive.file.org.br/participantes/fre-vidovix/ | https://www.behance.net/frevidovix/moodboards;alta;;FilmFreeway;média;FILE;;-25.4283563;-49.2732515;100.0;;;;;"atividade recente em fonte aberta; sem evidência de óbito";;FilmFreeway;;;média
Fulvio Pennacchi;1905;1992;Brasil;Regio Istituto di Belle Arti / Academia Real de Belas Artes de Lucca;43.85;10.516666666667;Villa Collemandina;São Paulo;male;Itaú Cultural> Fulvio Pennacchi Oficial;alta;Fontes convergem para formação em pintura mural em Lucca, com graduação em 1928.;Wikidata;alta;MAC USP;alta;44.159537;10.3987777;100.0;-23.5486657;-46.6382522;100.0;https://acervo.mac.usp.br/acervo/index.php/Detail/entities/6012;;alta;Wikidata > Ulan;Wikidata > Ulan;;alta
Fábio Barbosa;;;Brasil;Universidade de Brasília (UnB) > Universidade de São Paulo (USP);-15.76138888888889 > -23.561399;-47.86638888888889 > -46.730789;São Paulo;;male;https://www.escavador.com/sobre/974574/fabio-barbosa-de-oliveira;média;Associado ao artista Fábio Baroli/Fábio Barbosa de Oliveira.;Wikidata;alta;MAC USP;média;-23.5486657;-46.6382522;100.0;;;;;"atividade recente em fonte aberta; sem evidência de óbito";;;;;
Fábio Yamaji;;;Brasil;Universidade Federal do Paraná;-25.428888888889;-49.2675;São Paulo, Brasil;;male;https://www.ppgpur.ufscar.br/pt-br/programa/corpo-docente/fabio-minoru-yamaji;média;;Mapa Cultural ES;média;FILE;;-23.5486657;-46.6382522;100.0;;;;;"atividade recente em fonte aberta; sem evidência de óbito";;;;;
Félix Brissot de Warville;1818;1892;França;École des Beaux-Arts de Paris > aluno de Léon Cogniet;48.853997 >;2.333500 >;Véron;Versalhes;male;https://fr.wikipedia.org/wiki/F%C3%A9lix_Brissot_de_Warville;média;;Wikidata;alta;Pinacoteca de São Paulo;média;48.129243571;3.306620466;100.0;48.8047472;2.1205122;100.0;https://agorha.inha.fr/ark:/54721/c6f26169-bd6d-4ae1-9413-e95574553ad9;;alta;Wikidata > Ulan;Wikidata > Ulan;;alta
Félix Labisse;1905;1982;França;;;;Marchiennes;Neuilly-sur-Seine;male;;;;https://www.wikidata.org/wiki/Q2012984;alta;MAC USP;alta;50.40757;3.28632;;48.884828024;2.269704778;100.0;https://www.centrepompidou.fr/en/ressources/personne/cr4e98;;alta;Ulan;Ulan;;alta
Félix-Émile Taunay, Barão de Taunay;1795;1881;Brasil;formação artística com Nicolas-Antoine Taunay;-22.9068;-43.1729;Montmorency;Rio de Janeiro;male;https://pt.wikipedia.org/wiki/F%C3%A9lix_%C3%89mile_Taunay;média;O creator na planilha aparece em inglês> os dados de formação correspondem a Félix-Émile Taunay.;Wikidata;alta;Pinacoteca de São Paulo;média;48.989498108;2.32076331;100.0;-22.9014475;-43.1789159;100.0;https://dibrarq.arquivonacional.gov.br/index.php/felix-taunay-barao-de-taunay;;alta;Wikidata > Ulan;Wikidata > Ulan;;alta
Félix Ziem;1821;1911;França;Beaux-Arts School of Dijon > École des Beaux-Arts de Dijon;47.321261 > 47.321261;5.035364 > 5.035364;Beaune;Paris;male;https://en.wikipedia.org/wiki/F%C3%A9lix_Ziem | https://www.britannica.com/biography/Felix-Ziem;alta;;Wikidata;alta;MASP;média;47.025956158;4.839746786;100.0;48.856372814;2.352529617;100.0;https://www.musee-orsay.fr/fr/ressources/repertoire-artistes-personnalites/felix-ziem-35885;;alta;Ulan;Ulan;;alta
G. Bruschetti;1793;1871;;;;;;;;;;;;;;;;;;;;;;"identidade nominal ambígua; não desambiguado com segurança";;Wikidata;Wikidata;;alta
G. KENT;;;;;;;;;;;;assinatura abreviada> não foi possível desambiguar com segurança;;;Museu Casa da Hera;;;;;;;;;"identidade nominal ambígua; não desambiguado com segurança";;;;;
G. Le Barbier;;;;;;;;;;;;"Assinatura abreviada; não foi possível identificar com segurança o artista nem associar-lhe datas biográficas.";;;Pinacoteca de São Paulo;;;;;;;;;"verbete do Itaú usa prenome abreviado; sem identificação civil completa e sem fonte auditável de óbito";;;;;
G. Rovello;;;;;;;;;;;;;;;Museu Histórico Nacional;;;;;;;;;"assinatura abreviada em catálogos de leilão; sem identificação civil segura nem fonte auditável de óbito";;;;;
G3: Filipe Matos;1977;;Portugal;IADE Lisboa;38.708042;-9.139016;Portugal;;male;https://g03.org/contact.html;média;FILE explicita “País de Origem: Portugal”> preenchido em nível de país.;FILE Festival (País de Origem);alta;FILE;alta;39.593139046;-8.51981299;100.0;;;;;"site do artista e FILE indicam atividade recente em Lisboa; sem evidência de óbito";;FILE Festival;;;alta
Gabriel Camelo;;;Brasil;London College of Fashion > Universidad de los Andes;51.54161 > -33.404007;-0.0129 > -70.507468;Rio de Janeiro;;male;University of the Arts London> site oficial do artista;alta;;Wikidata;alta;FILE;;-22.9014475;-43.1789159;100.0;;;;;"site do artista e entrevista recente indicam atividade profissional; sem evidência de óbito";;;;"nascimento não preenchido; fonte localizada indica Bogotá/1989, em conflito com o contexto já presente no CSV";
Gabriel Caniglia;;;Estados Unidos;Northwestern University;42.05645939999999;-87.67526699999999;Estados Unidos;;male;site oficial do artista> FILE Festival;alta;FILE explicita “País de Origem: United States”> preenchido em nível de país.;FILE Festival (País de Origem);alta;FILE;alta;39.398703156;-99.41461919;100.0;;;;;"site pessoal e GitHub recentes indicam atividade profissional; sem evidência de óbito";;;;;
Gabriel Duperré;1800;1850;;;;;;;male;;;"Há divergência entre fontes quanto ao ano de morte, registrado como 1850 ou 1855; a formação na École des Beaux-Arts de Paris não foi confirmada.";;;Pinacoteca de São Paulo;média;;;;;;;;fonte de autoridade localiza o artista, sem local de morte explícito;;Wikidata > Ulan;Wikidata > Ulan;;média
Gabriel Menotti;1983;;Brasil;Goldsmiths, University of London > Pontifícia Universidade Católica de São Paulo (PUC-SP) > Universidade Federal do Espírito Santo;51.474269444444445 > -23.5381 > -20.276626;-0.03541111111111111 > -46.6705 > -40.303677;Vitória, Espírito Santo, Brasil;;male;Queen’s University> Videobrasil;alta;;YouTube / Spotify (1 curadorx, 1 hora);média;FILE;;-20.3168388;-40.3099161;100.0;;;;;"Queen’s University e Ufes indicam atividade acadêmica recente; sem evidência de óbito";;Videobrasil;;;alta
Gabriela Albergaria;1965;;Portugal;Faculty of Fine Arts of the University of Porto > Faculdade de Belas-Artes da Universidade do Porto;41.14555 > 41.14555;-8.60075 > -8.60075;Vale de Cambra;;female;https://pt.wikipedia.org/wiki/Gabriela_Albergaria;média;licenciatura em pintura> datas não localizadas;Wikidata;alta;MAC USP;média;40.833558795072;-8.336382233958;100.0;;;;;"galerias ativas e biografia recente indicam atividade contínua; sem evidência de óbito";;Wikidata > Ulan;;;alta
Gaspar Falco;1861;;França;formação italiana;;;Mostaganem;;male;https://www.catalogodasartes.com.br/;média;Dados abertos insuficientes para nomear escola.;Wikidata;alta;Museu Paulista;baixa;35.93115;0.08918;100.0;;;;;fontes biográficas abertas indicam trajetória, mas não explicitam local de morte;;Wikidata;;;alta
Gaston Bertrand;1910;1994;Bélgica;École Saint-Luc de Bruxelles > Académie royale des Beaux-Arts de Bruxelles > Académie des Beaux-Arts de Saint-Josse-ten-Noode;50.844 > 50.844 > 50.85444;4.3477 > 4.3477 > 4.37028;Bassenge;Uccle;male;https://fr.wikipedia.org/wiki/Gaston_Bertrand | https://www.group2gallery.com/bertrand-494848.html?lang=en;média;instituição identificada em biografias sumárias. Fontes secundárias convergentes indicam percurso formativo em Saint-Luc, na Academia Real de Bruxelas e em Saint-Josse-ten-Noode.;Wikidata;alta;MAC USP;média;50.765576031;5.61001854;100.0;50.80225;4.33943;100.0;Schaerbeek;auditoria: fonte institucional local confirma Uccle como local de morte;alta;Ulan;Ulan;;alta
Gastão Frazão;1914;2012;;;;;Santos, SP, Brasil;Santos, SP, Brasil;;;;;MAC USP;alta;MAC USP;baixa;-23.9562885;-46.3264601;;-23.9562885;-46.3264601;100.0;https://acervo.mac.usp.br/acervo/index.php/Detail/entities/5375;;alta;https://acervo.mac.usp.br/acervo/index.php/Detail/entities/5375;https://acervo.mac.usp.br/acervo/index.php/Detail/entities/5375;;alta
Gaëtan Borde;;;França;Supinfocom Rubika;50.35805555555555;3.523333333333333;França;;male;FILE Festival;alta;FILE explicita “País de Origem: França”> preenchido em nível de país.;FILE Festival (País de Origem);alta;FILE;;46.559417044;2.550539953;100.0;;;;;"Unifrance e perfis profissionais indicam atividade; sem evidência de óbito";;;;;
Ged Sia;;;Lituânia;Vilniaus dizaino ir technologijų kolegija > Vilnius Academy of Arts;54.7061 > 54.89547222;25.3108 > 23.88705556;;;male;Jaunojo dizainerio prizas> Vilnius Academy of Arts;alta;local de nascimento não localizado em fonte auditável;;;FILE;;;;;;;;;"NOMINT e FILE indicam atividade recente; sem evidência de óbito";;;;;
Geert Nellen;;;Países Baixos;Utrecht School of Arts;52.09303055555556;5.121088888888889;Países Baixos;;male;FILE Festival> Dutch Game Mentors;alta;FILE explicita “País de Origem: Netherlands”> preenchido em nível de país.;FILE Festival (País de Origem);alta;FILE;alta;52.249375293;5.616126398;100.0;;;;;"site oficial e Dutch Game Mentors indicam atividade recente; sem evidência de óbito";;;;;
Genaro de Carvalho;1926;1971;Brasil;Sociedade Brasileira de Belas Artes > estudos de desenho com Henrique Cavalleiro;-22.9068 > -22.9068;-43.1729 > -43.1729;Salvador;Salvador;male;https://repositorio.ufba.br/handle/ri/1734 | https://www.escritoriodearte.com/artista/genaro-de-carvalho;média;"Fontes localizadas apontam estudos de desenho com Henrique Cavalleiro na Sociedade Brasileira de Belas Artes, no Rio de Janeiro; a Escola de Belas Artes da Bahia não foi confirmada.";Wikidata;alta;MAC USP;média;-12.9641527;-38.5058208;100.0;-12.9641527;-38.5058208;100.0;Enciclopédia Itaú Cultural;;alta;Wikidata > Ulan;Wikidata > Ulan;;alta
Genesco Murta;1885;1967;Brasil;Académie de la Grande Chaumière > Académie Colarossi > estudos com Mauricet, Reynold, Charles Guérin e Bernard Naudin;48.842342 > 48.842222222222 >;2.330848 > 2.3308333333333 >;Minas Novas;Belo Horizonte;male;https://pt.wikipedia.org/wiki/Genesco_Murta | https://www.catalogodasartes.com.br/artista/Genesco%20Murta%20-%20Genesco%20Lages%20Murta%20/> https://www.catalogodasartes.com.br/artista/Genesco%20Murta%20-%20Genesco%20Lages%20Murta%20/ | https://www.escritoriodearte.com/artista/genesco-murta;média;;Wikidata;alta;Museu Histórico Nacional;alta;-17.2173033;-42.5944656;100.0;-19.9181771;-43.9370534;100.0;Enciclopédia Itaú Cultural;;alta;Wikidata;Wikidata;;alta
Gennadiy Chernega;;;Ucrânia;autodidata;50.45466;30.5238;Ucrânia;;male;FILE Festival;alta;autodidata> coordenadas atribuídas à cidade de residência explicitada em biografia;FILE Festival (biografia do artista);alta;FILE;média;49.026898375;31.374926053;100.0;;;;;"FILE e perfis profissionais indicam atividade recente; sem evidência de óbito";;;;ano de nascimento não localizado de forma explícita e consistente nas fontes consultadas;
Geoffrey Godet;;;França;Supinfocom Rubika;50.35805555555555;3.523333333333333;França;;male;FILE Festival> Acme Filmworks;alta;FILE explicita “País de Origem: França”> preenchido em nível de país.;FILE Festival (País de Origem);alta;FILE;;46.559417044;2.550539953;100.0;;;;;"perfis profissionais e FILE mantêm atividade autoral; sem evidência de óbito";;;;;
Georg Grimm;1846;1887;Reino da Baviera;Akademie der Bildenden Künste München;48.153196;11.580312;Immenstadt im Allgäu;Palermo;male;https://pt.wikipedia.org/wiki/Georg_Grimm;média;A fonte consultada também menciona viagens de estudo posteriores.;Wikidata;alta;Museu da Inconfidência;média;47.55996;10.21394;100.0;38.115664;13.3614707;100.0;Enciclopédia Itaú Cultural;;alta;Ulan;Ulan;;alta
George Chkheidze;1965;;Geórgia;National Theatre and Film School Tbilisi;41.70500000000001;44.80083333333333;Tbilisi, Geórgia;;male;site pessoal do artista> FILE Festival;alta;;FILE Festival (biografia do artista);alta;FILE;;41.6936283;44.8016185;100.0;;;;;IMDb e FILE indicam atividade autoral sem evidência de óbito;;;;;
Georges Braque;1882;1963;França;École des Beaux-Arts de Paris > École des Beaux-Arts du Havre > aprendizado de decorador > Académie Humbert;48.853997 > 49.4927 >  > 48.85666666666667;2.333500 > 0.1079 >  > 2.352222222222222;Argenteuil;Paris;male;Wikipedia> GeorgesBraque.org;média;Formação combina escola de belas-artes e aprendizado profissional de decorador.;Wikidata;alta;MAC USP;alta;48.947883958;2.24887315;100.0;48.856372814;2.352529617;100.0;Britannica;;alta;Ulan;Ulan;;alta
Georges Capgras;1866;1947;França;;;;Joinville-le-Pont;Paris;male;;;A referência localizada menciona formação artística francesa, mas não identifica instituição ou mestre com segurança.;Wikidata;alta;Pinacoteca de São Paulo;baixa;48.81842918;2.466886376;100.0;48.856372814;2.352529617;100.0;Musée d’Orsay;;alta;Wikidata > Ulan;Wikidata > Ulan;;alta
Georges Corbisier;1894;1937;Brasil;formação artística belga;;;Courbevoie;;male;https://www.brasilianaiconografica.art.br/;média;Fonte aberta insuficiente para nomear escola formal.;Wikidata;alta;Museu Paulista;baixa;48.89539808;2.254992139;100.0;;;;;local de morte não localizado em fonte aberta;;Wikidata;Wikidata;;alta
Georgina de Albuquerque;1885;1962;Brasil;Académie Julian > Escola Nacional de Belas Artes > École nationale supérieure des beaux-arts;48.871111 > -22.862506 > 48.853997;2.341667 > -43.225662 > 2.333500;Taubaté;Rio de Janeiro;female;https://pt.wikipedia.org/wiki/Georgina_de_Albuquerque;média;;Wikidata;alta;Museu Histórico Nacional;alta;-23.030587;-45.5486046;100.0;-22.9014475;-43.1789159;100.0;Enciclopédia Itaú Cultural;;alta;Ulan;Ulan;;alta
Geraldo de Barros;1923;1998;Brasil;Associação Paulista de Belas Artes de São Paulo > estudos de gravura em Paris;>;>;Chavantes;São Paulo;male;https://www.geraldodebarros.com/main/?page_id=16;alta;O site oficial registra estudos de desenho e pintura na Associação Paulista de Belas Artes e estudos de gravura em Paris, sem instituição parisiense identificada.;Wikidata;alta;MAC USP;alta;-23.0396851;-49.7082712;100.0;-23.5486657;-46.6382522;100.0;Enciclopédia Itaú Cultural;;alta;https://www.geraldodebarros.com/main/?page_id=16;https://www.geraldodebarros.com/main/?page_id=16;;alta
Geraldo Trindade Leal;1927;2013;Brasil;cursos livres no Instituto de Belas Artes de Porto Alegre > ateliê de Mário Cravo Júnior;-30.032777777778 >;-51.23 >;Santana do Livramento;Porto Alegre;male;https://pt.wikipedia.org/wiki/Geraldo_Trindade_Leal | https://aplicacoes.fcc.sc.gov.br/wpmasc/artista/geraldo-trindade-leal/ | https://www.correiodopovo.com.br/arteagenda/um-olhar-sobre-o-modernista-trindade-leal-1.1594584> https://pt.wikipedia.org/wiki/Geraldo_Trindade_Leal | https://aplicacoes.fcc.sc.gov.br/wpmasc/artista/geraldo-trindade-leal/;média;As fontes também caracterizam sua formação inicial como autodidata.;Wikidata;alta;MAC USP;média;-30.89083;-55.53278;100.0;-30.0328305556;-51.2301888889;100.0;MASC;;alta;Wikidata;Wikidata;;alta
Gerda Brentani;1906;1999;Itália;Conservatorio Giuseppe Verdi de Trieste > estudos com Ernesto de Fiori;45.650278 > ;13.770278 > ;Trieste;São Paulo;female;https://pt.wikipedia.org/wiki/Gerda_Brentani | https://www.escritoriodearte.com/artista/gerda-brentani;média;As fontes indicam formação musical formal e formação artística posterior com Ernesto de Fiori.;Wikidata;alta;MAC USP;alta;45.6535974;13.7785154;100.0;-23.5503944444;-46.6339472222;100.0;MAC USP;;alta;Wikidata > Ulan;Wikidata > Ulan;;alta
Gerhard Human;1980;;África do Sul;Pretoria Technikon;-25.7322;28.1617;Bloemfontein, África do Sul;;male;Imago Mundi Collection> Dyman Gallery;baixa;;Dyman Gallery / Latitudes;baixa;FILE;;-29.1181302;26.223091;100.0;;;;;"atividade recente em fonte aberta; sem evidência de óbito";;;;;
Gerhard Richter;1932;;Alemanha;Kunstakademie Düsseldorf > Hochschule für Bildende Künste Dresden;51.23054 > 51.052842;6.77365 > 13.742444;Dresden;;male;https://gerhard-richter-archiv.skd.museum/en/about-us/gerhard-richter/;alta;;Wikidata;alta;MAC USP;alta;51.051696999;13.736883;100.0;;;;;"atividade recente em fonte aberta; sem evidência de óbito";;;;;
Germana Monte-Mór;1958;;Brasil;Universidade Federal do Rio de Janeiro (UFRJ) > Fundação Armando Álvares Penteado (FAAP) > Escola de Comunicações e Artes da USP (ECA-USP);-22.8625 > -23.5450155 > -23.55833333;-43.223888888889 > -46.6630802 > -46.72694444;Rio de Janeiro;;female;https://galerialeme.com/artist/germana-monte-mor/> https://galeriaestacao.com.br/documents/portfolio_95_f22dd-portfolio-germana-monte-mor-%28portugues%29-.pdf;baixa;fontes também registram estudo de gravura na Escolinha de Arte do Brasil;Wikidata;alta;MAC USP;alta;-22.9014475;-43.1789159;100.0;;;;;"atividade recente em fonte aberta; sem evidência de óbito";;Wikidata > Ulan;;;alta
Germano Wahnschaffe;1832;;Alemanha;formação alemã em história natural e desenho científico;;;Alemanha;;male;https://pt.wikipedia.org/wiki/Germano_Wahnschaffe;média;A fonte aberta biográfica enfatiza carreira científica> instituição específica não foi detalhada nesta rodada.;Wikidata;alta;Coleção Brasiliana Itaú;baixa;51.110631049;10.392277932;100.0;;;;;lugar de morte não localizado em fonte confiável;;Wikidata;;;alta
Gerrit Benner;1897;1981;Reino dos Países Baixos;;;;Leeuwarden;Nijemirdum;male;;;artista autodidata> sem escola formal localizada;Wikidata;alta;MAC USP;média;53.201134953;5.805000142;100.0;52.8569444444;5.57;100.0;Wikipedia NL;;média;Ulan;Ulan;;alta
Gerrit Willem van Blaaderen;1873;1935;Reino dos Países Baixos;Escola de Arte Aplicada de Haarlem;52.376609;4.633598;Nieuwer-Amstel;Bergen;male;https://app.fta.art/pt/creator/61218fe1d38742a9f1281c20f82c042bc10d1e5a | https://nl.wikipedia.org/wiki/Gerrit_van_Blaaderen> https://app.fta.art/pt/creator/61218fe1d38742a9f1281c20f82c042bc10d1e5a;média;A fonte cita também formação com Hendrik Hulk e W.F.A.I. Vaarzon Morel.;Wikidata;alta;MASP;alta;52.30083;4.86389;100.0;52.6691694444;4.7041694444;100.0;De Valk Lexicon;local de morte confirmado como Bergen (NH);média;Wikidata > Ulan;Wikidata > Ulan;;alta
Gerson Pompeu;1910;1978;Brasil;Escola Nacional de Belas Artes > Curso Especial de Arquitetura > Académie Julian;-22.8625055 >  > 48.871111;-43.2256622 >  > 2.341667;Campinas;Rio de Janeiro;male;https://pt.wikipedia.org/wiki/Gerson_Pompeu | https://www.dezenovevinte.net/bios/bio_gpp.htm;média;;Wikidata;alta;Museu Histórico Nacional;alta;-22.9073702;-47.0628996;100.0;-22.9111111111;-43.2055555556;100.0;Enciclopédia Itaú Cultural;;alta;Wikidata;Wikidata;;alta
Gerson Tavares;1926;2021;;Escola Nacional de Belas Artes;-22.862506;-43.225662;São Gonçalo, RJ, Brasil;Rio de Janeiro;male;Folha dos Lagos;média;ingressou no curso de pintura em 1947> depois obteve bolsa para a Europa, mas a instituição europeia não foi identificada;Folha dos Lagos;média;Museu de Arte Religiosa e Tradicional;média;-22.8269;-43.0539;;-22.9014475;-43.1789159;;https://www.imdb.com/pt/name/nm0253472/;"óbito registrado em base filmográfica; local em nível municipal";média;Enciclopédia Itaú Cultural;Enciclopédia Itaú Cultural;;alta
Gervais Merryweather;;;;National Film and Television School;51.6054;-0.6374;;;male;National Film and Television School> FILE Festival;alta;identidade não confirmada com segurança para local de nascimento;;;FILE;;;;;;;;;"atividade recente em fonte aberta; sem evidência de óbito";;;;;
Gestucks;1986;;Áustria;TU Graz > University of Applied Arts Vienna;47.068888888889 > 48.2075;15.45 > 16.3825;Áustria;;male;FILE Festival;alta;FILE explicita “País de Origem: Áustria”> preenchido em nível de país.;FILE Festival (País de Origem);alta;FILE;;47.585810005;14.137076948;100.0;;;;;"atividade recente em fonte aberta; sem evidência de óbito";;Athens Digital Arts Festival;;identificado na fonte como Stefan Krische (gestucks);média
Giambattista Pittoni;1687;1767;República de Veneza;formação com o tio Francesco Pittoni;45.431078;12.328139;Veneza;Veneza;male;https://en.wikipedia.org/wiki/Giambattista_Pittoni | https://www.britannica.com/biography/Giovanni-Battista-Pittoni;alta;As fontes consultadas descrevem uma formação familiar/atelier.;Wikidata;alta;MASP;baixa;45.434608;12.338913;100.0;45.4397222222;12.3319444444;100.0;Treccani;;alta;;;;
Giampietrino;1441;1543;;formação na órbita/oficina de Leonardo da Vinci;45.47222222;9.18888889;Lombardia;;male;https://en.wikipedia.org/wiki/Giampietrino | https://www.britannica.com/biography/Giampietrino;alta;A atribuição de mestre é clara, mas a cronologia detalhada é incerta.;Wikidata;alta;MASP;baixa;45.620700797975;9.769063043545;100.0;;;;;lugar de morte não localizado em fonte de autoridade;;Ulan;Ulan;;alta
Gian Cruz;1987;;Filipinas;University of the Philippines Diliman > Kyung Hee University > De La Salle University-Manila;14.654861111111 > 37.5967 > 14.5646;121.06446944444 > 127.052 > 120.99303;Manila, Filipinas;;male;CV institucional em Visual AIDS;média;;FILE Festival (biografia do artista);alta;FILE;;14.5822592;120.9748038;100.0;;;;;"atividade recente em fonte aberta; sem evidência de óbito";;;;;
Giandomenico Paglia;;;Itália;;;;Teramo, Itália;;male;;;;Teramo Rock (biografia);média;FILE;;42.661269;13.6985307;100.0;;;;;"atividade recente em fonte aberta; sem evidência de óbito";;;;;
Gianfilippo Usellini;1903;1971;Itália;Accademia di Belle Arti di Brera > Liceo artistico di Brera;45.47222222 > 45.47222222;9.18888889 > 9.18888889;Milão;Arona;male;https://www.treccani.it/enciclopedia/gianfilippo-usellini_(Dizionario-Biografico)/;alta;na Accademia di Brera estuda com Ambrogio Alciati;Wikidata;alta;MAC USP;alta;45.4636183;9.1881156;100.0;45.7569444444;8.56;100.0;Treccani;coordenadas corrigidas para Arona, Piemonte;alta;Wikidata;Wikidata;;alta
Gilbert Stuart;1755;1828;Estados Unidos;formação com Cosmo Alexander > estudos com Benjamin West;>;>;North Kingstown;Boston;male;https://en.wikipedia.org/wiki/Gilbert_Stuart | https://www.britannica.com/biography/Gilbert-Stuart;alta;;Wikidata;alta;MASP;média;41.560378;-71.445041;100.0;42.3602777778;-71.0577777778;100.0;Gilbert Stuart Museum;;alta;;;;
Gilberto Jiménez;;;México;;;;Cidade do México;;male;;;formação não localizada com segurança;Wikidata;alta;MAC USP;;19.430457906;-99.141684761;100.0;;;;;dados insuficientes para localizar lugar de morte com segurança;;;;;
Gilda Vogt;1953;;Brasil;Museu de Arte Moderna do Rio de Janeiro (MAM-RJ) > Escola Brasil:;-22.91111111111111 > -8.9791666666667;-43.20555555555556 > -38.219444444444;Rio de Janeiro, RJ, Brasil;;female;Itaú Cultural> Wikipédia;média;também estudou com Misabel Pedrosa, Ivan Serpa, Anna Bella Geiger e Frederico Nasser;Wikipédia em português;média;MAC USP;alta;-22.9014475;-43.1789159;;;;;;"atividade recente em fonte aberta; sem evidência de óbito";;Wikidata > Ulan;;;alta
Gilda Vogt Maia Rosa;1953;;Brasil;Museu de Arte Moderna do Rio de Janeiro (MAM-RJ) > Escola Brasil:;-22.91111111111111 > -8.9791666666667;-43.20555555555556 > -38.219444444444;Rio de Janeiro, RJ, Brasil;;female;Itaú Cultural> Wikipédia;média;também estudou com Misabel Pedrosa, Ivan Serpa, Anna Bella Geiger e Frederico Nasser;Wikipédia em português;média;MAC USP;alta;-22.9014475;-43.1789159;;;;;;"atividade recente em fonte aberta; sem evidência de óbito";;Wikidata > Ulan;;;alta
Gilson Ramos Barbosa;1935;1981;;Escola de Teatro da Universidade da Bahia;-12.99216;-38.52195;Cachoeira, BA, Brasil;Cachoeira;male;https://enciclopedia.itaucultural.org.br/pessoas/7019-gilson-barbosa;alta;;Enciclopédia Itaú Cultural;alta;MAC USP;média;-12.6014;-38.9658;;-12.6177777778;-38.9558333333;;Enciclopédia Itaú Cultural;;alta;Ulan;Ulan;;alta
Gino Bruno;1899;1977;;Liceu de Artes e Ofícios > Escolinha de Artesanato;-23.5331446 > ;-46.6267577 > ;Adria, Itália;São Paulo;male;https://enciclopedia.itaucultural.org.br/pessoas/7021-gino-bruno;alta;;Enciclopédia Itaú Cultural;alta;MAC USP;alta;45.0546;12.0559;;-23.5503944444;-46.6339472222;;MAC USP;;alta;Ulan;Ulan;;alta
Gino Severini;1883;1966;Itália;Free School for Nude Studies > academia privada / Villa Medici;41.908333 > 41.908333333333;12.4825 > 12.4825;Cortona;Paris;male;Wikipedia> TheArtStory;média;Sem formação escolar contínua anterior> estudos artísticos formais curtos em Roma.;Wikidata;alta;MAC USP;média;43.2741319;11.9877546;100.0;48.8566666667;2.3522222222;100.0;Britannica;;alta;Ulan;Ulan;;alta
Ginés Parra;1896;1960;Espanha;Art Students League of New York > National Academy School of Fine Arts > École nationale supérieure des beaux-arts;40.766083333333 > 40.7503 > 48.853997;-73.980861111111 > -74.0038 > 2.333500;Almería;Paris;male;https://es.wikipedia.org/wiki/Gin%C3%A9s_Parra> https://galerialopeztorres.com/en/artists/gines-parra/;média;;Wikidata;alta;MAC USP;média;36.8400939;-2.4679043;100.0;48.8566666667;2.3522222222;100.0;BnF;registro anterior em nível de país substituído por cidade em fonte de autoridade;alta;Ulan;Ulan;;alta
Giorgio De Chirico;1888;1978;Itália;Akademie der Bildenden Künste München > Athens School of Fine Arts;48.153196 > 37.9620098;11.580312 > 23.6881821;Volos;Roma;male;https://www.onassis.org/people/giorgio-de-chirico;média;Preenchimento com base em biografia institucional.;Wikidata;alta;MAC USP;alta;39.3605228;22.9453145;100.0;41.8905568;12.4942679;100.0;Fondazione Giorgio e Isa de Chirico;;alta;;;;
Giorgio Morandi;1890;1964;Itália;Accademia di Belle Arti di Bologna > Accademia di Belle Arti di Bologna;44.497811 > 44.497811111111;11.353189 > 11.353188888889;Bologna;Bolonha;male;Wikipedia> TheArtStory;média;;Wikidata;alta;MAC USP;alta;44.4941903;11.3465185;100.0;44.4941903;11.3465185;100.0;Treccani;;alta;Ulan;Ulan;;alta
Giovanni Battista Castagneto;1851;1900;Brasil;Accademia Ligustica di Belle Arti;44.40768333;8.934525;Gênova;Rio de Janeiro;male;https://pt.wikipedia.org/wiki/Giovanni_Battista_Castagneto | https://enciclopedia.itaucultural.org.br/pessoas/2832-giovanni-battista-castagneto;média;;Wikidata;alta;Pinacoteca de São Paulo;média;44.4070624;8.9339889;100.0;-22.9014475;-43.1789159;100.0;Enciclopédia Itaú Cultural;;alta;Wikidata > Ulan;Wikidata > Ulan;;alta
Giovanni Bellini;1430;1516;República de Veneza;formação com o pai Jacopo Bellini, em oficina familiar;45.431078;12.328139;Veneza;Veneza;male;https://en.wikipedia.org/wiki/Giovanni_Bellini | https://worldhistoryedu.com/who-was-giovanni-bellini/;média;A formação recuperada é de oficina familiar, sem academia formal identificada.;Wikidata;alta;MASP;média;45.434608;12.338913;100.0;45.434608;12.338913;100.0;Britannica;;alta;;;;
Giovanni Boldini;1842;1931;Reino da Itália;Accademia delle Arti del Disegno > Accademia di Belle Arti di Firenze;43.776907 > 43.776907;11.258475 > 11.258475;Ferrara;Paris;male;https://modjourn.org/biography/boldini-giovanni-1842-1931/;média;;Wikidata;alta;MASP;alta;44.8378378;11.6203994;100.0;48.856372814;2.352529617;100.0;Treccani;;alta;Ulan;Ulan;;alta
Giovanni Sarracino;;;Itália;estudos de pintura e desenho na Itália > Liceu de Artes e Ofícios; > -23.5331446; > -46.6267577;Torre del Greco;;male;https://pt.wikipedia.org/wiki/Giovanni_Sarracino | https://8g6grupodeestudos2011.blogspot.com/2011/03/;média;As fontes consultadas não trazem cronologia detalhada para a etapa italiana.;Wikidata;alta;Museu Paulista;média;40.7872187;14.3680286;100.0;;;;;fontes localizadas descrevem atuação no Brasil, sem local de morte explícito;;;;;
Gisela Eichbaum;1920;1996;Brasil;estudos com Yolanda Mohalyi, Samson Flexor e Karl Plattner > School of Modern Art, New York; > 40.712778; > -74.006111;Mannheim;São Paulo;female;https://enciclopedia.itaucultural.org.br/pessoas/509-gisela-eichbaum | https://pt.wikipedia.org/wiki/Gisela_Eichbaum;média;A formação aparece em parte por mestres e em parte por escola, sem cronologia completa para Nova York.;Wikidata;alta;MAC USP;média;49.487779999;8.466275001;100.0;-23.5486657;-46.6382522;100.0;Enciclopédia Itaú Cultural;;alta;Wikidata > Ulan;Wikidata > Ulan;;alta
Gisela Nunes;;;Portugal;ESAP Guimarães > Escola das Artes, Universidade Católica Portuguesa > University of Minho;41.445 > 41.1536 > 41.5600;-8.2908333333333 > -8.6740 > -8.3970;Portugal;;female;YICCA> site da artista;média;FILE explicita “País de Origem: Portugal”> preenchido em nível de país.;FILE Festival (País de Origem);alta;FILE;;39.593139046;-8.51981299;100.0;;;;;"atividade recente em fonte aberta; sem evidência de óbito";;;;;
Giselda Leirner;1928;;Brasil;Universidade de São Paulo (USP) > estudos com Yolanda Mohalyi > Art Students League of New York > Parsons School of Design;-23.561399 >  > 40.766083333333 > 40.735357;-46.730789 >  > -73.980861111111 > -73.994533;São Paulo;;female;https://www.escritoriodearte.com/artista/giselda-leirner;baixa;combina formação com artistas e cursos em Nova York;Wikidata;alta;MAC USP;alta;-23.5486657;-46.6382522;100.0;;;;;fonte institucional consultada não explicita óbito nem local de morte;;Wikidata > Ulan;;;alta
Giselle Beiguelman;1962;;Brasil;Faculdade de Filosofia, Letras e Ciências Humanas da USP (FFLCH-USP);-23.561399;-46.730789;São Paulo;;female;https://site.videobrasil.org.br/acervo/artistas/artista/78451 | https://pt.wikipedia.org/wiki/Giselle_Beiguelman;média;;Wikidata;alta;FILE;;-23.5486657;-46.6382522;100.0;;;;;"atividade recente em fonte institucional; sem evidência de óbito";;Wikidata > Ulan;;;alta
Giuliano Vangi;1931;2024;Itália;Istituto d'Arte di Firenze > Accademia di Belle Arti di Firenze;43.7599 > 43.776907;11.24626 > 11.258475;Barberino di Mugello;Pesaro;male;Praemium Imperiale> Wikipedia;média;instituições identificadas> datas não localizadas;Wikidata;alta;MAC USP;alta;44.001045;11.238543;100.0;43.912069;12.915744;100.0;Comune di Pesaro;;alta;Wikidata > Ulan;Wikidata;;alta
Giulio Turcato;1912;1995;Itália;Accademia di Belle Arti di Venezia > Liceo Artistico > Scuola Libera del Nudo;45.4286 > 43.7599 > 41.9075;12.3305 > 11.24626 > 12.4756;Mantua;Roma;male;https://www.turcato.org/biography/;alta;O arquivo do artista informa frequência ao Liceo Artistico e, depois, à Scuola Libera del Nudo em Veneza, sem datas exatas nesta passada.;Wikidata;alta;MAC USP;média;45.1564;10.7911;100.0;41.8905568;12.4942679;100.0;Archivio Giulio Turcato;;alta;Ulan;Ulan;;alta
Giuseppe Amisani;1881;1941;Reino da Itália;Accademia di Belle Arti di Brera > instituto técnico de Pavia;45.47222222 > 45.18675;9.18888889 > 9.15586;Mede;Portofino;male;https://en.wikipedia.org/wiki/Giuseppe_Amisani;média;A fonte explicita estudos na Brera com Cesare Tallone e Vespasiano Bignami.;Wikidata;alta;MASP;média;45.0989259;8.737037;100.0;44.3039609;9.2077723;100.0;Treccani;;alta;Ulan;Ulan;;alta
Giuseppe Capogrossi;1900;1972;Itália;Sapienza Università di Roma > La Sapienza > Libera Scuola di Nudo de Felice Carena;41.903333 > 41.903333333333 > 41.903333333333;12.515833 > 12.515833333333 > 12.515833333333;Roma;Roma;male;https://it.wikipedia.org/wiki/Giuseppe_Capogrossi> https://emporiumart.com/en-pt/pages/giuseppe-capogrossi-biography;média;Há confirmação convergente entre fontes sobre Direito e estudo de pintura com Felice Carena.;Wikidata;alta;MAC USP;média;41.8905568;12.4942679;100.0;41.8905568;12.4942679;100.0;Treccani;;alta;Wikidata > Ulan;Wikidata > Ulan;;alta
Giuseppe Cavatti;;;Brasil;Universidade Federal do Espírito Santo;-20.276626;-40.303677;Brasília;;male;FILE Festival;alta;;Wikidata;alta;FILE;;-15.7793842;-47.9257379;100.0;;;;;"atividade recente em fonte aberta; sem evidência de óbito";;;;;
Giuseppe Leone Righini;1820;1884;Brasil;Accademia Albertina di Belle Arti;45.0675;7.689444;Turim;Belém;male;https://pt.wikipedia.org/wiki/Giuseppe_Leone_Righini | https://www.brasilianaiconografica.art.br/autores/22885/leone-righini | https://www.escritoriodearte.com/artista/giuseppe-leone-righini;média;;Wikidata;alta;Pinacoteca de São Paulo;alta;45.0683751;7.6830662;100.0;-1.4549817;-48.502273;100.0;Enciclopédia Itaú Cultural;;alta;Wikidata;Wikidata;;alta
Giuseppe Morrocchi;1940;2024;;;;;San Casciano in Val di Pesa, Florença, Itália;Florença;male;;;biografia localizada> formação não localizada com segurança;SIUSA / Gabinetto Vieusseux;alta;MAC USP;;43.6598;11.1849;;43.7686976;11.2569291;100.0;SIUSA;;alta;SIUSA | Archivi di personalità;SIUSA | Archivi di personalità;;alta
Giuseppe Santomaso;1907;1990;Itália;Accademia di Belle Arti di Venezia;45.4286;12.3305;Veneza;Veneza;male;https://en.wikipedia.org/wiki/Giuseppe_Santomaso;média;A fonte consultada informa início dos estudos na Academia de Belas Artes de Veneza em 1932.;Wikidata;alta;MAC USP;média;45.434608;12.338913;100.0;45.434608;12.338913;100.0;Treccani;;alta;Ulan;Ulan;;alta
Giustino Di Gregorio;1962;;Itália;;;;Teramo, Itália;;male;;;;MOT / Teramo Rock;média;FILE;;42.661269;13.6985307;100.0;;;;;"atividade recente em fonte aberta; sem evidência de óbito";;MOT | Musica Originale Teramo;;;média
Gladis Reveilleau;;;;Fundação Armando Álvares Penteado (FAAP);-23.5450155;-46.6630802;Rio de Janeiro, RJ, Brasil;;female;https://galeria-atelierflorymenezes.com/gladis-reveilleau/;baixa;formada em Artes Plásticas na FAAP> fonte também a descreve como figurinista> datas não localizadas;https://galeria-atelierflorymenezes.com/gladis-reveilleau/;média;Museu de Arte Religiosa e Tradicional;média;-22.9014475;-43.1789159;;;;;;"obras e atelier ativos em fonte aberta; sem evidência de óbito";;;;;
Glasz DeCuir;;;Espanha;;;;Donostia/San Sebastián, Espanha;;female;;;;Meta-Morphosis Digital (biografia);média;FILE;;43.320905;-1.9845145;100.0;;;;;"atividade recente em fonte aberta; sem evidência de óbito";;;;;
Glyph;;;Índia;;;;Índia;;male;;;FILE explicita “País de Origem: Índia”> preenchido em nível de país.;FILE Festival (País de Origem);alta;FILE;;20.593684;78.96288;;;;;;"nome artístico em atividade recente; sem evidência de óbito";;;;;
Gonzalo Borondo;1989;;Espanha;Universidad Complutense de Madrid > Accademia di Belle Arti di Roma;40.44903888888889 > 41.9075;-3.727030555555555 > 12.4756;Valladolid;;male;entrevista Stampa Reggiana + fontes secundárias convergentes;média;;Wikidata;alta;FILE;;41.6529421;-4.7283839;100.0;;;;;"atividade recente em site oficial; sem evidência de óbito";;Wikidata;;;alta
Grace Mi;;;;University of Southern California (USC);34.021667;-118.285278;Los Angeles, Califórnia, Estados Unidos;;female;FILE Festival;alta;fonte biográfica informa origem em Los Angeles.;site oficial da artista / FILE Festival;alta;FILE;;34.053691;-118.242766;;;;;;"atividade recente em site oficial; sem evidência de óbito";;;;;
Graciliano Vicente Xavier;1856;1934;Brasil;Liceu de Artes e Ofícios de São Paulo > aperfeiçoamento com Almeida Júnior;-23.533145 > ;-46.626758 > ;São Paulo;São Paulo;male;https://pt.wikipedia.org/wiki/Graciliano_Vicente_Xavier;média;A fonte disponível informa que foi discípulo de Jules Martin no Liceu de Artes e Ofícios de São Paulo e que depois se aperfeiçoou com Almeida Júnior.;Wikidata;alta;Museu Paulista;alta;-23.5486657;-46.6382522;100.0;-23.5486657;-46.6382522;100.0;Wikipedia PT;"local mantido com base em fonte aberta; não localizei fonte institucional direta do óbito";média;Wikidata;Wikidata;;alta
Graham Sutherland;1903;1980;Reino Unido;Goldsmiths, University of London;51.474269;-0.035411;Streatham;Londres;male;Tate> biografia institucional;alta;;Wikidata;alta;MAC USP;alta;51.42897;-0.13184;100.0;51.50740836;-0.127698693;100.0;Britannica;"ajustado de Streatham para London; Streatham aparece nas fontes como local de nascimento";alta;Wikidata > Ulan;Wikidata > Ulan;;alta
Grant Petrey;;;Reino Unido;Royal College of Art > Sir John Cass School of Art, Architecture & Design, London Metropolitan University > Institute of Education, University College London > Royal Central School of Speech & Drama, University of London > University of Wales, Trinity St David;51.501388888889 > 51.551574 > 51.52472222222222 > 51.54416666666667 > 51.85865;-0.17888888888889 > -0.110687 > -0.13361111111111112 > -0.17416666666666666 > -4.32798;Reino Unido;;male;site oficial do artista> Royal College of Art;alta;FILE explicita “País de Origem: Reino Unido”> preenchido em nível de país.;FILE Festival (País de Origem);alta;FILE;;53.408386605;-1.969559544;100.0;;;;;"atividade recente em site oficial e projetos em 2025; sem evidência de óbito";;;;;
Greg ‘Craola’ Simkins;1975;;Estados Unidos;California State University, Long Beach;33.78219444444444;-118.122;Torrance, Califórnia, Estados Unidos;;male;site oficial do artista;alta;;site oficial do artista;alta;FILE;;33.8363301;-118.3400381;100.0;;;;;"site oficial ativo e biografia atual; sem evidência de óbito";;;;;
Guilherme Marcondes;1977;;Brasil;Universidade de São Paulo (USP);-23.5613991;-46.7307891;São Paulo;;male;FILE Festival;alta;;Wikidata;alta;FILE;;-23.5486657;-46.6382522;100.0;;;;;"site oficial indica que vive em NYC; sem evidência de óbito";;Grupo Extremidades;;;alta
Guli Silberstein;;;Israel;Tel Aviv University > The New School University;32.1125 > 40.73534;34.805 > -73.99704;Israel;;male;site oficial do artista | FILE Festival;alta;;FILE Festival (biografia do artista);alta;FILE;;31.977711512;34.979217692;100.0;;;;;"site oficial ativo; sem evidência de óbito";;;;;
Gustave Courbet;1819;1877;França;Académie Suisse > Collège Royal de Besançon > estudos breves com Charles de Steuben;48.8545 > 47.2372 >;2.3446 > 6.02031 >;Ornans;La Tour-de-Peilz;male;https://www.encyclopedia.com/people/literature-and-arts/european-art-1600-present-biographies/gustave-courbet | https://pt.wikipedia.org/wiki/Gustave_Courbet> https://www.encyclopedia.com/people/literature-and-arts/european-art-1600-present-biographies/gustave-courbet;média;A trajetória inclui formação independente no Louvre após estudo breve em ateliê.;Wikidata;alta;MASP;média;47.105945536;6.147111639;100.0;46.454252892;6.867656059;100.0;courbet.ch;;alta;Wikidata;Wikidata;;alta
Gustave James;1800;1885;;formação artística francesa;;;;Rio de Janeiro;male;https://www.brasilianaiconografica.art.br/;média;Registro prudente por ausência de instituição específica em fonte aberta.;;;Museu Histórico Nacional;baixa;;;;-22.9111111111;-43.2055555556;100.0;Enciclopédia Itaú Cultural;;alta;;;;
Gustave Singier;1909;1984;Bélgica;École Boulle;48.8465;2.39097;Warneton;Paris;male;Wikipedia> Annex Galleries;média;;Wikidata;alta;MAC USP;média;50.75158;2.94635;100.0;48.856372814;2.352529617;100.0;Centre Pompidou;"ajustado de 14th arrondissement of Paris para Paris; fonte consultada explicita apenas Paris";alta;Wikidata > Ulan;Wikidata > Ulan;;alta
Gustavo Dall'Ara;1865;1923;Brasil;Accademia di Belle Arti di Venezia;45.431078;12.328139;Rovigo;Rio de Janeiro;male;https://enciclopedia.itaucultural.org.br/pessoas/7053-gustavo-dall-ara | https://pt.wikipedia.org/wiki/Gustavo_Dall%27Ara;média;Preferida a forma oficial da academia na Itália, com equivalência em português.;Wikidata;alta;Museu Nacional de Belas Artes;alta;45.0707365;11.7897964;100.0;-22.9014475;-43.1789159;100.0;https://tainacan.senado.leg.br/artistas/gustavo-giovanni-dallara/;"Itaú Cultural explicita Vargem Alegre RJ; coordenadas atribuídas ao distrito homônimo em Barra do Piraí";média;Wikidata > Ulan;Wikidata > Ulan;;alta
Gustavo Von Ha;1977;;;Universidade do Oeste Paulista > grupo de pesquisa de Leda Catunda na Faculdade Santa Marcelina > PIESP;-22.125833333333 > -23.550394444444 > -23.550394444444;-51.388888888889 > -46.633947222222 > -46.633947222222;Presidente Prudente, SP, Brasil;;male;https://pt.wikipedia.org/wiki/Gustavo_von_Ha | https://enciclopedia.itaucultural.org.br/pessoa365941/gustavo-von-ha;média;;MAC USP;alta;MAC USP;alta;-22.1207;-51.3925;;;;;;"atividade recente em biografia oficial e Prêmio PIPA; sem evidência de óbito";;Wikidata;;;alta
Hamza Kirbas;1992;;Turquia;Batman University Faculty of Fine Arts > Silesia University Faculty of Fine Arts, Graphic Design Department > Hacettepe University Institute of Fine Arts;38.081944 > 50.26075 > 39.867222222222;41.407222 > 19.028306 > 32.734444444444;Batman, Turquia;;male;site oficial do artista | FILE Festival;alta;;FILE Festival (biografia do artista);alta;FILE;;37.899913;41.129208;100.0;;;;;"perfil recente indica atuação internacional e base em NYC; sem evidência de óbito";;FILE Festival;;;alta
Hana Al Ali;;;Emirados Árabes Unidos;American University of Sharjah;25.309722;55.490556;Emirados Árabes Unidos;;female;American University of Sharjah | Behance;alta;FILE explicita “País de Origem: Emirados Árabes Unidos”> preenchido em nível de país.;FILE Festival (País de Origem);alta;FILE;;23.424076;53.847818;;;;;;"site oficial ativo; sem evidência de óbito";;;;;
Hannah Doran;;;Reino Unido;Wrexham Glyndwr University School of Creative Arts;53.054;-3.006;País de Gales, Reino Unido;;female;FILE Festival;alta;FILE explicita “País de Origem: País de Gales”> preenchido no nível mais específico disponível.;FILE Festival (País de Origem);alta;FILE;;52.130661;-3.783712;;;;;;fontes consultadas não trazem evidência de óbito nem local de morte;;;;;
Hannes Arvid Andersson;;;Países Baixos;SAE Institute Barcelona > Middlesex University > Frank Mohr Institute, Hanze University of Applied Sciences;41.41219 > 51.5893495 > 53.24051389;2.201316 > -0.2282466 > 6.53270278;Suécia;;male;Othernode | SoundCloud;média;;perfil acadêmico / Academia.edu;média;FILE;;64.712585547;17.260487956;100.0;;;;;"atividade recente em site oficial e projetos de 2024; sem evidência de óbito";;;;;
Hans Hartung;1904;1989;Alemanha;Universidade de Leipzig > escolas de arte em Leipzig > escolas de arte em Dresden > escolas de arte em Munique;51.340632 > 51.340632 > 51.0493286 > 48.1375;12.374733 > 12.374733 > 13.7381437 > 11.575;Leipzig;Antibes;male;https://www.oexplorador.com.br/hans-hartung-foi-um-pioneiro-da-pintura-abstrata-europeia-uma-figura-proeminente-no-mundo-da-arte-parisiense-de-1945-em-diante-e-o-vencedor-em-1960-do-grande-premio-na-bienal-de-veneza-autodidata-c/;alta;fonte secundária> instituições específicas não detalhadas;Wikidata;alta;MAC USP;baixa;51.338287999;12.377931001;100.0;43.581344179;7.12791404;100.0;Centre Pompidou;;alta;;;;
Hans Holbein the Younger;1497;1543;Sacro Império Romano-Germânico;formação com o pai Hans Holbein the Elder, em oficina familiar >;48.36889 > 47.55472;10.89778 > 7.59056;Augsburg;Londres;male;https://en.wikipedia.org/wiki/Hans_Holbein_the_Younger | https://www.britannica.com/biography/Hans-Holbein-the-Younger;alta;Não foi identificada academia formal> formação registrada como oficina familiar.;Wikidata;alta;MASP;média;48.369695999;10.892578;100.0;51.50740836;-0.127698693;100.0;Britannica;;alta;Ulan;Ulan;;alta
Hans Memling;1430;1494;Países Baixos dos Habsburgo;aprendizagem em Mainz ou Cologne > oficina de Rogier van der Weyden;50.942222222222 >;6.9577777777778 >;Seligenstadt;Bruges;male;https://en.wikipedia.org/wiki/Hans_Memling;média;A própria fonte sinaliza incerteza entre Mainz e Colônia> mantida a incerteza.;Wikidata;alta;MASP;média;50.044319999;8.972602999;100.0;51.266855502;3.220199559;100.0;Britannica;;alta;;;;
Hans Nöbauer;1893;1971;Áustria;Akademie der bildenden Künste Wien;48.201388888889;16.365277777778;Viena;Rio de Janeiro;male;https://artsandculture.google.com/story/domingo-na-fazenda/EwWx1oA8YnMEtg?hl=pt-BR;alta;A fonte somente explicita que realizou seus estudos em Viena, sem indicar instituição.;Wikidata;alta;Museu Histórico Nacional;baixa;48.2092062;16.3727778;100.0;-22.9014475;-43.1789159;100.0;Museu Histórico Nacional / Google Arts & Culture;;alta;Wikidata;Wikidata;;alta
Hans Platschek;1923;2000;Alemanha;Escuela Nacional de Bellas Artes de Montevideo;-34.9011;-56.1645;Berlim;Hamburg;male;https://www.kettererkunst.com/bio/hans-platschek-1923.php | https://www.hans-platschek-stiftung.de/;média;"Biografias convergentes situam sua formação artística em Montevidéu; não foi confirmada formação na HFBK Hamburg.";Wikidata;alta;MAC USP;baixa;52.517669999;13.405537999;100.0;53.550677999;9.99697;100.0;Hans Platschek Stiftung;;alta;Wikidata > Ulan;Wikidata > Ulan;;alta
Hans Uhlmann;1900;1975;Alemanha;Vereinigte Staatsschulen für freie und angewandte Kunst;52.5090564;13.3267886;Berlim;Berlim;male;fontes biográficas de referência;média;instituição identificada> datas não localizadas com precisão;Wikidata;alta;MAC USP;baixa;52.517669999;13.405537999;100.0;52.517669999;13.405537999;100.0;Städel Museum;;alta;Wikidata > Ulan;Wikidata > Ulan;;alta
Hansi Raber;;;Áustria;;;;Áustria;;male;;;FILE explicita “País de Origem: Áustria”> preenchido em nível de país.;FILE Festival (País de Origem);alta;FILE;;47.585810005;14.137076948;100.0;;;;;"atividade recente em site institucional; sem evidência de óbito";;;;;
Harshini J. Karunaratne;;;Sri Lanka;New York University Abu Dhabi;24.5239;54.4346;Sri Lanka;;non-binary;site oficial da artista | FILE Festival;alta;FILE explicita “País de Origem: Sri Lanka”> preenchido em nível de país.;FILE Festival (País de Origem);alta;FILE;;7.873054;80.771797;;;;;;"site oficial ativo e circulação recente; sem evidência de óbito";;;;;
Heidi Hörsturz;;;Países Baixos;ArtEZ University of the Arts;51.98399613367563;5.8943865238974;Países Baixos;;female;V2 / site oficial da artista;alta;FILE explicita “País de Origem: Países Baixos / Holanda”> preenchido em nível de país.;FILE Festival (País de Origem);alta;FILE;;52.249375293;5.616126398;100.0;;;;;"site oficial ativo; sem evidência de óbito";;;;;
Heidy Cordero-Arias;;;Estados Unidos;Pratt Institute;40.691111;-73.963889;;;;Pratt Institute (Dean's List / Merit);alta;local de nascimento não localizado em fonte auditável;;;FILE;;;;;;;;;registros acadêmicos e artísticos consultados não explicitam óbito nem local de morte;;;;;
Heiner Kielholz;1942;;Suíça;Kunstgewerbeschule Zürich;47.38295;8.5358;Rheinfelden;;male;https://de.wikipedia.org/wiki/Heiner_Kielholz;média;;Wikidata;alta;MAC USP;alta;47.561127999;7.783650001;100.0;;;;;"exposição no Bündner Kunstmuseum em 2026 indica atividade recente; sem evidência de óbito";;Ulan;;;alta
Heinz Battke;1900;1966;Alemanha;escola particular de arte de Adolf Propp > Academia Prussiana de Artes de Berlim > estudos com Karl Hofer;52.5200 > 52.5200 > 52.5200;13.4050 > 13.4050 > 13.4050;Berlim;Frankfurt;male;https://sammlung.staedelmuseum.de/en/person/battke-heinz;alta;"O Städel Museum confirma estudos na escola particular de Adolf Propp e, depois, na academia de Berlim com Karl Hofer; Dresden não foi confirmada.";Wikidata;alta;MAC USP;baixa;52.517669999;13.405537999;100.0;50.110879999;8.682433;100.0;;;;Wikidata > Ulan;Wikidata > Ulan;;alta
Heinz Kühn;1908;1987;;formação artística em Berlim (instituição não especificada na fonte);52.516666666667;13.383333333333;Berlim, Alemanha;São Paulo;male;https://galeriadearte.art.br/artista/heinz-kuhn/ | https://blombo.com/artistas/heinz-kuhn;baixa;A fonte apenas informa que seu período de formação artística se deu em Berlim.;MAC USP;alta;MAC USP;baixa;52.52;13.405;;-23.5486657;-46.6382522;100.0;Enciclopédia Itaú Cultural;;alta;;;;
Heitor;;;;;;;;;;;;identificação incompleta> não foi possível desambiguar com segurança;;;;;;;;;;;;"homônimo não desambiguado; local de morte não preenchido";;;;;
Heitor dos Prazeres;1898;1966;Brasil;;;;Rio de Janeiro;Rio de Janeiro;male;;;identificação incompleta> não foi possível desambiguar com segurança;Wikidata;alta;MAC USP;;-22.9014475;-43.1789159;100.0;-22.9014475;-43.1789159;100.0;Enciclopédia Itaú Cultural;;alta;Ulan;Ulan;;alta
Helen Faganello;1949;;;Faculdade de Ciências e Letras de Penápolis > formação continuada com Rodrigo Naves, Carlos Fajardo, Leda Catunda, Sérgio Romagnolo e Ana Tavares > grupo de estudos Ateliê Fidalga;-21.42 >  > ;-50.077778 >  > ;Araçatuba, SP, Brasil;;female;https://www.catalogodasartes.com.br/artista/Helen%20Faganello/ | https://helenfaganello.blogspot.com/p/curriculo.html;média;A formação listada é composta por graduação e formação continuada com artistas/professores.;MAC USP;alta;MAC USP;média;-21.2109137;-50.4259918;;;;;;"currículo e circulação recente consultados; sem evidência de óbito";;site oficial da artista;;;alta
Helios Seelinger;1878;1965;Brasil;Escola Nacional de Belas Artes > ateliê dos irmãos Bernardelli > Academia Azbe > Akademie der Bildenden Künste München > estudos com Jean-Paul Laurens;-22.8625055 >  > 48.1375 > 48.153196 > ;-43.2256622 >  > 11.575 > 11.580312 > ;Rio de Janeiro;Rio de Janeiro;male;https://pt.wikipedia.org/wiki/Helios_Seelinger | https://www.guiadasartes.com.br/helios-seelinger/quem-foi> https://pt.wikipedia.org/wiki/Helios_Seelinger | https://www.ufrgs.br/acervopbsa/autor_/seelinger-helios/;média;;Wikidata;alta;Museu Histórico Nacional;alta;-22.9014475;-43.1789159;100.0;-22.9014475;-43.1789159;100.0;Enciclopédia Itaú Cultural;;alta;Wikidata;Wikidata;;alta
Helmut Breineder;;;Áustria;;;;Áustria;;male;;;;FILE Festival (biografia do artista);alta;FILE;;47.585810005;14.137076948;100.0;;;;;"site oficial e perfil institucional recentes; sem evidência de óbito";;;;;
Henning M. Lederer;;;Alemanha;FH Düsseldorf (University of Applied Sciences);51.24738888888889;6.791361111111112;Essen, Alemanha;;male;FILE Festival;alta;;Domestika (biografia do artista);média;FILE;;51.455842999;7.012583;100.0;;;;;"site oficial ativo e atividade recente; sem evidência de óbito";;;;;
Henri de Toulouse-Lautrec;1864;1901;França;Lycée Condorcet > ateliês de Léon Bonnat e Fernand Cormon;48.874803 >;2.326933 >;Albi;Saint-André-du-Bois;male;https://www.wikidata.org/wiki/Q82445;alta;;https://www.britannica.com/biography/Henri-de-Toulouse-Lautrec;alta;;alta;43.928889;2.146389;;44.605;-0.1830555556;100.0;Musée d'Orsay;;alta;Ulan;Ulan;;alta
Henri Matisse;1869;1954;França;École des Beaux-Arts de Paris > Académie Julian;48.853997 > 48.871111;2.333500 > 2.341667;Le Cateau-Cambrésis;Nice;male;https://www.musee-matisse-nice.org/en/the-artist/biography/;alta;Dados educacionais confirmados em biografia do Musée Matisse.;Wikidata;alta;MAC USP;alta;50.105603666;3.542665357;100.0;43.695978065;7.271454889;100.0;Britannica;;alta;Ulan;Ulan;;alta
Henri Nicolas Vinet;1817;1876;França;École des Beaux-Arts de Paris > ateliê de Paul Delaroche;48.853997 > ;2.333500 > ;Paris;Niterói;male;https://pt.wikipedia.org/wiki/Henri_Nicolas_Vinet | https://enciclopedia.itaucultural.org.br/pessoas/7152-henri-nicolas-vinet;média;;Wikidata;alta;Pinacoteca de São Paulo;média;48.856372814;2.352529617;100.0;-22.8898227;-43.1220775;100.0;Wikipedia;;média;Wikidata > Ulan;Wikidata > Ulan;;alta
Henrique Bernardelli;1857;1936;Brasil;Academia Imperial de Belas Artes > ateliê de Domenico Morelli;-22.9071 > ;-43.1829 > ;Valparaíso;Rio de Janeiro;male;Portal Artes> Guia das Artes;média;;Wikidata;alta;Pinacoteca de São Paulo;média;-33.045557;-71.619421;100.0;-22.9014475;-43.1789159;100.0;Enciclopédia Itaú Cultural;;alta;Ulan;Ulan;;alta
Henrique José da Silva;1772;1872;Reino de Portugal;Aula Régia de Desenho e Figura;38.708042;-9.139016;Lisboa;Rio de Janeiro;male;https://pt.wikipedia.org/wiki/Henrique_Jos%C3%A9_da_Silva;média;A formação aberta recuperável associa o pintor à Aula Régia em Lisboa.;Wikidata;alta;Museu Histórico Nacional;média;38.7070085;-9.1356407;100.0;-22.9014475;-43.1789159;100.0;eViterbo / Wikipedia;;média;Ulan;Ulan;;alta
Henrique Leo Fuhro;1938;2006;Brasil;autodidata;;;Rio Grande;Porto Alegre;male;https://enciclopedia.itaucultural.org.br/pessoas/2904-henrique-leo-fuhro;alta;As fontes indicam aprendizado inicial e prática autodidata, sem instituição formal identificada.;Wikidata;alta;MAC USP;média;-32.0350;-52.0986;100.0;-30.0328305556;-51.2301888889;100.0;https://enciclopedia.itaucultural.org.br/pessoas/2904-henrique-leo-fuhro;;alta;Ulan;Ulan;;alta
Henrique Manzo;1896;1982;Brasil;Liceu de Artes e Ofícios de São Paulo > aluno de Alfredo Norfini;-23.533145 > ;-46.626758 > ;São Bernardo do Campo;São Paulo;male;https://pt.wikipedia.org/wiki/Henrique_Manzo | https://enciclopedia.itaucultural.org.br/pessoas/6944-henrique-manzo;média;;Wikidata;alta;Museu Paulista;alta;-23.694445;-46.565796;100.0;-23.5486657;-46.6382522;100.0;Enciclopédia Itaú Cultural;;alta;Wikidata > Ulan;Wikidata > Ulan;;alta
Henrique Pinto;1853;1912;Portugal;Academia de Belas-Artes de Lisboa;38.708042;-9.139016;Cacilhas;Figueiró dos Vinhos;male;https://pt.wikipedia.org/wiki/Henrique_Pinto | https://www.mcafigueirodosvinhos.pt/index.php/o-museu/selecao-de-imagens/13-biografias/47-biografia-de-manuel-henrique-pinto;alta;As fontes indicam discipulado com Joaquim Gregório Prieto, Tomás da Anunciação e Simões de Almeida Júnior.;Wikidata;alta;Museu Nacional de Belas Artes;média;38.6873;-9.1477;100.0;39.925211102631;-8.282068285049;100.0;Wikipedia;;média;https://www.mcafigueirodosvinhos.pt/index.php/o-museu/selecao-de-imagens/13-biografias/47-biografia-de-manuel-henrique-pinto;https://www.mcafigueirodosvinhos.pt/index.php/o-museu/selecao-de-imagens/13-biografias/47-biografia-de-manuel-henrique-pinto;;média
Henrique Stabile;;;Brasil;Faculdade de Arquitetura e Urbanismo e de Design da USP (FAU-USP) > Universidade Estadual de Londrina;-23.56012 > -23.3253;-46.72985 > -51.2;São Paulo;;male;FILE Festival | Escavador;média;;Wikidata;alta;FILE;;-23.5486657;-46.6382522;100.0;;;;;"site institucional recente consultado; sem evidência de óbito";;;;;
Henry Lieutenant Chamberlain;1796;1844;Reino Unido;Royal Military Academy, Woolwich;51.475;0.0575;Inglaterra;Bermuda;male;https://en.wikipedia.org/wiki/Henry_Chamberlain_(artist);média;"fonte institucional informa nascimento apenas em nível de país; “Lieutenant” é título militar incorporado ao nome catalogado";Enciclopédia Itaú Cultural;alta;Museu da Inconfidência;média;52.355518;-1.17432;;32.32;-64.74;100.0;Wikipedia;;média;;;;
Henry Raeburn;1756;1823;Reino Unido da Grã-Bretanha e Irlanda;George Heriot's School > aprendiz com o ourives James Gilliland > formação em pintura de modo amplamente autodidata;55.945913 >  > ;-3.194674 >  > ;Stockbridge;Edimburgo;male;https://en.wikipedia.org/wiki/Henry_Raeburn | https://www.britannica.com/biography/Henry-Raeburn;alta;A formação formal em pintura é pouco estruturada nas fontes> registro conservador.;Wikidata;alta;MASP;baixa;33.544216;-84.231532;100.0;55.953339501;-3.189106896;100.0;Britannica;;alta;;;;
Hercules Araújo;;;;;;;;;;;;formação não localizada com segurança;;;Museu de Arte Religiosa e Tradicional;;;;;;;;;"homônimo não desambiguado; local de morte não preenchido";;;;;
Herman Tacasey;;;;Fundação Armando Álvares Penteado (FAAP) > Universidade Paulista (UNIP);-23.5450155 > -23.5707;-46.6630802 > -46.6450;São Paulo, SP, Brasil;;male;https://www.escavador.com/sobre/8418747/herman-tacasey;média;A fonte consultada explicita licenciatura em Artes Plásticas e mestrado em Comunicação.;MAC USP;alta;MAC USP;alta;-23.5486657;-46.6382522;;;;;;"perfil institucional recente indica atividade; sem evidência de óbito";;;;;
Hermann Petzet;1887;;Alemanha;Akademie der Bildenden Künste München > Kunstgewerbeschule em Nuremberg > Königliche Akademie der Künste in München > Großherzoglich-Badische Kunstschule in Karlsruhe;48.1531959202723 > 49.446028 > 48.1531959202723 > 49.0144;11.5803123911292 > 11.136472 > 11.5803123911292 > 8.38726;Bonnland;Munique;male;https://de.wikipedia.org/wiki/Hermann_Petzet | https://www.askart.com/bio/artist/11061172/artist;média;As fontes também indicam estudos com Karl Raupp, Ludwig von Löfftz e Gustav Schönleber.;Wikidata;alta;MASP;alta;50.04959;9.86521;100.0;48.143438999;11.573599;100.0;Deutsche Biographie;;alta;Ulan;;;alta
Hermelindo Fiaminghi;1920;2004;Brasil;Liceu de Artes e Ofícios de São Paulo > Associação Paulista de Belas Artes;-23.5331446 > -23.550394;-46.6267577 > -46.633947;São Paulo;São Paulo;male;https://pt.wikipedia.org/wiki/Hermelindo_Fiaminghi;média;também estuda publicidade na Associação Paulista de Propaganda;Wikidata;alta;MAC USP;alta;-23.5486657;-46.6382522;100.0;-23.5486657;-46.6382522;100.0;MAC USP / Enciclopédia Itaú Cultural;;alta;Wikidata > Ulan;Wikidata > Ulan;;alta
Hiba Ali;;;Paquistão;Queen's University;44.225;-76.495;Karachi, Paquistão;;female;FILE Festival;alta;;Women & Their Work / Capture Photography Festival;alta;FILE;;24.8608;67.0104;100.0;;;;;"site oficial e currículo recentes; sem evidência de óbito";;;;;
Hiedy de Assis Corrêa;1926;2001;;autodidata;;;Curitiba, PR, Brasil;Florianópolis;male;https://enciclopedia.itaucultural.org.br/pessoas/8685-hassis;alta;;UFSC DAC (curriculum vitae de Hassis);alta;Museu Victor Meirelles;média;-25.4283563;-49.2732515;;-27.5969123;-48.5495751;100.0;MASC / Wikipedia;registro tratado sob a forma artística Hassis;média;MASC;MASC;;alta
Hieronymus Bosch;1440;1516;Países Baixos Setentrionais;formação em oficina familiar com o pai e irmãos pintores;51.702106954;5.302003137;’s-Hertogenbosch;’s-Hertogenbosch;male;https://www.thecollector.com/hieronymus-bosch-early-influences/ | https://en.wikipedia.org/wiki/Hieronymus_Bosch;média;As fontes apontam aprendizado em dinastia/oficina familiar, sem academia formal documentada.;Wikidata;alta;MASP;média;51.702106954;5.302003137;100.0;51.702106954;5.302003137;100.0;Britannica;;alta;Ulan;Ulan;;alta
Hilde Weber;1913;1994;Brasil;Hochschule für bildende Künste Hamburg (HFBK Hamburg) > Kunstgewerbeschule Berlin;53.56757 > 52.516666666667;10.03132 > 13.383333333333;Waldau;São Paulo;female;fontes biográficas de referência;média;instituição identificada> datas não localizadas com precisão;Wikidata;alta;MAC USP;baixa;51.2885;9.5177;100.0;-23.5486657;-46.6382522;100.0;Instituto Moreira Salles (IMS);;alta;;;;
Hildebrando de Castro;1957;;;autodidata;;;Olinda, PE, Brasil;;male;https://www.hildebrandodecastro.com.br/about-5;alta;As fontes qualificam explicitamente o artista como autodidata> os estudos posteriores com óleo aparecem sem escola formal nomeada.;https://www.hildebrandodecastro.com.br/about-5;alta;MAC USP;média;-8.0089;-34.8553;;;;;;"site oficial ativo; sem evidência de óbito";;https://www.hildebrandodecastro.com.br/about-5;;;alta
Hippolyte Vanderburch;1796;1854;França;formação literária e teatral em Paris;48.85666666666667;2.352222222222222;Paris;Paris;male;https://fr.wikipedia.org/wiki/Hippolyte_Vanderburch;média;Não localizei instituição formal específica> mantida formulação conservadora.;Wikidata;alta;Pinacoteca de São Paulo;baixa;48.856372814;2.352529617;100.0;48.856372814;2.352529617;100.0;Wikipedia (fr);"ajustado de former 9th arrondissement of Paris para Paris; arrondissement histórico normalizado ao nível da cidade";média;Wikidata > Ulan;Wikidata > Ulan;;alta
Hiroya Sakura;1958;;Japão;University of Tsukuba > Musashino Art University;36.103676 > 35.72611111;140.102098 > 139.4475;Yokohama, Japão;;male;site oficial do artista | PROYECTOR;alta;;site oficial do artista / FILE Festival;alta;FILE;;35.45039772;139.63424714;100.0;;;;;"fontes recentes para nome próximo (Hiroya Sakurai) não bastam para confirmar a identidade; óbito não preenchido";;site oficial do artista;;fonte usa a grafia Hiroya Sakurai;média
Hissao Sakakibara;1937;;;Gendai Kaiga Kenkyūjo, Yokohama;35.4437;139.6380;Yokohama, Kanagawa, Japão;;male;https://www.catalogodasartes.com.br/artista/Hissao%20Sakakibara/;média;"A fonte localizada registra pesquisa em pintura no Gendai Kaiga Kenkyūjo, em Yokohama; a Tokyo School of Fine Arts não foi confirmada.";MAC USP Acervo;alta;MAC USP;baixa;35.444992;139.638026;;;;;;fontes abertas consultadas trazem nascimento e formação, sem local de morte verificável;;MAC USP;;;alta
Holly Adams;;;Estados Unidos;International Dell’Arte School;40.8809;-123.989;Estados Unidos;;female;Ithaca College | Shearwater Productions;alta;FILE explicita “País de Origem: Estados Unidos”> preenchido em nível de país.;FILE Festival (País de Origem);alta;FILE;;39.398703156;-99.41461919;100.0;;;;;"site e atividades recentes consultados; sem evidência de óbito";;;;;
Honoré Marius Bérard;1896;1967;França;École des Beaux-Arts de Marseille > École des Beaux-Arts de Paris;43.2287 > 48.853997;5.43485 > 2.333500;Salindres;Saint-Martin-de-Valgalgues;male;https://fr.wikipedia.org/wiki/Honor%C3%A9_Marius_B%C3%A9rard;média;datas aproximadas;Wikidata;alta;MAC USP;média;44.167077487;4.160329655;100.0;44.162672374;4.082648632;100.0;Catálogo das Artes;;média;Wikidata;Wikidata;;alta
Honório Esteves;1860;1933;Brasil;escola de desenho de August Chenot > Liceu Mineiro > Academia Imperial de Belas Artes; > -20.3856 > -22.9071; > -43.5035 > -43.1829;Santo Antônio do Leite, Ouro Preto, Minas Gerais, Brasil;Mariana;male;https://periodicos.ufmg.br/index.php/revistapos/article/view/40235/32031;alta;iniciou aprendizado com August Chenot e como moedor de tintas de Cardoso Rezende> cursou desenho no Liceu Mineiro e depois a AIBA;https://pt.wikipedia.org/wiki/Honório_Esteves;média;Museu da Inconfidência;alta;-20.3139;-43.4892;100.0;-20.3783333333;-43.4163888889;100.0;Enciclopédia Itaú Cultural;;alta;https://pt.wikipedia.org/wiki/Honório_Esteves;https://pt.wikipedia.org/wiki/Honório_Esteves;;média
Horácio Hora;1853;1890;Brasil;École des Beaux-Arts de Paris > Escola Municipal de Desenho de Paris;48.853997 > 48.86490694444444;2.333500 > 2.362000833333333;Laranjeiras;Paris;male;https://pt.wikipedia.org/wiki/Hor%C3%A1cio_Hora | https://www.catalogodasartes.com.br/artista/Hor%EF%BF%BDcio%20Hora/;média;As fontes citam orientação de Justin-Marie Lequien.;Wikidata;alta;Museu Histórico Nacional;alta;-10.7986393;-37.1604367;100.0;48.856372814;2.352529617;100.0;Enciclopédia Itaú Cultural;;alta;Wikidata;Wikidata;;alta
Hugo Adami;1899;1999;Brasil;Escola Profissional Masculina do Brás > Liceu de Artes e Ofícios de São Paulo > Accademia di Belle Arti di Firenze;-23.54504 > -23.5331446 > 43.776907;-46.61634 > -46.6267577 > 11.258475;São Paulo;São Paulo;male;https://www.guiadasartes.com.br/hugo-adami/biografia;média;na fase paulista estuda com Giuseppe Barchitta, Alfredo Norfini, Enrico Vio, William Zadig e José Cuccé;Wikidata;alta;MAC USP;alta;-23.5486657;-46.6382522;100.0;-23.5486657;-46.6382522;100.0;Enciclopédia Itaú Cultural;;alta;Wikidata > Ulan;Wikidata > Ulan;;alta
Hugo Calgan;1852;;Alemanha;formação artística francesa;;;Berlim;;male;https://www.brasilianaiconografica.art.br/;média;Insuficiência de fonte aberta detalhada.;Wikidata;alta;Museu Paulista;baixa;52.517669999;13.405537999;100.0;;;;;fonte aberta consultada não informa local de morte;;Wikidata;Wikidata;;alta
Hugo de Faucompret;1990;;França;Gobelins, l'école de l'image;48.836944444444;2.3536111111111;Normandia, França;;male;https://archive.file.org.br/participantes/hugo-de-faucompret/ | https://alumni.gobelins.fr/en/news/lucrece-andreae-and-hugo-de-faucompret-guests-of-chemins-de-la-creation-2024-375?id_details_groupe=15;alta;;Transmettre le cinéma;alta;FILE;;49.120004364;0.111079036;100.0;;;;;"biografia e atividade recente consultadas; sem evidência de óbito";;Wikidata;;;alta
Hugo Ramirez;;;;ESAG Penninghen;48.85666666666667;2.352222222222222;;;male;https://archive.file.org.br/participantes/hugo-ramirez/ | https://troublemakers.tv/realisateur/hugo-ramirez/;alta;homônimo não desambiguado com segurança;;;FILE;;;;;;;;;"trajetória profissional recente consultada; sem evidência de óbito";;;;;
Humberto Espíndola;1943;;Brasil;Faculdade de Filosofia, Ciências e Letras da Universidade Católica do Paraná;-25.4284;-49.2733;Campo Grande;;male;https://www.escritoriodearte.com/artista/humberto-espindola | https://www.fundacaodecultura.ms.gov.br/um-dos-maiores-artistas-visuais-de-ms-humberto-espindola-faz-80-anos/;média;"As fontes registram graduação em jornalismo na Universidade Católica do Paraná; não foi confirmada formação na Escola Nacional de Belas Artes.";Wikidata;alta;MAC USP;baixa;-20.4435311;-54.6477573;100.0;;;;;"fontes recentes e biografia consultadas; sem evidência de óbito";;Wikidata > Ulan;;;alta
Humberto Jaimess-Sanchez;1930;2003;;Escuela de Artes Plásticas y Artes Aplicadas de Caracas;10.4806;-66.9036;San Cristóbal, Venezuela;Caracas;male;https://humbertojaimessanchez.org.ve/cronologia.html | https://vereda.ula.ve/wiki_artevenezolano/index.php/Jaimes_S%C3%A1nchez%2C_Humberto;alta;A fundação dedicada ao artista e a Universidade de Los Andes confirmam sua matrícula na Escola de Artes Plásticas y Artes Aplicadas de Caracas em 1947.;site oficial do artista (cronologia);alta;MAC USP;baixa;7.76694;-72.224967;;10.5061111111;-66.9144444444;100.0;site oficial / Wikipedia;;alta;Ulan;Ulan;;alta
Hundertwasser;1928;2000;Áustria;;;;Viena;Oceano Pacífico;male;;;;https://www.wikidata.org/wiki/Q151836;alta;MAC USP;alta;48.2092062;16.3727778;100.0;;;;Hundertwasser official biography;"registro anterior 'Australia' substituído por morte em trânsito no Pacífico, a bordo do Queen Elizabeth 2; sem coordenadas precisas do ponto de óbito";alta;Wikidata > Ulan;Wikidata > Ulan;;alta
Hyunmin Lee;;;Coreia do Sul;Wesleyan University > California Institute of the Arts (CalArts);41.55562 > 34.393055555556;-72.655844 > -118.56694444444;Seul, Coreia do Sul;;female;Pacific Arts Movement (Q&A biográfica);média;;IMDb;média;FILE;;37.566;126.9784;100.0;;;;;"biografia profissional recente da Disney consultada; sem evidência de óbito";;;;;
Håkan Lidbo;1965;;Suécia;;;;Malmö, Suécia;;male;;;;Wikipedia / Discogs;média;FILE;;55.6033166;13.0013362;100.0;;;;;"site e atividade profissional recentes consultados; sem evidência de óbito";;Wikidata;;;alta
Hélio Basto;1931;1991;;Escola de Belas Artes da Bahia;-12.990785;-38.524427;Salvador, BA, Brasil;Salvador;male;https://www.arrematearte.com.br/artistas/helio-basto-1931 | https://www.dicionario.belasartes.ufba.br/wp/verbete/helio-basto-helio-fonseca-basto/;alta;As fontes indicam formação inicial na Bahia e aprofundamento posterior em São Paulo, sem cronologia precisa.;Dicionário de Belas Artes da UFBA;alta;MAC USP;média;-12.9641527;-38.5058208;;-12.9641527;-38.5058208;100.0;Museu Afro Brasil / Dicionário UFBA;;alta;;;;
Hélio Oiticica;1937;1980;Brasil;Museu de Arte Moderna do Rio de Janeiro (MAM-RJ);-22.91111111111111;-43.20555555555556;Rio de Janeiro;Rio de Janeiro;male;https://enciclopedia.itaucultural.org.br/pessoas/22-helio-oiticica;alta;;Wikidata;alta;MAC USP;alta;-22.9014475;-43.1789159;100.0;-22.9014475;-43.1789159;100.0;Enciclopédia Itaú Cultural;;alta;Ulan;Ulan;;alta
Hércules Barsotti;1914;2010;Brasil;estudos com Enrico Vio > Instituto Mackenzie;-23.5505 > -23.5505;-46.6333 > -46.6333;São Paulo;São Paulo;male;https://pt.wikipedia.org/wiki/H%C3%A9rcules_Barsotti;média;"A fonte localizada registra estudos de desenho e composição com Enrico Vio e formação em Química Industrial pelo Instituto Mackenzie; Colégio Dante Alighieri e Liceu não foram confirmados como formação.";Wikidata;alta;MAC USP;alta;-23.5486657;-46.6382522;100.0;-23.5486657;-46.6382522;100.0;Enciclopédia Itaú Cultural;;alta;Wikidata > Ulan;Wikidata > Ulan;;alta
Hércules Florence;1804;1879;Brasil;;;;Nice;Campinas;male;;;As fontes destacam estudos autodidatas, inclusive em química> sem escola formal identificada.;Wikidata;alta;Instituto Hércules Florence;média;43.695978065;7.271454889;100.0;-22.9073702;-47.0628996;100.0;Enciclopédia Itaú Cultural;;alta;Ulan;Ulan;;alta
I. de Sampaio Mathissen;;;;;;;;;male;;;;;;Museu Paulista;;;;;;;;;autor identificado, mas sem dados biográficos suficientes para localizar óbito;;;;;
Iberê Camargo;1914;1994;Brasil;Escola de Artes e Ofícios de Santa Maria > Escola Nacional de Belas-Artes / curso livre de Alberto da Veiga Guignard > estudos com Giorgio de Chirico e Carlo Alberto Petrucci > Academia André Lhote;-29.6842 > -22.8625055 >  > 48.8422;-53.8069 > -43.2256622 >  > 2.3304;Restinga Sêca;Porto Alegre;male;https://enciclopedia.itaucultural.org.br/pessoas/543-ibere-camargo> https://pt.wikipedia.org/wiki/Iber%C3%AA_Camargo;média;primeira formação em Santa Maria sem data precisa localizada;Wikidata;alta;MAC USP;média;-29.8261373;-53.3684319;100.0;-30.027679;-51.2286404;100.0;Enciclopédia Itaú Cultural;;alta;;;;
Ignacio Platas;;;Uruguai;;;;Montevidéu, Uruguai;;male;;;;site pessoal Once11;média;FILE;;-34.9055557;-56.1852505;100.0;;;;;"biografia profissional recente consultada; sem evidência de óbito";;;;;
Igor Bahia;;;Brasil;Escola de Tecnologia Spectaculu > Escola de Artes Visuais do Parque Lage;-22.911111 > -22.9606;-43.205556 > -43.212;Rio de Janeiro;;male;FILE Festival;alta;;Wikidata;alta;FILE;;-22.9014475;-43.1789159;100.0;;;;;"perfil FILE recente consultado; sem evidência de óbito";;;;;
Igor Imhoff;1976;;Itália;Accademia di Belle Arti di Foggia;41.46189;15.543579;Itália;;male;animazioni.net — Igor Imhoff;média;;Ignorarte (biografia);média;FILE;;42.83333;12.83333;100.0;;;;;"biografia e atividade docente recentes consultadas; sem evidência de óbito";;Animafest / animazioni.net;;;média
Igorъ V;;;Rússia;;;;Rostov-no-Don, Rússia;;male;;;;FILE Festival (obra Death Day) + Wikidata;alta;FILE;;47.2230368;39.7213763;100.0;;;;;"perfil FILE recente consultado; sem evidência de óbito";;;;;
Illestpreacha;;;Canadá;;;;Canadá;;male;;;FILE explicita “País de Origem: Canadá”> preenchido em nível de país.;FILE Festival (País de Origem);alta;FILE;;60.10867;-113.64258;100.0;;;;;"site e biografias recentes consultados; sem evidência de óbito";;;;;
Ion Oana Potecasu;;;;;;;Beceni, Buzău, Romênia;;;;;formação não localizada com segurança;MAC USP;alta;MAC USP;;45.3763;26.7877;;;;;;"fontes de acervo e bibliografia secundária consultadas; local de morte não localizado";;;;;
Iran do Espírito Santo;1963;;Brasil;Fundação Armando Álvares Penteado (FAAP);-23.5450155;-46.6630802;Mococa;;male;https://www.escritoriodearte.com/artista/iran-do-espirito-santo;baixa;licenciatura em artes plásticas;Wikidata;alta;MAC USP;alta;-21.4961738;-47.0130645;100.0;;;;;"verbete Itaú Cultural recente indica artista em atividade; sem evidência de óbito";;Wikidata;;;alta
Isabelle Arvers;1972;;França;Institute of Political Studies in Aix-en-Provence > Université Paris 8 Saint-Denis;43.5316306 > 48.944722222222;5.4466750 > 2.3633333333333;Paris, França;;female;biografia oficial / Wikipédia;média;;site oficial da artista / Wikipédia;alta;FILE;;48.856372814;2.352529617;100.0;;;;;"site oficial recente consultado; sem evidência de óbito";;Wikidata;;;alta
Ismael Nery;1900;1934;Brasil;Académie Julian > Escola Nacional de Belas Artes;48.871111 > -22.862506;2.341667 > -43.225662;Belém;Rio de Janeiro;male;Wikipédia> eBiografia;média;;Wikidata;alta;MAC USP;média;-1.4549817;-48.502273;100.0;-22.9014475;-43.1789159;100.0;Enciclopédia Itaú Cultural;;alta;Wikidata > Ulan;Wikidata > Ulan;;alta
Ismênia Coaracy;1918;2022;Brasil;Museu de Arte Moderna de São Paulo (MAM/SP) > estudos com Wolfgang Pfeiffer, Paulo Duarte e André Osze;-23.588229 >;-46.655328 >;Sertãozinho;São Paulo;female;https://enciclopedia.itaucultural.org.br/pessoas/2135-ismenia-coaracy | https://acervo.margs.rs.gov.br/artistas/ismenia-coaracy/;alta;A fonte também indica início autodidata por volta de 1946.;Wikidata;alta;MAC USP;alta;-21.1431103;-48.0069814;100.0;-23.5486657;-46.6382522;100.0;MAC USP;"MAC USP registra falecimento em São Paulo; verbete Itaú Cultural consultado sem atualização do óbito";alta;Wikidata > Ulan;Wikidata;;alta
Issey Takahashi;1980;;Japão;Horikoshi High School;35.701111;139.6765;Tóquio;;male;https://en.wikipedia.org/wiki/Issey_Takahashi | https://www.imdb.com/name/nm1534063/;média;;Wikidata;alta;FILE;;35.68945633;139.69171609;100.0;;;;;"biografia profissional recente consultada; sem evidência de óbito";;Wikidata;;;alta
Ivald Granato;1949;2016;Brasil;estudos de pintura com Robert Newman > Escola Nacional de Belas Artes; > -22.8625055; > -43.2256622;Campos dos Goytacazes;São Paulo;male;https://www.escritoriodearte.com/artista/ivald-granato;baixa;;Wikidata;alta;MAC USP;média;-21.75227;-41.33044;100.0;-23.5486657;-46.6382522;100.0;Enciclopédia Itaú Cultural;;alta;Wikidata > Ulan;Wikidata > Ulan;;alta
Ivan Dixon;1931;2008;Estados Unidos;North Carolina Central University;35.97645;-78.90092;Nova York;Charlotte;male;https://www.library.ucla.edu/visit/events-exhibitions/going-my-own-way-celebrating-ivan-dixon/ | https://en.wikipedia.org/wiki/Ivan_Dixon;média;;Wikidata;alta;FILE;;40.7130466;-74.0072301;100.0;35.2237867;-80.8411413;100.0;Legacy/AP obituary;;alta;Wikidata;Wikidata;;alta
Ivan Serpa;1923;1973;Brasil;estudou pintura, gravura e desenho com Axl Leskoschek;-22.9068;-43.1729;Rio de Janeiro;Rio de Janeiro;male;https://enciclopedia.itaucultural.org.br/pessoas/2334-ivan-serpa;alta;;https://enciclopedia.itaucultural.org.br/pessoas/2334-ivan-serpa;alta;MAC USP;alta;-22.9014475;-43.1789159;100.0;-22.9014475;-43.1789159;100.0;Enciclopédia Itaú Cultural;;alta;Wikidata > Ulan;Wikidata > Ulan;;alta
Ivar Veermäe;1982;;Estônia;Estonian Academy of Arts > weißensee kunsthochschule berlin;59 > 52.5581;26 > 13.4393;Tallinn;;male;site oficial do artista / weissensee kunsthochschule berlin;alta;;Wikidata;alta;FILE;;59.43243767;24.744065678;100.0;;;;;"site institucional recente consultado; sem evidência de óbito";;Wikidata;;;alta
Ivonaldo;1943;2016;;;;;;São Paulo;;;;;;;;;;;;-23.5486657;-46.6382522;100.0;Guia das Artes;;média;Ulan;Ulan;;alta
J. Janssens | Martinho (padre);;;;;;;;;;;;autoria múltipla/ambígua> formação não localizada com segurança;;;Museu da Inconfidência;;;;;;;;;"autoria composta/ambígua; local de morte não preenchido";;;;;
J. M. D'Avila;;;;;;;;;;;;;;;Museu Histórico Nacional;;;;;;;;;autor identificado no acervo, mas sem dados biográficos suficientes para localizar óbito;;;;;
J. M. W. Turner;1775;1851;Reino da Grã-Bretanha;Royal Academy Schools > formação com o desenhista Thomas Malton;51.5090 > ;-0.1399 > ;Maiden Lane;Londres;male;https://www.tate.org.uk/art/artists/joseph-mallord-william-turner-558;alta;;https://www.tate.org.uk/art/artists/joseph-mallord-william-turner-558;alta;MASP;alta;51.5106;-0.1233;100.0;51.50740836;-0.127698693;100.0;Tate / Britannica;"ajustado de Cheyne Walk para London; a fonte biográfica especifica Chelsea/Cheyne Walk";alta;Ulan;Ulan;;alta
J. Stewart;;;;;;;;;;;;;;;;;;;;;;;;"autor por iniciais não desambiguado com segurança; local de morte não preenchido";;;;;
Jacopo Tintoretto;1519;1594;República de Veneza;brevíssimo aprendizado na oficina de Ticiano > estudos de anatomia por observação e desenho;>;>;Veneza;Veneza;male;https://www.scuolagrandesanrocco.org/home-en/tintoretto/ | https://en.wikipedia.org/wiki/Tintoretto;média;A formação documentada é parcialmente tradicional/atelier e parcialmente autodirigida.;Wikidata;alta;MASP;baixa;45.434608;12.338913;100.0;45.434608;12.338913;100.0;Britannica;;alta;Ulan;Ulan;;alta
Jagobo Pan;;;;Liceu de Barcelona;41.3825;2.176944;Barcelona, Catalunha, Espanha;Campos do Jordão;;Campos do Jordão Cultura;média;instituição identificada, datas não localizadas;MAC USP;alta;MAC USP;média;41.387917;2.1699187;;-22.6953694444;-45.5262194444;100.0;MAC USP;;alta;;;;
Jaime Prades;1958;;Brasil;Festival de Inverno de Ouro Preto > Ateliê 76 > Escola Contemporânea de Artes;-20.385277777778 > -23.550394444444 > -23.550394444444;-43.503611111111 > -46.633947222222 > -46.633947222222;Madri;;male;https://jaimeprades.art.br/?area=5&item=59&lang=_en&sec=404 | https://zupi.space/acervo/artistas/jaime-prades/;alta;Inclui cursos livres e formação não universitária, como descritos pelo próprio artista.;Wikidata;alta;MAC USP;alta;40.4166909;-3.7003454;100.0;;;;;"site oficial e verbete recente consultados; sem evidência de óbito";;;;;
Jake Fried;1984;;Estados Unidos;Rhode Island School of Design > Maryland Institute College of Art > Boston University;41.825833333333 > 39.3056 > 42.34888888888889;-71.407777777778 > -76.6206 > -71.10027777777778;Estados Unidos;;male;LBBOnline (entrevista com o artista);média;;FILE Festival (País de Origem);alta;FILE;;39.398703156;-99.41461919;100.0;;;;;"site oficial ativo e exposições recentes consultados; sem evidência de óbito";;;;;
Jambonbill;;;França;;;;;;male;;;nome artístico não desambiguado com segurança;;;FILE;;;;;;;;;"registro aparenta nome artístico ou coletivo; sem óbito verificável";;;;;
James Kudo;1967;;;Centro Universitário Belas Artes > Art Students League of New York;-23.583688 > 40.766083333333;-46.633917 > -73.980861111111;Pereira Barreto, SP, Brasil;;male;https://jojoscope.net/2011/08/27/as-topofilias-de-james-kudo/ | https://olharincomum.webnode.page/artistas/james-kudo/;alta;;Enciclopédia Itaú Cultural;alta;MAC USP;alta;-20.6383;-51.1126;;;;;;"biografias e exposição recentes consultadas; sem evidência de óbito";;;;;
James Zanoni;;;;;;;;;male;;;local de nascimento não localizado em fonte auditável;;;FILE;;;;;;;;;"site profissional recente consultado; sem evidência de óbito";;;;;
Jamie Tucker;;;Canadá;;;;;;male;;;homônimo não desambiguado com segurança;;;FILE;;;;;;;;;"site profissional recente consultado; sem evidência de óbito";;;;;
Jan de Baen;1633;1702;República Neerlandesa;Haagsche Teekenacademie > lições com o tio Hinderk Pyman > aluno de Jacob Adriaensz Backer;52.16 >  >;4.49 >  >;Haarlem;Haia;male;https://en.wikipedia.org/wiki/Jan_de_Baen;média;;Wikidata;alta;MASP;alta;52.381044553;4.642828229;100.0;52.069248385;4.296715483;100.0;Wikipedia;;média;Ulan;Ulan;;alta
Jan Goldfuß;1980;;Alemanha;Bauhaus-Universität Weimar > Academy of Media Arts Cologne (KHM);50.9795 > 50.93475582568144;11.3291 > 6.962159950772375;Erlangen, Alemanha;;male;FILE Festival | site do artista;alta;;site do artista / Frischzelle Festival;alta;FILE;;49.595132999;11.00498;100.0;;;;;"biografia e atividade profissional recentes consultadas; sem evidência de óbito";;FILE Festival;;;alta
Jan Lebensztejn;1930;1999;Polônia;;;;Brest;Cracóvia;male;;;fonte de autoridade usa a variante Jan Lebenstein> creator mantido como no CSV.;https://www.wikidata.org/wiki/Q321504;alta;MAC USP;alta;52.0976;23.7341;;50.0613888889;19.9372222222;100.0;Culture.pl / Wikipedia (pl);registro tratado sob a forma variante Jan Lebenstein;média;Wikidata > Ulan;Wikidata;;alta
Jan Rothuizen;1968;;Reino dos Países Baixos;Gerrit Rietveld Academie > De Ateliers;52.3413 >;4.86 >;Amsterdam;;male;site oficial do artista / Kunstinstituut Melly;alta;;Wikidata;alta;FILE;;52.361524688;4.890870311;100.0;;;;;"biografia oficial recente consultada; vive e trabalha em Amsterdã; sem evidência de óbito";;Wikidata > Ulan;;;alta
Jan van Kessel the Elder;1626;1679;Países Baixos dos Habsburgo;estudos com Simon de Vos > formação com Hieronymus van Kessel the Younger e Jan Brueghel the Younger;>;>;Antuérpia;Antuérpia;male;https://en.wikipedia.org/wiki/Jan_van_Kessel_the_Elder | https://www.nationalgallery.org.uk/artists/jan-van-kessel-the-elder> https://en.wikipedia.org/wiki/Jan_van_Kessel_the_Elder | https://www.nationalgalleries.org/art-and-artists/artists/jan-van-kessel;média;A formação é descrita por mestres e parentes artistas, não por escola única.;Wikidata;alta;Museu Nacional de Belas Artes;média;51.25942418;4.371799938;100.0;51.25942418;4.371799938;100.0;Wikipedia / Städel Museum;;alta;Wikidata;Wikidata;;alta
Jandyra Waters;1921;2025;;County Council Art School, Sussex > estudos com Yoshiya Takaoka e André Osze > Fundação Armando Alvares Penteado (FAAP) > Universidade de São Paulo;50.9097 > -23.5505 > -23.5505 > -23.5505;-0.5118 > -46.6333 > -46.6333 > -46.6333;Sertãozinho, SP, Brasil;São Paulo;female;https://enciclopedia.itaucultural.org.br/pessoas/2115-jandyra-waters | https://almeidaedale.com.br/wp-content/uploads/2025/04/2015_jandyra_waters_ritmo-do-tempo.pdf;alta;"Fontes de referência registram estudos em Sussex e, em São Paulo, com artistas, na FAAP e na USP; a Escola Nacional de Belas Artes não foi confirmada.";Enciclopédia Itaú Cultural;alta;MAC USP;baixa;-21.1431103;-48.0069814;;-23.5503944444;-46.6339472222;100.0;Enciclopédia Itaú Cultural / Bel Galeria;;alta;Wikidata;Wikidata;;alta
Janice T. Searleman;;;Estados Unidos;University of Massachusetts > State University of New York at Stony Brook;42.36027777777777 > 40.9173205;-71.05777777777777 > -73.1245537;Estados Unidos;;female;ISEA Symposium Archives;alta;FILE explicita “País de Origem: Estados Unidos”> preenchido em nível de país.;FILE Festival (País de Origem);alta;FILE;;39.398703156;-99.41461919;100.0;;;;;"biografia institucional recente consultada; sem evidência de óbito";;;;;
Janusz Brudniewicz;1965;;Polônia;;;;Polônia;;male;;;;camembertelectrique.com;média;FILE;;52.123790154;19.398768986;100.0;;;;;"perfil de artista e atividade recente consultados; sem evidência de óbito";;FILE Festival;;;alta
Jarbas Juarez Antunes;1936;;;Instituto de Artes da Universidade Federal do Rio Grande do Sul (UFRGS);-30.0292;-51.2233;Coqueiral, MG, Brasil;;male;https://enciclopedia.itaucultural.org.br/pessoas/1137-jarbas-juarez;média;"Identidade e dados biográficos confirmados; a formação na UFRGS foi mantida provisoriamente, com confiança média, até confirmação institucional específica.";https://enciclopedia.itaucultural.org.br/pessoas/1137-jarbas-juarez;alta;Museu da Inconfidência;baixa;-21.1858;-45.4366;;;;;;"fontes biográficas recentes consultadas; sem evidência segura de óbito";;https://enciclopedia.itaucultural.org.br/pessoas/1137-jarbas-juarez;;;alta
Jasmijn Lootens;1991;;Bélgica;LUCA School of Arts > Conservatory of Amsterdam;52.375833 > 52.375833;4.908056 > 4.908056;Waregem, Bélgica;;female;docARTES;média;;Japan Media Arts Festival;alta;FILE;;50.880619097;3.40249726;100.0;;;;;"site oficial recente consultado; sem evidência de óbito";;Japan Media Arts Festival;;;alta
Jayme Batista Paiva;1921;1981;;;;;São Paulo, SP, Brasil;Santo André;;;;"perfil memorialístico local; dado biográfico explícito";Diário do Grande ABC (Memória);média;MAC USP;média;-23.5486657;-46.6382522;;-23.6667259;-46.5323593;100.0;Diário do Grande ABC;;média;Diário do Grande ABC;Diário do Grande ABC;;média
Jean Dewasne;1921;1999;França;École des Beaux-Arts de Paris;48.853997;2.333500;Hellemmes;Paris;male;https://jeandewasne.com/en/biography/;média;A biografia informa estudo na seção de arquitetura e frequência aos ateliês de Montparnasse.;Wikidata;alta;MAC USP;média;50.62939;3.10981;100.0;48.856372814;2.352529617;100.0;Centre Pompidou;"registro anterior revisto; Centre Pompidou informa Paris, sem arrondissement específico";alta;Ulan;Ulan;;alta
Jean Deyrolle;1911;1967;França;;;;Nogent-sur-Marne;Toulon;male;;;;Wikidata;alta;MAC USP;;48.839192987;2.491513008;100.0;43.12442;5.92836;100.0;Centre Pompidou;;alta;Wikidata > Ulan;Wikidata > Ulan;;alta
Jean Joseph Bilfeldt;1793;1849;França;formação militar francesa;;;Avignon;Antigo 2º arrondissement de Paris;male;https://www.brasilianaiconografica.art.br/autores/19939/jean-joseph-bilfeldt;média;Autor identificado sobretudo como militar e desenhista viajante> sem escola nomeada na fonte aberta consultada.;Wikidata;alta;Pinacoteca de São Paulo;baixa;43.949315226;4.805311547;100.0;48.8675087;2.3421607;91.56;Wikipedia (FR) / Archives de Paris citadas;"local refinado de Paris para antigo 2e arrondissement; distrito histórico";média;Wikidata > Ulan;Wikidata > Ulan;;alta
Jean Le Moal;1909;2009;França;École nationale supérieure des beaux-arts de Lyon > École nationale supérieure des arts décoratifs > Académie Ranson;45.768055555556 > 48.856667 > 48.85666666666667;4.8172222222222 > 2.352222 > 2.352222222222222;Authon-du-Perche;Chilly-Mazarin;male;https://en.wikipedia.org/wiki/Jean_Le_Moal;média;A biografia consultada traz a sequência das três formações, com intervalo completo explicitado para a Académie Ranson.;Wikidata;alta;MAC USP;média;48.194954416;0.896784562;100.0;48.702512182;2.312513276;100.0;Centre Pompidou;;alta;Ulan;Ulan;;alta
Jean Metzinger;1883;1956;França;École des Beaux-Arts de Nantes;47.206475;-1.560904;Nantes;Paris;male;Wikipedia;média;Também estudou pintura com Hippolyte Touront antes da mudança para Paris.;Wikidata;alta;MAC USP;média;47.21838348;-1.554317317;100.0;48.856372814;2.352529617;100.0;Centre Pompidou;;alta;;;;
Jean Rustin;1928;2013;França;École des Beaux-Arts de Paris > ateliê de Nicolas Untersteller;48.853997 > ;2.333500 > ;Montigny-lès-Metz;20º arrondissement de Paris;male;https://en.wikipedia.org/wiki/Jean_Rustin | https://www.jean-rustin.com/blank-2;média;;Wikidata;alta;MAC USP;alta;49.099881109;6.153103866;100.0;48.8650998;2.3989541;100.0;Libra Memoria / INSEE;;alta;Ulan;site oficial do artista;;alta
Jean-Auguste-Dominique Ingres;1780;1867;França;École des Beaux-Arts de Paris > Académie de Toulouse > ateliê de Jacques-Louis David;48.853997 > 43.6045 > ;2.333500 > 1.4440 > ;Montauban;Paris;male;https://pt.wikipedia.org/wiki/Jean-Auguste_Dominique_Ingres;média;;Wikidata;alta;MASP;alta;44.016121253;1.35265774;100.0;48.856372814;2.352529617;100.0;Wikipedia;;média;;;;
Jean-Baptiste Camille Corot;1796;1875;França;Lycée Pierre-Corneille > estudos com Achille-Etna Michallon e Jean-Victor Bertin > formação de paisagem na viagem de estudos à Itália;49.445311 >  >;1.100213 >  >;Paris;Paris;male;https://www.nationalgallery.org.uk/artists/jean-baptiste-camille-corot | https://en.wikipedia.org/wiki/Jean-Baptiste-Camille_Corot;média;Sem academia formal nomeada nas fontes abertas recuperadas> mantidos mestres e viagem formativa.;Wikidata;alta;MASP;média;48.856372814;2.352529617;100.0;48.856372814;2.352529617;100.0;Wikipedia;;média;Wikidata > Ulan;Wikidata > Ulan;;alta
Jean-Baptiste Courtois;1819;1870;;École des Beaux-Arts de Paris;48.853997;2.333500;Saint-Hippolyte;;male;https://data.bnf.fr/fr/14916564/jean-baptiste_courtois/;alta;A fonte aberta biográfica é sucinta> cronologia não identificada.;Wikidata;alta;Museu Histórico Nacional;média;45.92969;-74.025851;100.0;;;;;"identificação insegura / possível homônimo; local de morte não preenchido";;;;;
Jean-Baptiste Debret;1768;1848;França;Académie royale de peinture et de sculpture > ateliê de Jacques-Louis David;48.8567 > 48.8567;2.3522 > 2.3522;Paris;Paris;male;https://www.wikidata.org/wiki/Q281998 | https://www.annexgalleries.com/artists/biography/5082;alta;"Fontes confirmam a academia parisiense e a formação com Jacques-Louis David; o Lycée Louis-le-Grand não foi mantido por não corresponder à formação artística principal.";Wikidata;alta;Museu Nacional de Belas Artes;média;48.856372814;2.352529617;100.0;48.856372814;2.352529617;100.0;Museu Histórico Nacional;;alta;Wikidata > Ulan;Wikidata > Ulan;;alta
Jean-Baptiste Marie Pierre;1714;1789;França;Académie royale de peinture et de sculpture > aluno de Charles-Joseph Natoire > bolsa/estadia em Roma;48.8572222222 >  >;2.3369444444 >  >;Paris;Paris;male;https://en.wikipedia.org/wiki/Jean-Baptiste_Marie_Pierre | https://sammlung.staedelmuseum.de/en/person/pierre-jean-baptiste-marie;alta;;Wikidata;alta;Museu Nacional de Belas Artes;alta;48.856372814;2.352529617;100.0;48.856372814;2.352529617;100.0;Wikipedia / Google Arts & Culture;;média;;;;
Jean-Baptiste Olive;1848;1936;França;École des Beaux-Arts de Marseille;43.2287;5.43485;Marselha;9º arrondissement de Paris;male;https://en.wikipedia.org/wiki/Jean-Baptiste_Olive;média;;Wikidata;alta;MASP;média;43.296606916;5.369866968;100.0;48.8760189;2.3399619;100.0;Wikipedia;"local refinado para 9th arrondissement; coordenadas do arrondissement";média;Ulan;Ulan;;alta
Jean-Baptiste Pater;1695;1736;França;formação inicial com o pai Antoine Pater > aluno de Antoine Watteau;>;>;Valenciennes;Paris;male;https://en.wikipedia.org/wiki/Jean-Baptiste_Pater | https://www.britannica.com/biography/Jean-Baptiste-Pater;alta;Não foi localizada escola formal nomeada além da formação em oficina.;Wikidata;alta;MASP;média;50.357856469;3.524197715;100.0;48.856372814;2.352529617;100.0;Wikipedia (FR);fonte biográfica menciona rue Quincampoix, sem coordenada histórica exata padronizada;média;Ulan;Ulan;;alta
Jean-Baptiste-Siméon Chardin;1699;1779;França;Académie de Saint-Luc > aprendizagens com Pierre-Jacques Cazes e Noël-Nicolas Coypel;48.85666666666667 >;2.352222222222222 >;Paris;Paris;male;https://en.wikipedia.org/wiki/Jean_Sim%C3%A9on_Chardin | https://www.britannica.com/biography/Jean-Baptiste-Simeon-Chardin;alta;;Wikidata;alta;MASP;alta;48.856372814;2.352529617;100.0;48.856372814;2.352529617;100.0;Wikipedia (FR);;média;;;;
Jean-Frédéric Bosset de Luze;1752;1838;Suíça;formação militar e de desenho técnico suíço;;;Neuchâtel;Neuchâtel;male;https://www.brasilianaiconografica.art.br/autores/19859/jean-frederic-bosset-de-luze;média;Autor identificado sobretudo por perfil militar-viajante> sem escola formal nomeada na fonte aberta consultada.;Wikidata;alta;Pinacoteca de São Paulo;baixa;46.993851622;6.93104046;100.0;46.993851622;6.93104046;100.0;Enciclopédia Itaú Cultural;;alta;Wikidata;Wikidata;;alta
Jean-Honoré Fragonard;1732;1806;França;École royale des élèves protégés > formação com Jean-Siméon Chardin e François Boucher > Académie de France à Rome;48.856667 >  > 41.908333333333;2.352222 >  > 12.4825;Grasse;Antigo 2º arrondissement de Paris;male;https://en.wikipedia.org/wiki/Jean-Honor%C3%A9_Fragonard | https://www.britannica.com/biography/Jean-Honore-Fragonard;alta;;Wikidata;alta;MASP;alta;43.658104821;6.924695789;100.0;48.8675087;2.3421607;91.56;Wikipedia / FranceArchives;distrito histórico padronizado;média;Ulan;Ulan;;alta
Jean-Jacques François Coindet;1800;1857;Suíça;formação de desenho topográfico e prática militar;;;Genebra;Clarens, Vaud;male;https://www.brasilianaiconografica.art.br/autores/19866/jean-jacques-francois-coindet;média;A fonte aberta não traz nome de instituição formal específica.;Wikidata;alta;Pinacoteca de São Paulo;baixa;46.212270935;6.126642752;100.0;46.442;6.894;100.0;DSI - Database of Scientific Illustrators;coordenadas anteriores corrigidas de Clarens (África do Sul) para Clarens, Vaud, Suíça;média;Wikidata;Wikidata;;alta
Jean-Marc Nattier;1685;1766;França;formação com Marc Nattier > orientação de Jean Jouvenet;>;>;Paris;Paris;male;https://en.wikipedia.org/wiki/Jean-Marc_Nattier | https://www.britannica.com/biography/Jean-Marc-Nattier;alta;Não foi identificada instituição formal única nas fontes consultadas.;Wikidata;alta;MASP;média;48.856372814;2.352529617;100.0;48.856372814;2.352529617;100.0;FranceArchives;;alta;;;;
Jean-Michel Rolland;1972;;França;Université Sorbonne Nouvelle – Paris 3;48.84488888888889;2.396988888888889;França;;male;CV do artista / CYLAND;média;fonte biográfica identifica apenas o país> preenchimento mantido em nível de país.;FILE Festival;média;FILE;;46.559417044;2.550539953;100.0;;;;;"site pessoal recente consultado; sem evidência de óbito";;FILE Festival;;;alta
Jeanette Nørgaard;1984;;Reino da Dinamarca;The Animation Workshop;56.4561;9.40611;Struer, Dinamarca;;female;DAFilms;média;;FILE Festival / Girls in Film;alta;FILE;;56.545686523587;8.585619582004;100.0;;;;;"portfólio e biografia recentes consultados; sem evidência de óbito";;FILE Festival;;;alta
Jef Golyscheff;1897;1970;;;;;Kherson, Ucrânia;Neuilly-sur-Seine;male;;;;MAC USP Acervo;alta;MAC USP;;46.635417;32.616867;;48.8846;2.26965;100.0;Wikipedia (FR) / registro civil citado;"Centre Pompidou indica Paris em nível de cidade; adotado Neuilly-sur-Seine por ser o local mais específico em registro civil citado";média;Wikidata > Ulan;Wikidata > Ulan;;alta
Jen Biddle;;;;Rutgers University > Pennsylvania State University;40.501666666667 > 40.796111111111;-74.448055555556 > -77.862777777778;;;female;University of Delaware;alta;local de nascimento não localizado em fonte auditável;;;FILE;;;;;;;;;"perfil institucional recente consultado; sem evidência de óbito";;;;;
Jenner Augusto;1924;2003;Brasil;;;;Aracaju;Salvador;male;;;estuda pintura com Horácio Hora> instituição formal não localizada;Wikidata;alta;MAC USP;média;-10.9093538;-37.0743967;100.0;-12.9641527;-38.5058208;100.0;Wikipedia / Diário do Grande ABC;;média;Wikidata > Ulan;Wikidata > Ulan;;alta
Jennifer Zheng;;;Reino Unido;Kingston University;51.4035;-0.3039;Irlanda do Norte, Reino Unido;;female;site oficial da artista | It’s Nice That;alta;;Jennifer Zheng site oficial / FILE Festival;alta;FILE;;54.609495197321;-6.692871347191;100.0;;;;;"site e biografias recentes consultados; sem evidência de óbito";;;;;
Jenny Vogel;;;Alemanha;Hunter College (CUNY);40.768538;-73.964741;Alemanha;;female;UMass Amherst / CV;média;;The Sunview;média;FILE;;51.110631049;10.392277932;100.0;;;;;"biografia institucional recente consultada; sem evidência de óbito";;;;;
Jenova Chen;1981;;República Popular da China;University of Southern California (USC);34.021667;-118.285278;Shanghai;;male;https://en.wikipedia.org/wiki/Jenova_Chen | https://jenovachen.com/flowingames/jenovachen.htm;média;;Wikidata;alta;FILE;;31.231271;121.470015;;;;;;"site oficial e equipe atual consultados; sem evidência de óbito";;Wikidata > Ulan;;;alta
Jeroen Cluckers;1985;;Bélgica;KASK School of Arts Ghent;51.045519;3.718608;Hasselt, Bélgica;;male;AP University College;alta;;AP Hogeschool;alta;FILE;;50.914955632;5.332553947;100.0;;;;;"biografia recente consultada; vive e trabalha em Ghent; sem evidência de óbito";;AP Hogeschool;;;alta
Jerry Galle;1969;;Bélgica;KASK School of Arts Ghent;51.045519;3.718608;Antuérpia, Bélgica;;male;site oficial do artista;alta;;NW Aalst / KASK;alta;FILE;;51.25942418;4.371799938;100.0;;;;;"site e agenda recentes consultados; sem evidência de óbito";;Frankfurter Kunstverein;;;alta
Jerónimo Veroa;1977;;Argentina;;;;Necochea;;male;;;;Wikidata;alta;FILE;;-38.5554187;-58.7258543;100.0;;;;;"biografia recente consultada; vive e trabalha em Buenos Aires; sem evidência de óbito";;ArteInformado;;;média
Jesús Rafael Soto;1923;2005;Venezuela;Escuela de Artes Plásticas y Aplicadas;10.50611111111111;-66.91444444444444;Ciudad Bolívar;Paris;male;https://www.guiadasartes.com.br/jesus-rafael-soto/obras-e-biografia;média;;Wikidata;alta;MAC USP;alta;8.1214634;-63.5769921;100.0;48.856372814;2.352529617;100.0;Soto official website / Fondation Louis Vuitton;"registro anterior em 3rd arrondissement of Paris tinha coordenadas incompatíveis; normalizado para Paris conforme biografias institucionais";alta;Wikidata > Ulan;Wikidata > Ulan;;alta
JF Malouin;;;Canadá;École NAD-UQAC (Université du Québec à Chicoutimi);48.42;-71.0525;Canadá;;male;FILE Festival;alta;FILE explicita “País de Origem: Canadá”> preenchido em nível de país.;FILE Festival (País de Origem);alta;FILE;;60.10867;-113.64258;100.0;;;;;"biografia recente consultada; sem evidência de óbito";;;;;
Jiahui Eva Gao;;;República Popular da China;Academy of Fine Art in Guangzhou;23.09544444444445;113.2730277777778;China;;female;BoardGameGeek;média;FILE explicita “País de Origem: China”> preenchido em nível de país.;FILE Festival (País de Origem);alta;FILE;;36.567348398;103.930027033;100.0;;;;;"perfil profissional recente consultado; sem evidência de óbito";;;;;
Jim Leon;1938;2002;Reino Unido;Chouinard Art Institute;34.392919;-118.567812;Wolverhampton;Lyon;male;https://jim-leon.net/bio_gb.shtml;alta;instituição identificada em fontes sumárias;Wikidata;alta;MAC USP;baixa;52.586220279;-2.129909246;100.0;45.763420;4.834277;100.0;https://fr.wikipedia.org/wiki/Jim_Leon;Registro anterior em 6th arrondissement of Lyon foi normalizado para Lyon por falta de fonte auditável para o arrondissement na biografia consultada.;média;MAC USP;MAC USP;;alta
Jinan Zughayar;;;Palestina;American University of Sharjah;25.309722;55.490556;Palestina;;;FILE> Behance;alta;;Wikidata;alta;FILE;;31.912719787;35.204684057;100.0;;;;;"Site autoral recente consultado; sem evidência de óbito.";;;;;
Jo-Ann Arosemena;;;Panamá;Pratt Institute > Gemological Institute of America (GIA);40.691111 > 40.757394;-73.963889 > -73.980615;David;;female;https://joann.studio | https://www.gia.edu/gem-education/new-york;média;;Wikidata;alta;FILE;;8.416181394161;-82.387003546125;100.0;;;;;"Site oficial recente consultado; sem evidência de óbito.";;;;;
Joan Miró;1893;1983;Espanha;Escola Superior d'Arts Industrials i Belles Arts (La Llotja) > Escola de Comerç de Barcelona;41.3822 > 41.3825;2.1825 > 2.176944;Barcelona;Palma de Maiorca;male;https://www.fmirobcn.org/en/foundation/joan-miro/;alta;A formação artística em La Llotja é a principal referência para o campo educacional.;Wikidata;alta;MAC USP;alta;41.387917;2.1699187;100.0;39.5694515;2.6499457;100.0;https://www.fmirobcn.org/en/foundation/joan-miro/;Local de morte normalizado de Palma para Palma de Mallorca conforme fonte institucional.;alta;;;;
Joan Ponç;1927;1984;Espanha;ateliê de Ramón Rogent > Academia de Artes Plásticas;>;>;Barcelona;Saint-Paul-de-Vence;male;https://enciclopedia.itaucultural.org.br/pessoas/2127-joan-ponc;alta;A Enciclopédia Itaú Cultural explicita o início da formação artística em 1944 com Rogent e na Academia de Artes Plásticas.;Wikidata;alta;MAC USP;alta;41.387917;2.1699187;100.0;43.696875101;7.122200368;100.0;https://www.fundacionmapfre.org/en/art-and-culture/collections/joan-ponc/;"Local de morte auditado; coordenadas mantidas para o município.";alta;;;;
Joaquim Cândido Guilhobel;1787;1859;Reino de Portugal;Academia Imperial de Belas Artes;-22.9071;-43.1829;Lisboa;Rio de Janeiro;male;https://pt.wikipedia.org/wiki/Joaquim_C%C3%A2ndido_Guilhobel;média;Na Academia, fez o curso de arquitetura com Grandjean de Montigny.;Wikidata;alta;Pinacoteca de São Paulo;alta;38.7070085;-9.1356407;100.0;-22.9014475;-43.1789159;100.0;https://pt.wikipedia.org/wiki/Joaquim_C%C3%A2ndido_Guilhobel | https://eviterbo.fcsh.unl.pt/wiki/Joaquim_C%C3%A2ndido_Guilhobel;Local de morte preenchido a partir de fontes biográficas convergentes.;média;Wikidata;Wikidata;;alta
Joaquim da Rocha Ferreira;1900;1965;Brasil;Liceu de Artes e Ofícios de São Paulo > Escola Nacional de Belas Artes > curso de aperfeiçoamento em mosaico, em Ravena;-23.5331446 > -22.8625055 > 44.4184;-46.6267577 > -43.2256622 > 12.2035;São Paulo;São Paulo;male;https://pt.wikipedia.org/wiki/Joaquim_da_Rocha_Ferreira | https://www.catalogodasartes.com.br/artista/Joaquim%20da%20Rocha%20Ferreira/;média;As fontes convergem em Liceu de Artes e Ofícios e Enba> o Catálogo das Artes acrescenta curso de aperfeiçoamento em mosaico em Ravena.;Wikidata;alta;Museu Paulista;alta;-23.5486657;-46.6382522;100.0;-23.5486657;-46.6382522;100.0;https://pt.wikipedia.org/wiki/Joaquim_da_Rocha_Ferreira | https://enciclopedia.itaucultural.org.br/pessoas/18244-joaquim-da-rocha-ferreira;"Local de morte auditado; coordenadas mantidas para o município.";média;Ulan;Ulan;;alta
Joaquim da Rocha Fragoso;1800;1893;Brasil;Academia Imperial de Belas Artes > estudos com Debret, Félix Taunay, Manuel de Araújo Porto-Alegre e August Müller;-22.9071 > ;-43.1829 > ;Rio de Janeiro;Roma;male;https://enciclopedia.itaucultural.org.br/pessoas/6849-joaquim-da-rocha-fragoso | https://catalogodasartes.com.br/artista/Joaquim%20da%20Rocha%20Fragoso/> https://catalogodasartes.com.br/artista/Joaquim%20da%20Rocha%20Fragoso/ | https://enciclopedia.itaucultural.org.br/pessoas/6849-joaquim-da-rocha-fragoso;média;;Wikidata;alta;Museu Histórico Nacional;alta;-22.9014475;-43.1789159;100.0;41.8905568;12.4942679;100.0;https://enciclopedia.itaucultural.org.br/pessoas/6849-joaquim-da-rocha-fragoso;"Local de morte auditado; coordenadas mantidas para a cidade.";alta;Wikidata;Wikidata;;alta
Joaquim José da Natividade;1771;1841;Brasil;;;;;;male;;;não localizei escola formal> formação colonial/oficinal;;;Museu Regional São João Del Rey;baixa;;;;;;;;Fontes historiográficas consultadas não permitiram confirmar local de morte com segurança nesta rodada.;;Wikidata;Wikidata;;alta
Joaquim Lopes Figueira;1904;1943;;Liceu de Artes e Ofícios de São Paulo > ateliê de Waldemar Belisário;-23.533145 > ;-46.626758 > ;São Paulo, SP, Brasil;Ribeirão Preto;male;https://enciclopedia.itaucultural.org.br/pessoas/6301-joaquim-figueira | https://front.master.enciclopedia-ic.org/pessoa21875/joaquim-figueira;alta;;Enciclopédia Itaú Cultural;alta;MAC USP;alta;-23.5486657;-46.6382522;;-21.1775;-47.81028;100.0;https://aplicacoes.fcc.sc.gov.br/wpmasc/artista/joaquim-lopes-figueira-junior/ | https://enciclopedia.itaucultural.org.br/pessoas/6301-joaquim-figueira;Local de morte preenchido a partir de verbetes biográficos convergentes.;alta;Ulan;Ulan;;alta
Joaquim Manuel da Rocha;1727;1786;Reino de Portugal;Casa Pia / formação com João Glama;38.708042;-9.139016;Lisboa;Lisboa;male;fontes biográficas de referência;média;formação pouco documentada> registro mantido em nível conservador;Wikidata;alta;Museu Nacional de Belas Artes;baixa;38.7070085;-9.1356407;100.0;38.7070085;-9.1356407;100.0;https://commons.wikimedia.org/wiki/Category:Joaquim_Manuel_da_Rocha;"Local de morte auditado; cidade mantida conforme fontes de referência.";média;Museus e Monumentos de Portugal;Museus e Monumentos de Portugal;;média
Joaquín Agrasot y Juan;1836;1919;Espanha;Reial Acadèmia de Belles Arts de Sant Carles de València;39.445;-0.389444;Orihuela;Valência;male;https://en.wikipedia.org/wiki/Joaqu%C3%ADn_Agrasot | https://www.museodelprado.es/coleccion/artista/agrasot-y-juan-joaquin/0f951cb3-68a8-4c8e-848f-6ace0a6a548f;média;As fontes mencionam estudo com Francisco Martínez Yago.;Wikidata;alta;Museu Histórico Nacional;alta;38.084044;-0.945009;100.0;39.4702393;-0.3768049;100.0;https://es.wikipedia.org/wiki/Joaqu%C3%ADn_Agrasot;"Local de morte auditado; coordenadas mantidas para a cidade.";média;Wikidata > Ulan;Wikidata > Ulan;;alta
Jody Deming;1952;;Estados Unidos;Smith College;42.3175;-72.6375;Houston;;female;https://depts.washington.edu/astrobio/wordpress/profile/jody-deming/ | https://en.wikipedia.org/wiki/Jody_Deming;média;;Wikidata;alta;FILE;;29.7608026;-95.3695062;100.0;;;;;"Perfil institucional recente consultado; sem evidência de óbito.";;Wikidata;;;alta
Jody Ghani;1980;;Reino Unido;The Animation Workshop;56.4561;9.40611;Reino Unido;;female;site oficial da artista> SciVi;alta;;site oficial do artista;alta;FILE;;53.408386605;-1.969559544;100.0;;;;;"Site autoral recente consultado; sem evidência de óbito.";;site oficial da artista;;fonte usa Jody Ghani Nordby;média
Johanan Simon;1905;1976;Israel;Städelschule > estudos com Max Beckmann > Akademie der Bildenden Künste München > École des Beaux-Arts de Paris;50.1109 > 50.1109 > 48.1351 > 48.8567;8.6821 > 8.6821 > 11.5820 > 2.3522;Berlim;Tel Aviv;male;https://www.kestenbaum.net/media/catalog/product/pdfs/Auction_71-2.pdf | https://www.tamuseum.org.il/en/exhibition/the-square-19322022/;média;"As fontes confirmam estudos em Frankfurt, Munique e Paris; Bezalel aparece associado à sua atuação posterior, não como formação confirmada.";Wikidata;alta;MAC USP;média;52.517669999;13.405537999;100.0;32.0735802;34.7880511;100.0;https://en.wikipedia.org/wiki/Yohanan_Simon;"Local de morte auditado; a fonte biográfica usa a grafia Yohanan Simon.";média;Wikidata > Ulan;Wikidata > Ulan;;alta
Johann Gutlich;1920;2000;Reino dos Países Baixos;Academia de Arte de Roterdã > estudos com Henk Chabot;51.9188 >;4.4885 >;Rotterdam;;male;https://enciclopedia.itaucultural.org.br/pessoas/3646-johann-gutlich | https://pt.wikipedia.org/wiki/Johann_Gutlich;média;;Wikidata;alta;MAC USP;alta;51.918323034;4.493749988;100.0;;;;;Não localizei fonte auditável suficiente sobre local de morte nesta rodada.;;Wikidata;Wikidata;;alta
Johann Moritz Rugendas;1802;1858;Reino da Baviera;desenho e gravura com o pai Johann Lorenz Rugendas II > estudos com Albrecht Adam > Akademie der Bildenden Künste München; >  > 48.153196; >  > 11.580312;Augsburg;Weilheim an der Teck;male;https://en.wikipedia.org/wiki/Johann_Moritz_Rugendas | https://www.infoescola.com/biografias/johann-moritz-rugendas/ | https://saibahistoria.blogspot.com/2020/05/joahnn-moritz-rugendas.html;média;;Wikidata;alta;Museu Histórico Nacional;alta;48.369695999;10.892578;100.0;48.615688999;9.537361999;100.0;https://de.wikipedia.org/wiki/Moritz_Rugendas;"Local de morte auditado; coordenadas mantidas para o município.";média;Ulan;Ulan;;alta
John Barber;1898;1965;Estados Unidos;Indiana University of Pennsylvania > University of Alabama at Birmingham;40.617 > 33.5;-79.16 > -86.8075;Galați, Romênia;Filadélfia;male;CV/website oficial de John F. Barber;alta;;Centre Pompidou / askART;alta;FILE;;45.43532;28.00799;;39.9527237;-75.1635262;100.0;https://americanart.si.edu/artist/john-barber-230;Local de morte preenchido a partir de verbete institucional do Smithsonian.;alta;Smithsonian American Art Museum;Smithsonian American Art Museum;;alta
John Butler;1959;;;Duncan of Jordanstone College of Art, Dundee;56.4566;-2.9828;Dublin, Irlanda;;male;site oficial> FILE;alta;;FILE Festival;alta;FILE;;53.3440956;-6.2674862;100.0;;;;;"Nome homônimo/ambíguo; identidade não desambiguada com segurança nesta rodada.";;FILE Festival;;;alta
John Constable;1776;1837;Reino da Grã-Bretanha;Royal Academy of Arts > Royal Academy Schools;51.507222 > 51.507222222222;-0.1275 > -0.1275;East Bergholt;Charlotte Street, Londres;male;https://en.wikipedia.org/wiki/John_Constable | https://www.wikiart.org/pt/john-constable/;média;;Wikidata;alta;MASP;alta;51.972413206;1.012312908;100.0;51.5178;-0.1361;100.0;https://www.flatfordandconstable.org.uk/chronology-john-constable/final-days/;"Coordenadas anteriores remetiam a Charlotte, North Carolina; ajustadas para Charlotte Street, London.";média;;;;
Jonas Brandão;;;Brasil;UFSCar;-21.98525;-47.87996;Brasil;;male;entrevista Split Filmes / 3DArtsBrasil;média;FILE explicita “País de Origem: Brasil”> preenchido em nível de país.;FILE Festival (País de Origem);alta;FILE;;-10.769946429;-53.073466889;100.0;;;;;Não localizei fonte auditável suficiente sobre local de morte nesta rodada.;;;;;
Jonas de Barros;1874;1939;Brasil;Academia de Belas Artes > estudos com Almeida Júnior;>;>;Itu;São Paulo;male;https://artsandculture.google.com/entity/jonas-de-barros/g11fj062gz5?hl=en;média;A fonte aberta disponível não detalha cronologia fina.;Wikidata;alta;Museu Paulista;média;-23.265697;-47.299124;100.0;-23.5486657;-46.6382522;100.0;https://artsandculture.google.com/entity/jonas-de-barros/g11fj062gz5?hl=en;"Local de morte preenchido a partir de verbetes convergentes; mês do óbito indicado, sem endereço mais específico.";média;Museu Republicano USP > https://artsandculture.google.com/entity/jonas-de-barros/g11fj062gz5?hl=en;Museu Republicano USP > https://artsandculture.google.com/entity/jonas-de-barros/g11fj062gz5?hl=en;;alta
Jonathan Berger;;;Estados Unidos;Stanford University;37.4275;-122.17;Nova York;;male;https://music.stanford.edu/people/jonathan-berger;alta;;Wikidata;alta;FILE;;40.7130466;-74.0072301;100.0;;;;;"Perfil institucional recente consultado; sem evidência de óbito.";;;;;
Jonathan Monaghan;1986;;Estados Unidos;New York Institute of Technology > University of Maryland;40.8080625 > 38.988055555555555;-73.6033125 > -76.9425;Rockaway Beach, Queens, Nova York, Estados Unidos;;male;bitforms gallery;baixa;;Wikipedia / IMDb;média;FILE;;40.576981;-73.851544;100.0;;;;;"Site autoral recente consultado; sem evidência de óbito.";;Wikidata;;;alta
Jone Vizcaino;;;Espanha;;;;Espanha;;female;;;FILE explicita “País de Origem: Espanha”> preenchido em nível de país.;FILE Festival (País de Origem);alta;FILE;;40.22794966;-3.646063105;100.0;;;;;"Perfil profissional recente consultado; sem evidência de óbito.";;;;;
Joost Jordens;;;Países Baixos;Utrecht University of the Arts (HKU);52.0957532;5.1115386;Países Baixos;;male;Wonderspaces — Mike von Rotz & Joost Jordens;média;FILE explicita “País de Origem: Países Baixos / Holanda”> preenchido em nível de país.;FILE Festival (País de Origem);alta;FILE;;52.249375293;5.616126398;100.0;;;;;Não localizei fonte auditável suficiente sobre local de morte nesta rodada.;;;;;
Jordão de Oliveira;1900;1980;Brasil;primeiros estudos de desenho com Quintino Marques;-10.9093538;-37.0743967;Aracaju;Rio de Janeiro;male;https://www.guiadasartes.com.br/jordao-de-oliveira/biografia | https://ihgse.org.br/wordpress/jordao-eduardo-de-oliveira-nunes/;média;As fontes abertas disponíveis sustentam os estudos iniciais com Quintino Marques> não localizei nesta rodada fonte aberta robusta para a etapa posterior no Rio.;Wikidata;alta;Museu Histórico Nacional;média;-10.9093538;-37.0743967;100.0;-22.9111111111;-43.2055555556;100.0;https://pge.se.gov.br/artista-do-mes-de-abril-jordao-de-oliveira/;Local de morte refinado de nível de país para cidade com base em fonte biográfica.;alta;;;;
Jorge David Ortiz Trejo;;;México;;;;México;;male;;;FILE explicita “País de Origem: México”> preenchido em nível de país.;FILE Festival (País de Origem);alta;FILE;;23.634501;-102.552784;;;;;;Não localizei fonte auditável suficiente sobre local de morte nesta rodada.;;;;;
Jorge F.;;;Brasil;Universidade Anhembi Morumbi;-23.6005;-46.6749;São Paulo, Brasil;;male;FILE;alta;;FilmFreeway;média;FILE;;-23.5486657;-46.6382522;100.0;;;;;"Nome abreviado; identidade não desambiguada com segurança.";;;;;
Jorge Manuel Theocupulus;1578;1631;Espanha;oficina/ateliê de El Greco;41.655298;-83.535717;Toledo;Toledo, Espanha;male;https://en.wikipedia.org/wiki/Jorge_Manuel_Theotoc%C3%B3puli | https://www.museodelprado.es/en/coleccion/autores?search=Theotoc%C3%B3puli%2C+Jorge+Manuel;média;O creator está grafado como 'Theocupulus'> as fontes biográficas abertas usam 'Theotocópuli'.;Wikidata;alta;MASP;média;39.8628;-4.0273;100.0;39.8581;-4.02263;100.0;https://en.wikipedia.org/wiki/Jorge_Manuel_Theotoc%C3%B3puli | https://www.museodelprado.es/aprende/enciclopedia/voz/theotocopuli-jorge-manuel/8e0c14be-6af0-4927-b11c-1c9541d59952;"Coordenadas anteriores remetiam a Toledo, Ohio; ajustadas para Toledo, Espanha, conforme as fontes sobre Jorge Manuel Theotocópuli.";média;Wikidata;Wikidata;;alta
Jorge Paez Vilaró;1922;1994;Uruguai;formação autodidata;;;Montevidéu;Punta del Este;male;https://en.wikipedia.org/wiki/Jorge_P%C3%A1ez_Vilar%C3%B3 | https://arteenloprofundo.blogspot.com/p/jorge-paez-vilaro.html;média;A fonte indica ausência de formação artística formal e aperfeiçoamento por viagens e contatos artísticos.;Wikidata;alta;MAC USP;média;-34.9055557;-56.1852505;100.0;-34.9475;-54.9338;100.0;https://en.wikipedia.org/wiki/Jorge_P%C3%A1ez_Vilar%C3%B3;Registro anterior em Montevideo foi corrigido para Punta del Este conforme biografia consultada.;média;Wikidata;Wikidata;;alta
Jose Gallardo A;;;Colômbia;Universidad Nacional de Colombia;4.6355555555556;-74.082777777778;Medellín, Colômbia;;male;Pueblo Nuevo Netlabel> Elektramusic;média;;CMMAS;média;FILE;;6.2482172;-75.5800345;100.0;;;;;"Nome abreviado; identidade não desambiguada com segurança.";;;;;
Jose Rueda;1926;2023;;Escuela Nacional de Bellas Artes Manuel Belgrano > Escuela Nacional de Bellas Artes Prilidiano Pueyrredón > Escuela Superior de Bellas Artes Ernesto de la Cárcova;-34.63486827098634 > -34.59472222 > -34.61744771945473;-58.37169270382104 > -58.39944444 > -58.3564444;Málaga, Espanha;;male;https://www.hcdn.gob.ar/secgralpres/dcultura/museo/obras/artistas/Rueda-Jose/ | https://artedelaargentina.com/disciplinas/artista/grabado/jose-luis-rueda;alta;A formação aparece em três escolas nacionais de belas-artes, sem datas precisas nas fontes consultadas.;Artabus;média;MAC USP;média;36.7196292;-4.4200007;;;;;;"Biografia recente consultada; sem evidência de óbito.";;Arte de la Argentina;Arte de la Argentina;fonte identifica o artista como José Luis Rueda;média
Josef Albers;1888;1976;Alemanha;Akademie der Bildenden Künste München > Königliche Kunstschule > Kunstgewerbeschule > Bauhaus;48.1531959202723 > 52.516666666667 > 51.4556 > 50.9745;11.5803123911292 > 13.383333333333 > 7.0116 > 11.3291;Bottrop;New Haven;male;https://bauhauskooperation.com/wissen/das-bauhaus/koepfe/biografien/biografie-detail/person-12;média;formação artística e de professor antes da entrada no Bauhaus;Wikidata;alta;MAC USP;alta;51.523693999;6.929939;100.0;41.3082517;-72.9241605;100.0;https://en.wikipedia.org/wiki/Josef_Albers;"Local de morte auditado; coordenadas mantidas para a cidade.";média;;;;
Joseph Tully;;;;;;;;;;;;Formação militar e prática de desenho topográfico mencionadas nas fontes, sem instituição específica identificada.;;;Pinacoteca de São Paulo;baixa;;;;;;;;Não localizei fonte auditável suficiente sobre local de morte nesta rodada.;;;;;
Josh Mitchell;;;Estados Unidos;Indiana University of Pennsylvania > Design Institute of San Diego > Edinboro University of Pennsylvania;40.617 > 32.880696 > 41.870;-79.16 > -117.167367 > -80.122;Pittsburgh, Pensilvânia, Estados Unidos;;male;StopWatch Gallery;baixa;;StopWatch Gallery & Studio;baixa;FILE;;40.4421676;-79.9949573;100.0;;;;;"Site autoral recente consultado; sem evidência de óbito.";;;;;
Joshua Reynolds;1723;1792;Reino da Grã-Bretanha;Hele's School > aprendiz com Thomas Hudson > estudos de aperfeiçoamento em Roma;50.7184 >  > 41.893055555556;-3.5339 >  > 12.482777777778;Plympton;Londres;male;https://www.britannica.com/biography/Joshua-Reynolds;alta;;https://www.britannica.com/biography/Joshua-Reynolds;alta;MASP;alta;-34.961875705;138.557026373;100.0;51.50740836;-0.127698693;100.0;https://www.britannica.com/biography/Joshua-Reynolds;"A fonte biográfica especifica Leicester Fields; mantido o nível de cidade para compatibilização do topônimo.";alta;https://www.britannica.com/biography/Joshua-Reynolds;https://www.britannica.com/biography/Joshua-Reynolds;;alta
José Agostinho da Motta;1824;1878;;;;;Rio de Janeiro, RJ, Brasil;Rio de Janeiro;male;;;;Enciclopédia Itaú Cultural;alta;;;-22.9014475;-43.1789159;;-22.9111111111;-43.2055555556;100.0;https://enciclopedia.itaucultural.org.br/pessoas/6420-agostinho-da-motta | https://pt.wikipedia.org/wiki/Agostinho_Jos%C3%A9_da_Mota;"Registro do criador aparece invertido em relação à forma consagrada Agostinho José da Motta; local de morte é o Rio de Janeiro.";média;Ulan;Ulan;;alta
José Antônio da Silva;1909;1996;Brasil;;;;Sales Oliveira;São Paulo;male;;;artista autodidata> sem escola formal localizada;Wikidata;alta;MAC USP;média;-20.7700793;-47.8407277;100.0;-23.5486657;-46.6382522;100.0;https://pt.wikipedia.org/wiki/Jos%C3%A9_Ant%C3%B4nio_da_Silva | https://www.portalartes.com.br/hist%C3%B3ria/biografias/pintores-modernos/jos%C3%A9-ant%C3%B4nio-da-silva.html;"Local de morte auditado; coordenadas mantidas para o município.";média;;;;
José Barreto de Menezes;;;;formação artística brasileira;;;;;male;https://www.catalogodasartes.com.br/;média;Sem base aberta robusta para nomear instituição com segurança.;;;Museu Histórico Nacional;baixa;;;;;;;;Não localizei fonte auditável suficiente sobre local de morte nesta rodada.;;;;;
José Canella Filho;1897;1942;Brasil;;;;São Manuel;São Paulo;male;;;A fonte informa que iniciou o estudo da pintura como autodidata e que nunca teve aulas.;Wikidata;alta;Museu Paulista;alta;-22.7478056;-48.5834111;100.0;-23.5503944444;-46.6339472222;100.0;Enciclopédia Itaú Cultural;;alta;Wikidata;Wikidata;;alta
José Carlos Martinat;1974;;Peru;Pontificia Universidad Católica del Perú;-12.06944444444444;-77.07944444444445;Lima, Peru;;male;fontes biográficas de referência;média;;Galeria Leme;média;MAC USP;média;-12.04318;-77.02824;;;;;;"atividade recente documentada; sem evidência de óbito";;Wikidata;;;alta
José Cláudio da Silva;1932;2023;Brasil;Atelier Coletivo da Sociedade de Arte Moderna do Recife > Escola de Artesanato do Museu de Arte Moderna de São Paulo > Academia de Belas Artes de Roma;-8.047562 > -23.56111111111111 > 41.8947;-34.877 > -46.65583333333333 > 12.4828;Ipojuca, PE, Brasil;Recife;male;https://enciclopedia.itaucultural.org.br/pessoas/523-jose-claudio;alta;"Participou do Atelier Coletivo da Sociedade de Arte Moderna do Recife; estudou gravura com Lívio Abramo na Escola de Artesanato do MAM/SP; realizou cursos de Modelo Vivo e História da Arte na Academia de Belas Artes de Roma.";https://enciclopedia.itaucultural.org.br/pessoas/523-jose-claudio;alta;MAC USP;média;-8.3981;-35.0637;;-8.0538888889;-34.8808333333;100.0;"Diario de Pernambuco; Prefeitura do Recife";"nota oficial sem local exato; jornal informa falecimento em Recife";média;Enciclopédia Itaú Cultural;Enciclopédia Itaú Cultural;;alta
José Constantino Benedito de Faria Barros;;;;;;;;;;;;Artista documentado como autor de Tocador de Guitarra, obra produzida em Portugal em 1791. Dados biográficos e formação ainda não foram localizados em fontes seguras.;;;Museu Regional São João Del Rey;;;;;;;;;sem evidência biográfica suficiente para localizar óbito com segurança;;;;;
José Correia de Lima;1814;1857;Brasil;Academia Imperial de Belas Artes > estudos com Debret e Grandjean de Montigny;-22.9071 > ;-43.1829 > ;Rio de Janeiro;Rio de Janeiro;male;https://pt.wikipedia.org/wiki/Jos%C3%A9_Correia_de_Lima | https://enciclopedia.itaucultural.org.br/pessoas/6718-correia-de-lima;média;;Wikidata;alta;Museu Nacional de Belas Artes;alta;-22.9014475;-43.1789159;100.0;-22.9014475;-43.1789159;100.0;"Escritório de Arte; Catálogo das Artes";fontes secundárias convergentes sobre o local de morte;média;Wikidata;Wikidata;;alta
José de Paula Barros;1883;1926;;aperfeiçoamento artístico em Paris (instituição não identificada na fonte);48.85666666666667;2.352222222222222;Ceará, Brasil;São Luís, Maranhão, Brasil;male;https://agendamaranhao.com.br/2024/10/13/pintor-jose-de-paula-barros-paris-1907/;média;A fonte aberta confirma estudos em Paris, mas não identifica a instituição. A página do Guia das Artes apresenta inconsistência entre o título 'José de Barros de Andrade Dias' e o corpo biográfico, que identifica José de Paula Barros. A formação em Paris foi mantida com sua fonte anterior.;https://www.guiadasartes.com.br/jose-de-barros-de-andrade-dias/biografia;baixa;Museu Histórico Nacional;média;;;;-2.5307;-44.3068;100.0;https://www.guiadasartes.com.br/jose-de-barros-de-andrade-dias/biografia;sem evidência biográfica suficiente para localizar óbito com segurança;baixa;https://www.guiadasartes.com.br/jose-de-barros-de-andrade-dias/biografia;https://www.guiadasartes.com.br/jose-de-barros-de-andrade-dias/biografia;;baixa
José Ferraz de Almeida Júnior;1850;1899;Brasil;Academia Imperial de Belas Artes > École nationale supérieure des beaux-arts;-22.9071 > 48.853997;-43.1829 > 2.333500;Itu;Piracicaba;male;https://pt.wikipedia.org/wiki/Almeida_J%C3%BAnior;média;;Wikidata;alta;Pinacoteca de São Paulo;alta;-23.265697;-47.299124;100.0;-22.724976;-47.6476;100.0;Enciclopédia Itaú Cultural;;alta;Wikidata;Wikidata;;alta
José Gamarra;1934;;Uruguai;School of Fine Arts of Montevideo > Museu de Arte Moderna do Rio de Janeiro (MAM-RJ) > Institute of Fine Arts in Praia Vermelha;-34.905917 > -22.91111111111111 > -22.8625;-56.191311 > -43.20555555555556 > -43.223889;Tacuarembó;;male;https://www.josegamarra.org/en/biography/;média;em 1959 realiza estudos de gravura no Rio com bolsa Itamarati;Wikidata;alta;MAC USP;alta;-31.7305323;-55.9741865;100.0;;;;;"atividade recente documentada; sem evidência de óbito";;;;;
José Hertzer;;;;formação artística brasileira;;;;;male;https://www.catalogodasartes.com.br/;média;Não localizei nesta rodada fonte aberta robusta com nome oficial de escola.;;;Museu Paulista;baixa;;;;;;;;sem evidência biográfica suficiente para localizar óbito com segurança;;;;;
José Jardim de Araújo;;;;formação artística brasileira;;;;;male;https://www.catalogodasartes.com.br/;média;Dados abertos insuficientes para nomear escola.;;;Museu Histórico Nacional;baixa;;;;;;;;sem evidência biográfica suficiente para localizar óbito com segurança;;;;;
José Joaquim Monteiro França;1876;1944;Brasil;Liceu de Artes e Ofícios do Rio de Janeiro > Escola Nacional de Belas Artes;-22.908333 > -22.8625055;-43.184722 > -43.2256622;Pindamonhangaba;São Paulo;male;https://enciclopedia.itaucultural.org.br/pessoas/5349-monteiro-franca;alta;Foi aluno de Henrique Bernardelli na Escola Nacional de Belas Artes.;Wikidata;alta;Museu Paulista;baixa;-22.923487;-45.459842;100.0;-23.5503944444;-46.6339472222;100.0;Enciclopédia Itaú Cultural;;alta;Wikidata;Wikidata;;alta
José Júlio de Sousa Pinto;1856;1939;Portugal;Academia Portuense de Belas Artes > École des Beaux-Arts de Paris;41.15 > 48.853997;-8.610833 > 2.333500;Angra do Heroísmo;Pont-Scorff;male;https://museusoaresdosreis.gov.pt/pintura-de-sousa-pinto-na-bienal-dos-antiquarios-de-paris/;alta;O Museu Nacional Soares dos Reis confirma os estudos na Academia Portuense de Belas Artes e a continuação da formação em Paris.;Wikidata;alta;Museu Nacional de Belas Artes;média;38.708207269709;-27.248750050772;100.0;47.835447703;-3.399192664;100.0;"Wikipedia; e-cultura";local de morte confirmado por fontes secundárias convergentes;média;Wikidata > Ulan;Wikidata > Ulan;;alta
José Leandro de Carvalho;1770;1834;Reino de Portugal;estudos com Leandro Joaquim e Raimundo da Costa e Silva;-22.91111111111111;-43.20555555555556;São João de Itaboraí, RJ, Brasil;Campos dos Goytacazes;male;https://enciclopedia.itaucultural.org.br/pessoas/7180-jose-leandro-de-carvalho | https://www.escritoriodearte.com/artista/jose-leandro-de-carvalho;alta;A formação recuperada é por mestres, não por academia formal.;Enciclopédia Itaú Cultural;alta;Museu Histórico Nacional;alta;-22.7444;-42.8594;;-21.75227;-41.33044;100.0;Enciclopédia Itaú Cultural;corrigido de Rio de Janeiro para Campos dos Goytacazes após auditoria da fonte biográfica;alta;Wikidata;Wikidata;;alta
José Luis Cuevas;1934;2017;México;Escuela Nacional de Pintura, Escultura y Grabado La Esmeralda > Institución de Enseñanza Universitaria;19.35655 >;-99.14015 >;Cidade do México;Cidade do México;male;https://en.wikipedia.org/wiki/Jos%C3%A9_Luis_Cuevas> https://www.annexgalleries.com/artists/biography/482;média;Estudos interrompidos por doença> data exata da segunda instituição não foi localizada nesta passada.;Wikidata;alta;MAC USP;média;19.430457906;-99.141684761;100.0;19.430457906;-99.141684761;100.0;Gobierno de México;;alta;Ulan;Ulan;;alta
José Malhoa;1855;1933;Portugal;Academia Real de Belas-Artes de Lisboa;38.708042;-9.139016;Caldas da Rainha;Figueiró dos Vinhos;male;https://museu.parlamento.pt/DetalhesAutor?authorId=93 | https://www.mcafigueirodosvinhos.pt/index.php/2013-04-08-14-35-07/os-nossos-artistas/8-noticias/45-biografia-de-jose-malhoa;alta;Fontes institucionais confirmam sua formação e diplomação na Academia Real de Belas-Artes de Lisboa.;Wikidata;alta;MASP;média;39.40752523853;-9.088115679114;100.0;39.925211102631;-8.282068285049;100.0;VisitPortugal;;alta;Ulan;Ulan;;alta
José Maria da Silva Paranhos;1819;1880;;Academia Real dos Guardas Marinhas > Real Academia de Artilharia, Fortificação e Desenho > Escola Militar;38.680278 > -22.903542 > -22.9560798;-9.158333 > -43.168381 > -43.1662774;Salvador, BA, Brasil;Rio de Janeiro;male;https://pt.wikipedia.org/wiki/Jos%C3%A9_Maria_da_Silva_Paranhos;média;;FUNAG;alta;Museu Paulista;alta;-12.9641527;-38.5058208;;-22.9111111111;-43.2055555556;100.0;FUNAG;;alta;;;;
José Maria de Medeiros;1849;1925;Brasil;Liceu de Artes e Ofícios > Academia Imperial de Belas Artes;-22.91111111111111 > -22.9071;-43.20555555555556 > -43.1829;Açores, Portugal;Rio de Janeiro;male;https://pt.wikipedia.org/wiki/Jos%C3%A9_Maria_de_Medeiros;média;A Enciclopédia Itaú Cultural também registra Antônio de Souza Lobo como mestre.;Enciclopédia Itaú Cultural;alta;Museu Nacional de Belas Artes;alta;37.7412488;-25.6755944;;-22.9014475;-43.1789159;100.0;Enciclopédia Itaú Cultural;;alta;Wikidata;Wikidata;;alta
José Maria dos Reis Júnior;1903;1985;Brasil;Escola Nacional de Belas Artes;-22.8625055;-43.2256622;Uberaba, MG, Brasil;Rio de Janeiro;male;https://enciclopedia.itaucultural.org.br/pessoas/7497-reis-junior;alta;O verbete também informa estudos de desenho com Modesto Brocos e pintura com Rodolfo Amoedo.;Enciclopédia Itaú Cultural;alta;Museu Histórico Nacional;alta;-19.7472;-47.9392;;-22.9111111111;-43.2055555556;100.0;Enciclopédia Itaú Cultural;;alta;Wikidata;Wikidata;;alta
José Mauro de Vasconcelos;1920;1984;Brasil;Faculdade de Medicina da capital potiguar;-5.795;-35.208889;Rio de Janeiro;São Paulo;male;https://pt.wikipedia.org/wiki/Jos%C3%A9_Mauro_de_Vasconcelos | https://aordemnaturaldascoisas.blogs.sapo.pt/biografia-jose-mauro-vasconcelos-5513334;média;A fonte não nomeia a faculdade de medicina nem a instituição espanhola> deixado como descrição verificável.;Wikidata;alta;MAC USP;baixa;-22.9014475;-43.1789159;100.0;-23.5503944444;-46.6339472222;100.0;"Prefeitura de São Paulo; Wikipedia";fonte institucional confirma falecimento em São Paulo, sem detalhamento intramunicipal;média;Enciclopédia Itaú Cultural;Enciclopédia Itaú Cultural;;alta
José Pancetti;1902;1958;Brasil;Núcleo Bernardelli;-22.8625055;-43.2256622;Campinas;Rio de Janeiro;male;Itaú Cultural> MAM Rio;alta;Aprendizado inicial autodidata> em 1933 ingressa no Núcleo Bernardelli e recebe orientação de Bruno Lechowski.;Wikidata;alta;MAC USP;alta;-22.9073702;-47.0628996;100.0;-22.9111111111;-43.2055555556;100.0;Enciclopédia Itaú Cultural;;alta;Wikidata > Ulan;Wikidata > Ulan;;alta
José Pedro Costigliolo;1902;1985;Uruguai;;;;Montevidéu;Montevidéu;male;;;;https://www.wikidata.org/wiki/Q20431755;alta;MAC USP;alta;-34.9055557;-56.1852505;100.0;-34.9058333333;-56.1913888889;100.0;Museo Nacional de Artes Visuales;;alta;Wikidata;Wikidata;;alta
José Pinelo Llull;1861;1922;Espanha;Escuela de Bellas Artes de Sevilla > estudos com Eduardo Cano > estudos com Villegas em Roma;37.3877 > 41.893055555556 >;-5.99106 > 12.482777777778 >;Província de Cádiz;Sevilha;male;https://es.wikipedia.org/wiki/Jos%C3%A9_Pinelo_Llull | https://es.hispanopedia.com/wiki/Jos%C3%A9_Pinelo_Llull;média;;Wikidata;alta;Museu Histórico Nacional;alta;36.5333;-6.2833;84.82;37.38264;-5.9962951;100.0;"Wikipedia; Wikidata";;média;Wikidata > Ulan;Wikidata > Ulan;;alta
José Roberto Aguilar;1941;;Brasil;;;;São Paulo;;male;;;artista autodidata> sem escola formal localizada;Wikidata;alta;MAC USP;alta;-23.5486657;-46.6382522;100.0;;;;;"atividade recente documentada; sem evidência de óbito";;Wikidata;;;alta
José Rodrigues;1828;1887;Reino de Portugal;Escola Superior de Belas-Artes do Porto;41.15;-8.610833;Lisboa;;male;https://sigarra.up.pt/up/pt/p/antigos%20estudantes%20ilustres%20-%20jos%C3%A9%20rodrigues | https://m.porto.ucp.pt/sites/default/files/files/Leilao/CV_JoseRodrigues.pdf;alta;A Universidade do Porto e a Universidade Católica Portuguesa confirmam sua formação em escultura na Escola Superior de Belas-Artes do Porto.;Wikidata;alta;Museu Paulista;média;38.7070085;-9.1356407;100.0;;;;;"homônimo não desambiguado; dado prévio de óbito removido por conflito com a identificação biográfica do registro";;Museu Montepio;Museu Montepio;;alta
José Simeão de Oliveira;1838;1893;Brasil;Escola Militar da Praia Vermelha;-22.9560798;-43.1662774;Rio Grande;Nova Iorque;male;https://pt.wikipedia.org/wiki/Jos%C3%A9_Sime%C3%A3o_de_Oliveira;média;A fonte documenta formação militar e em ciências físicas e matemáticas.;Wikidata;alta;Museu Paulista;alta;-32.0350;-52.0986;100.0;40.71427;-74.00597;100.0;"MAPA; Wikipedia";;média;Wikidata;Wikidata;;alta
José Spaniol;1960;;Brasil;European Ceramic Workcentre (EKWC) > Fundação Armando Álvares Penteado (FAAP) > Academia de Artes de Düsseldorf > Universidade de São Paulo (USP);51.5833 > -23.5450155 > 51.2283 > -23.561399;5.2 > -46.6630802 > 6.7733 > -46.730789;São Luiz Gonzaga;;male;https://enciclopedia.itaucultural.org.br/pessoas/2833-jose-spaniol > https://www.escavador.com/sobre/582352/jose-paiani-spaniol;alta;;Wikidata;alta;MAC USP;alta;-28.4078903;-54.9614629;100.0;;;;;"atividade recente documentada; sem evidência de óbito";;Wikidata > Ulan;;;alta
José Wasth Rodrigues;1891;1957;Brasil;estudos com Oscar Pereira da Silva > Académie Julian > École des Beaux-Arts de Paris;-23.5505 > 48.8567 > 48.8567;-46.6333 > 2.3522 > 2.3522;São Paulo;Rio de Janeiro;male;https://pt.wikipedia.org/wiki/Jos%C3%A9_Wasth_Rodrigues;média;"A fonte localizada confirma estudos com Oscar Pereira da Silva e, em Paris, na Académie Julian e na École des Beaux-Arts; a Escola Superior de Belas-Artes do Porto não foi confirmada.";Wikidata;alta;Museu Paulista;média;-23.5486657;-46.6382522;100.0;-22.9111111111;-43.2055555556;100.0;Enciclopédia Itaú Cultural;;alta;;;;
João Abel Manta;1928;2026;Portugal;Escola Superior de Belas-Artes de Lisboa;38.7223;-9.1393;Lisboa;Lisboa;male;https://www.cnc.pt/joao-abel-manta-1928-2026/ | https://repositorio.ulisboa.pt/entities/publication/0ea3f4bc-a517-4af4-b5c4-8cc099e12a8d;alta;"Fontes institucionais confirmam a formação em Arquitetura na Escola Superior de Belas-Artes de Lisboa; a referência genérica à University of Lisbon foi removida.";Wikidata;alta;MAC USP;média;38.7070085;-9.1356407;100.0;38.7070085;-9.1356407;100.0;"Lusa; Jornal de Notícias";"falecimento noticiado em maio de 2026; cidade confirmada por fontes de imprensa portuguesas";média;Wikidata > Ulan;Wikidata > Ulan;;alta
João Ayres;1921;2001;;Escola de Belas Artes de Lisboa > Escola Superior de Belas-Artes do Porto;38.708042 > 41.15;-9.139016 > -8.610833;Lisboa, Portugal;Sintra;male;https://www.cps.pt/pt/artistas/joao-ayres;alta;A fonte fala em estudos de arquitetura nas duas escolas.;Artistas CPS;média;MAC USP;alta;38.7070085;-9.1356407;;38.7984769444;-9.3880861111;100.0;"Artistas CPS; Assembleia Municipal de Lisboa";"fontes indicam permanência em Sintra até a morte em 2001; topônimo normalizado para a sede municipal";média;Ulan;Ulan;;alta
João Batista Bordon;1882;1917;Brasil;Escola Nacional de Belas Artes;-22.8625055;-43.2256622;Rio de Janeiro, RJ, Brasil;Madri;male;https://enciclopedia.itaucultural.org.br/pessoas/6646-joao-batista-bordon;alta;A fonte indica condição de aluno livre e mestres Baptista da Costa e Zeferino da Costa.;Enciclopédia Itaú Cultural;alta;Museu Histórico Nacional;alta;-22.9014475;-43.1789159;;40.4166909;-3.7003454;100.0;Enciclopédia Itaú Cultural;;alta;Wikidata;Wikidata;;alta
João Batista da Costa;1865;1926;Brasil;Asilo dos Meninos Desvalidos > Academia Imperial de Belas Artes > Académie Julian;-22.91111111111111 > -22.9071 > 48.871111;-43.20555555555556 > -43.1829 > 2.341667;Itaguaí;Rio de Janeiro;male;https://pt.wikipedia.org/wiki/Jo%C3%A3o_Batista_da_Costa | https://www.guiadasartes.com.br/baptista-da-costa/obras-e-biografia;média;;Wikidata;alta;Pinacoteca de São Paulo;alta;-22.866538;-43.777224;100.0;-22.9014475;-43.1789159;100.0;Enciclopédia Itaú Cultural;;alta;Ulan;Ulan;;alta
João Calixto;1922;1994;Brasil;Escola de Belas Artes de São Paulo > curso de história da estética no Museu de Arte de São Paulo > curso de serigrafia no Sesi;-23.56111111111111 >  >;-46.65583333333333 >  >;São Paulo;São Paulo;male;https://enciclopedia.itaucultural.org.br/pessoas/2001-joao-calixto;alta;;https://enciclopedia.itaucultural.org.br/pessoas/2001-joao-calixto;alta;;alta;-23.5486657;-46.6382522;100.0;-23.5503944444;-46.6339472222;100.0;"MAC USP; Enciclopédia Itaú Cultural";;alta;;;;
João Câmara Filho;1944;;Brasil;Universidade Federal de Pernambuco (UFPE) > curso livre da Escola de Belas Artes da Universidade Federal de Pernambuco;-8.051733 > -8.0517328;-34.950716 > -34.9507155;João Pessoa;;male;https://acervo.macrs.rs.gov.br/artistas-macrs/joao-camara/;alta;;Wikidata;alta;MAC USP;alta;-7.1152478;-34.8610531;100.0;;;;;"atividade recente documentada; sem evidência de óbito";;Wikidata;;;alta
João Francisco Lopes Rodrigues;1825;1893;Brasil;Aula Pública de Desenho da Bahia > estudos com José Rodrigues Nunes > assistência a Teófilo de Jesus;-12.98305555555556 >  >;-38.49277777777777 >  >;Salvador;Salvador;male;https://pt.wikipedia.org/wiki/Jo%C3%A3o_Francisco_Lopes_Rodrigues | https://enciclopedia.itaucultural.org.br/pessoas/7099-joao-francisco-lopes-rodrigues;média;A formação aparece pela Aula Pública e por mestres, sem cronologia fechada na fonte aberta.;Wikidata;alta;Museu Histórico Nacional;alta;-12.9641527;-38.5058208;100.0;-12.9641527;-38.5058208;100.0;Galeria Brasiliana;;média;Wikidata;Wikidata;;alta
João Garboggni Quaglia;1928;2014;;estudos de litogravura com Mário Cravo > Escola Nacional de Belas Artes > Associação Brasileira de Desenho > aperfeiçoamento em litogravura com Darel Valença Lins;-12.9714 > -22.9068 > -22.9068 > -22.9068;-38.5014 > -43.1729 > -43.1729 > -43.1729;Salvador, BA, Brasil;São João del-Rei;male;https://enciclopedia.itaucultural.org.br/pessoas/2822-quaglia | https://www.guiadasartes.com.br/joao-quaglia/quem-foi;alta;"A formação foi corrigida para o percurso documentado em Salvador e no Rio de Janeiro; o Liceu de Artes e Ofícios de São Paulo não foi confirmado.";Enciclopédia Itaú Cultural;alta;MAC USP;média;-12.9641527;-38.5058208;;-21.1358333333;-44.2619444444;100.0;https://enciclopedia.itaucultural.org.br/pessoas/2822-quaglia;local de morte sustentado por fonte secundária especializada em mercado de arte;alta;https://enciclopedia.itaucultural.org.br/pessoas/2822-quaglia;https://enciclopedia.itaucultural.org.br/pessoas/2822-quaglia;;alta
João Lopes Maciel (atribuição);;;;;;;;;;;;autoria atribuída/incerta> formação não localizada com segurança;;;Museu da Inconfidência;;;;;;;;;"registro de atribuição; local de morte não preenchido sem autoria seguramente estabelecida";;;;;
João Marcos Maciel;1993;;Brasil;Universidade de Cuiabá (UNIC);-15.624294;-56.087167;Belo Horizonte, Minas Gerais, Brasil;;male;ArtStation (resume);média;;FILE Festival;alta;FILE;;-19.9181771;-43.9370534;100.0;;;;;sem evidência biográfica suficiente para localizar óbito com segurança;;FILE Festival;;fonte usa a forma João Marcos Carneiro Maciel;média
João Nepomuceno Correia e Castro (atribuição);;;;;;;;;;;;autoria atribuída/incerta> formação não localizada com segurança;;;Museu da Inconfidência;;;;;;;;;"registro de atribuição; local de morte não preenchido sem autoria seguramente estabelecida";;;;;
João Timóteo da Costa;1879;1932;Brasil;Escola Nacional de Belas Artes;-22.8625055;-43.2256622;Rio de Janeiro;Rio de Janeiro;male;https://pt.wikipedia.org/wiki/Jo%C3%A3o_Tim%C3%B3teo_da_Costa | https://enciclopedia.itaucultural.org.br/pessoas/7117-joao-timotheo-da-costa;média;A fonte cita estudos com Daniel Bérard, Zeferino da Costa e Rodolfo Amoedo.;Wikidata;alta;Museu Histórico Nacional;alta;-22.9014475;-43.1789159;100.0;-22.9111111111;-43.2055555556;100.0;Enciclopédia Itaú Cultural;;alta;Wikidata;Wikidata;;alta
João Zeferino da Costa;1840;1915;Brasil;Academia Imperial de Belas Artes > Accademia di San Luca;-22.9071 > 41.90166;-43.1829 > 12.483586;Rio de Janeiro;Rio de Janeiro;male;https://pt.wikipedia.org/wiki/Zeferino_da_Costa;média;;Wikidata;alta;Museu Nacional de Belas Artes;alta;-22.9014475;-43.1789159;100.0;-22.9014475;-43.1789159;100.0;Enciclopédia Itaú Cultural;;alta;Wikidata > Ulan;Wikidata > Ulan;;alta
Joãozinho;;;;;;;;;;;;identificação incompleta> não foi possível desambiguar com segurança;;;MAC USP;;;;;;;;;"identificação incompleta; não foi possível desambiguar o artista com segurança";;;;;
Joéser Alvarez;1962;;Brasil;Universidade Federal de Rondônia (UNIR) > UNINTES – Faculdade Interamericana de Porto Velho > SENAC, Polo Cuiabá;-8.8356 > -8.7619444444444 > -15.595833333333;-63.9389 > -63.903888888889 > -56.096944444444;Rio de Janeiro, Rio de Janeiro, Brasil;;male;PAVIC;média;;FILE Festival;alta;FILE;;-22.9014475;-43.1789159;100.0;;;;;"atividade recente documentada; sem evidência de óbito";;FILE Festival;;;alta
jtwine;;;Alemanha;Siemens Business School > Kunstschule Rödel in Mannheim > Universität der Künste Berlin (UdK Berlin);49.487778 > 49.48777777777778 > 52.50916666666667;8.466111 > 8.466111111111111 > 13.32694444444444;Alemanha;;male;galeria do artista | FILE Festival;alta;Biografia do FILE explicita que o artista nasceu na Alemanha.;FILE Festival (biografia do artista);alta;FILE;alta;51.110631049;10.392277932;100.0;;;;;"atividade recente documentada; sem evidência de óbito";;;;;
Juan Carlos Vasquez;;;Colômbia;Sibelius Academy > Aalto University > University of Virginia;60.17166666666667 > 60.186111 > 38.035555555555554;24.9325 > 24.828611 > -78.50333333333333;Santiago de Cali, Colômbia;;male;site oficial do artista;alta;;Wikipedia;média;FILE;;3.4529814;-76.5187809;100.0;;;;;"atividade recente documentada; sem evidência de óbito";;;;;
Juan José Balzi;1933;2017;Argentina;Accademia di Belle Arti di Brera > Academia Nacional de Bellas Artes de Buenos Aires;45.47222222 > -34.59472222;9.18888889 > -58.39944444;Buenos Aires;São Paulo;male;https://enciclopedia.itaucultural.org.br/pessoas/9391-balzi | https://pt.wikipedia.org/wiki/Juan_Jos%C3%A9_Balzi;média;As fontes indicam formação em desenho, pintura e publicidade artística.;Wikidata;alta;MAC USP;alta;-34.6090264;-58.3732215;100.0;-23.5503944444;-46.6339472222;100.0;"MAC USP; Wikipedia";;alta;Wikidata;Wikidata;;alta
Juan Langlois;;;Chile;Pontificia Universidad Católica de Chile > Pontificia Universidad Católica de Valparaíso > Universidad ARCIS;-33.4489 > -33.0472 > -33.4489;-70.6693 > -71.6127 > -70.6693;Santiago;Santiago;male;https://www.mnba.gob.cl/noticias/fallece-el-artista-juan-pablo-langlois-1936-2019 | https://www.pucv.cl/pucv/noticias/vida-universitaria/instituto-de-arte-ofrece-exposicion-con-obras-del-destacado-artista-juan;alta;"O Museu Nacional de Belas Artes do Chile confirma estudos de arquitetura nas universidades católicas de Chile e Valparaíso; a formação posterior em arte na ARCIS foi incluída. A Universidad de Chile foi removida.";Wikidata;alta;MAC USP;baixa;-33.4459946;-70.6670569;100.0;-33.4459946;-70.6670569;100.0;Museo Nacional de Bellas Artes (Chile);"registro corresponde a Juan Pablo Langlois Vicuña; nome abreviado no CSV";média;;;;
Juan León Pallière;1823;1887;Brasil;Escola de Picot, em Paris > Academia Imperial de Belas Artes > Academia Francesa, em Roma;48.856667 > -22.9071 > 41.90827;2.352222 > -43.1829 > 12.48252;Rio de Janeiro;Lorris;male;https://pt.wikipedia.org/wiki/Jean_Leon_Palli%C3%A8re | https://pt.wiki34.com/wiki/Juan_Le%C3%B3n_Palli%C3%A8re;média;;Wikidata;alta;Museu Nacional de Belas Artes;média;-22.9014475;-43.1789159;100.0;47.883331;2.51667;100.0;Wikipedia;;média;Wikidata > Ulan;Wikidata > Ulan;;alta
Juan Pablo Machado;1989;;Colômbia;Émile Cohl School;45.7569;4.8658;Cali, Colômbia;;male;https://archive.file.org.br/participantes/juan-pablo-machado/ | https://www.cohl.fr/lofi-girl-comment-lanimation-de-juan-pablo-machado-est-devenue-virale/;alta;;FILE Festival;alta;FILE;;3.4529814;-76.5187809;100.0;;;;;"atividade recente documentada; sem evidência de óbito";;FILE Festival;;;alta
Juan Ventayol;1915;1971;Uruguai;Círculo Fomento de Bellas Artes > estudos com Guillermo Laborde;>;>;Montevidéu;Montevidéu;male;https://www.museos.gub.uy/arteactivo/artistas/item/ventayol-juan.html | https://www.catalogodasartes.com.br/artista/Juan%20Ventayol/;média;;Wikidata;alta;MAC USP;alta;-34.9055557;-56.1852505;100.0;-34.9058333333;-56.1913888889;100.0;"Museo Nacional de Artes Visuales; Wikipedia";;média;Wikidata;Wikidata;;alta
Juarez Silveira;;;;Faculdade de Arquitetura e Urbanismo e de Design da USP (FAU-USP);-23.56012;-46.72985;;;male;https://enciclopedia.itaucultural.org.br/pessoa24332/juarez-silveira;alta;A formação acadêmica aberta consultada é em arquitetura.;;;Museu Paulista;média;;;;;;;;"homônimo não desambiguado com segurança; sem preenchimento de óbito";;;;;
Judith Lauand;1922;2022;Brasil;Escola de Belas-Artes de Araraquara > estudos de gravura com Lívio Abramo;-21.793895 >;-48.179486 >;Pontal;São Paulo;female;https://www.escritoriodearte.com/artista/judith-lauand;baixa;na escola de Araraquara aprende pintura com Mario Ybarra de Almeida e Domenico Lazzarini;Wikidata;alta;MAC USP;alta;-21.0227393;-48.0379355;100.0;-23.5503944444;-46.6339472222;100.0;"Fundação Vera Chaves Barcellos; Bienal de São Paulo";;alta;Wikidata > Ulan;Wikidata > Ulan;;alta
Jules Ballá;1846;1916;França;École des Beaux-Arts de Paris > ateliê e prática artística francesa;48.853997 >;2.333500 >;Rio de Janeiro;;male;https://www.brasilianaiconografica.art.br/;média;Mantido em formulação prudente por falta de detalhe aberto.;Wikidata;alta;Museu Paulista;baixa;-22.9014475;-43.1789159;100.0;;;;;"local de óbito removido na auditoria; não localizei fonte aberta suficientemente robusta para manter o preenchimento";;Wikidata;Wikidata;;alta
Jules Le Chevrel;1810;1872;França;École des Beaux-Arts de Paris;48.853997;2.333500;França;Rio de Janeiro;male;https://pt.wikipedia.org/wiki/Jules_Le_Chevrel;média;A fonte aberta consultada identifica a escola, mas não detalha cronologia fina.;Wikidata;alta;Museu Histórico Nacional;alta;46.559417044;2.550539953;100.0;-22.9111111111;-43.2055555556;100.0;Enciclopédia Itaú Cultural;;alta;Wikidata > Ulan;Wikidata > Ulan;;alta
Jules Marie Vincent de Sinety;1812;1898;França;escola da Marinha de Angoulême;45.64888888888889;0.16083333333333333;Aix-en-Provence;Avinhão;male;https://www.brasilianaiconografica.art.br/artigos/23686/0;alta;A fonte ressalta que se trata de oficial da Marinha e artista amador> registrei apenas a formação documentada.;Wikidata;alta;Pinacoteca de São Paulo;alta;43.529850239;5.447376271;100.0;43.949315226;4.805311547;100.0;Ecole Navale / Espace tradition;;alta;Wikidata;Wikidata;;alta
Jules Victor Génisson;1805;1860;Bélgica;Royal Academy of Fine Arts Antwerp;51.2234;4.4069;Saint-Omer;Bruges;male;https://en.wikipedia.org/wiki/Jules_Victor_G%C3%A9nisson | https://www.niceartgallery.com/artist/jules-victor-genisson.html;média;As fontes citam estudo com Mattheus Ignatius van Bree.;Wikidata;alta;Pinacoteca de São Paulo;alta;50.7519062;2.25360383;100.0;51.2089;3.2242;100.0;Wikipedia (fr);coordenadas ajustadas para o centro urbano de Bruges após auditoria;média;Wikidata > Ulan;Wikidata > Ulan;;alta
Jules-Victor-André Martin;1832;1906;França;École des Beaux-Arts de Marseille > ateliê de pintura em Paris;43.2287 >;5.43485 >;Montiers;São Paulo;male;https://pt.wikipedia.org/wiki/Jules_Martin | https://jundpedia.com.br/martin-jules-victor-andre/ | https://www.brasilianaiconografica.art.br/autores/20121/jules-martin;média;As fontes indicam formação em desenho na escola de Marselha e trabalho/aperfeiçoamento em ateliê parisiense.;Wikidata;alta;Museu Paulista;alta;49.50056;2.57806;100.0;-23.5503944444;-46.6339472222;100.0;Wikipedia;;média;;;;
Julien Hazebroucq;;;França;Supinfocom Arles (atual MoPA);43.67670;4.6278;França;;male;Digital Production;média;FILE explicita “País de Origem: França”> preenchido em nível de país.;FILE Festival (País de Origem);alta;FILE;;46.559417044;2.550539953;100.0;;;;;"atividade recente documentada; sem evidência de óbito";;;;;
Julien Regnard;;;Bélgica;École nationale supérieure des arts visuels de La Cambre;50.818888888889;4.3741666666667;Versalhes, França;;male;FILE;alta;;Message to Man;média;FILE;;48.8047472;2.1205122;100.0;;;;;"atividade recente documentada; sem evidência de óbito";;;;;
Juliette Viger;1992;;França;The Animation Workshop;56.4561;9.40611;França;;female;FILE> site oficial;alta;Biografia do FILE explicita que a artista nasceu na França> preenchido em nível de país.;FILE Festival (biografia do artista);alta;FILE;;46.559417044;2.550539953;100.0;;;;;"atividade recente documentada; sem evidência de óbito";;FILE Festival;;;alta
Julius Bissier;1893;1965;Alemanha;University of Freiburg > Academy of Fine Art Karlsruhe;47.994167 > 49.0144;7.846944 > 8.38726;Freiburg im Breisgau;Ascona;male;https://www.bissier.org/en/biography;alta;As fontes confirmam estudos de história da arte em Freiburg e breve passagem pela academia de Karlsruhe.;Wikidata;alta;MAC USP;média;47.994785999;7.849876999;100.0;46.15451;8.77327;100.0;Archivio Bissier;;alta;Ulan;Ulan;;alta
Julius Horsthuis;1980;;Países Baixos;Open Studio, Amsterdam;52.36666666666667;4.883333333333333;Amsterdam, Países Baixos;;male;Playgrounds> Open Studio;média;;site oficial do artista;alta;FILE;;52.361524688;4.890870311;;;;;;"atividade recente documentada; sem evidência de óbito";;site oficial (CV);;;alta
Julius L. Stewart;1855;1919;Estados Unidos;;;;Filadélfia, Pensilvânia, Estados Unidos;Paris;male;;;;Smithsonian American Art Museum;alta;;;39.9510605;-75.1656204;;48.856372814;2.352529617;100.0;"Smithsonian American Art Museum; Wikipedia";"variante abreviada do nome; tratado como duplicata segura de Julius LeBlanc Stewart";média;Wikidata > Ulan;Wikidata > Ulan;;alta
Julius Leblanc Stewart;1855;1919;Estados Unidos;École des Beaux-Arts de Paris;48.853997;2.333500;Filadélfia;Paris;male;Wikipedia> Google Arts & Culture;média;também estudou com Eduardo Zamacois e Jean-Léon Gérôme;Wikidata;alta;Museu Paulista;média;39.9510605;-75.1656204;100.0;48.856372814;2.352529617;100.0;"Smithsonian American Art Museum; Wikipedia";;média;Wikidata > Ulan;Wikidata > Ulan;;alta
Julián Angarita;;;Colômbia;Universidad de los Andes;-33.404007;-70.507468;Colômbia;;male;FILE> CV pessoal;alta;FILE explicita “País de Origem: Colômbia”> preenchido em nível de país.;FILE Festival (País de Origem);alta;FILE;;3.901115804;-73.075754924;100.0;;;;;"atividade recente documentada; sem evidência de óbito";;;;;
Jurgen Trautwein;1958;;Alemanha;University of the Arts Berlin;52.50916666666667;13.32694444444444;Bruchsal, Alemanha;;male;Project Space Byi;média;;site oficial do artista / Galerie Marek Kralewski;alta;FILE;;49.125784999;8.5977;100.0;;;;;"atividade recente documentada; sem evidência de óbito";;Ulan;;;alta
Juuke Schoorl;1989;;Países Baixos;Royal Academy of Art, The Hague (KABK);52.08161111111111;4.319166666666667;Países Baixos;;female;KABK alumni> FILE;alta;FILE explicita “País de Origem: Países Baixos / Holanda”> preenchido em nível de país.;FILE Festival (País de Origem);alta;FILE;;52.249375293;5.616126398;100.0;;;;;"atividade recente documentada; sem evidência de óbito";;Museo Amparo;;;alta
Jérémy Oury;;;França;ENSATT;45.7533;4.81142;França;;male;https://mx.diplomatie.gouv.fr/fr/jeremy-oury-de-la-scene-francaise-aux-projets-artistiques-numeriques-au-mexique | https://www.videomappingressources.com/FR/actu-101/jeremy-oury;média;FILE explicita “País de Origem: França”> preenchido em nível de país.;FILE Festival (País de Origem);alta;FILE;;46.559417044;2.550539953;100.0;;;;;"atividade recente documentada; sem evidência de óbito";;;;;
Júlio de Resende;1917;2011;;Academia Silva Porto > Escola Superior de Belas-Artes do Porto > estudos em Paris com Duco de la Haix e Othon Friesz;41.1579 > 41.1579 > 48.8567;-8.6291 > -8.6291 > 2.3522;Porto, Portugal;Valbom;male;https://raiz.museusemonumentos.pt/DetalhesAutor?authorId=68199 | https://lugardodesenho.org/pt/sobre/julio-resende/biografia;alta;"Fontes museológicas confirmam Academia Silva Porto, Escola de Belas-Artes do Porto e formação posterior em Paris; a Académie de la Grande Chaumière não foi confirmada.";Fundação Júlio Resende;alta;MAC USP;média;41.1501526;-8.610318;;41.13247;-8.56414;100.0;"RTP; Wikipedia";topônimo normalizado para Valbom (Gondomar);média;;;;
Júnior Suci;1985;;;Universidade Estadual Paulista Júlio de Mesquita Filho (UNESP) > Universidade Estadual de Campinas (UNICAMP);-22.8172 > -22.817222222222;-47.0694 > -47.069444444444;Americana, SP, Brasil;;male;Memorial da América Latina> Casa Museu Ema Klabin;alta;instituições identificadas> datas dos estudos não localizadas com precisão;MAC USP;alta;MAC USP;alta;-22.7374;-47.3331;;;;;;"atividade recente documentada; sem evidência de óbito";;MAC USP;;;alta
Kai Welf Hoyme;1979;;Alemanha;Academy of Media Arts Cologne (KHM) > Ruhr-University of Bochum;50.93475582568144 > 51.443888888889;6.962159950772375 > 7.2616666666667;Mönchengladbach, Alemanha;;male;site oficial do artista;alta;;site oficial do artista / FILE Festival;alta;FILE;;51.194472999;6.43161;100.0;;;;;"atividade recente documentada; sem evidência de óbito";;Stadt Viersen;;;alta
Kang Hyeun;1993;;Coreia do Sul;;;;Coreia do Sul;;;;;FILE explicita “País de Origem: Coreia do Sul”> preenchido em nível de país.;FILE Festival (País de Origem);alta;FILE;;35.907757;127.766922;;;;;;"atividade recente documentada; sem evidência de óbito";;FILE Festival;;;alta
Kara Gut;1989;;Estados Unidos;Cranbrook Academy of Art;42.567788874683096;-83.25154634187616;Cleveland, Ohio, Estados Unidos;;female;FILE Festival> United States Artists;alta;;Pioneer Works;alta;FILE;;41.5051414;-81.6914575;100.0;;;;;"atividade recente documentada; sem evidência de óbito";;FILE Festival;;;alta
Karel Appel;1921;2006;Reino dos Países Baixos;Royal Academy of Fine Arts > Rijksakademie van beeldende kunsten;52.36222222222222 > 52.36222222222222;4.917777777777777 > 4.917777777777777;Amsterdam;Zurique;male;https://karelappelfoundation.com/karel-appel/chronology;alta;A cronologia da fundação confirma ingresso na Rijksakademie em 1942 e proteção estudantil encerrada cerca de dois anos depois.;Wikidata;alta;MAC USP;alta;52.361524688;4.890870311;100.0;47.3667;8.55;100.0;"Wikipedia; Karel Appel Foundation";coordenadas urbanas padronizadas para Zürich;média;Ulan;Museum Cobra;;alta
Karina Smigla-Bobinski;1967;;Polônia;Jan Matejko Academy of Fine Arts in Kraków > Akademie der Bildenden Künste München;50.066389 > 48.153196;19.941667 > 11.580312;Szczecin;;female;FILE Festival;alta;;Wikidata;alta;FILE;;53.425109842;14.550810974;100.0;;;;;"atividade recente documentada; sem evidência de óbito";;Wikidata;;;alta
Karl Baumann;1911;1984;Estados Unidos;University of Southern California (USC);34.021667;-118.285278;Leipzig;São Francisco;male;FILE Festival;alta;;Wikidata;alta;FILE;;51.338287999;12.377931001;100.0;37.7800771;-122.4201615;100.0;Wikipedia;;média;Annex Galleries;Annex Galleries;;média
Karl Ernst Papf;1833;1910;Brasil;Hochschule für Bildende Künste Dresden;51.052842;13.742444;Dresden;São Paulo;male;https://en.wikipedia.org/wiki/Karl_Ernst_Papf;média;Registro mantido de forma prudente por escassez de cronologia detalhada.;Wikidata;alta;Pinacoteca de São Paulo;baixa;51.051696999;13.736883;100.0;-23.5503944444;-46.6339472222;100.0;"Pinacoteca de São Paulo / Google Arts & Culture; Brasiliana Iconográfica";"fonte institucional usa São Paulo; fonte secundária recente situa a residência final em Fazenda das Palmeiras, Mogi das Cruzes";média;Wikidata > Ulan;Wikidata > Ulan;;alta
Karl Munstedt;;;Estados Unidos;Pratt Institute;40.691111;-73.963889;Boston, Massachusetts, Estados Unidos;;male;site oficial do artista | Currents New Media;alta;;CURRENTS New Media;alta;FILE;;42.3589942;-71.0586293;;;;;;"atividade recente documentada; sem evidência de óbito";;;;;
Karl Plattner;1919;1986;Itália;Accademia di Belle Arti di Brera > Accademia di Belle Arti di Venezia;45.472222 > 45.4286;9.188889 > 12.3305;Mals;Milão;male;https://de.wikipedia.org/wiki/Karl_Plattner;média;;Wikidata;alta;MAC USP;média;46.6889259;10.5476666;100.0;45.46427;9.18951;100.0;"Wikipedia; Karl Plattner Archivio";;média;Ulan;Ulan;;alta
Karl Robert von Planitz;1804;1847;;Hochschule für Bildende Künste Dresden;51.05284167;13.74244444;Eilenburg;Rio de Janeiro;male;https://de.wikipedia.org/wiki/Karl_Robert_Planitz;média;;Wikidata;alta;Pinacoteca de São Paulo;média;51.459845;12.632788;100.0;-22.9014475;-43.1789159;100.0;"Wikipedia; Fundação Casa de Rui Barbosa";registro biográfico também aparece como Carl Robert von der Planitz;média;Wikidata;Wikidata;;alta
Karni;1974;;Israel;Bezalel Academy of Arts and Design;31.781166666666667;35.22361111111111;Israel;;female;FILE Festival — biografia de Karni;alta;FILE explicita “País de Origem: Israel”> preenchido em nível de país.;FILE Festival (País de Origem);alta;FILE;;31.977711512;34.979217692;100.0;;;;;"atividade recente documentada; sem evidência de óbito";;SHOWstudio / FILE Festival;;identificado como Karni Arieli em fonte do FILE;média
Karoline Georges;1970;;Canadá;Université du Québec à Montréal (UQAM);45.513888888889;-73.560277777778;Montreal, Quebec, Canadá;;female;https://artistesduquebec.ca/georges-karoline | https://karolinegeorges.wordpress.com/kgbio/;baixa;;FILE Festival / Wikipedia;média;FILE;;45.508867;-73.554242;100.0;;;;;;;Wikidata;;;alta
Karsten Hoof;;;Reino da Dinamarca;The Animation Workshop;56.4561;9.40611;Dinamarca;;male;Ox and Bird — Our team;média;FILE explicita “País de Origem: Dinamarca”> preenchido em nível de país.;FILE Festival (País de Origem);alta;FILE;;55.959300779;10.053934054;100.0;;;;;;;;;;
Kassiani Kappelos;;;Grécia;University of the Arts London (UAL);51.5178;-0.116389;Grécia;;female;FILE Festival;alta;FILE explicita “País de Origem: Grécia”> preenchido em nível de país.;FILE Festival (País de Origem);alta;FILE;;39.0;22.0;100.0;;;;;;;;;;
Katarina Lundquist;1993;;Noruega;The Animation Workshop;56.4561;9.40611;Noruega;;female;https://file.org.br/anima_sp_2019/katarina-lundquist/ | https://www.kattamedslips.no/about | https://www.animafest.hr/en/2019/authors/read/katarina_lundquist;alta;;Animafest / FILE Festival;alta;FILE;;62.0;10.0;100.0;;;;;;;FILE Festival;;;alta
Katherina Tsirakis;1987;;Brasil;Pontifícia Universidade Católica de São Paulo (PUC-SP) > Fundação Armando Álvares Penteado (FAAP) > Limón Foundation;-23.5381 > -23.5450155 > 40.829304;-46.6705 > -46.6630802 > -73.943767;São Paulo, Brasil;;female;site oficial da artista;alta;;FilmFreeway (perfil da artista);média;FILE;;-23.5486657;-46.6382522;100.0;;;;;;;FilmFreeway;;;média
Kazuhiro Goshima;1969;;Japão;Kyoto Institute of Technology;35.049389;135.781853;Província de Shizuoka, Japão;;male;transmediale;média;;site oficial do artista / FILE Festival;alta;FILE;;34.97515624;138.3832445;100.0;;;;;;;Wikidata;;;alta
Kazuo Wakabayashi;1931;2021;Japão;Escola Técnica de Hikone > Escola de Belas Artes de Tóquio > Academia Niki;35.274361 > 35.68944444444445 > 35.68944444444445;136.259722 > 139.6916666666667 > 139.6916666666667;Kobe;;male;https://enciclopedia.itaucultural.org.br/pessoas/1011-wakabayashi;alta;também frequenta aulas de desenho e pintura de Kanosuke Tamura;Wikidata;alta;MAC USP;alta;34.68942768;135.19575707;100.0;;;;;óbito confirmado, mas não localizei local de morte explícito em fonte auditável nesta rodada.;;Wikidata > Ulan;Wikidata;;alta
Keigo Matsumoto;;;Japão;University of Tokyo;35.71339;139.76232;Kumamoto, Japão;;male;https://www.cyber.t.u-tokyo.ac.jp/~matsumoto/profile.html | https://researchmap.jp/keigomatsumoto?lang=en;alta;;Universidade de Tóquio (página do projeto Unlimited Corridor);alta;FILE;;32.8031;130.7079;;;;;;;;;;;
Keiya Sugano;1909;1963;;Tokyo University of the Arts;35.719578;139.772686;Tóquio, Japão;;male;fontes biográficas de referência;média;instituição identificada em fontes sumárias;Enciclopédia Itaú Cultural;alta;MAC USP;baixa;35.67686;139.763895;;;;;;;;MAC USP;MAC USP;;alta
Kelley Bell;;;Estados Unidos;University of Maryland, Baltimore County > Pratt Institute;39.25555555555555 > 40.691111;-76.71138888888889 > -73.963889;Estados Unidos;;female;FILE Festival;alta;FILE explicita “País de Origem: Estados Unidos”> preenchido em nível de país.;FILE Festival (País de Origem);alta;FILE;;39.398703156;-99.41461919;100.0;;;;;;;;;;
Kenny Scharf;1958;;Estados Unidos;School of Visual Arts;40.73861111;-73.98222222;Los Angeles;;male;https://kennyscharf.com/bio/ | https://hammer.ucla.edu/exhibitions/2015/hammer-projects-kenny-scharf;alta;O site oficial do artista e o Hammer Museum confirmam o BFA na School of Visual Arts.;https://kennyscharf.com/bio/;alta;MAC USP;alta;34.0536909;-118.242766;100.0;;;;;"atividade recente documentada; sem evidência de óbito.";;https://kennyscharf.com/bio/;;;alta
Kevin Lesur;;;França;;;;França;;male;;;FILE explicita “País de Origem: França”> preenchido em nível de país.;FILE Festival (País de Origem);alta;FILE;;46.559417044;2.550539953;100.0;;;;;;;;;;
Kevin Welsh;;;Estados Unidos;Savannah College of Art and Design;32.073;-81.0961;Estados Unidos;;male;FILE Festival;alta;FILE explicita “País de Origem: United States”> preenchido em nível de país.;FILE Festival (País de Origem);alta;FILE;alta;39.398703156;-99.41461919;100.0;;;;;;;;;;
Khalil Charif;1967;;Brasil;Parsons School of Design > New York University (NYU) > Escola de Artes Visuais do Parque Lage > Pontifícia Universidade Católica do Rio de Janeiro (PUC-RJ);40.735357 > 40.729591 > -22.9606 > -22.97868;-73.994533 > -73.996895 > -43.212 > -43.232819;Rio de Janeiro;;male;FILE Festival;alta;;Wikidata;alta;FILE;;-22.9014475;-43.1789159;100.0;;;;;"atividade recente documentada; sem evidência de óbito.";;Wikidata;;;alta
Kian Hossein;1990;;Irã;Qazvin Islamic Azad University (QIAU);36.3212;50.036;Teerã, Irã;;male;FILE Festival> site oficial do artista;alta;Biografia do FILE explicita nascimento em Teerã.;FILE Festival (biografia do artista);alta;FILE;;35.6863968;51.4328575;;;;;;;;FILE Festival;;;alta
Kim Laughton;;;República Popular da China;;;;China;;male;;;FILE explicita “País de Origem: China”> preenchido em nível de país.;FILE Festival (País de Origem);alta;FILE;;36.567348398;103.930027033;100.0;;;;;;;;;;
Kim Strandli;1992;;Noruega;The Animation Workshop;56.4561;9.40611;Noruega;;male;FILE Festival> site oficial do artista;alta;FILE explicita “País de Origem: Noruega”> preenchido em nível de país.;FILE Festival (País de Origem);alta;FILE;;62.0;10.0;100.0;;;;;;;NUFF;;;média
Kirokaze;1991;;Peru;;;;Lima;;male;;;;Wikidata;alta;FILE;;-12.04318;-77.02824;100.0;;;;;;;Espacio Byte / FILE Festival;;identificado como Gerardo Quiroz V. em fonte do FILE;média
Klasien Van De Zandschulp;1980;;Países Baixos;Hogeschool Arnhem en Nijmegen > Hogeschool van Utrecht;51.989 > 52.09083333333334;5.9493 > 5.121666666666667;Países Baixos;;female;CV (Mediamatic) — Klasien van de Zandschulp;média;FILE explicita “País de Origem: Países Baixos / Holanda”> preenchido em nível de país.;FILE Festival (País de Origem);alta;FILE;;52.249375293;5.616126398;100.0;;;;;"atividade recente documentada; sem evidência de óbito.";;Noorderlicht;;;alta
Koos Hooykaas;1903;1969;Reino dos Países Baixos;Royal Academy of Art, The Hague (KABK);52.08161111111111;4.319166666666667;Rotterdam;'s-Graveland;male;biografia institucional do artista> fontes de referência;média;datas aproximadas;Wikidata;alta;MAC USP;média;51.918323034;4.493749988;100.0;52.240957026;5.123342649;100.0;"De Valk Lexicon; Van Abbemuseum";"local de morte auditado; coordenadas mantidas para a localidade.";alta;Ulan;Ulan;;alta
Kozo Mio;1924;2000;Japão;;;;Nagoya, Aichi, Japão;;male;;;;MAC USP;alta;;;35.18145;136.90641;;;;;;;;Wikidata;Wikidata;;alta
Kristin McWharter;1990;;Estados Unidos;Maryland Institute College of Art > University of California, Los Angeles (UCLA);39.3056 > 34.07222222222222;-76.6206 > -118.4427777777778;Estados Unidos;;female;School of the Art Institute of Chicago> UCLA Design Media Arts;alta;FILE explicita “País de Origem: Estados Unidos”> preenchido em nível de país.;FILE Festival (País de Origem);alta;FILE;;39.398703156;-99.41461919;100.0;;;;;;;Fundación CorpArtes;;;média
Krsto Hegedušić;1901;1975;Hungria;Academy of Fine Arts, Zagreb;45.8121;15.9624;Petrinja;Zagreb;male;https://nmmu.hr/en/tag/krsto-hegedusic-en/;alta;O National Museum of Modern Art confirma a graduação na Academy of Fine Arts de Zagreb em 1926.;Wikidata;alta;MAC USP;alta;45.436257443;16.285364178;100.0;45.815916177;15.980642745;100.0;Hrvatski biografski leksikon;"local de morte auditado; coordenadas mantidas para o município.";alta;;;;
Krystal Li;;;Estados Unidos;Pratt Institute;40.691111;-73.963889;Nova York, Estados Unidos;;female;Pratt Shows 2020;média;Fonte institucional usa formulação de origem (“Sou de Nova York”), sem afirmar nascimento.;FILE Festival (biografia do artista);alta;FILE;;40.7130466;-74.0072301;100.0;;;;;;;;;;
Kuesti Fraun;1976;;Alemanha;;;;Alemanha;;male;;;;FilmFreeway / IMDb;média;FILE;;51.110631049;10.392277932;100.0;;;;;;;Wikidata;;;alta
L. Masson;;;;;;;;;;;;;;;Museu Histórico Nacional;;;;;;;;;;;;;;
Lair Gago;;;;;;;;;;;;"A identidade biográfica não pôde ser desambiguada com segurança; a formação na UFRGS não foi confirmada.";;;Museu de Arte Religiosa e Tradicional;baixa;;;;;;;;;;;;;
Lama Kadri;;;Líbano;American University of Sharjah;25.309722;55.490556;Líbano;;female;https://www.aus.edu/student-story/lama-kadri | https://www.aus.edu/media/news/sharjah-light-festival-at-aus-the-story-behind-the-lights;alta;FILE explicita “País de Origem: Líbano”> preenchido em nível de país.;FILE Festival (País de Origem);alta;FILE;;33.854721;35.862285;;;;;;;;;;;
Lara Genovese;;;Itália;;;;Itália;;female;;;FILE explicita “País de Origem: Itália”> preenchido em nível de país.;FILE Festival (País de Origem);alta;FILE;;42.83333;12.83333;100.0;;;;;;;;;;
Lasar Segall;1889;1957;Brasil;Prussian Academy of Arts > Escola de Artes Aplicadas > Königliche Akademie der Künste;52.516667 > 52.516666666667 > 52.516666666667;13.383333 > 13.383333333333 > 13.383333333333;Vilnius;São Paulo;male;Enciclopédia Itaú Cultural;alta;inicia estudos de arte na Lituânia em 1905> instituição não identificada;Wikidata;alta;MAC USP;média;54.701609712;25.266350902;100.0;-23.5486657;-46.6382522;100.0;Museu Lasar Segall / Ibram;"local de morte auditado; fonte institucional do museu.";alta;;;;
Laura Cesana;;;;Temple University (Roma) > Art Students League of New York > Universidade de Roma > Escola Superior de Educação pela Arte de Lisboa > Boston University;41.893056 > 40.766083333333 > 41.903333 > 38.708042 > 42.34888888888889;12.482778 > -73.980861111111 > 12.515833 > -9.139016 > -71.10027777777778;Roma, Lácio, Itália;;female;https://www.cps.pt/pt/artistas/laura-cesana | https://www.lauracesana.com/backgroundpt.html> https://www.cps.pt/pt/artistas/laura-cesana | https://www.lauracesana.com/backgroundpt.html | https://www.serigrafiaseafins.pt/post/arteemdestaque-laura-cesana;alta;A fonte lista várias etapas formativas, mas sem cronologia detalhada de cada curso livre.;MAC USP;alta;MAC USP;média;41.8905568;12.4942679;;;;;;;;;;;
Laura Højberg Kunov;;;Reino da Dinamarca;The Animation Workshop;56.4561;9.40611;Frederiksberg, Dinamarca;;female;CV da artista;média;Biografia do FILE explicita nascimento em Frederiksberg, na Dinamarca.;FILE Festival (biografia do artista);alta;FILE;;55.677104;12.535147;;;;;;;;;;;
Laura Leppert;;;Alemanha;Akademie der Bildenden Künste München;48.153196;11.580312;Alemanha;;female;FILE Festival> Urbane Künste Ruhr;alta;FILE explicita “País de Origem: Alemanha”> preenchido em nível de país.;FILE Festival (País de Origem);alta;FILE;;51.110631049;10.392277932;100.0;;;;;;;;;;
Laura Schneider;;;Estados Unidos;New York University (NYU) > City College of New York;40.729591 > 40.8194;-73.996895 > -73.95;Estados Unidos;;female;site oficial da artista> Research Kitchens NYU Abu Dhabi;alta;FILE explicita “País de Origem: Estados Unidos”> preenchido em nível de país.;FILE Festival (País de Origem);alta;FILE;;39.398703156;-99.41461919;100.0;;;;;;;;;;
Laura Tack;1988;;Bélgica;Royal Academy of Fine Arts, Ghent;51.05361111111111;3.725277777777778;Bélgica;;female;Q-O2;média;fonte identifica apenas o país de nascimento;FILE Festival;média;FILE;;50.833333;4.0;;;;;;;;Four Boxes;;;alta
Laurel Beckman;;;Estados Unidos;California Institute of the Arts (CalArts);34.393055555556;-118.56694444444;Estados Unidos;;male;AD&A Museum / UC Santa Barbara;alta;FILE explicita “País de Origem: United States”> preenchido em nível de país.;FILE Festival (País de Origem);alta;FILE;alta;39.398703156;-99.41461919;100.0;;;;;;;;;;
Lauren Dimaya;;;Estados Unidos;Pratt Institute;40.691111;-73.963889;Estados Unidos;;female;FILE Festival;alta;FILE explicita “País de Origem: United States”> preenchido em nível de país.;FILE Festival (País de Origem);alta;FILE;alta;39.398703156;-99.41461919;100.0;;;;;;;;;;
Lauren Fenton;;;Estados Unidos;University of Southern California (USC) > Swarthmore College;34.021667 > 39.905435;-118.285278 > -75.353475;Estados Unidos;;female;USC World Building Media Lab> CV público;alta;FILE explicita “País de Origem: United States”> preenchido em nível de país.;FILE Festival (País de Origem);alta;FILE;alta;39.398703156;-99.41461919;100.0;;;;;;;;;;
Lawrence Malstaf;1972;;Bélgica;Henry van de Velde Institute, Antwerp;51.22111111111112;4.399722222222223;Bruges;;male;Frankfurter Kunstverein> FILE Festival;alta;;Wikidata;alta;FILE;;51.266855502;3.220199559;100.0;;;;;"atividade recente documentada; sem evidência de óbito.";;Wikidata > Ulan;;;alta
Leandro Angare;;;Brasil;Seneca College > Universidade Estadual de Campinas (UNICAMP);43.79395 > -22.817222222222;-79.349047222222 > -47.069444444444;Brasil;;male;https://archive.file.org.br/participantes/leandro-angare/;alta;FILE explicita “País de Origem: Brasil”> preenchido em nível de país.;FILE Festival (País de Origem);alta;FILE;;-10.769946429;-53.073466889;100.0;;;;;;;;;;
Leandro Joaquim;1738;1798;Brasil;aluno do pintor João de Sousa;-22.91111111111111;-43.20555555555556;Rio de Janeiro;Rio de Janeiro;male;https://www.catalogodasartes.com.br/artista/Leandro%20Joaquim/ | https://enciclopedia.itaucultural.org.br/pessoas/7084-leandro-joaquim;média;Não há instituição formal recuperada, apenas mestre identificado.;Wikidata;alta;Museu Histórico Nacional;média;-22.9014475;-43.1789159;100.0;-22.9111111111;-43.2055555556;100.0;Enciclopédia Itaú Cultural;coordenadas padronizadas para o centro urbano do Rio de Janeiro na auditoria.;alta;Ulan;Ulan;;alta
Leda Catunda;1961;;Brasil;Fundação Armando Álvares Penteado (FAAP);-23.5450155;-46.6630802;São Paulo;;female;https://pt.wikipedia.org/wiki/Leda_Catunda;média;teve como mestres Regina Silveira, Julio Plaza, Nelson Leirner e Walter Zanini;Wikidata;alta;MAC USP;alta;-23.5486657;-46.6382522;100.0;;;;;"atividade recente documentada; sem evidência de óbito.";;Wikidata > Ulan;;;alta
Lee Dror;1989;;Israel;Bezalel Academy of Arts and Design;31.781166666666667;35.22361111111111;Israel;;female;https://archive.file.org.br/participantes/lee-dror/> https://leedror.com/about;alta;FILE explicita “País de Origem: Israel”> preenchido em nível de país.;FILE Festival (País de Origem);alta;FILE;alta;31.977711512;34.979217692;100.0;;;;;"atividade recente documentada; sem evidência de óbito.";;Wikidata / FILE Festival;;"ano de nascimento em base de autoridade; identidade conferida com página do FILE";média
Lei Han;1967;;;Shenzhen University > Memphis College of Art;22.539256 > 35.1459;113.933684 > -89.9937;China;;female;CURRENTS New Media;alta;FILE explicita “País de Origem: China”> preenchido em nível de país.;FILE Festival (País de Origem);alta;FILE;;36.567348398;103.930027033;100.0;;;;;"atividade recente documentada; sem evidência de óbito.";;Ulan;;;alta
Leila Santiago;;;Brasil;Universidade de São Paulo (USP) > School of Visual Arts;-23.561399 > 40.73861111;-46.730789 > -73.98222222;Rio de Janeiro;;female;https://archive.file.org.br/participantes/leila-santiago/;alta;;Wikidata;alta;FILE;;-22.9014475;-43.1789159;100.0;;;;;"atividade profissional documentada; sem evidência de óbito.";;;;;
Leno Veras;;;Brasil;Universidade de Brasília (UnB) > Universidad de Salamanca > Universidad Nacional de las Artes (UNA) > Universidade Federal do Rio de Janeiro (UFRJ) > University of London (Warburg Institute);-15.76138888888889 > 40.96138888888889 > -34.59472222 > -22.8625 > 51.523333;-47.86638888888889 > -5.666666666666667 > -58.39944444 > -43.223888888889 > -0.13;Brasil;;male;https://www.escavador.com/sobre/4984006/leno-veras-de-carvalho> https://www.premiopipa.com/leno-veras/;média;FILE explicita “País de Origem: Brasil”> preenchido em nível de país.;FILE Festival (País de Origem);alta;FILE;;-10.769946429;-53.073466889;100.0;;;;;"atividade recente documentada; sem evidência de óbito.";;;;;
Leon Gischia;1903;1991;França;École supérieure des arts décoratifs de Strasbourg;48.5825;7.7591;Dax;Veneza;male;fontes biográficas de referência;média;instituição identificada em biografias sumárias;Wikidata;alta;MAC USP;média;43.708616207;-1.051795028;100.0;45.434608;12.338913;100.0;Centre Pompidou;;alta;Ulan;Centre Pompidou;;alta
Leonardo Crescenti;1954;2018;Brasil;Faculdade de Arquitetura e Urbanismo e de Design da USP (FAU-USP);-23.56012;-46.72985;São Paulo;São Paulo;male;Itaú Cultural | Videobrasil;alta;;Wikidata;alta;FILE;;-23.5486657;-46.6382522;100.0;-23.5503944444;-46.6339472222;100.0;Enciclopédia Itaú Cultural;;alta;;;;
Leonel Brayner;1944;;;;;;Maceió, Alagoas, Brasil;;male;;;Fontes encontradas não indicam escola> preenchimento conservador apenas para registrar ausência de formação formal identificada.;MAC USP;alta;MAC USP;baixa;-9.6652281;-35.7357217;;;;;;"atividade recente documentada; sem evidência de óbito.";;MAC USP;;;alta
Leonello Berti;1925;1968;;Accademia di Belle Arti di Firenze;43.776907;11.258475;Florença, Itália;Ribeirão Preto;male;https://plataformaverri.com.br/?bib=1&idBook=1540&idCategory=8&idCity=24&letter=R&local=book | https://museudigital.odillamestriner.com.br/wp-content/uploads/tainacan-items/6750/9273/p26-m1.pdf;alta;As fontes citam trabalho prolongado com Ottone Rosai como mestre.;Plataforma Verri;média;MAC USP;média;43.7696;11.2558;;-21.1775;-47.81028;100.0;Plataforma Verri;"local de óbito sustentado por plataforma cultural; não localizei fonte institucional primária aberta nesta rodada.";média;Wikidata;Wikidata;;alta
Leonilson;1957;1993;Brasil;Fundação Armando Álvares Penteado (FAAP) > Escola de Artes Aster;-23.5450155 > -23.550394444444;-46.6630802 > -46.633947222222;Fortaleza;São Paulo;male;https://museuvictormeirelles.museus.gov.br/um-ponto-e-outro/n-1-leonilson/n-1-leonilson-biografia/;alta;aulas com Nelson Leirner, Júlio Plaza e Regina Silveira na FAAP;Wikidata;alta;MAC USP;alta;-3.7184625;-38.5416698;100.0;-23.5503944444;-46.6339472222;100.0;Enciclopédia Itaú Cultural;;alta;Wikidata > Ulan;Wikidata > Ulan;;alta
Leonor de Almeida Portugal, 4th Marquise of Alorna;1750;1839;Reino de Portugal;educação conventual em Chelas > orientação literária de Filinto Elísio;38.748982 >;-9.117437 >;Lisboa;Lisboa;female;https://pt.wikipedia.org/wiki/Leonor_de_Almeida_Portugal | https://livro.dglab.gov.pt/sites/DGLB/Portugues/autores/Paginas/PesquisaAutores1.aspx?AutorId=6636> https://pt.wikipedia.org/wiki/Leonor_de_Almeida_Portugal | https://www.arqnet.pt/dicionario/alorna4.html;média;A formação aparece como educação conventual e cultivo intensivo de letras, música e pintura.;Wikidata;alta;MASP;média;38.7070085;-9.1356407;100.0;38.7070085;-9.1356407;100.0;Portal da Literatura;;média;Wikidata;Wikidata;;alta
Leopoldino Faria;1836;1911;Brasil;Academia Imperial de Belas Artes > desenho com Jules Le Chevrel > pintura com Victor Meirelles;-22.9071 >  > ;-43.1829 >  > ;Campos dos Goytacazes, RJ, Brasil;Rio de Janeiro;male;https://enciclopedia.itaucultural.org.br/pessoas/7156-leopoldino-de-faria | https://pt.wikipedia.org/wiki/Leopoldino_Faria;média;A formação acadêmica aparece com clareza, mas a fonte não traz intervalo cronológico preciso.;Wikipédia em português;média;Museu Histórico Nacional;alta;-21.75227;-41.33044;;-22.9111111111;-43.2055555556;100.0;Enciclopédia Itaú Cultural;coordenadas padronizadas para o centro urbano do Rio de Janeiro na auditoria.;alta;Wikidata;Wikidata;;alta
Letícia Burgos;1957;;;Universidad Nacional de Cuyo > Arizona State University;-32.88043333333334 > 33.42361111111111;-68.87773333333334 > -111.9355555555556;Buenos Aires, Argentina;;female;https://yicca.org/es/view/info/leticia-burgos;média;fonte galerística com descrição biográfica explícita;YICCA / biografia pública;média;MAC USP;média;-34.6090264;-58.3732215;100.0;;;;;;;Wikidata;;;alta
Letícia Guimarães;1983;;Brasil;Escola Guignard;-19.9552;-43.9202;Nova Iguaçu;;female;fontes biográficas de referência;média;datas aproximadas;Wikidata;alta;Museu Casa da Hera;baixa;-22.7597835;-43.45151;100.0;;;;;;;Wikidata;;;alta
Levi Madeira;1963;;;Universidade Federal do Ceará (UFC);-3.7418917;-38.5411983;Tanque, João Lisboa, Maranhão, Brasil;;male;https://levimadeira.recantodasletras.com.br/perfil.php;média;Médico oftalmologista formado pela Universidade Federal do Ceará em 1988 e autor de literatura de cordel.;https://levimadeira.recantodasletras.com.br/perfil.php;média;Museu de Arte Religiosa e Tradicional;alta;-5.4478;-47.4008;;;;;;;;Recanto das Letras (perfil do autor);;;média
Levino Fânzeres;1884;1956;Brasil;Liceu de Artes e Ofícios do Rio de Janeiro > Escola Nacional de Belas Artes > Académie Julian;-22.908333 > -22.8625055 > 48.871111;-43.184722 > -43.2256622 > 2.341667;Cachoeiro de Itapemirim;Rio de Janeiro;male;https://enciclopedia.itaucultural.org.br/pessoas/3111-levino-fanzeres;alta;A fonte menciona professores Artur Machado, Evêncio Nunes, João Zeferino da Costa e Baptista da Costa.;Wikidata;alta;Museu Histórico Nacional;alta;-20.8488716;-41.1132515;100.0;-22.9111111111;-43.2055555556;100.0;Enciclopédia Itaú Cultural;coordenadas padronizadas para o centro urbano do Rio de Janeiro na auditoria.;alta;Wikidata > Ulan;Wikidata > Ulan;;alta
Leyla Mattoso;1926;;;Escola Nacional de Belas Artes;-22.862506;-43.225662;São José do Rio Preto, São Paulo, Brasil;;female;fontes biográficas de referência;média;;MAC USP;alta;MAC USP;baixa;-20.8113;-49.3758;;;;;;;;MAC USP;;;alta
León Ferrari;1920;2013;Marrocos;Universidad de Buenos Aires (UBA);-34.599722;-58.373056;Buenos Aires;Buenos Aires;male;https://cultura.gob.ar/cien-anos-de-leon-ferrari-9425/;alta;engenheiro de formação> artista autodidata em artes plásticas;Wikidata;alta;MAC USP;alta;-34.6090264;-58.3732215;100.0;-34.6090264;-58.3732215;100.0;"TN; Argentina.gob.ar";;média;Ulan;Ulan;;alta
Lilian Döring;1978;;Brasil;Centro Federal de Educação Tecnológica do Paraná > Escola de Belas Artes do Paraná;-25.43925 > -25.429722;-49.268833 > -49.271944;Curitiba, Paraná, Brasil;;female;FILE Festival;alta;;FILE Festival;alta;FILE;;-25.4283563;-49.2732515;;;;;;"atividade documentada em fonte institucional; sem evidência de óbito.";;;;;
Liliana Farber;1983;;Uruguai;Parsons School of Design > Hamidrasha School of Art, Beit Berl College > O.R.T. University;40.735357 > 32.200699 > -34.90591666666667;-73.994533 > 34.918464 > -56.19131111111111;Montevidéu, Uruguai;;female;NYU The Latinx Project;alta;;FILE Festival / site oficial da artista;alta;FILE;;-34.9055557;-56.1852505;100.0;;;;;"atividade recente documentada; sem evidência de óbito.";;Wikidata;;;alta
Lilly Michael;1914;;;School of Painting and Sculpture at Columbia University;40.8075;-73.961944444444;Nova York, Nova York, Estados Unidos;;female;https://www.ripleyauctions.com/auction-lot/lily-michael-american-1912-1999-abstract-195_9C44095860;média;A fonte usa a grafia Lily Michael> mantido o creator original Lilly Michael.;MAC USP;alta;MAC USP;média;40.7130466;-74.0072301;;;;;;;;MAC USP;;"fonte secundária de mercado indica 1912–1999; mantido nascimento institucional e morte em branco por falta de confirmação equivalente";média
Lindsay Grace;;;Estados Unidos;Northwestern University School of Engineering > Northwestern University > Boston Security Analysts Society;42.0564594 > 42.0564594 > 42.36027777777777;-87.675267 > -87.675267 > -71.05777777777777;Estados Unidos;;male;CV oficial de Lindsay Grace;alta;FILE explicita “País de Origem: United States”> preenchido em nível de país.;FILE Festival (País de Origem);alta;FILE;alta;39.398703156;-99.41461919;100.0;;;;;"atividade recente documentada; sem evidência de óbito.";;;;;
Lisa Ficker Hoffmann;1889;1964;;;;;Leipzig, Saxônia, Alemanha;Joinville;female;;;formação não localizada com segurança;MAC USP;alta;MAC USP;;51.338287999;12.377931001;;-26.3038888889;-48.8458333333;100.0;MAC USP;;alta;Ulan;Ulan;;alta
Liu Chang;;;;New York University Tisch School of the Arts > Pratt Institute;40.72922222 > 40.691111;-73.99377778 > -73.963889;Pequim, China;;female;https://liuchang.work/about;média;;ArtFacts / The Artling;média;FILE;;39.906217;116.391276;;;;;;;;;;;
Liu Sha;;;República Popular da China;;;;;;female;;;homônimo não desambiguado com segurança;;;FILE;;;;;;;;;;;;;;
Liz Miller;1800;;;Rhode Island School of Design > University of Minnesota;41.825833333333 > 44.975;-71.407777777778 > -93.23527777777778;Minnesota, Estados Unidos;;female;https://hss.mnsu.edu/academic-programs/art/art-faculty-staff/liz-miller/ | https://mccollcenter.org/artists-in-residence/artist/liz-miller;alta;fonte descreve a artista como 'from Minnesota'> usado como local com baixa confiança.;https://en.wikipedia.org/wiki/Liz_Miller_(artist);alta;MAC USP;baixa;46.729553;-94.6859;;;;;;"atividade recente documentada; sem evidência de óbito.";;Ulan;;;alta
Lluís Graner;1863;1929;Espanha;Escola de la Llotja > estudo de cópia no Museo del Prado > Académie des Beaux-Arts;41.3851 > 40.41388888888889 > 48.857222;2.1734 > -3.692222222222222 > 2.336889;Barcelona;Barcelona;male;https://en.wikipedia.org/wiki/Llu%C3%ADs_Graner | https://www.guiadasartes.com.br/luiz-graner-y-arrufi/biografia | https://www.escritoriodearte.com/artista/luis-graner;média;;Wikidata;alta;Museu Histórico Nacional;alta;41.387917;2.1699187;100.0;41.387917;2.1699187;100.0;Wikipedia;;média;;;;
Lorenzo Indrimi;1930;2013;Itália;Accademia di Belle Arti di Bologna;44.497811111111;11.353188888889;Roma, Lácio, Itália;;male;https://it.wikipedia.org/wiki/Lorenzo_Indrimi;média;instituição identificada> datas não localizadas com precisão;MAC USP;alta;MAC USP;média;41.8905568;12.4942679;;;;;;;;Wikidata > Ulan;Wikidata;;alta
Lorenzo Romagnoli;;;Itália;Delft University of Technology (TU Delft);52.001666666667;4.3725;Itália;;male;https://www.ciid.dk/community/lorenzo-romagnoli;média;FILE explicita “País de Origem: Italy”> preenchido em nível de país.;FILE Festival (País de Origem);alta;FILE;alta;42.83333;12.83333;100.0;;;;;"atividade recente documentada; sem evidência de óbito.";;;;;
Lorenzo Viani;1882;1936;Reino da Itália;Istituto di Belle Arti di Lucca;43.85;10.516666666667;Viareggio;Lido di Ostia;male;fontes biográficas de referência;média;instituição identificada> datas não localizadas com precisão;Wikidata;alta;MAC USP;média;43.874537;10.2568888;100.0;41.73212;12.27654;100.0;Wikipedia;;média;Ulan;Ulan;;alta
Lori Malépart-Traversy;1991;;Canadá;Concordia University;45.496944444444445;-73.57805555555555;Montreal, Canadá;;female;FILE Festival;alta;;FILE Festival / Coalition ÉduSex;alta;FILE;;45.508867;-73.554242;100.0;;;;;;;;;;
Lothar Charoux;1912;1987;Brasil;estudos com Siegfried Charoux > Liceu de Artes e Ofícios > aulas com Waldemar da Costa; > -23.5331446 > ; > -46.6267577 > ;Viena;São Paulo;male;https://enciclopedia.itaucultural.org.br/pessoas/2207-lothar-charoux;alta;;Wikidata;alta;MAC USP;média;48.2092062;16.3727778;100.0;-23.5503944444;-46.6339472222;100.0;https://enciclopedia.itaucultural.org.br/pessoas/2207-lothar-charoux;;alta;Wikidata > Ulan;Wikidata > Ulan;;alta
Louis Buvelot;1814;1888;Austrália;Escola de Desenho de Lausanne > estudos com Marc Louis Arlaud;46.533333 > ;6.633333 > ;Morges;Melbourne;male;https://enciclopedia.itaucultural.org.br/pessoas/7222-louis-buvelot;alta;Fonte de Itaú Cultural explicita escola e professor.;Wikidata;alta;Museu Nacional de Belas Artes;alta;46.513243136;6.494946024;100.0;-37.815051434;144.960255426;100.0;Wikipedia;;média;Ulan;Ulan;;alta
Louis Guédy;1847;1926;França;École des Beaux-Arts de Paris;48.853997;2.333500;Grenoble;;male;https://pt.wikipedia.org/wiki/Louis_Gu%C3%A9dy | https://www.musee-orsay.fr/en/ressources/artists-personalities-catalog/louis-guedy-14357> https://pt.wikipedia.org/wiki/Louis_Gu%C3%A9dy;média;A fonte aberta também informa que foi aluno de Adolphe Yvon.;Wikidata;alta;Museu Paulista;alta;45.186447778;5.736442084;100.0;;;;;;;Wikidata;Wikidata;;alta
Louis Van Lint;1909;1986;Bélgica;Académie des beaux-arts de Saint-Josse-ten-Noode;50.85444;4.37028;Saint-Josse-ten-Noode;Kraainem;male;https://en.wikipedia.org/wiki/Louis_Van_Lint;média;"A fonte identificável confirma estudos de pintura na Académie des beaux-arts de Saint-Josse-ten-Noode; confiança mantida como média por se tratar de fonte secundária.";Wikidata;alta;MAC USP;alta;50.85170248;4.376851826;100.0;50.8619888889;4.4717805556;100.0;louisvanlint.org;"topônimo e coordenadas corrigidos na auditoria; fonte oficial indica Kraainem, e não Brussels metropolitan area.";alta;Wikidata > Ulan;Wikidata > Ulan;;alta
Louis-Auguste Moreaux;1818;1877;França;ateliê de escultura francês;;;Rocroi;Rio de Janeiro;male;https://data.bnf.fr/fr/14967958/louis-auguste_moreaux/;alta;Sem escola formal explicitada na fonte aberta recuperada.;Wikidata;alta;Museu Histórico Nacional;baixa;49.925149573;4.519878794;100.0;-22.9111111111;-43.2055555556;100.0;Enciclopédia Itaú Cultural;coordenadas padronizadas para o centro urbano do Rio de Janeiro na auditoria.;alta;;;;
Lucas Cranach the Elder;1472;1553;Sacro Império Romano-Germânico;formação com o pai Hans Maler;50.327841515;11.37204329;Kronach;Weimar;male;https://en.wikipedia.org/wiki/Lucas_Cranach_the_Elder | https://www.britannica.com/biography/Lucas-Cranach-the-Elder;alta;A formação é descrita nas fontes como familiar/oficina.;Wikidata;alta;MASP;média;50.327841515;11.37204329;100.0;50.980760999;11.329741001;100.0;Britannica;;alta;Ulan;Ulan;;alta
Lucas Durkheim;;;França;Gobelins, l'école de l'image > California Institute of the Arts (CalArts);48.836944 > 34.393055555556;2.353611 > -118.56694444444;França;;male;https://lucasdurkheim.com/index.php/contacts/ | https://www.miyu.fr/distribution/en/grounded-2/;alta;FILE explicita “País de Origem: França”> preenchido em nível de país.;FILE Festival (País de Origem);alta;FILE;;46.559417044;2.550539953;100.0;;;;;;;;;;
Lucas Morais;;;Brasil;;;;;;male;;;homônimo não desambiguado com segurança;;;FILE;;;;;;;;;;;;;;
Lucia Casas de Pilla;;;;;;;;;;;;formação não localizada com segurança;;;Museu da Inconfidência;;;;;;;;;;;;;;
Luciano Gregory;1912;;;formação teatral com Sérgio Cardoso, Augusto Boal e Abílio Pereira de Almeida;;;Itália;;male;https://www.tvsaudades.com.br/item/2596/luciano-gregory-anos/details?pageType=search | https://www.museudatv.com.br/biografia/luciano-gregory/;alta;fonte biográfica identifica apenas o país> preenchimento mantido em nível de país.;Museu Brasileiro da TV;alta;MAC USP;baixa;42.83333;12.83333;100.0;;;;;fonte secundária indica morte em São Paulo na década de 1970, sem precisão suficiente para preencher o campo.;;Museu da TV;;fonte consultada indica falecimento no final dos anos 1970, sem ano exato;média
Lucie Prigent;;;França;École Georges Méliès;48.74245192283895;2.392101897752613;França;;female;https://archive.file.org.br/participantes/lucie-prigent/> https://vimeo.com/lucieprigent;média;FILE explicita “País de Origem: França”> preenchido em nível de país.;FILE Festival (País de Origem);alta;FILE;;46.559417044;2.550539953;100.0;;;;;"atividade profissional recente documentada; sem evidência de óbito.";;;;;
Lucila Mayol;1986;;Argentina;KMD/UiB (University of Bergen) > Universidad Nacional de las Artes (UNA) > ENERC;60.3830 > -34.59472222 > -34.599722222222;5.3330 > -58.39944444 > -58.381944444444;Argentina;;female;https://www.hiap.fi/resident/lucila-mayol/;média;FILE explicita “País de Origem: Argentina”> preenchido em nível de país.;FILE Festival (País de Origem);alta;FILE;alta;-38.416097;-63.616672;;;;;;"atividade recente documentada; sem evidência de óbito.";;site da artista / HIAP;;;alta
Lucio Fontana;1899;1968;Itália;Accademia di Belle Arti di Brera;45.472222;9.188889;Rosario;Comabbio;male;https://luciofontana.net/en/biography/lucio-fontana-biography-1921-1930 | https://www.fondazioneluciofontana.it/en/lucio-fontana/biografia/;alta;A fundação dedicada ao artista confirma a conclusão dos estudos de escultura na Accademia di Belle Arti di Brera.;Wikidata;alta;MAC USP;alta;-32.959243;-60.683476;100.0;45.7721016;8.6753295;100.0;"Fondazione Lucio Fontana; Comune di Comabbio";"local de morte auditado; fundação informa Varese e fonte municipal especifica Comabbio.";média;Ulan;Ulan;;alta
Lucy Citti Ferreira;1911;2008;Brasil;Escola de Belas Artes do Havre > École des Beaux-Arts de Paris > estudos com Lasar Segall;49.494167 > 48.853997 > ;0.108056 > 2.333500 > ;São Paulo;Paris;female;https://pt.wikipedia.org/wiki/Lucy_Citti_Ferreira | https://www.escritoriodearte.com/artista/lucy-citti-ferreira;média;;Wikidata;alta;MAC USP;alta;-23.5486657;-46.6382522;100.0;48.8566666667;2.3522222222;100.0;MAC USP;"local de morte auditado; fonte institucional registra Paris, sem arrondissement.";alta;Wikidata > Ulan;Wikidata > Ulan;;alta
Lucílio de Albuquerque;1877;1939;Brasil;Faculdade de Direito da Universidade de São Paulo (USP) > Escola Nacional de Belas Artes;-23.55 > -22.8625055;-46.637222 > -43.2256622;Barras;Rio de Janeiro;male;https://enciclopedia.itaucultural.org.br/pessoas/6103-lucilio-de-albuquerque;alta;abandona o direito para estudar pintura;Wikidata;alta;Museu Nacional de Belas Artes;alta;-4.2447811;-42.2955275;100.0;-22.9014475;-43.1789159;100.0;"Museu Afro Brasil; Enciclopédia Itaú Cultural";"local de morte auditado; coordenadas mantidas para o município.";alta;Wikidata;Wikidata;;alta
Ludmila Rodrigues;1979;;Brasil;Universidade Federal do Rio de Janeiro (UFRJ) > Royal Academy of Art, The Hague (KABK) > PXL-MAD School of Arts;-22.8625 > 52.08161111111111 > 50.930480555556;-43.223888888889 > 4.319166666666667 > 5.3384972222222;Rio de Janeiro;;female;FILE Festival;alta;;Wikidata;alta;FILE;;-22.9014475;-43.1789159;100.0;;;;;"atividade recente documentada; sem evidência de óbito.";;site da artista / FILE Festival;;;alta
Ludolf Bakhuizen;1631;1708;República Neerlandesa;estudos com Allart van Everdingen e Hendrik Dubbels;52.361524688;4.890870311;Emden;Amsterdã;male;https://en.wikipedia.org/wiki/Ludolf_Bakhuizen;média;;Wikidata;alta;MASP;alta;53.370557999;7.205946;100.0;52.361524688;4.890870311;100.0;RKD Research;"local de morte auditado; coordenadas mantidas para a cidade.";alta;;;;
Luigi Benfatto;1551;1611;República de Veneza;formação com Paolo Veronese;45.4408;12.3155;Verona;Veneza;male;https://en.wikipedia.org/wiki/Luigi_Benfatto;média;A formação registrada é em oficina familiar, não em academia formal.;Wikidata;alta;Museu Nacional de Belas Artes;média;45.4383527;10.9917125;100.0;45.434608;12.338913;100.0;National Gallery of Slovenia;"local de morte auditado; coordenadas mantidas para a cidade.";alta;Wikidata > Ulan;Wikidata > Ulan;;alta
Luigi Stalloni;1802;1878;Brasil;Accademia di Belle Arti di Napoli;40.8516;14.2512;;Rio de Janeiro;male;https://pt.wikipedia.org/wiki/Luigi_Stallone;média;O creator está grafado como 'Stalloni', mas a fonte biográfica aberta consultada usa 'Luigi Stallone'.;;;Museu Histórico Nacional;média;;;;-22.9111111111;-43.2055555556;100.0;"Wikipedia (pt); Enciclopédia Itaú Cultural";"local de morte identificado em fontes secundárias; data de morte permanece divergente nas fontes localizadas.";média;Wikipedia / Enciclopédia Itaú Cultural;Wikipedia / Enciclopédia Itaú Cultural;;média
Luis Camnitzer;1937;;Uruguai;Universidad de la República > Akademie der Bildenden Künste München > Pratt Institute;-34.905917 > 48.1536 > 40.691111;-56.191311 > 11.5418 > -73.963889;Lübeck;;male;https://en.wikipedia.org/wiki/Luis_Camnitzer | https://de.wikipedia.org/wiki/Luis_Camnitzer;média;Fontes convergentes registram estudos na Escuela Nacional de Bellas Artes da Universidad de la República, na academia de Munique e posterior aperfeiçoamento no Pratt Institute.;Wikidata;alta;MAC USP;alta;53.866268999;10.683932;100.0;;;;;"atividade recente documentada; sem evidência de óbito.";;;;;
Luis Enrique Silvestre Guerra;1966;;;Instituto Superior de Diseño Industrial > Instituto Superior de Arte (ISA);23.0961 > 23.0961;-82.3717 > -82.3717;Havana, Cuba;;male;https://luisenriquesilvestre.wixsite.com/artist/about | https://www.zapatagallery.com/artists/luis-enrique-silvestre-guerra> https://luisenriquesilvestre.wixsite.com/artist/about;baixa;local de nascimento não localizado em fonte auditável na pesquisa deste lote.;MAC USP;alta;MAC USP;alta;23.1281371;-82.3897195;;;;;;;;Zapata Gallery;;;média
Luis Martinez Pedro;1910;1990;Cuba;Academia de San Alejandro;23.087472;-82.426917;Havana, Cuba;Havana;male;fontes biográficas de referência;média;;https://www.arteinformado.com/guia/f/luis-martinez-pedro-32679;média;MAC USP;média;23.135305;-82.358963;;23.1281371;-82.3897195;100.0;MAC USP;"local de morte auditado; fonte institucional registra Havana.";alta;Wikidata > Ulan;Wikidata > Ulan;;alta
Luis Valdivia;;;Argentina;Folkwang Hochschule > Universität Salzburg > Universität Mozarteum Salzburg > Conservatorio Gilardo Gilardi;51.3875 > 47.79722222222222 > 47.80388889 > -34.899;7.00444 > 13.04805555555556 > 13.04341667 > -57.984;La Plata, Argentina;;male;FILE Festival | ISEA Symposium Archives;alta;Biografia do FILE explicita nascimento em La Plata, Argentina.;FILE Festival (biografia do artista);alta;FILE;;-34.9019125;-57.9511252;;;;;;;;;;;
Luiz Alphonsus;1948;;Brasil;Universidade Federal do Rio de Janeiro (UFRJ);-22.8625;-43.223888888889;Belo Horizonte;;male;fontes biográficas de referência;média;instituição identificada em biografias sumárias;Wikidata;alta;MAC USP;baixa;-19.9181771;-43.9370534;100.0;;;;;"atividade recente documentada; sem evidência de óbito.";;Wikidata;;;alta
Luiz Hermano;1954;;Brasil;Universidade Estadual do Ceará > Escola Técnica Federal do Ceará;-3.7275 > -3.7443675;-38.5275 > -38.5360525;Cascavel, Ceará;;male;https://pt.wikipedia.org/wiki/Luiz_Hermano;média;"Estudou Filosofia na Universidade Estadual do Ceará e cursou Edificações na Escola Técnica Federal do Ceará; os estudos de gravura em metal e desenho foram autodidatas.";https://pt.wikipedia.org/wiki/Luiz_Hermano;alta;MAC USP;média;-4.133;-38.242;100.0;;;;;"atividade recente documentada; sem evidência de óbito.";;Wikidata > Ulan;;;alta
Luiz Martins;1970;;;Centro Universitário Belas Artes;-23.583688;-46.633917;Machacalis, Minas Gerais, Brasil;;male;https://www.galeriabase.com.br/luiz-martins | https://artbluumbrazil.com/luiz-martins/;baixa;As fontes confirmam graduação em artes visuais, sem ano de conclusão.;MAC USP;alta;MAC USP;alta;-17.0723;-40.7184;;;;;;;;galeriabase / Catálogo das Artes;;;média
Luiz Paulo Baravelli;1942;;Brasil;Fundação Armando Álvares Penteado (FAAP) > Faculdade de Arquitetura e Urbanismo da Universidade de São Paulo (FAU-USP);-23.5450155 > -23.56012;-46.6630802 > -46.72985;São Paulo, São Paulo, Brasil;;male;https://enciclopedia.itaucultural.org.br/pessoas/934-luiz-paulo-baravelli | https://www.sp-arte.com/artistas/luiz-paulo-baravelli;alta;Fontes confirmam estudos de desenho e pintura na FAAP e formação em arquitetura na FAU-USP.;https://www.sescsp.org.br/editorial/acervo-em-foco-luiz-paulo-baravelli/;alta;MAC USP;alta;-23.5486657;-46.6382522;;;;;;"atividade recente documentada; sem evidência de óbito.";;Wikidata > Ulan;;;alta
Luiz Rodolfo Annes;1978;;;Escola de Música e Belas Artes do Paraná (EMBAP) > Faculdade de Artes do Paraná > Universidade Tuiuti do Paraná > Universidade Estadual do Paraná (Unespar);-25.4284 > -25.409606 > -25.4427 > -25.409606;-49.2733 > -49.248433 > -49.3244 > -49.248433;Ponta Grossa, PR, Brasil;;male;https://ufpr.br/exposicao-virtual-do-musa-reune-video-interativo-e-desenhos-de-luiz-rodolfo-anne/;alta;"bacharel em Pintura pela EMBAP; especialização na Faculdade de Artes do Paraná; licenciatura em Artes Visuais pela Universidade Tuiuti do Paraná; mestre em Cinema e Artes do Vídeo pela Unespar; doutorado em andamento na UDESC";Prefeitura de Curitiba;alta;Museu Victor Meirelles;média;-25.0994;-50.1583;;;;;;;;Wikidata;;;alta
Luiz Sacilotto;1924;2003;Brasil;Escola Profissional Masculina do Brás > Associação Brasileira de Belas Artes;-23.54504 > -22.91111111111111;-46.61634 > -43.20555555555556;Santo André;São Bernardo do Campo;male;Enciclopédia Itaú Cultural;alta;;Wikidata;alta;MAC USP;alta;-23.6667259;-46.5323593;100.0;-23.694445;-46.565796;100.0;Enciclopédia Itaú Cultural;"local de morte auditado; coordenadas mantidas para o município.";alta;Wikidata > Ulan;Wikidata > Ulan;;alta
Luiza da Fonseca;;;;;;;;;;;;Não foi possível confirmar com segurança a identidade biográfica nem a formação na Escola Nacional de Belas Artes.;;;Museu da Inconfidência;baixa;;;;;;;;;;;;;
Lula Cardoso Ayres;1910;1987;Brasil;Escola Nacional de Belas Artes > formação com Heinrich Moser > aulas com Rodolfo Amoedo > estudos no ateliê de Carlos Chambelland;-22.8625055 >  >  > ;-43.2256622 >  >  > ;Rio Formoso, Pernambuco, Brasil;Recife;male;https://enciclopedia.itaucultural.org.br/pessoas/3400-lula-cardoso-ayres;alta;frequenta informalmente a Enba> também tem aulas de modelo vivo com Rodolfo Amoedo e estuda no ateliê de Carlos Chambelland;https://www.recifeartepublica.com.br/obras/obra/Da-srie-Ciclos-Econmicos-Dcada-de-60-/71;média;MAC USP;média;-8.6636;-35.1628;;-8.0538888889;-34.8808333333;100.0;"Enciclopédia Itaú Cultural; Portal Cultura PE";"local de morte auditado; fonte institucional indica “idem/Recife”.";alta;Wikidata > Ulan;Wikidata > Ulan;;alta
Lustre;;;;;;;;;male;;;nome artístico não desambiguado com segurança;;;FILE;;;;;;;;;;;;;;
Luís Camargo;;;;Faculdade de Arquitetura e Urbanismo e de Design da USP (FAU-USP);-23.56012;-46.72985;São Paulo, São Paulo, Brasil;;;fontes biográficas de referência;média;formação em arquitetura associada à prática escultórica;https://acervo.mac.usp.br/acervo/index.php/Detail/entities/5188;alta;MAC USP;alta;-23.5486657;-46.6382522;;;;;;;;;;;
Luís Maristany de Trias;1885;1964;Brasil;Escola de Belas Artes de Barcelona > estudos com Pedro Borel;41.38302778 >;2.11397222 >;Barcelona;Porto Alegre;male;https://pt.wikipedia.org/wiki/Lu%C3%ADs_Maristany_de_Trias | https://www.ateliermaristany.com/biografia-de-luiz-maristany-de-trias;média;As fontes abertas também mencionam estudos em Madrid e Paris após a formação inicial em Barcelona.;Wikidata;alta;Museu Histórico Nacional;alta;41.387917;2.1699187;100.0;-30.027679;-51.2286404;100.0;Pinacoteca Barão de Santo Ângelo/UFRGS;"local de morte auditado; coordenadas mantidas para o município.";alta;Wikidata;Wikidata;;alta
Luís Teixeira;;;Reino de Portugal;formação artística brasileira;;;;;male;https://enciclopedia.itaucultural.org.br/;alta;Nome muito amplo> mantido registro conservador sem suposição de escola.;;;Museu Histórico Nacional;baixa;;;;;;;;;;;;;
Luísa Ulhoa;;;Estados Unidos;School of Visual Arts;40.73861111;-73.98222222;Estados Unidos;;female;FILE Festival | SVA MFA Visual Narrative;alta;FILE explicita “País de Origem: Estados Unidos”> preenchido em nível de país.;FILE Festival (País de Origem);alta;FILE;;39.398703156;-99.41461919;100.0;;;;;"atividade recente documentada; sem evidência de óbito.";;;;;
Lydia Okumura;1948;;Brasil;Fundação Armando Álvares Penteado (FAAP) > Pratt Graphics Center;-23.5450155 > 40.7359;-46.6630802 > -73.9905;Osvaldo Cruz;;female;https://hallartfoundation.org/exhibitions/253-lydia-okumura/ | https://www.newcitybrazil.com/2017/03/02/geometric-language/;média;"A Hall Art Foundation confirma estudos na FAAP; entrevista com a artista identifica o Pratt Graphics Center, e não o Pratt Institute, como etapa posterior.";Wikidata;alta;MAC USP;alta;-21.7938474;-50.8853292;100.0;;;;;"atividade recente documentada; sem evidência de óbito.";;Wikidata;;;alta
Lygia Clark;1920;1988;Brasil;aprendizado artístico com Roberto Burle Marx > estudos com Fernand Léger, Arpad Szenes e Isaac Dobrinsky;>;>;Belo Horizonte;Rio de Janeiro;female;https://enciclopedia.itaucultural.org.br/pessoas/538-lygia-clark;alta;;Wikidata;alta;MAC USP;alta;-19.9181771;-43.9370534;100.0;-22.9014475;-43.1789159;100.0;MAC USP;"local de morte auditado; coordenadas mantidas para o município.";alta;Ulan;Ulan;;alta
Lynn Bianchi;1944;;Estados Unidos;;;;Pittsburgh, Pensilvânia, Estados Unidos;;female;;;;Dayton Art Institute / Wikipedia;média;FILE;;40.4421676;-79.9949573;100.0;;;;;;;Wikidata;;;alta
Lúcia Suanê;1922;2020;Brasil;;;;Água Preta, Pernambuco, Brasil;São Paulo;female;;;inicia trajetória artística em ateliê compartilhado com Nelson Nóbrega> escola formal não localizada | fontes divergem entre Água Preta e Águas Belas> preenchimento mantido em nível de estado.;https://institutosuane.com/vida;alta;MAC USP;média;-8.7075;-35.5306;;-23.5503944444;-46.6339472222;100.0;MAC USP;"local de morte auditado; fonte institucional registra São Paulo.";alta;https://institutosuane.com/vida;https://institutosuane.com/vida;;alta
M. Braçal;;;;;;;;;;;;"Pintura assinada “M. Braçal”, provavelmente datada de 1932; o nome completo e a identidade biográfica do artista não foram localizados.";;;Museu do Diamante;;;;;;;;;;;;;;
M. Jacques;;;;;;;;;;;;;;;Museu Histórico Nacional;;;;;;;;;;;;;;
M. Sá;;;;;;;;;;;;assinatura abreviada> não foi possível desambiguar com segurança;;;Museu Paulista;;;;;;;;;;;;;;
M.D.;;;;;;;;;;;;assinatura abreviada> não foi possível desambiguar com segurança;;;Museu Casa de Benjamin Constant;;;;;;;;;;;;;;
Mac Cauley;;;Estados Unidos;New York University (NYU) > American Film Institute;40.729591 > 34.1278;-73.996895 > -118.4145;;;male;https://archive.file.org.br/participantes/mac-cauley/;alta;local de nascimento não localizado em fonte auditável;;;FILE;;;;;;;;;;;;;;
Mac Dougall;1925;2003;;;;;;;male;;;;;;Museu Paulista;;;;;;;;;;;Ulan;Ulan;;alta
Macaparana;1952;;;;;;;;male;;;;;;;;;;;;;;;"atividade recente documentada; sem evidência de óbito.";;;;;
Macline;1914;;;;;;Genebra, Suíça;;;;;;Catálogo das Artes;média;MAC USP;;46.204391;6.143158;;;;;;;;Enciclopédia Itaú Cultural;;;alta
Mads Weidner;1989;;Reino da Dinamarca;The Animation Workshop;56.4561;9.40611;Dinamarca;;male;https://archive.file.org.br/participantes/mads-weidner/;alta;FILE explicita “País de Origem: Dinamarca”> preenchido em nível de país.;FILE Festival (País de Origem);alta;FILE;;55.959300779;10.053934054;100.0;;;;;"site profissional recente indica atividade; sem evidência de óbito.";;FILE Festival;;;alta
Magali Melleu Sehn;;;Brasil;Escola de Comunicações e Artes da USP (ECA-USP);-23.55833333;-46.72694444;;;female;https://orcid.org/0000-0002-9215-7747> https://www.escavador.com/sobre/355862/magali-melleu-sehn;média;local de nascimento não localizado em fonte auditável;;;FILE;;;;;;;;;"atividade acadêmica recente em fonte institucional; sem evidência de óbito.";;;;;
Mahmoud Alkhateeb;;;Palestina;;;;Palestina;;;;;;Wikidata;alta;FILE;;31.912719787;35.204684057;100.0;;;;;;;;;;
Manabu Mabe;1910;1997;Brasil;;;;Província de Kumamoto;São Paulo;male;;;artista autodidata> sem escola formal localizada;Wikidata;alta;MAC USP;alta;32.80320492;130.70802355;100.0;-23.5486657;-46.6382522;100.0;Enciclopédia Itaú Cultural;"local de morte auditado; fonte institucional registra São Paulo.";alta;Ulan;Ulan;;alta
Mane-Katz;1894;1962;França;École des Beaux-Arts de Paris > Escola de Belas-Artes de Kiev > estudos em Vilnius;48.853997 > 50.45 > 54.68722222222223;2.333500 > 30.523611111111 > 25.28;Kremenchuk;Tel Aviv;male;https://www.artmajeur.com/mane-katz/pt;média;a trajetória inicial passa por Kiev e Vilnius antes da ida a Paris;Wikidata;alta;MAC USP;média;49.06253;33.40484;100.0;32.0735802;34.7880511;100.0;Ben Uri;"local de morte auditado; fonte biográfica institucional registra Tel-Aviv.";alta;;;;
Manesha Ramesh;;;Índia;New York University Abu Dhabi;24.5239;54.4346;Índia;;female;https://nyuad.io/en/people/manesha-ramesh> https://hackathon.nyuad.nyu.edu/person/manesha-ramesh/;alta;FILE explicita “País de Origem: Índia”> preenchido em nível de país.;FILE Festival (País de Origem);alta;FILE;;20.593684;78.96288;;;;;;"atividade recente em fonte aberta; sem evidência de óbito.";;;;;
Manfredo de Souzanetto;1947;;Brasil;Escola Guignard > Universidade Federal de Minas Gerais (UFMG) > École nationale supérieure Louis-Lumière > École nationale supérieure des Beaux-Arts de Paris > Escola de Belas Artes da UFRJ;-19.9552 > -19.8690878 > 48.92296356586607 > 48.856386 > -22.8625;-43.9202 > -43.9663841 > 2.335396923282255 > 2.335657 > -43.223888888889;Jacinto, Minas Gerais, Brasil;;male;https://www.manfredodesouzanetto.com/sobre;alta;"Na UFMG estudou arquitetura; o site oficial também confirma formação na Louis-Lumière, na École nationale supérieure des Beaux-Arts de Paris e na Escola de Belas Artes da UFRJ.";https://acervo.macrs.rs.gov.br/artistas-macrs/manfredo-de-souzanetto/;alta;MAC USP;alta;-16.1415;-40.2954;;;;;;"site oficial recente indica atividade; sem evidência de óbito.";;Wikidata > Ulan;;;alta
Manoel da Costa Ataíde (atribuição);1762;1830;;;;;;;;;;autoria atribuída/incerta> formação não localizada com segurança;;;Museu da Inconfidência;;;;;;;;;"registro por atribuição; campo mantido em branco para evitar inferência sobre autoria.";;;;;
Manoel de Oliveira Pastana;1888;1984;Brasil;estudos com Theodoro Braga e Francisco Estrada;-1.4549817;-48.502273;Castanhal;Rio de Janeiro;male;https://pt.wikipedia.org/wiki/Manoel_Pastana;média;A fonte aberta registra formação por artistas-mestres em Belém.;Wikidata;alta;Museu Histórico Nacional;média;-1.2971579;-47.9211778;100.0;-22.9014475;-43.1789159;100.0;Enciclopédia Itaú Cultural;"local de morte auditado; fonte institucional registra Rio de Janeiro.";alta;;;;
Manoel Teixeira da Rocha;1863;1941;Brasil;Liceu Imperial de Artes e Ofícios > Academia Imperial de Belas Artes;-22.91111111111111 > -22.9071;-43.20555555555556 > -43.1829;São Miguel dos Campos, AL, Brasil;Rio de Janeiro;male;https://enciclopedia.itaucultural.org.br/pessoas/7402-teixeira-da-rocha;alta;A Enciclopédia Itaú Cultural confirma estudos no Liceu Imperial de Artes e Ofícios e, depois, na Academia Imperial de Belas Artes.;https://enciclopedia.itaucultural.org.br/pessoas/7402-teixeira-da-rocha;alta;Museu Casa da Hera;baixa;-9.7815759;-36.0935689;100.0;-22.9014475;-43.1789159;100.0;Enciclopédia Itaú Cultural;grafia variante auditada a partir do verbete de Manuel Teixeira da Rocha.;alta;Enciclopédia Itaú Cultural;Enciclopédia Itaú Cultural;;alta
Manoel Veiga;1966;;;Escolinha de Arte do Recife > Escola Nacional Superior de Belas-Artes > École du Louvre > workshop em Nova York;-8.0538888888889 > 48.85680555555555 > 48.8627 > 40.71277777777778;-34.880833333333 > 2.333277777777778 > 2.3364 > -74.00611111111111;Recife, Pernambuco, Brasil;;male;https://www.sp.senac.br/sites/artenosenac/Manoel-Veiga_.html | https://www.catalogodasartes.com.br/artista/Manoel%20Veiga/;média;As fontes também mencionam orientação de Gil Vicente entre 1995 e 1997.;site oficial do artista;alta;MAC USP;alta;-8.0551894;-34.871176;;;;;;"site do artista e reportagem recente indicam atividade profissional; sem evidência de óbito.";;galeriabase / Catálogo das Artes;;;média
Manuel Alvarez;1721;1797;Espanha;Real Academia de Bellas Artes de San Fernando;40.4178;-3.7007;Salamanca;Madri;male;https://pt.wikipedia.org/wiki/Manuel_Francisco_%C3%81lvarez | https://www.realacademiabellasartessanfernando.com/;média;nome muito genérico> não foi possível desambiguar com segurança;Wikidata;alta;MAC USP;;40.9701;-5.6635;100.0;40.4166909;-3.7003454;100.0;Museo Nacional del Prado;identificado como Manuel Álvarez de la Peña a partir do local de nascimento e da formação.;alta;Wikipedia / Museo del Prado;Wikipedia / Museo del Prado;;média
Manuel Calvo;1934;2018;Espanha;autodidata;40.418307;-3.696575;Oviedo;Madri;male;https://enciclopedia.itaucultural.org.br/pessoas/7255-manuel-calvo-abad;alta;A Enciclopédia Itaú Cultural o identifica como artista autodidata. As coordenadas preexistentes foram preservadas conforme a regra adotada para casos de autodidatismo.;Wikidata;alta;MAC USP;baixa;43.3602825;-5.8447919;100.0;40.4166909;-3.7003454;100.0;"Geometricae; Wikipedia (es)";"local de morte auditado; fontes secundárias convergem em Madrid.";média;Ulan;Wikipedia / Lanza Digital;;alta
Manuel de Araújo Porto-Alegre;1806;1879;Brasil;Academia Imperial de Belas Artes > École des Beaux-Arts de Paris > ateliê de Antoine-Jean Gros;-22.9071 > 48.853997 > ;-43.1829 > 2.333500 > ;Rio Pardo;Lisboa;male;https://pt.wikipedia.org/wiki/Manuel_de_Ara%C3%BAjo_Porto-Alegre | https://enciclopedia.itaucultural.org.br/pessoas/5436-manuel-de-araujo-porto-alegre;média;As fontes indicam estudos com Jean-Baptiste Debret e Grandjean de Montigny, além de frequência ao ateliê de Antoine-Jean Gros em Paris.;Wikidata;alta;Pinacoteca de São Paulo;alta;-29.9833171;-52.3713228;100.0;38.7070085;-9.1356407;100.0;Academia Brasileira de Letras;"local de morte auditado; fonte institucional registra Lisboa.";alta;Wikidata > Ulan;Wikidata > Ulan;;alta
Manuel Dias de Oliveira;1763;1837;Brasil;formação inicial como ourives > estudos de pintura no Porto > Real Casa Pia > aperfeiçoamento em Roma; > 41.15 > 38.708042 > 41.893056; > -8.610833333333334 > -9.139016 > 12.482778;Cachoeiras de Macacu;Campos dos Goytacazes;male;https://academiabrasileiradeartes.org.br/especial/patrono/manuel-dias-de-oliveira-brasiliense/;alta;As fontes mencionam contato com Domingos Antônio de Sequeira em Lisboa.;Wikidata;alta;Museu Histórico Nacional;média;-22.4619411;-42.6535734;100.0;-21.75227;-41.33044;100.0;Enciclopédia Itaú Cultural;"local de morte auditado; fonte institucional registra Campos dos Goytacazes.";alta;https://academiabrasileiradeartes.org.br/especial/patrono/manuel-dias-de-oliveira-brasiliense/;Wikidata;;alta
Manuel Faria Guimarães;1895;1980;Brasil;Liceu de Artes e Ofícios > Escola Nacional de Belas Artes;-22.91111111111111 > -22.8625055;-43.20555555555556 > -43.2256622;Rio de Janeiro;Rio de Janeiro;male;https://pt.wikipedia.org/wiki/Manuel_Faria_Guimar%C3%A3es | https://www.arrematearte.com.br/artistas/manuel-faria-guimaraes-1895;média;A fonte também nomeia Eurico Alves, João Batista da Costa, Lucílio de Albuquerque e Rodolfo Chambelland como mestres.;Wikidata;alta;Museu Histórico Nacional;alta;-22.9014475;-43.1789159;100.0;-22.9014475;-43.1789159;100.0;"Wikipedia (pt); Arremate Arte";local de morte auditado em fontes secundárias convergentes.;média;Wikidata;Wikidata;;alta
Manuel Lopes Rodrigues;1860;1917;Brasil;Liceu de Artes e Ofícios da Bahia > Academia de Belas Artes da Bahia > Academia Imperial de Belas Artes;-12.98305555555556 > -12.990785 > -22.9071;-38.49277777777777 > -38.524427 > -43.1829;Salvador;Salvador;male;https://pt.wikipedia.org/wiki/Manuel_Lopes_Rodrigues | https://www.catalogodasartes.com.br/artista/Manuel%20Lopes%20Rodrigues/;média;As fontes indicam primeiras lições com o pai João Francisco Lopes Rodrigues e com Miguel Navarro Cañizares.;Wikidata;alta;Museu Histórico Nacional;alta;-12.9641527;-38.5058208;100.0;-12.9641527;-38.5058208;100.0;Enciclopédia Itaú Cultural;"local de morte auditado; fonte institucional registra Salvador.";alta;Wikidata;Wikidata;;alta
Manuel Poluceno Pereira da Silva;;;;Academia Imperial de Belas Artes;-22.9071;-43.1829;;;male;https://repositorio.ufsc.br/handle/123456789/179976 | https://repositorioslatinoamericanos.uchile.cl/handle/2250/1783781;alta;As fontes abertas identificam que estudou na Academia Imperial de Belas-Artes, especializando-se em retrato e pintura de história, mas não trazem cronologia detalhada.;;;Museu Histórico Nacional;média;;;;;;;;;;;;;
Manuel Teixeira da Rocha;1863;1941;Brasil;Liceu Imperial de Artes e Ofícios > Academia Imperial de Belas Artes;-22.91111111111111 > -22.9071;-43.20555555555556 > -43.1829;São Miguel dos Campos;Rio de Janeiro;male;https://www.arrematearte.com.br/artistas/teixeira-da-rocha-1863 | https://enciclopedia.itaucultural.org.br/pessoas/7402-teixeira-da-rocha;alta;;Wikidata;alta;Museu Histórico Nacional;alta;-9.7815759;-36.0935689;100.0;-22.9014475;-43.1789159;100.0;Enciclopédia Itaú Cultural;"local de morte auditado; fonte institucional registra Rio de Janeiro.";alta;Wikidata;Wikidata;;alta
Manuela Cappucci;;;Itália;;;;Itália;;female;;;FILE explicita “País de Origem: Itália”> preenchido em nível de país.;FILE Festival (País de Origem);alta;FILE;;42.83333;12.83333;100.0;;;;;"coletivo Minus.log e FILE indicam atividade recente; sem evidência de óbito.";;;;;
Manuela Naveau;1972;;Áustria;University of Arts Linz;48.3066;14.2857;Linz, Áustria;;female;CV oficial da artista / University of Art and Design Linz;alta;;Kunstuniversität Linz / site oficial;alta;FILE;;48.306089;14.2864367;100.0;;;;;"site oficial e universidade indicam atividade acadêmica recente; sem evidência de óbito.";;Wikidata;;;alta
Maranhense Mello;;;;;;;;;;;;;;;Museu Histórico Nacional;;;;;;;;;"identificação biográfica insuficiente em fonte aberta; local de morte não localizado.";;;;;
Marc Chagall;1887;1985;França;School Yehuda Pen in Vitebsk > escola de Iouri Pen > Zvantseva School of Drawing and Painting;55.183333333333 > 55.183333333333 > 59.95;30.166666666667 > 30.166666666667 > 30.316666666667;Liozna;Saint-Paul-de-Vence;male;https://www.marcchagall.com/en/biography> https://www.marcchagall.com/fr/biographie;média;Educação religiosa inicial (heder) e ensino geral não foram priorizados aqui> foco na formação artística.;Wikidata;alta;MAC USP;alta;55.03097;30.7991779;100.0;43.696875101;7.122200368;100.0;Musée national Marc Chagall;"local de morte auditado; fonte biográfica oficial indica Saint-Paul-de-Vence.";alta;;;;
Marc Lee;1969;;Suíça;Zurich University of the Arts;47.38295;8.5358;Knutwil;;male;https://en.wikipedia.org/wiki/Marc_Lee | https://www.annkakultys.com/artists/marc-lee/;média;;Wikidata;alta;FILE;;47.199360181;8.072418274;100.0;;;;;"site oficial recente indica atividade; sem evidência de óbito.";;site do artista / Roehrs & Boetsch;;;média
Marcel Van Brakel;1970;;Países Baixos;St. Joost School of Art & Design;51.58888888888889;4.775833333333333;Países Baixos;;male;St. Joost Graduation Show — Marcel van Brakel;média;fonte biográfica identifica apenas o país> preenchimento mantido em nível de país.;VML / FILE Festival;média;FILE;;52.249375293;5.616126398;100.0;;;;;"entrevista e FILE indicam atividade recente; sem evidência de óbito.";;FILE Festival;;;alta
Marcell Andristyak;1990;;Hungria;Moholy-Nagy University of Art and Design > Budapest Metropolitan University;47.5171 > 47.50638889;18.9898 > 19.135;Hungria;;male;FILE Festival;alta;FILE explicita “País de Origem: Hungria”> preenchido em nível de país.;FILE Festival (País de Origem);alta;FILE;;47.16708877;19.4245317;100.0;;;;;"site profissional recente indica atividade; sem evidência de óbito.";;Wikidata;;;alta
Marcello Nitsche;1942;2017;Brasil;Fundação Armando Álvares Penteado (FAAP) > Escola Profissional Getúlio Vargas;-23.5450155 > -23.550394444444;-46.6630802 > -46.633947222222;São Paulo;São Paulo;male;https://www.escritoriodearte.com/artista/marcello-nitsche;baixa;na Getúlio Vargas tem formação preparatória> conclui licenciatura em desenho na FAAP;Wikidata;alta;MAC USP;alta;-23.5486657;-46.6382522;100.0;-23.5486657;-46.6382522;100.0;"FUNARTE; Enciclopédia Itaú Cultural";"local de morte auditado; fontes convergem em São Paulo.";alta;Wikidata > Ulan;Wikidata;;alta
Marcelo Bonevardi;1929;1994;Argentina;Escuela Nacional de Bellas Artes Prilidiano Pueyrredón;-34.59472222;-58.39944444;Buenos Aires;Córdoba;male;fontes biográficas de referência;média;instituição identificada em fontes sumárias;Wikidata;alta;MAC USP;baixa;-34.6090264;-58.3732215;100.0;-31.40648;-64.18853;100.0;"Leon Tovar Gallery; Museo Nacional de Bellas Artes (AR)";"local de morte auditado; fontes institucionais convergem em Córdoba.";baixa;Wikidata > Ulan;Wikidata > Ulan;;alta
Marcelo Castro;1850;;Brasil;;;;Brasil;;male;;;Ficha FILE explicita País de Origem.;FILE Archive — ficha de participante;alta;FILE> Museu Casa da Hera;alta;-10.769946429;-53.073466889;;;;;;"FILE e biografia profissional indicam atividade recente; sem evidência de óbito.";;Ulan;;;alta
Marcelo Grassmann;1925;2013;Brasil;Escola Profissional Masculina do Brás;-23.54504;-46.61634;São Simão;São Paulo;male;Núcleo Marcello Grassmann> Escritório de Arte;média;Estuda fundição, mecânica e entalhe em madeira.;Wikidata;alta;MAC USP;alta;-18.9942825;-50.5471599;100.0;-23.5486657;-46.6382522;100.0;Enciclopédia Itaú Cultural;"local de morte auditado; fonte institucional registra São Paulo.";alta;Wikidata > Ulan;Wikidata > Ulan;;alta
Marcia Schvartz;1955;2023;Argentina;Escuela Nacional de Bellas Artes Manuel Belgrano > ateliês de Ricardo Carreira, Aída Carballo, Luis Falcini e Luis Felipe Noé;-34.63486827098634 >;-58.37169270382104 >;Buenos Aires;;female;https://www.marciaschvartz.com/biografia;média;estudos inconclusos na Manuel Belgrano e formação complementar em ateliês;Wikidata;alta;MAC USP;alta;-34.6090264;-58.3732215;100.0;;;;;"site oficial recente indica atividade; sem evidência de óbito.";;Wikidata > Ulan;Arte de la Argentina;;alta
Marcin Giżycki;1951;2022;Polônia;University of Warsaw;52.240280555556;21.019169444444;Varsóvia, Polônia;Varsóvia;male;https://en.wikipedia.org/wiki/Marcin_Gi%C5%BCycki;média;;Wikipedia / IMDb;média;FILE;;52.229827082;21.011731518;100.0;52.229827082;21.011731518;100.0;"nekrologi.wyborcza.pl; PJAIT";"local de morte auditado; obituário e instituição vinculam o falecimento a Varsóvia.";média;;;;
Marco B. Fontichiari;1992;;Estados Unidos;Accademia di Belle Arti di Bologna > Cineteca Bologna > University of California San Diego;44.497811111111 > 44.4988658 > 32.8801;11.353188888889 > 11.3368279 > -117.2340;Deer Park, Estados Unidos;;male;https://file.org.br/videoarte_2018/marco-b-fontichiari/> https://sites.google.com/view/marcofontichiari/cv;alta;fonte não especifica o estado;Collection of Collections;média;FILE;;40.761765;-73.329286;;;;;;"site profissional recente indica atividade; sem evidência de óbito.";;FILE Festival;;;alta
Marco Ferrazza;;;Itália;Sapienza Università di Roma > conservatory in Cagliari > Conservatório de Nápoles;41.903333333333 > 39.216666666667 > 40.83583333333333;12.515833333333 > 9.1166666666667 > 14.24861111111111;Itália;;male;https://conservatoriomantova.com/it/elenco_docenti/ferrazza_marco;média;FILE explicita “País de Origem: Itália”> preenchido em nível de país.;FILE Festival (País de Origem);alta;FILE;;42.83333;12.83333;100.0;;;;;"site oficial recente indica atividade; sem evidência de óbito.";;;;;
Marco Giannotti;1966;;Brasil;Universidade de São Paulo (USP) > Faculdade de Filosofia, Letras e Ciências Humanas da USP (FFLCH-USP) > curso de desenho e gravura em metal com Sérgio Fingermann;-23.5613991 > -23.5613991 >;-46.7307891 > -46.7307891 >;São Paulo, São Paulo, Brasil;;male;https://www.escritoriodearte.com/artista/marco-giannotti;baixa;formação combina filosofia na USP e estudo artístico com Sérgio Fingermann;https://bv.fapesp.br/pt/pesquisador/54773/marco-garaude-giannotti;alta;MAC USP;alta;-23.5486657;-46.6382522;;;;;;"site oficial e universidade indicam atividade profissional recente; sem evidência de óbito.";;Wikidata > Ulan;;;alta
Marco Wey;;;Brasil;;;;Brasil;;male;;;FILE explicita “País de Origem: Brasil”> preenchido em nível de país.;FILE Festival (País de Origem);alta;FILE;;-10.769946429;-53.073466889;100.0;;;;;;;;;;
Marharita Tsikhanovich;1993;;Belarus;Minsk State Fine Art College > University of West Bohemia > Ladislav Sutnar Faculty of Design and Art;53.922383 > 49.7265 > 49.7265;27.595274 > 13.3488 > 13.3488;Minsk, Belarus;;female;FILE Festival;alta;Fonte institucional usa formulação de origem (“artista de Minsk, Bielorrússia”), sem afirmar nascimento.;FILE Festival (biografia do artista);alta;FILE;;53.902472;27.561822;;;;;;"perfil profissional recente indica atividade; sem evidência de óbito.";;Promofest;;;média
Maria Augusta da Costa Carvalho;;;Brasil;estudo de desenho com Presciliano Silva > pintura com Osvaldo Teixeira, Emídio Magalhães, João Medeiros e Paulo Marinho;>;>;Piracicaba;;female;https://www.catalogodasartes.com.br/artista/M.%20Augusta/ | https://www.catalogodasartes.com.br/artista/Maria%20Augusta%20-%20M.Augusta-%20M.%20Augusta%20-%20M%20Augusta/;média;A formação recuperada é por mestres, não por instituição formal nomeada.;Wikidata;alta;Museu Paulista;média;-22.724976;-47.6476;100.0;;;;;óbito não localizado em fonte aberta auditável.;;;;;
Maria Carmen;1935;2014;;estudos de escultura com Humberto Cozzo > curso de desenho com Abelardo da Hora;>;>;Recife, Pernambuco, Brasil;Recife;female;https://enciclopedia.itaucultural.org.br/pessoas/3427-maria-carmen | https://sites.google.com/recife.pe.gov.br/elaspintam-7/as-artistas/1%C2%AA-temporada/maria-carmen;alta;A formação documentada aparece por mestres e cursos livres, não por instituição única.;Revista Continente / RGA;média;MAC USP;média;-8.0551894;-34.871176;;-8.0538888889;-34.8808333333;100.0;"Jornal do Commercio; Rodrigues Galeria";local de morte adotado a partir de fontes secundárias convergentes sobre o falecimento em Recife.;média;Enciclopédia Itaú Cultural;Prefeitura do Recife;;média
Maria Emília Campos;;;Brasil;Escola Guignard;-19.9552;-43.9202;;;female;https://acervoghm.blogspot.com/2015/03/maria-emilia-campos-1980.html;média;;;;Museu Histórico Nacional;alta;;;;;;;;óbito não localizado em fonte aberta auditável.;;;;;
Maria Hsu;1947;;Brasil;;;;Brasil;;female;;;FILE explicita “País de Origem: Brasil”> preenchido em nível de país.;FILE Festival (País de Origem);alta;FILE;;-10.769946429;-53.073466889;100.0;;;;;"atividade recente em fonte aberta; sem evidência de óbito.";;Enciclopédia Itaú Cultural (verbete Ricardo Barreto);;;média
Maria Leontina;1917;1984;Brasil;aulas de desenho com Antônio Covello > estudos de pintura com Waldemar da Costa > ateliê de Bruno Giorgi > Museu Histórico Nacional;-22.90590833 >  >  > -22.90590833;-43.16952222 >  >  > -43.16952222;São Paulo;Rio de Janeiro;female;Enciclopédia Itaú Cultural> Galeria Ipanema;alta;;Wikidata;alta;MAC USP;média;-23.5486657;-46.6382522;100.0;-22.9014475;-43.1789159;100.0;Enciclopédia Itaú Cultural;"local de morte auditado; fonte institucional registra Rio de Janeiro.";alta;Ulan;Ulan;;alta
Maria Luisa Pacheco;1919;1982;Bolívia;Academia de Bellas Artes > Real Academia de Bellas Artes de San Fernando;40.4178 > 40.4178;-3.7007 > -3.7007;La Paz;Nova York;female;https://www.oas.org/artsoftheamericas/maria-luisa-pacheco;média;inicia formação artística em La Paz e continua estudos de pós-graduação em Madri;Wikidata;alta;MAC USP;alta;-16.4977871;-68.1258403;100.0;40.7130466;-74.0072301;100.0;UPI Archives;"local de morte auditado; obituário registra New York.";média;Ulan;Ulan;;alta
Maria Luiza Pompeu;1883;1966;Brasil;estudos com Alfredo Norfini;-22.9073702;-47.0628996;Campinas;Campinas;female;https://pt.wikipedia.org/wiki/Maria_Luiza_Pompeu;média;A fonte recuperada registra o mestre, não uma escola formal.;Wikidata;alta;Museu Paulista;média;-22.9073702;-47.0628996;100.0;-22.9073702;-47.0628996;100.0;Wikipedia (pt);"fontes abertas divergem sobre datas vitais; local de morte converge em Campinas.";média;Wikidata;Wikidata;;alta
Maria Lídia Magliani;1946;2012;Brasil;Universidade Federal do Rio Grande do Sul (UFRGS);-30.033611111111;-51.219166666667;Pelotas;Rio de Janeiro;female;MAC_consolidado_normalized.csv / nationality_applied_dataset.csv;média;dados recuperados de base auxiliar> datas não localizadas;Wikidata;alta;MAC USP;alta;-31.7466131;-52.3353928;100.0;-22.9014475;-43.1789159;100.0;Museu Afro Brasil;"local de morte auditado; fonte institucional registra Rio de Janeiro.";alta;Wikidata;Wikidata;;alta
Maria Polo;1937;1983;;Instituto de Arte de Veneza;45.4287;12.3305;Veneza, Itália;Rio de Janeiro;female;https://enciclopedia.itaucultural.org.br/pessoas/3311-maria-polo | https://en.wikipedia.org/wiki/Accademia_di_Belle_Arti_di_Venezia;média;grafia abreviada no CSV> preenchimento baseado no verbete de Maria Polo.;Enciclopédia Itaú Cultural;alta;;;45.4408;12.3155;;-22.9014475;-43.1789159;100.0;Enciclopédia Itaú Cultural;"local de morte auditado; fonte institucional registra Rio de Janeiro.";alta;UFRGS;UFRGS;;alta
Maria Salomé;1685;1740;;formação artística brasileira;;;;;female;https://www.catalogodasartes.com.br/;média;Nome amplo e fontes abertas insuficientes nesta rodada.;;;Museu Histórico Nacional;baixa;;;;;;;;"identificação biográfica insuficiente em fonte aberta; local de morte não localizado.";;Ulan;Ulan;;alta
Maria Tereza Louro;1963;;Brasil;Fundação Armando Álvares Penteado (FAAP) > Escola de Comunicações e Artes da USP (ECA-USP);-23.5450155 > -23.55833333;-46.6630802 > -46.72694444;São Paulo, São Paulo, Brasil;;female;https://www.escavador.com/sobre/2433848/maria-tereza-figueiredo-das-neves-louro | https://arteref.com/artista-da-semana/conheca-a-arte-de-maria-tereza-louro/;média;A fonte acadêmica recuperada lista graduação, especializações e mestrado.;Enciclopédia Itaú Cultural;alta;MAC USP;alta;-23.5486657;-46.6382522;;;;;;"fonte institucional recente registra artista nascida em 1963; sem evidência de óbito.";;Wikidata;;;alta
Mariam Akbar;;;Bahrein;;;;Bahrein;;;;;FILE explicita “País de Origem: Barém”> preenchido em nível de país.;FILE Festival (País de Origem);alta;FILE;;26.0667;50.5577;;;;;;"atividade recente em FILE e plataforma autoral; sem evidência de óbito.";;;;;
Mariana Manhães;1977;;Brasil;Universidade Federal Fluminense (UFF) > Escola de Artes Visuais do Parque Lage > Universidade Federal do Rio de Janeiro (UFRJ);-22.9032307 > -22.9606 > -22.8625;-43.1165843 > -43.212 > -43.223888888889;Niterói;;female;https://eavparquelage.rj.gov.br/professor/mariana-manhaes | https://www.catalogodasartes.com.br/artista/Mariana%20Manhaes%20%20-%20Mariana%20Manh%EF%BF%BDes%20/;média;A cronologia da formação artística e acadêmica aparece com clareza nas fontes.;Wikidata;alta;MAC USP;alta;-22.8898227;-43.1220775;100.0;;;;;"site oficial recente indica atividade e docência; sem evidência de óbito.";;Wikidata;;;alta
Mariana Palma;1979;;Brasil;Fundação Armando Álvares Penteado (FAAP);-23.5450155;-46.6630802;São Paulo;;female;currículo da artista> Guia das Artes;média;bacharelado em Artes Plásticas;Wikidata;alta;Museu Victor Meirelles;alta;-23.5486657;-46.6382522;100.0;;;;;"site oficial recente e exposição em 2025 indicam atividade; sem evidência de óbito.";;;;;
Mariana Silva da Silva;1978;;Brasil;Instituto de Artes da Universidade Federal do Rio Grande do Sul (UFRGS) > Faculté des Arts, Université de Picardie Jules Verne;-30.0292 > 49.8768;-51.2233 > 2.2646;Porto Alegre, RS, Brasil;;female;MACRS> Escavador;média;bacharel, mestre e doutora em Artes Visuais pela UFRGS> estágio na Université de Picardie Jules Verne> datas não localizadas com segurança;MACRS;alta;Museu Victor Meirelles;média;-30.027679;-51.2286404;;;;;;"fonte institucional recente indica atividade docente; sem evidência de óbito.";;MACRS;;;alta
Marianne Peretti;1927;2022;Brasil;Académie de la Grande Chaumière > École nationale supérieure des arts décoratifs;48.842342 > 48.85666666666667;2.330848 > 2.352222222222222;Paris;Recife;female;https://mauc.ufc.br/pt/marianne-peretti/;média;Fonte institucional confirma as duas escolas em Paris, mas não traz datas precisas do período de estudos.;Wikidata;alta;MAC USP;alta;48.856372814;2.352529617;100.0;-8.0538888889;-34.8808333333;100.0;TRF5;"local de morte auditado; fonte institucional registra Recife.";alta;Wikidata;Wikidata;;alta
Marie Ciesielski;;;França;Supinfocom Rubika;50.35805555555555;3.523333333333333;;;female;FILE Festival;alta;local de nascimento não localizado em fonte auditável;;;FILE;;;;;;;;;participação recente em FILE e circulação autoral sem evidência de óbito.;;;;;
Marija Avramovic;1989;;Sérvia;Faculty of Fine Arts, Belgrade > École des Beaux-Arts de Paris > École nationale supérieure d'art et de design de Nancy;44.81777777777778 > 48.853997 > 48.692777777778;20.45694444444445 > 2.333500 > 6.1836111111111;Belgrado, Sérvia;;female;https://maravramovic.wixsite.com/marijaavramovic/cv> https://novembargallery.com/en/artists/marija-avramovic-3/;baixa;;CV da artista;alta;FILE;;44.817813;20.456897;;;;;;"CV autoral indica nascimento em 1989 e atividade recente; sem evidência de óbito.";;CV da artista / Novembar Gallery;;;média
Marilyn Diggs;1951;;;;;;Tulsa, Oklahoma, Estados Unidos;;female;;;biografia localizada> formação não localizada com segurança;MAC USP;alta;MAC USP;;36.156312;-95.992752;;;;;;"MAC USP registra apenas nascimento; local de morte não localizado em fonte auditável.";;MAC USP;;;alta
Marina Saleme;1958;;Brasil;curso de desenho em Montreaux > Fundação Armando Álvares Penteado (FAAP) > curso de desenho e pintura com Carlos Fajardo;46.435 > -23.5450155 >;6.9125 > -46.6630802 >;São Paulo, São Paulo, Brasil;;female;https://www.luisastrina.com.br/artists/84-marina-saleme/biography/> https://www.escritoriodearte.com/artista/marina-saleme;baixa;combina curso livre, licenciatura e formação complementar;https://marinasaleme.com/cv/;alta;MAC USP;alta;-23.5486657;-46.6382522;;;;;;"CV recente indica atividade profissional; sem evidência de óbito.";;Wikidata;;;alta
Marine Varguy;;;França;Gobelins, l'école de l'image;48.836944444444;2.3536111111111;França;;female;https://www.stashmedia.tv/tag/marine-varguy/;média;FILE explicita “País de Origem: França”> preenchido em nível de país.;FILE Festival (País de Origem);alta;FILE;;46.559417044;2.550539953;100.0;;;;;"portfólio autoral e FILE indicam atividade recente; sem evidência de óbito.";;;;;
Mario Ballocco;1913;2008;Itália;Accademia di Belle Arti di Brera;45.47222222;9.18888889;Milão;Milão;male;https://www.10amart.it/mario-ballocco | https://www.capitoliumart.com/en/artist/ballocco-mario-1913/xar-2984;média;Fontes especializadas convergentes confirmam estudos na Accademia di Belle Arti di Brera com Aldo Carpi.;Wikidata;alta;MAC USP;alta;45.4636183;9.1881156;100.0;45.4636183;9.1881156;100.0;Fondazione Fiera Milano;"local de morte auditado; fonte institucional registra Milano.";alta;Wikidata > Ulan;Wikidata > Ulan;;alta
Mario Faustinelli;1924;2006;Itália;;;;Veneza;Milão;male;;;formação não localizada com segurança;Wikidata;alta;MAC USP;;45.434608;12.338913;100.0;45.4636183;9.1881156;100.0;"Wikipedia (it); IMDb";local de morte auditado em fontes secundárias convergentes.;média;Wikidata;Wikidata;;alta
Mario Mafai;1902;1965;Itália;Scuola Libera del Nudo, Accademia di Belle Arti di Roma;41.9075;12.4756;Roma;Roma;male;https://pt.wikipedia.org/wiki/Mario_Mafai;média;Biografia consultada confirma a frequência à Scuola Libera del Nudo, sem datas precisas nesta passada.;Wikidata;alta;MAC USP;média;41.8905568;12.4942679;100.0;41.8905568;12.4942679;100.0;MAC USP;"local de morte auditado; fonte museológica registra Roma.";alta;Wikidata > Ulan;Wikidata > Ulan;;alta
Mario Sironi;1885;1961;Itália;University of Rome > Scuola Libera del Nudo, Accademia di Belle Arti di Roma;41.9075 > 41.9075;12.4756 > 12.4756;Sassari;Milão;male;https://en.wikipedia.org/wiki/Mario_Sironi;média;A biografia consultada informa estudos de engenharia em Roma e, depois, formação artística na Scuola Libera del Nudo.;Wikidata;alta;MAC USP;média;40.7273106;8.5586705;100.0;45.4636183;9.1881156;100.0;Fondazione Fiera Milano;"local de morte auditado; fonte institucional registra Milano.";alta;Ulan;Ulan;;alta
Mario Toral;1934;;Chile;Escuela Nacional de Bellas Artes de Montevideo > ateliê de Henri-Georges Adam > École des Beaux-Arts de Paris;-34.9011 > 48.8567 > 48.8567;-56.1645 > 2.3522 > 2.3522;Santiago;;male;https://enciclopedia.itaucultural.org.br/pessoas/7349-mario-toral | https://museoralli.es/en/artist/toral-mario-1934-chile/;alta;Fontes institucionais confirmam formação inicial em Montevidéu e aperfeiçoamento em Paris, no ateliê de Henri-Georges Adam e na École des Beaux-Arts.;Wikidata;alta;MAC USP;alta;-33.4459946;-70.6670569;100.0;;;;;"fontes recentes e institucionais indicam atividade; sem evidência de óbito.";;Wikidata > Ulan;;;alta
Mark Lotterman;1984;;Reino dos Países Baixos;;;;Rotterdam;;male;;;;Wikidata;alta;FILE;;51.918323034;4.493749988;100.0;;;;;"homônimos em fontes abertas; identidade do participante não desambiguada com segurança.";;Mediamatic > Wikidata;;"nascimento localizado em fonte biográfica secundária; sem data de morte em fonte consultada";alta
Mark Regester;;;Escócia;;;;Escócia;;male;;;fonte identifica apenas o país de nascimento;FILE Festival;média;FILE;;56.490671;-4.202646;;;;;;"FILE e exposição recente indicam atividade; sem evidência de óbito.";;;;;
Mark Tholander;1988;;Reino da Dinamarca;Jutland Art Academy > Imperial Academy of Arts, St. Petersburg;56.1629 > 59.95;10.2039 > 30.316666666667;Dinamarca;;male;https://currentsnewmedia.org/artist/mark-tholander/> https://archive.simultan.org/authors/mark-tholander/;alta;FILE explicita “País de Origem: Dinamarca”> preenchido em nível de país.;FILE Festival (País de Origem);alta;FILE;;55.959300779;10.053934054;100.0;;;;;"site oficial recente indica atividade; sem evidência de óbito.";;FILE;;"nascimento localizado; sem data de morte em fonte consultada";alta
Markus Magnusson;1988;;Suécia;;;;Suécia;;male;;;FILE explicita “País de Origem: Suécia”> preenchido em nível de país.;FILE Festival (País de Origem);alta;FILE;;64.712585547;17.260487956;100.0;;;;;"perfil recente do artista indica atividade; sem evidência de óbito.";;MutualArt;;"nascimento localizado em base artística secundária; sem data de morte em fonte consultada";média
Marleine van der Werf;1985;;Reino dos Países Baixos;St. Joost School of Art & Design > Dutch Film Academy;51.58888888888889 > 52.368333333333;4.775833333333333 > 4.9047222222222;Groningen;;female;https://filmforward.nl/en/participant/marleine-van-der-werf/> https://www.marleinevdwerf.com/bio-c3jm;média;;Wikidata;alta;FILE;;53.219956308;6.564955801;100.0;;;;;"site oficial recente indica atividade; sem evidência de óbito.";;Wikidata;;;alta
Marta Di Francesco;1978;;;;;;;;female;;;local de nascimento não localizado em fonte auditável;;;FILE;;;;;;;;;"site oficial recente indica atividade docente e artística; sem evidência de óbito.";;;;;
Marta Peluffo;1931;1979;Argentina;Escuela Nacional de Dibujo Manuel Belgrano > Escuela Nacional de Bellas Artes Prilidiano Pueyrredón > Escuela Superior de Bellas Artes da Universidad Nacional de La Plata;-34.5947 > -34.5947 > -34.9214;-58.3994 > -58.3994 > -57.9544;La Plata;Buenos Aires;female;https://elojodelarte.com/biografias/martha-peluffo-ella-y-los-otros | https://cvaa.com.ar/04ingles/04biografias_en/peluffo_en.php;média;Fontes convergentes registram formação nas escolas Manuel Belgrano e Prilidiano Pueyrredón e continuação dos estudos na Universidade Nacional de La Plata.;Wikidata;alta;MAC USP;média;-34.9019125;-57.9511252;100.0;-34.6090264;-58.3732215;100.0;MAC USP;"local de morte auditado; fonte museológica registra Buenos Aires.";alta;Wikidata > Ulan;Wikidata > Ulan;;alta
Martin Calvino;;;Estados Unidos;Universidad de la República > University of Tsukuba > Rutgers University;-34.90591666666667 > 36.10367589575579 > 40.501666666667;-56.19131111111111 > 140.1020979 > -74.448055555556;Uruguai;;male;FILE Festival;alta;fonte identifica apenas o país de nascimento;Seton Hall University exhibition;alta;FILE;;-32.522779;-55.765835;;;;;;"FILE e perfil recente indicam atividade; sem evidência de óbito.";;;;;
Martina Menegon;1988;;Itália;IUAV University of Venice;45.4331;12.3149;Itália;;female;https://ars.electronica.art/export/en/you-know-me-so-well/ | https://www.wikidata.org/wiki/Q112198553;alta;fonte identifica apenas o país de nascimento;Vienna Design Week;média;FILE;;42.83333;12.83333;100.0;;;;;"site oficial recente indica atividade acadêmica e artística; sem evidência de óbito.";;;;;
Martina Scarpelli;1988;;Itália;Accademia di Belle Arti di Brera > Experimental Center of Cinematography in Turin;45.47222222 > 45.0708;9.18888889 > 7.6889;Roma, Lácio, Itália;;female;https://martinascarpelli.com/about> https://www.animazioni.net/martina-scarpelli/;média;;Animaphix;média;FILE;;41.8905568;12.4942679;;;;;;"site oficial recente indica atividade; sem evidência de óbito.";;site oficial de Martina Scarpelli | IMDb;;"nascimento localizado; sem data de morte em fonte consultada";alta
Mary de Souza;;;;formação artística brasileira;;;;;female;https://www.catalogodasartes.com.br/;média;Registro mantido prudente por insuficiência de fonte aberta detalhada.;;;Museu Histórico Nacional;baixa;;;;;;;;"identificação biográfica insuficiente em fonte aberta; local de morte não localizado.";;;;;
María Bilbao-Herrera;;;;The Art Institute of Fort Lauderdale;26.1;-80.122;Caracas;;female;https://archive.file.org.br/participantes/maria-bilbao%C2%B7herrera/;alta;;Wikidata;alta;FILE;;10.48801;-66.87919;100.0;;;;;"fontes recentes indicam atividade artística e educacional; sem evidência de óbito.";;;;;
María Papi;1707;1807;Argentina;Universidad Nacional de las Artes (UNA);-34.59472222;-58.39944444;Argentina;;female;https://www.curatedbygirls.com/maria-papi/> https://filmfreeway.com/mariapapi;média;fonte biográfica identifica apenas o país> preenchimento mantido em nível de país.;FilmFreeway / FILE Festival;média;FILE;;-38.416097;-63.616672;;;;;;"fonte recente de 2026 indica atividade; sem evidência de óbito.";;Ulan;Ulan;;alta
Masahiko Satō;1941;;Japão;University of Tokyo;35.71339;139.76232;Tóquio;;male;https://www.ddddb.online/en/people/masahiko-sato | https://archive.file.org.br/participantes/masahiko-sato/;alta;;Wikidata;alta;FILE;;35.68945633;139.69171609;100.0;;;;;"site oficial vigente e FILE registram atividade; sem evidência de óbito.";;;;;
Masao Kodama;1931;;;;;;Wakayama, Japão;;;;;formação não localizada com segurança;https://acervo.mac.usp.br/acervo/index.php/Detail/entities/5546;alta;MAC USP;alta;34.233459;135.167509;;;;;;"MAC USP registra nascimento; local de morte não localizado em fonte auditável.";;MAC USP;;"nascimento localizado; sem data de morte em fonte consultada";alta
Massimo Campigli;1895;1971;Itália;autodidata;43.77777;11.25951;Berlim;Saint-Tropez;male;https://artcollection.unicredit.eu/artists/74-max-ihlenfeld-known-as-massimo-campigli/ | https://www.guggenheim-venice.it/en/art/artists/massimo-campigli/;alta;"A coleção UniCredit o descreve como pintor autodidata; fontes museológicas não sustentam formação na Universidade de Florença. As coordenadas preexistentes foram preservadas.";Wikidata;alta;MAC USP;baixa;52.517669999;13.405537999;100.0;43.273286531;6.639795945;100.0;Peggy Guggenheim Collection;"local de morte auditado; fonte institucional registra St. Tropez.";alta;Ulan;Ulan;;alta
Massimo Saverio Maida;1972;;Itália;Scuola del Libro, Urbino > School of Cinema Television and New Media Luchino Visconti, Milan;43.7273274 > 45.466944444444;12.6353072 > 9.19;Nápoles, Itália;;male;https://en.almanimatori.com/team/massimo-saverio-maida;média;;site oficial do artista;alta;FILE;;40.8399833;14.2525421;;;;;;"site oficial recente indica atividade profissional; sem evidência de óbito.";;site oficial de Massimo Saverio Maida | FILE;;"nascimento localizado; sem data de morte em fonte consultada";alta
Massimo Vito Avantaggiato;;;Itália;Università Cattolica del Sacro Cuore > SDA Bocconi > Conservatorio Giuseppe Verdi di Milano > Conservatorio Arrigo Boito di Parma;45.466944444444 > 45.44742222222222 > 45.465 > 44.79975;9.19 > 9.18754722222222 > 9.203611111111112 > 10.32475;Itália;;male;https://autori.poetipoesia.com/minisiti-massimo-vito-avantaggiato/> https://www.massimoavantaggiato.com/;média;FILE explicita “País de Origem: Itália”> preenchido em nível de país.;FILE Festival (País de Origem);alta;FILE;;42.83333;12.83333;100.0;;;;;"biografia oficial recente indica atuação docente e artística; sem evidência de óbito.";;;;;
Master of the Bigallo Crucifixion;1150;;;;;;;;male;;;mestre anônimo/identidade incerta> formação não documentada;;;MASP;;;;;;;;;"artista anônimo medieval; identidade não individualizada, sem local de morte verificável.";;Wikidata;;;alta
Matt Hammill;;;Canadá;Sheridan College;43.46888888888889;-79.7;Ontário, Canadá;;male;https://matthammill.com/about/;alta;Fonte institucional usa formulação de origem (“desenvolvedor de jogos e artista de Ontário, Canadá”), sem afirmar nascimento.;FILE Festival (biografia do artista);alta;FILE;;50.000678;-86.000977;;;;;;"site oficial recente indica atividade profissional; sem evidência de óbito.";;;;;
Matthew Schoen;;;Canadá;Montreal Music Conservatory;45.5033426;-73.5868411;Montreal, Canadá;;male;https://avnode.net/matthew-schoen/;alta;Fonte institucional usa formulação de origem (“Sou motion designer e artista 3D de Montreal, Canadá”), sem afirmar nascimento.;FILE Festival (biografia do artista);alta;FILE;;45.508867;-73.554242;100.0;;;;;"festival recente indica que vive e trabalha em Leiden; sem evidência de óbito.";;;;;
Matthew Williamson;1972;;Reino Unido;Central Saint Martins;51.5353;-0.1253;Chorlton-cum-Hardy;;male;https://www.matthewwilliamson.com/about | https://en.wikipedia.org/wiki/Matthew_Williamson;média;;Wikidata;alta;FILE;;53.437935839;-2.269066458;100.0;;;;;"site oficial recente registra atuação profissional e prêmio de 2024; sem evidência de óbito.";;Ulan;;;alta
Matthieu Cherubini;1984;;Suíça;University of Applied Sciences of Western Switzerland > Geneva University of Art and Design (HEAD – Genève) > Royal College of Art;47.361332 > 46.2089 > 51.501388888889;7.345858 > 6.14132 > -0.17888888888889;Suíça;;male;https://www.fact.co.uk/artist/matthieu-cherubini> https://archive.file.org.br/participantes/matthieu-cherubini/;alta;FILE explicita “País de Origem: Suíça”> preenchido em nível de país.;FILE Festival (País de Origem);alta;FILE;;46.818188;8.227512;;;;;;"site oficial recente indica base em Tóquio e projetos em 2026; sem evidência de óbito.";;;;;
Mattia Moreni;1920;1999;Itália;Universidade de Turim;45.069444444444;7.6888888888889;Pavia;Brisighella;male;https://it.wikipedia.org/wiki/Mattia_Moreni;média;instituição identificada> datas não localizadas com precisão;Wikidata;alta;MAC USP;média;45.1858877;9.1565627;100.0;44.2228774;11.7717285;100.0;Treccani;"local de morte auditado; Treccani registra Brisighella.";alta;Wikidata > Ulan;Wikidata > Ulan;;alta
Mauricio Jabur;;;Brasil;ETEC Lauro Gomes;-23.69;-46.54;Brasil;;male;https://www.escavador.com/sobre/840464017/mauricio-aurelio-jabur;média;FILE explicita “País de Origem: Brasil”> preenchido em nível de país.;FILE Festival (País de Origem);alta;FILE;;-10.769946429;-53.073466889;100.0;;;;;"site oficial recente indica atividade profissional; sem evidência de óbito.";;;;;
Mauricio Sáenz;1977;;México;Universitat Politècnica de València;39.48088957948802;-0.3411099306510339;Matamoros, México;;male;https://archive.file.org.br/participantes/mauricio-saenz/> https://proyector.info/en/profile/mauricio-saenz/;alta;;Casa Tomada;média;FILE;;25.879723;-97.504257;;;;;;"biografia de festival registra nomeações recentes; sem evidência de óbito.";;FILE;;"nascimento localizado; sem data de morte em fonte consultada";alta
Maurício Chades;1991;;Brasil;Universidade de Brasília (UnB) > School of the Art Institute of Chicago (SAIC);-15.76138888888889 > 41.879444444444;-47.86638888888889 > -87.623888888889;Gilbués, Piauí, Brasil;;male;https://www.mauriciochades.com/> https://www.premiopipa.com/mauricio-chades/;média;;site oficial do artista;alta;FILE;;-9.8317;-45.3436;;;;;;"site oficial e Prêmio PIPA 2024 indicam atividade; sem evidência de óbito.";;Videobrasil | site oficial de Maurício Chades;;"nascimento localizado; sem data de morte em fonte consultada";alta
Maurício Nogueira Lima;1930;1999;Brasil;Instituto de Belas Artes do Rio Grande do Sul > Instituto de Arte Contemporânea do MASP > Universidade Presbiteriana Mackenzie > Escola Superior de Propaganda (MASP);-30.0292 > -23.56111111111111 > -23.546111 > -23.56111111111111;-51.2233 > -46.65583333333333 > -46.651667 > -46.65583333333333;Recife;Campinas;male;https://mauricionogueiralima.com.br/o-artista.html#cronologia;alta;A cronologia oficial confirma estudos no Instituto de Belas Artes do Rio Grande do Sul, no Instituto de Arte Contemporânea do MASP, na Universidade Presbiteriana Mackenzie e na Escola Superior de Propaganda (MASP).;Wikidata;alta;MAC USP;alta;-8.0551894;-34.871176;100.0;-22.9073702;-47.0628996;100.0;MAC USP;"local de morte auditado; fonte museológica registra Campinas (São Paulo).";alta;Wikidata > Ulan;Wikidata > Ulan;;alta
Max Björverud;;;Suécia;;;;Suécia;;male;;;FILE explicita “País de Origem: Suécia”> preenchido em nível de país.;FILE Festival (País de Origem);alta;FILE;;64.712585547;17.260487956;100.0;;;;;"canal e site autorais recentes indicam atividade; sem evidência de óbito.";;;;;
Max Cooper;1980;;Reino Unido;University of Nottingham;52.93888888888889;-1.1969444444444444;Belfast;;male;https://en.wikipedia.org/wiki/Max_Cooper_%28music_producer%29;média;;Wikidata;alta;FILE;;54.5972686;-5.9301088;100.0;;;;;"site oficial recente indica lançamentos e projetos em curso; sem evidência de óbito.";;;;;
Max Ernst;1891;1976;Cuba;University of Bonn;50.733888888889;7.1022222222222;Brühl;Paris;male;Britannica> biografia institucional;alta;estudos universitários antes da consolidação artística;Wikidata;alta;MAC USP;alta;50.829489999;6.902458;100.0;48.856372814;2.352529617;83.21;Britannica;"registro anterior normalizado de 7th arrondissement of Paris para Paris; Britannica registra Paris.";alta;Wikidata;Wikidata;;alta
Max Hilsamer;;;Alemanha;Universität der Künste Berlin (UdK Berlin) > Parsons School of Design;52.50916666666667 > 40.735357;13.32694444444444 > -73.994533;;;male;https://archive.file.org.br/participantes/max-hilsamer/> https://screen-sharing.net/Max-Hilsamer;alta;Lote 8 pesquisado> sem fonte auditável suficiente para local de nascimento.;;;FILE;;;;;;;;;"site oficial vigente indica atividade profissional; sem evidência de óbito.";;;;;
Max Porter;1981;;Estados Unidos;Netherlands Institute for Animated Film > Rhode Island School of Design;52.36666666666667 > 41.825833333333;4.883333333333333 > -71.407777777778;Nova York;;male;CV de Max Porter — Baker Artist Portfolio;média;;Wikidata;alta;FILE;;40.7130466;-74.0072301;100.0;;;;;"perfil docente recente indica atividade profissional; sem evidência de óbito.";;;;;
Max van der Ree;;;Reino dos Países Baixos;HKU University of the Arts Utrecht > Utrecht University;52.09303055555556 > 52.085277777777776;5.121088888888889 > 5.175;Países Baixos;;male;https://ercsynergy-resilience.eu/max-van-der-ree/> https://archive.file.org.br/participantes/max-van-der-ree/;alta;FILE explicita “País de Origem: Países Baixos / Holanda”> preenchido em nível de país.;FILE Festival (País de Origem);alta;FILE;;52.249375293;5.616126398;100.0;;;;;"perfil institucional recente indica vínculo acadêmico; sem evidência de óbito.";;;;;
Maxim Zhestkov;1985;;Rússia;Ulyanovsk State University;54.311623;48.389972;Ulyanovsk, Rússia;;male;FILE Festival | Artsy;alta;;Wikipedia;média;FILE;;54.3187042;48.3976353;100.0;;;;;"site oficial recente e publicação de 2026 indicam atividade; sem evidência de óbito.";;Wikidata;;;alta
Maxime Archambault;;;Canadá;;;;Montreal, Canadá;;male;;;Fonte institucional usa formulação de origem (“de Montreal, Canadá”), sem afirmar nascimento. | evidência explícita por pronomes em depoimento publicado no site oficial;FILE Festival (biografia do artista);alta;FILE;;45.508867;-73.554242;100.0;;;;;"portfólio recente indica atividade profissional; sem evidência de óbito.";;;;;
Maximiliano Scholze;1860;1914;Brasil;formação acadêmica alemã;;;;;male;https://www.wikidata.org/wiki/Q116444293;alta;Registro conservador com fonte aberta estruturada, sem detalhe cronológico suficiente.;;;Museu Paulista;baixa;;;;;;;;fontes abertas confirmam autoria e datas vitais, mas não local de morte auditável.;;Wikidata;Wikidata;;alta
Maya Puig;1981;;Alemanha;;;;Berlim Ocidental, Alemanha;;female;;;;site oficial da artista;alta;FILE;;52.517037;13.38886;;;;;;"site oficial recente indica atividade como coach e facilitadora; sem evidência de óbito.";;;;;
Mehdi Aouichaoui;;;França;Supinfocom Rubika;50.35805555555555;3.523333333333333;;;male;https://rubika-edu.com/blog/mehdi-aouichaoui-diplome-2015-interviewe-par-allocine-pour-dragon-balsuper-broly/> https://www.allocine.fr/article/fichearticle_gen_carticle=18681154.html;média;Lote 8 pesquisado> sem fonte auditável suficiente para local de nascimento.;;;FILE;;;;;;;;;"fonte institucional recente e agenda pública de 2026 indicam atividade; sem evidência de óbito.";;;;;
Meike Redeker;;;Alemanha;Braunschweig University of Art > Institut Teknologi Bandung;52.2575 > -6.889852;10.50166667 > 107.609968;Alemanha;;female;https://meikeredeker.info/About> https://www.goethe.de/ins/in/en/sta/ban/ueb/bar/red.html;média;FILE explicita “País de Origem: Alemanha”> preenchido em nível de país.;FILE Festival (País de Origem);alta;FILE;;51.110631049;10.392277932;100.0;;;;;"site oficial recente indica atividade artística e docente; sem evidência de óbito.";;;;;
Mengjing Yang;;;;Supinfocom Rubika;50.35805555555555;3.523333333333333;;;;FILE Festival;alta;Lote 8 pesquisado> sem fonte auditável suficiente para local de nascimento.;;;FILE;;;;;;;;;"registro profissional recente consultado não informa óbito; local de morte não localizado.";;;;;
Mentalla Sayed;;;Emirados Árabes Unidos;American University of Sharjah;25.309722;55.490556;Emirados Árabes Unidos;;female;https://archive.file.org.br/participantes/mentalla-sayed/> https://www.middleeastarchitect.com/insight/tashkeel-presents-four-emerging-uae-based-designers;alta;FILE explicita “País de Origem: Emirados Árabes Unidos”> preenchido em nível de país.;FILE Festival (País de Origem);alta;FILE;;23.424076;53.847818;;;;;;"site institucional recente indica atuação em Dubai; sem evidência de óbito.";;;;;
Merlin Flügel;1987;;Alemanha;University of Art and Design Offenbach;50.1075;8.76472222;Naila, Alemanha;;male;FILE Festival;alta;;FILE Festival / Folkwang Universität;alta;FILE;;50.330342999;11.706880999;100.0;;;;;"site oficial recente indica atividade artística e docente; sem evidência de óbito.";;Wikidata;;;alta
Mestre da Família Artés;;;;oficina catalã medieval;41.3825;2.1769444444444;;;male;https://www.museodelprado.es/;alta;Trata-se de nome de convenção histórica, não de artista civil identificado> registrei apenas a tradição/oficina.;;;MASP;baixa;;;;;;;;"artista anônimo; identidade não individualizada, sem local de morte verificável.";;;;;
Miao Jing;1985;;República Popular da China;Peking University;39.989722222222;116.30527777778;Chongqing, China;;male;https://www.wikidata.org/wiki/Q61088692 | https://jinglab.cibr.ac.cn/People/PrincipalInvestigator/78c118907a3e45bab6b08669d3af4403.htm;alta;;site oficial do artista / A4 Art Museum;alta;FILE;;29.56026;106.55771;100.0;;;;;"biografia institucional recente indica atuação entre Xangai, Pequim e Nova York; sem evidência de óbito.";;MutualArt;;"nascimento localizado em base artística secundária; sem data de morte em fonte consultada";média
Michael Grotenhoff;1970;;;;;;Ahaus, Vestfália, Alemanha;;male;;;;ApolloFilm;alta;FILE;;52.076849;7.010692;;;;;;"biografia institucional vigente registra atuação profissional; sem evidência de óbito.";;ApolloFilm;;"nascimento localizado; sem data de morte em fonte consultada";alta
Michael Lee;;;;;;;Singapura;;male;;;;4A Centre for Contemporary Asian Art;alta;FILE;;1.352083;103.819836;;;;;;"galeria recente indica atuação entre Berlim e Singapura; sem evidência de óbito.";;;;;
Michael Marczewski;;;Reino Unido;;;;Reino Unido;;male;;;FILE explicita “País de Origem: Reino Unido”> preenchido em nível de país.;FILE Festival (País de Origem);alta;FILE;;53.408386605;-1.969559544;100.0;;;;;"site oficial recente indica atividade como diretor e animador; sem evidência de óbito.";;;;;
Michael Takeo Magruder;1974;;Estados Unidos;University of Virginia;38.035555555555554;-78.50333333333333;Estados Unidos;;male;CV oficial / FILE Festival;alta;;CV oficial / Ben Uri Research Unit;média;FILE;;39.398703156;-99.41461919;100.0;;;;;"site oficial recente registra projetos e produção continuada; sem evidência de óbito.";;Wikidata;;;alta
Michael Trikosko;;;Estados Unidos;Ringling College of Art and Design;27.3607;-82.5481;Estados Unidos;;male;https://zerply.com/MTrikosko/converse?ref=public-profile | https://www.andrewwilson.org/shortfilm;média;Ficha FILE explicita País de Origem.;FILE Archive — ficha de participante;alta;FILE;alta;39.398703156;-99.41461919;;;;;;"currículo profissional recente indica atividade em Vancouver; sem evidência de óbito.";;;;;
Michaela Čopíková;1984;;Eslováquia;Academy of Performing Arts in Bratislava;48.14388889;17.10972222;Bratislava, Eslováquia;;female;https://archiv.anifilm.cz/2020/en/program/jury-programme/non-competitive-sections/jury-programme-michaela-copikova-ove-pictures/;alta;Biografia diz “artista ... da Bratislava”> local usado com base em formulação equivalente a “é de”.;FILE Archive — biografia de participante;alta;FILE;baixa;48.151699;17.109306;;;;;;"site oficial do estúdio indica atividade contínua; sem evidência de óbito.";;ČSFD.sk | Premiers Plans Angers;;"nascimento localizado em fontes secundárias coerentes; sem data de morte em fonte consultada";média
Michaël Verlinden;;;;Ghent Royal Conservatory;51.03319;3.742218;;;male;https://ap-arts.be/en/person/michael-verlinden;média;local de nascimento não localizado em fonte auditável;;;FILE;;;;;;;;;"perfil institucional recente indica atuação como compositor e produtor; sem evidência de óbito.";;;;;
Michele Rocca;1670;1760;República de Veneza;formação com Pietro da Cortona >;44.8078212 > 41.893055555556;10.3296266 > 12.482777777778;Parma;Veneza;male;https://en.wikipedia.org/wiki/Michele_Rocca;média;Registro mantido de forma conservadora por escassez de cronologia detalhada.;Wikidata;alta;MASP;baixa;44.8078212;10.3296266;100.0;45.434608;12.338913;100.0;MASP;"local de morte auditado; MASP registra Veneza.";alta;Ulan;Ulan;;alta
Mick Carnicelli;1893;1967;;Universidade Presbiteriana Mackenzie > Accademia di Belle Arti di Venezia > estudos com Ettore Tito;-23.547 > 45.4286 > ;-46.652 > 12.3305 > ;Agropoli, Campânia, Itália;São Paulo;male;https://enciclopedia.itaucultural.org.br/pessoas/7380-mick-carnicelli | https://www.escritoriodearte.com/artista/michele-carnicelli-sobrinho;alta;A fonte menciona curso comercial no Mackenzie e estudos de pintura em Veneza.;https://acervo.mac.usp.br/acervo/index.php/Detail/entities/5198;alta;MAC USP;alta;40.3492;14.9907;;-23.5486657;-46.6382522;;MAC USP;"local de morte auditado; fonte museológica registra São Paulo.";alta;Wikidata > Ulan;Wikidata > Ulan;;alta
Mick Lorusso;;;Estados Unidos;Colorado College > San Francisco Art Institute;38.848611 > 37.8035;-104.825 > -122.417;Estados Unidos;;male;UCLA Art | Sci Center + Lab;média;fonte biográfica identifica apenas o país> preenchimento mantido em nível de país.;ARTTEXTUM;média;FILE;;39.398703156;-99.41461919;100.0;;;;;"site oficial recente indica atividade artística e docente; sem evidência de óbito.";;;;;
Miguel Angel Ferreira;1950;;;Escuela Nacional de Bellas Artes Manuel Belgrano;-34.63486827098634;-58.37169270382104;Buenos Aires, Argentina;;;https://artedelaargentina.com/disciplinas/artista/pintura/miguel-angel-ferreira | https://www.arteinformado.com/guia/f/miguel-angel-ferreira-48197;alta;As fontes confirmam a escola, mas não trazem cronologia detalhada.;Arte de la Argentina;média;MAC USP;média;-34.6090264;-58.3732215;100.0;;;;;"plataforma de artista atualizada em 2026 registra docência e exposições; sem evidência de óbito.";;ARTEINFORMADO;;"nascimento localizado em base de dados de arte; sem data de morte em fonte consultada";média
Miguel Melcon;1940;;;;;;Buenos Aires, Argentina;;male;;;biografia localizada> formação não localizada com segurança;Arte de la Argentina / Blanton Museum;alta;MAC USP;;-34.6090264;-58.3732215;100.0;;;;;;;Wikidata;;;alta
Miguel Navarro Cañizares;1840;1913;Espanha;Reial Acadèmia de Belles Arts de Sant Carles de València > Escola de Belas Artes de São Carlos de Valência > Escola de São Fernando > ateliê de Federico de Madrazo y Kuntz;39.445 > 39.47 > 40.4178 > ;-0.389444 > -0.3763888888888889 > -3.7007 > ;Valencia;Rio de Janeiro;male;https://pt.wikipedia.org/wiki/Miguel_Navarro_Ca%C3%B1izares;média;;Wikidata;alta;Museu Histórico Nacional;alta;39.4702393;-0.3768049;100.0;-22.9014475;-43.1789159;100.0;Museo del Prado;"local de morte auditado; fonte museológica registra Rio de Janeiro.";alta;Wikidata > Ulan;Wikidata > Ulan;;alta
Miguel Ângelo Lupi;1826;1883;Reino de Portugal;Academia de Belas-Artes de Lisboa;38.708042;-9.139016;Lisboa;Lisboa;male;https://pt.wikipedia.org/wiki/Miguel_Lupi | https://www.infopedia.pt/artigos/%24miguel-angelo-lupi;média;;Wikidata;alta;Museu Nacional de Belas Artes;alta;38.7070085;-9.1356407;100.0;38.7070085;-9.1356407;100.0;ArqNet;"local de morte auditado; fonte biográfica registra Lisboa.";alta;Wikidata > Ulan;Wikidata > Ulan;;alta
Miguelzinho Dutra;1812;1875;Brasil;autodidata;;;Itu;Piracicaba;male;https://pt.wikipedia.org/wiki/Miguel_Arcanjo_Ben%C3%ADcio_de_Assun%C3%A7%C3%A3o_Dutra | https://enciclopedia.itaucultural.org.br/pessoas/2334-miguelzinho-dutra;média;As fontes consultadas descrevem a formação como autodidata.;Wikidata;alta;Pinacoteca de São Paulo;média;-23.265697;-47.299124;100.0;-22.724976;-47.6476;100.0;USP;"local de morte auditado; fonte acadêmica registra Piracicaba.";alta;Wikidata > Ulan;Wikidata > Ulan;;alta
Mike Celona;1982;;;Syracuse University;43.037638888889;-76.134;Rochester, Nova York, Estados Unidos;;male;https://mikecelona.net/bio-cv/> https://archive.file.org.br/participantes/mike-celona/;alta;;VIP interview / site oficial do artista;alta;FILE;;43.157285;-77.615214;;;;;;"site oficial recente indica atividade artística e tecnológica; sem evidência de óbito.";;Simultan archive | site oficial de Mike Celona;;"nascimento localizado em fonte biográfica secundária; sem data de morte em fonte consultada";média
Mike Gao (Musician);;;;University of Southern California (USC) > Stanford University > University of California San Diego;34.021667 > 37.4275 > 32.8801;-118.285278 > -122.17 > -117.2340;Los Angeles, Estados Unidos;;male;https://musicgrad.ucsd.edu/~mmgao/> https://asianamericanmusics17.wordpress.com/2017/05/01/mike-gao-ivory-tower-education-dtla-beats/;baixa;fonte descreve o artista como “from Los Angeles”> usado com baixa confiança.;site oficial do artista;alta;FILE;;34.053691;-118.242766;;;;;;"site oficial recente indica atividade profissional na música e tecnologia; sem evidência de óbito.";;;;;
Mike Pelletier;1978;;Canadá;Piet Zwart Institute;51.95;4.4166666666667;Prince Albert, Saskatchewan, Canadá;;male;site oficial de Mike Pelletier | FILE Festival;alta;;Highlike / site oficial do artista;alta;FILE;;53.20335;-105.75307;;;;;;"site oficial recente indica atividade artística; sem evidência de óbito.";;FILE;;"nascimento localizado; sem data de morte em fonte consultada";alta
Mike Rijnierse;1974;;Países Baixos;ArtScience Interfaculty > Royal Academy of Art, The Hague (KABK) > Royal Conservatoire, The Hague;52.08 > 52.08161111111111 > 52.0809;4.31 > 4.319166666666667 > 4.3249;Haarlem, Países Baixos;;male;highlike — Mike Rijnierse;média;;Highlike / CV do artista;média;FILE;;52.381044553;4.642828229;;;;;;"site oficial recente indica atividade profissional e mentoria; sem evidência de óbito.";;Haagse Kunstenaars;;"nascimento localizado; sem data de morte em fonte consultada";alta
Mike von Rotz;;;Países Baixos;Utrecht University of the Arts (HKU);52.0957532;5.1115386;;;male;FILE Festival — Mike von Rotz;alta;local de nascimento não localizado em fonte auditável;;;FILE;;;;;;;;;"registro profissional recente indica atividade em efeitos visuais; sem evidência de óbito.";;;;;
Miki Del Prete;1935;;Itália;;;;Bari;;male;;;;Wikidata;alta;FILE;;41.1259135;16.8721133;100.0;;;;;não localizei fonte institucional ou biográfica robusta que confirme local de morte.;;Wikidata;;;alta
Mikkel Vedel;;;Reino da Dinamarca;The Animation Workshop;56.4561;9.40611;Odense, Dinamarca;;male;blog/showreel de Mikkel Vedel;média;;IMDb;média;FILE;;55.403756;10.40237;;;;;;"biografia de festival identifica atividade artística/estudantil; sem evidência de óbito.";;;;;
Milan Zulic;1972;;Sérvia;;;;Sombor, Sérvia;;male;;;;FILE Festival;média;FILE;;45.773313;19.11311;;;;;;"site oficial recente registra exposições em 2025; sem evidência de óbito.";;site oficial de Milan Zulic | FILE;;"nascimento localizado; sem data de morte em fonte consultada";alta
Milton Dacosta;1915;1988;Brasil;ateliê de August Hantv > Escola Nacional de Belas Artes; > -22.8625055; > -43.2256622;Niterói;Rio de Janeiro;male;Itaú Cultural> Guia das Artes;média;Frequenta por cerca de três meses o curso livre da Enba em 1930.;Wikidata;alta;MAC USP;alta;-22.8898227;-43.1220775;100.0;-22.9014475;-43.1789159;100.0;Itaú Cultural;"local de morte auditado; fonte institucional registra Rio de Janeiro.";alta;Wikidata > Ulan;Wikidata > Ulan;;alta
Min Liu;;;;National Taiwan University > School of Visual Arts;25.016 > 40.73861111;121.536 > -73.98222222;Taiwan;;female;site oficial da artista | FILE Festival;alta;fonte biográfica identifica apenas o país> preenchimento mantido em nível de país.;FILE Festival;média;FILE;;23.69781;120.960515;;;;;;"site oficial recente indica atividade profissional em animação e direção de arte; sem evidência de óbito.";;;;;
Minoru Kawabata;1911;2001;Japão;Tokyo University of the Arts > Tokyo Academy of Fine Arts;35.7195782 > 35.68944444444445;139.7726862 > 139.6916666666667;Tóquio;;male;https://www.alisonbradleyprojects.com/artists/41-minoru-kawabata/biography/;alta;;Wikidata;alta;MAC USP;alta;35.68945633;139.69171609;100.0;;;;;instituição consultada confirma o ano de falecimento, mas não localizei local de morte em fonte robusta.;;Wikidata > Ulan;Wikidata > Ulan;;alta
Mira Schendel;1919;1988;Brasil;Università Cattolica del Sacro Cuore > escola de arte não especificada;45.466944444444 >;9.19 >;Zurique;São Paulo;female;https://enciclopedia.itaucultural.org.br/pessoas/708-mira-schendel> https://pt.wikipedia.org/wiki/Mira_Schendel;média;instituição artística em Milão não especificada na fonte consultada;Wikidata;alta;MAC USP;baixa;47.38454096;8.529927493;100.0;-23.5486657;-46.6382522;100.0;Itaú Cultural;"local de morte auditado; fonte institucional registra São Paulo.";alta;Wikidata > Ulan;Wikidata > Ulan;;alta
Mirjam Weder;;;Suíça;Universität Zürich > Universität Basel;47.374722222222 > 47.55852;8.5483333333333 > 7.58346;Suíça;;female;Universität Basel — perfil de Mirjam Weder;média;Ficha FILE explicita País de Origem.;FILE Archive — ficha de participante;alta;FILE;alta;46.818188;8.227512;;;;;;"página universitária recente indica atividade docente; sem evidência de óbito.";;;;;
Miro Soares;1981;;Brasil;École Supérieure d’Art de Grenoble > Université Paris 1 Panthéon-Sorbonne;45.1867 > 48.85666666666667;5.72657 > 2.352222222222222;Mantena, Minas Gerais, Brasil;;male;perfil acadêmico de Miro Soares (UFES/Academia.edu);baixa;;FILE Festival;alta;FILE;;-18.7767;-40.9869;;;;;;registros profissionais consultados não permitem confirmar local de morte com segurança.;;FILE;;"nascimento localizado; sem data de morte em fonte consultada";alta
Mladen Srbinović;1925;2009;Iugoslávia;Academy of Fine Arts, Belgrade;44.819524;20.453494;Sushica;Belgrado;male;https://en.wikipedia.org/wiki/Mladen_Srbinovi%C4%87;média;A fonte identificável confirma graduação na Art Academy de Belgrado em 1951.;Wikidata;alta;MAC USP;média;57.6175411;31.0548933;100.0;44.80401;20.46513;;SANU;"local de morte auditado; fonte institucional registra Belgrado.";alta;;;;
Mme. A. Deharmel;;;;;;;;;female;;;;;;Museu Histórico Nacional;;;;;;;;;registro de autoridade identifica a autora, mas não traz dados biográficos suficientes para auditar local de morte.;;;;;
Moacyr de Vicentis Rocha;1929;2000;;Estúdio Gravura, escola de Lívio Abramo;-23.550394444444;-46.633947222222;São Paulo, SP, Brasil;;;https://revistas.belasartes.br/revistabelasartes/article/view/263 | https://livrozilla.com/doc/412295/zita-viana-de-barros-e-moacyr-de-vicentis-rocha | https://www.academia.edu/26758427/ZITA_VIANA_DE_BARROS_E_MOACYR_DE_VICENTIS_ROCHA_A_PRODU%C3%87%C3%83O_SOB_A_INFLU%C3%8ANCIA_DE_L%C3%8DVIO_ABRAMO;alta;;MAC USP;alta;MAC USP;alta;-23.5486657;-46.6382522;;;;;;fontes consultadas confirmam a data de falecimento, mas não localizei local de morte auditável.;;Revista Belas Artes;Revista Belas Artes;datas confirmadas em artigo acadêmico sobre a produção do artista;alta
Modesto Brocos Gómez;1852;1936;Espanha;Academia de Belas Artes da Corunha > Academia Imperial de Belas Artes;43.37385694021591 > -22.9071;-8.400027032341967 > -43.1829;Santiago de Compostela;Rio de Janeiro;male;https://pt.wikipedia.org/wiki/Modesto_Brocos | https://www.catalogodasartes.com.br/artista/Modesto%20Brocos%20-%20Modesto%20Brocos%20y%20Gomez/;média;A formação inicial inclui desenho com o irmão Isidoro Brocos y Gómez.;Wikidata;alta;Museu Nacional de Belas Artes;alta;42.8806228;-8.5466071;100.0;-22.9014475;-43.1789159;100.0;Itaú Cultural;"local de morte auditado; fonte institucional registra Rio de Janeiro.";alta;Wikidata;Wikidata;;alta
Modesto Cuixart;1925;2007;Espanha;Acadèmia Lliure de Pintura de Barcelona;41.3825;2.1769444444444;Barcelona;Palamós;male;https://es.wikipedia.org/wiki/Modest_Cuixart;média;Biografia confirma academia livre em Barcelona e frequência universitária em Paris, sem detalhar a instituição parisiense.;Wikidata;alta;MAC USP;baixa;41.387917;2.1699187;100.0;41.84674675;3.12865803;100.0;https://www.wikiart.org/pt/modest-cuixart;"Local de morte corrigido para Palamós; Palafrugell é a sede da Fundação Cuixart.";alta;Wikidata > Ulan;Wikidata;;alta
Moisés Patrício;1984;;Brasil;Escola de Comunicações e Artes da USP (ECA-USP);-23.55833333;-46.72694444;São Paulo, São Paulo, Brasil;;male;https://galeriaestacao.com.br/documents/portfolio_100_df714-portfolio-moises-patricio-%28portugues%29-.pdf | https://amlatina.contemporaryand.com/pt/people/moises-patricio/0/ | https://acervo.macrs.rs.gov.br/artistas-macrs/moises-patricio/;alta;As fontes consultadas confirmam a formação na ECA-USP, mas não trazem cronologia detalhada.;https://enciclopedia.itaucultural.org.br/pessoas/37362-moises-patricio;alta;MAC USP;alta;-23.5486657;-46.6382522;;;;;;"fontes institucionais recentes indicam atividade artística; sem evidência de óbito.";;;;;
Monica Manalo;;;Estados Unidos;School of Visual Arts;40.73861111;-73.98222222;;;female;currículo de Monica Manalo;média;local de nascimento não localizado em fonte auditável;;;FILE;;;;;;;;;"site oficial recente indica atividade artística; sem evidência de óbito.";;;;;
Montez Magno;1934;2023;Brasil;;;;Timbaúba, Pernambuco, Brasil;Recife;male;;;a fonte registra estudos de desenho e pintura, mas não nomeia com segurança a instituição;https://galatea.art/artists/24?language=pt;média;MAC USP;média;-7.5051;-35.3182;;-8.0538888889;-34.8808333333;;Itaú Cultural;"local de morte auditado; fonte institucional registra Recife.";alta;Ulan;Ulan;;alta
Morehshin Allahyari;1985;;Irã;University of Tehran > University of Denver > University of North Texas;35.70333333333333 > 39.678333 > 33.21095;51.419444444444444 > -104.962222 > -97.146958333333;Teerã;;female;CV da artista;média;;Wikidata;alta;FILE;;35.6863968;51.4328575;100.0;;;;;"página universitária recente indica atividade docente e artística; sem evidência de óbito.";;Wikidata;;;alta
Morgane Stricot;;;França;École Supérieure d’Art d’Avignon > University of Maine;43.948611111111 > 44.8990;4.8083333333333 > -68.6740;França;;female;MAPS | BORN DIGITAL — Morgane Stricot;média;Ficha FILE explicita País de Origem.;FILE Archive — ficha de participante;alta;FILE;alta;46.559417044;2.550539953;;;;;;"fontes institucionais recentes indicam atividade profissional em conservação; sem evidência de óbito.";;;;;
Moritz Reichartz;;;Alemanha;State Academy of Fine Arts Stuttgart;48.7775;9.18;Alemanha;;male;FILE Festival;alta;;FILE Festival (País de Origem);alta;FILE;;51.110631049;10.392277932;100.0;;;;;"portfólio e biografia recentes indicam atividade profissional; sem evidência de óbito.";;;;;
Morris Graves;1910;2001;Estados Unidos;;;;Fox;Loleta;male;;;artista geralmente descrito como autodidata> sem escola formal localizada;Wikidata;alta;MAC USP;média;41.623184;-88.49519;100.0;40.640741;-124.226367;100.0;Seattle Art Museum;"local de morte auditado; fonte museológica registra Loleta, Califórnia.";alta;Ulan;Ulan;;alta
Moshe Castel;1909;1992;Israel;École du Louvre > Bezalel Art School > estúdio de Yitzhak Frenkel > Académie Julian;48.8627 > 31.78116666666667 >  > 48.871111;2.3364 > 35.22361111111111 >  > 2.341667;Jerusalém;Tel Aviv;male;https://castelmuseum.co.il/en/moshe-castel-artist/moshe-castel;alta;O museu do artista documenta a sequência completa de formação em Jerusalém, Tel Aviv e Paris.;Wikidata;alta;MAC USP;alta;31.7890222;35.2010767;100.0;32.0735802;34.7880511;100.0;El País;"local de morte auditado; obituário de fonte reputada registra Tel Aviv.";média;Ulan;Ulan;;alta
Moussia Pinto Alves;1901;1986;Brasil;;;;Sevastopol;São Paulo;female;;;formação não institucional claramente localizada> mantido local de estudo/atividade;Wikidata;alta;MAC USP;baixa;44.550653;33.5389528;100.0;-23.5486657;-46.6382522;;MASP;"local de morte auditado; fonte museológica registra São Paulo.";alta;Wikidata > Ulan;Wikidata > Ulan;;alta
Murat Saygıner;1989;;República Tcheca;autodidata;50.071199678;14.450977012;Praga;;male;FILE Festival — Murat Saygıner | IMDb / FilmFreeway;média;autodidata> coordenadas atribuídas à cidade biográfica associada no início da trajetória;Wikidata;alta;FILE;baixa;50.071199678;14.450977012;100.0;;;;;não localizei fonte robusta que confirme local de morte.;;;;;
Muriel Montini;;;França;Université Paris 8 Saint-Denis;48.944722222222;2.3633333333333;França;;female;Szczecin Film Festival;alta;Ficha FILE explicita País de Origem.;FILE Archive — ficha de participante;alta;FILE;alta;46.559417044;2.550539953;;;;;;"biografia recente indica atividade profissional em desenvolvimento de projetos; sem evidência de óbito.";;;;;
Muriel Paraboni;1977;;Brasil;Universidade Federal de Santa Maria (UFSM) > Universidade Feevale > Universidade do Vale do Rio dos Sinos (Unisinos) > Pontifícia Universidade Católica do Rio Grande do Sul (PUC-RS) > Escuela Internacional de Cine y TV (EICTV) > Universidade Federal do Rio Grande do Sul (UFRGS);-29.8872 > -29.6813 > -29.7950 > -30.0588 > 22.917735 > -30.033611111111;-51.1629 > -51.1328 > -51.1537 > -51.1744 > -82.540882 > -51.219166666667;Sul do Brasil;;male;https://murielparaboni.com/bio4cv;alta;fonte explicita apenas “born in Southern Brazil”, sem cidade ou estado.;site oficial do artista;alta;FILE;;-27.5935;-51.889;;;;;;"site oficial recente indica atividade artística e acadêmica; sem evidência de óbito.";;site oficial de Muriel Paraboni;;"nascimento localizado; sem data de morte em fonte consultada";alta
Mustashrik;1985;;"Reino Unido; Bangladesh";Surrey Institute of Art & Design;51.216;-0.806;Dhaka, Bangladesh;;male;IMDb;média;;Paul Gravett;média;FILE;;23.810333;90.412521;;;;;;"currículo e biografia recentes indicam atividade profissional; sem evidência de óbito.";;Paul Gravett;;"nascimento localizado em fonte biográfica secundária; sem data de morte em fonte consultada";média
Mário Bueno;1916;2001;Brasil;autodidata;;;Campinas;Campinas;male;https://enciclopedia.itaucultural.org.br/pessoas/2142-mario-bueno;alta;A fonte consultada qualifica a trajetória como autodidata.;https://enciclopedia.itaucultural.org.br/pessoas/2142-mario-bueno;alta;MAC USP;média;-22.9073702;-47.0628996;100.0;-22.9073702;-47.0628996;;https://enciclopedia.itaucultural.org.br/pessoas/2142-mario-bueno;"local de morte auditado; fonte acadêmica registra Campinas.";alta;https://enciclopedia.itaucultural.org.br/pessoas/2142-mario-bueno;https://enciclopedia.itaucultural.org.br/pessoas/2142-mario-bueno;;alta
Mário Navarro da Costa;1883;1931;Brasil;estudos com José Maria de Medeiros > estudos com Rodolfo Amoedo; > ; > ;Rio de Janeiro;Florença;male;https://enciclopedia.itaucultural.org.br/pessoas/6111-navarro-da-costa;média;a fonte também registra estudo com José Maria de Medeiros e Rodolfo Amoedo e frequência a ateliês em Nápoles;Wikidata;alta;Museu Nacional de Belas Artes;média;-22.9014475;-43.1789159;100.0;43.7686976;11.2569291;100.0;Itaú Cultural;"local de morte auditado; fonte institucional registra Florença.";alta;Wikidata;Wikidata;;alta
Mário Villares Barbosa;1880;1917;Brasil;Liceu de Artes e Ofícios de São Paulo > Académie Julian > Escola de Belas Artes de Paris > aprendizagem com Oscar Pereira da Silva;-23.5331446 > 48.871111 > 48.856386 > ;-46.6267577 > 2.341667 > 2.335657 > ;Campinas;Madri;male;https://www.guiadasartes.com.br/mario-villares-barbosa/obras-e-biografia;média;As mesmas fontes informam aprendizagem inicial com Oscar Pereira da Silva.;Wikidata;alta;Pinacoteca de São Paulo;alta;-22.9073702;-47.0628996;100.0;40.4166909;-3.7003454;100.0;Itaú Cultural;"local de morte auditado; fonte institucional registra Madri.";alta;Wikidata;Wikidata;;alta
Mário Zanini;1907;1971;Brasil;Escola Profissional Masculina do Brás > Liceu de Artes e Ofícios de São Paulo;-23.54504 > -23.5331446;-46.61634 > -46.6267577;São Paulo;São Paulo;male;Escritório de Arte> Guia das Artes;média;;Wikidata;alta;MAC USP;alta;-23.5486657;-46.6382522;100.0;-23.5486657;-46.6382522;100.0;Itaú Cultural;"local de morte auditado; fonte institucional registra São Paulo.";alta;Wikidata;Wikidata;;alta
Mélanie Courtinat;1993;;França;ECAL / École cantonale d'art de Lausanne;46.536742;6.588525;Paris, França;;female;ECAL;média;;Wikipédia FR;média;FILE;;48.856372814;2.352529617;100.0;;;;;"site oficial recente indica atividade artística e docente; sem evidência de óbito.";;site oficial de Mélanie Courtinat | CURRENTS New Media;;"nascimento localizado; sem data de morte em fonte consultada";alta
Mélanie Lopez;;;França;L'Atelier de Sèvres > Supinfocom Rubika;> 50.35805555555555;> 3.523333333333333;;;female;FILE Festival;alta;local de nascimento não localizado em fonte auditável;;;FILE;;;;;;;;;"site oficial recente indica atividade artística; sem evidência de óbito.";;;;;
Míriam Chiaverini;1940;2005;;Escola de Belas Artes da Universidade Federal da Bahia;-12.990785;-38.524427;São Paulo, SP, Brasil;;female;https://coleccionfemsa.com/artistas/miriam-chiaverini/ | https://enciclopedia.itaucultural.org.br/pessoas/6125-miriam-chiaverini;alta;;MASC;alta;MAC USP;média;-23.5486657;-46.6382522;;;;;;verbete institucional consultado não informa local de morte.;;Wikidata > Ulan;Wikidata;;alta
Mónica Rikić;1986;;Espanha;Universitat de Barcelona > Universitat Pompeu Fabra > Universitat Oberta de Catalunya;41.386666666667 > 41.406594 > 41.406594;2.1638888888889 > 2.194429 > 2.194429;Barcelona;;female;FILE Festival;alta;;Wikidata;alta;FILE;;41.387917;2.1699187;100.0;;;;;"site oficial recente indica atividade artística e acadêmica; sem evidência de óbito.";;;;;
Mônica Nador;1955;;Brasil;Fundação Armando Álvares Penteado (FAAP) > Escola de Comunicações e Artes da USP (ECA-USP);-23.5450155 > -23.55833333;-46.6630802 > -46.72694444;Ribeirão Preto;;female;https://www.guiadasartes.com.br/monica-nador/obras-e-biografia;baixa;na ECA/USP frequenta curso de gravura planográfica com Regina Silveira;Wikidata;alta;MAC USP;alta;-21.1766308;-47.8208378;100.0;;;;;"verbete institucional recente apresenta a artista sem informação de óbito; não localizei local de morte auditável.";;Wikidata > Ulan;;;alta
Nada Al Dash;;;Jordânia;International College of Cyprus;35;33;;;female;site oficial da artista;alta;local de nascimento não localizado em fonte auditável | fonte reputada e compatível com a trajetória/formação do registro;;;FILE;;;;;;;;;"registro profissional recente indica atividade em design e mídia; sem evidência de óbito.";;;;;
Naeem Murdic;;;Estados Unidos;Pratt Institute;40.691111;-73.963889;;;;site oficial do artista;alta;local de nascimento não localizado em fonte auditável;;;FILE;;;;;;;;;"portfólio profissional recente indica atividade em motion design; sem evidência de óbito.";;;;;
Nahil Ali Memon;;;Estados Unidos;;;;Nova York, Estados Unidos;;female;;;;FILE Festival;alta;FILE;;40.7130466;-74.0072301;;;;;;"registro profissional recente indica atividade em arte e tecnologia; sem evidência de óbito.";;;;;
Nata Metlukh;1982;;Estados Unidos;Vancouver Film School > Estonian Academy of Arts;49.26083333333333 > 59;-123.1138888888889 > 26;Ucrânia;;female;site oficial da artista;alta;fonte identifica apenas o país de nascimento;site oficial da artista;alta;FILE;;49.026898375;31.374926053;100.0;;;;;"fontes recentes indicam atividade em animação e ilustração; sem evidência de óbito.";;;;;
Natalie Labarre;;;Estados Unidos;School of Visual Arts;40.73861111;-73.98222222;Nova York, Estados Unidos;;female;Mountainfilm / Hornet;média;fonte descreve a artista como “born and bred New Yorker”> usado com baixa confiança.;Mountainfilm;baixa;FILE;;40.712728;-74.006015;;;;;;"site profissional recente indica atividade em direção de animação; sem evidência de óbito.";;;;;
Nathalie Lawhead;;;Estados Unidos;;;;;;non-binary;;;local de nascimento não localizado em fonte auditável;;;FILE;;;;;;;;;"site oficial recente indica atividade em arte digital e games; sem evidência de óbito.";;;;;
Nathan Jurevicius;1973;;Austrália;University of South Australia;-34.9205;138.607;Bordertown, Austrália Meridional, Austrália;;male;entrevista/artigo de perfil (Alison Peters> XLR8R);média;;AustLit / Vinyl Creep;média;FILE;;-36.310601001;140.773263075;100.0;;;;;"site oficial recente indica atividade profissional internacional; sem evidência de óbito.";;Wikidata;;;alta
Nelson Leirner;1932;2020;Brasil;Lowell Technological Institute > aulas de pintura com Joan Ponç > Ateliê Abstração / Samson Flexor;42.6539 >  >;-71.3257 >  >;São Paulo;Rio de Janeiro;male;https://www.saudeemmovimento.com.br/sites/nelsonleirner/portu/biografia.asp;média;curso de engenharia têxtil não concluído> formação artística complementar com Joan Ponç e Samson Flexor;Wikidata;alta;MAC USP;alta;-23.5486657;-46.6382522;100.0;-22.9014475;-43.1789159;100.0;Itaú Cultural;"local de morte auditado; fonte institucional registra Rio de Janeiro.";alta;Wikidata;Wikidata;;alta
Nelson Ramos;1932;2006;Uruguai;Escuela Nacional de Bellas Artes de Montevideo > estudos de gravura com Iberê Camargo e Johnny Friedlaender no Museu de Arte Moderna do Rio de Janeiro;-34.9011 > -22.9121;-56.1645 > -43.2302;Soriano Department;Montevidéu;male;https://mnav.gub.uy/cms.php?a=397;alta;"O Museu Nacional de Artes Visuais do Uruguai confirma estudos na Escola Nacional de Belas Artes e posterior aperfeiçoamento em gravura no Rio de Janeiro; o Taller Torres García foi removido.";Wikidata;alta;MAC USP;média;-33.5300;-58.2172;100.0;-34.9055557;-56.1852505;100.0;MAC USP;"local de morte auditado; fonte museológica registra Montevidéu.";alta;Ulan;MAC USP (verbete do artista);;alta
Nelton Pellenz;;;Brasil;Universidade Federal de Santa Maria (UFSM) > Universidade Luterana do Brasil (ULBRA) > Universidade Federal do Rio Grande do Sul (UFRGS);-29.8872 > -29.9194 > -30.033611111111;-51.1629 > -51.1803 > -51.219166666667;São Paulo das Missões, Rio Grande do Sul, Brasil;;male;CV oficial do artista;alta;;CV do artista;alta;FILE;;-28.0194;-54.9404;;;;;;"biografia institucional recente informa que vive e trabalha em Porto Alegre; sem evidência de óbito.";;;;;
Nemesio Antúnez;1918;1993;Chile;Pontificia Universidad Católica de Chile > Columbia University > Atelier 17;-33.4411 > 40.8075 > 40.7359;-70.6407 > -73.9626 > -73.9905;Santiago;Santiago;male;https://digitalcommons.otterbein.edu/tebusco/2/ | https://www.encyclopedia.com/humanities/encyclopedias-almanacs-transcripts-and-maps/antunez-nemesio-1918-1993;média;"Fontes confirmam graduação em arquitetura na Universidade Católica do Chile, estudos posteriores em Columbia e atividade formativa no Atelier 17; o colégio foi removido por não corresponder à formação superior/artística principal.";Wikidata;alta;MAC USP;média;-33.4459946;-70.6670569;100.0;-33.4459946;-70.6670569;100.0;Fundación Nemesio Antúnez;"local de morte auditado; fundação do artista registra Santiago, Chile.";alta;Wikidata > Ulan;Wikidata > Ulan;;alta
Neryth Yamile Manrique Mendoza;1975;;Colômbia;Universidad Industrial de Santander;43.466666666667;-3.8;Bucaramanga, Colômbia;;female;FILE Festival;alta;;portfólio da artista;alta;FILE;;7.1311813;-73.1250327;100.0;;;;;"portfólio recente indica atividade artística; sem evidência de óbito.";;FILE Festival (biografia);;;alta
Nick Ladd;;;Canadá;Dawson College > Sheridan College;45.489374 > 43.46888888888889;-73.588298 > -79.7;Montreal, Canadá;;male;ArtStation / Museum of Other Realities;alta;fonte biográfica informa origem em Montreal.;Museum of Other Realities / site oficial do artista;alta;FILE;;45.508867;-73.554242;100.0;;;;;"site profissional recente indica atividade em arte em VR; sem evidência de óbito.";;;;;
Nick Luchkiv;1979;;Rússia;Academy of Architecture and Arts, Southern Federal University;47.22250;39.71000;Karaganda, URSS;;male;FILE Festival;alta;;FILE Festival;alta;FILE;;49.802815;73.087749;;;;;;"biografia profissional consultada indica atividade em motion design; sem evidência de óbito.";;FILE Festival (biografia);;;alta
Nicola Antonio Facchinetti;1824;1900;Brasil;Escola de Desenho de Bassano > Accademia di Belle Arti di Venezia;45.76666666666667 > 45.4286;11.73416666666667 > 12.3305;Treviso;Rio de Janeiro;male;https://www.guiadasartes.com.br/nicolau-antonio-facchinetti/obras-e-biografia | https://pt.wikipedia.org/wiki/Nicola_Antonio_Facchinetti;média;A biografia cita curso em Bassano e premiações na academia de Veneza em 1842 e 1843.;Wikidata;alta;Pinacoteca de São Paulo;alta;45.6662855;12.242072;100.0;-22.9014475;-43.1789159;100.0;Itaú Cultural;"local de morte auditado; fonte institucional registra Rio de Janeiro.";alta;Wikidata > Ulan;Wikidata > Ulan;;alta
Nicola Gastaldi;;;;;;;Itália;;male;;;Ficha FILE explicita País de Origem.;FILE Archive — ficha de participante;alta;FILE;alta;42.83333;12.83333;;;;;;"biografia profissional recente indica atividade em design e direção de animação; sem evidência de óbito.";;;;;
Nicola Giannini;;;Itália;Université de Montréal;45.5028;-73.6077;Itália;;male;https://www.nicolagiannini.com/about-2/ | https://musique.umontreal.ca/en/community/get-to-know/portrait/udemportraits/f/nicola-giannini/ | https://archive.file.org.br/participantes/nicola-giannini/;alta;;FILE Festival (País de Origem);alta;FILE;;42.83333;12.83333;100.0;;;;;"site oficial recente indica atividade em composição e arte sonora; sem evidência de óbito.";;;;;
Nicolas Fong;1982;;;École nationale supérieure des arts visuels de La Cambre;50.818888888889;4.3741666666667;Paris, França;;male;https://mofart.free.fr/index.php/fong/ | https://www.flblb.com/auteur/nicolas-fong/;média;;Japan Media Arts Festival;alta;FILE;;48.856372814;2.352529617;100.0;;;;;"biografias profissionais consultadas indicam atividade em animação e cinema; sem evidência de óbito.";;Japan Media Arts Festival (perfil);;;alta
Nicolas Hermansen;;;Bélgica;Università di Bologna > Institut del Teatre / Universitat Autònoma de Barcelona / Universitat Pompeu Fabra;44.493888888889 > 41.379166666667;11.342777777778 > 2.1795083333333;Bélgica;;male;In-Sonora;média;fonte biográfica identifica apenas o país> preenchimento mantido em nível de país.;FILE Festival;média;FILE;;50.833333;4.0;;;;;;"biografias profissionais consultadas indicam atividade artística e performática; sem evidência de óbito.";;;;;
Nicolas Poussin;1594;1665;;;;;Les Andelys, Normandia, França;Roma;male;;;;Britannica;alta;;;49.2461;1.4125;;41.8930555556;12.4827777778;100.0;Britannica;"local de morte auditado; enciclopédia registra Roma.";alta;Ulan;Ulan;;alta
Nicolas Rubió;1928;2024;Espanha;Escuela de Arquitectura de Barcelona;41.3842;2.1139;Barcelona;Buenos Aires;male;https://es.wikipedia.org/wiki/Nicol%C3%A1s_Mar%C3%ADa_Rubi%C3%B3_Tudur%C3%AD | https://www.urbipedia.org/hoja/Nicol%C3%A1s_Rubi%C3%B3_Tudur%C3%AD;média;A correspondência adotada foi com Nicolás Maria Rubió Tudurí.;Wikidata;alta;MAC USP;alta;41.387917;2.1699187;100.0;-34.6090264;-58.3732215;100.0;Arte de la Argentina;"local de morte auditado; base de arte argentina registra Buenos Aires em 2024.";média;Zurbarán – El Arte de los Argentinos;fr.wikipedia (verbete Nicolás Rubió);morte localizada em fonte secundária reputada;média
Nicolas Vlavianos;1929;2022;Brasil;Académie de la Grande Chaumière > Académie du Feu;48.8567 > 48.8567;2.3522 > 2.3522;Atenas;São Paulo;male;https://www.fcw.org.br/post/nicolas-vlavianos-autor-do-trof%C3%A9u-do-pr%C3%AAmio-fcw-morre-aos-93-anos;média;"A fonte localizada registra estudos de escultura em Paris na Académie de la Grande Chaumière e na Académie du Feu; a Athens School of Fine Arts não foi confirmada.";Wikidata;alta;MAC USP;baixa;37.9753357;23.7361497;100.0;-23.5486657;-46.6382522;100.0;Bel Galeria;"local de morte auditado; biografia galerística registra São Paulo, Brasil, em 2022.";média;Wikidata > Ulan;Wikidata;;alta
Nicolas-Antoine Taunay;1755;1830;França;École des Beaux-Arts de Paris > Estudos com François Bernard Lépicié e Nicolas Guy Brenet > aperfeiçoamento na Academia Francesa de Roma;48.853997 >  > 41.908333333333;2.333500 >  > 12.4825;Paris;Paris;male;https://pt.wikipedia.org/wiki/Nicolas-Antoine_Taunay;média;Há mestres nomeados e aperfeiçoamento em Roma> mantida síntese conservadora.;Wikidata;alta;Museu Nacional de Belas Artes;média;48.856372814;2.352529617;100.0;48.856372814;2.352529617;100.0;Itaú Cultural;"local de morte auditado; fonte institucional registra Paris.";alta;Wikidata;Wikidata;;alta
Nicolas-Louis-Albert Delerive;1755;1818;França;formação com Heinsius > estudos com o conde de Neuville > escola de Francesco Casanova > Académie de Lille; >  >  > 50.631944444444; >  >  > 3.0575;Lille;Lisboa;male;https://eviterbo.fcsh.unl.pt/wiki/Nicolas_Delerive | https://lusojornal.com/nicolas-delerive-pintor-da-familia-real-portuguesa-ignorado-em-franca/;média;;Wikidata;alta;Museu Histórico Nacional;média;50.6304582;3.071339915;100.0;38.7070085;-9.1356407;100.0;eViterbo;"local de morte auditado; enciclopédia de arte registra Lisboa em 1818.";alta;Wikidata > Ulan;Wikidata > Ulan;;alta
Nicolau Del Negro;1904;;Brasil;Escola Nacional de Belas Artes;-22.8625055;-43.2256622;Rio de Janeiro, RJ, Brasil;;male;https://www.catalogodasartes.com.br/artista/Nicolau%20Del%20Negro/;média;A fonte identifica a ENBA e as aulas de Lucílio de Albuquerque, Rodolfo Chambelland e Rodolfo Amoedo, mas não fornece intervalo cronológico.;Enciclopédia Itaú Cultural;alta;Museu Histórico Nacional;alta;-22.9014475;-43.1789159;;;;;;não localizei fonte institucional ou biográfica robusta que confirme local de morte.;;Wikidata;;;alta
Nicolette Daskalakis;;;Estados Unidos;Institut supérieur des arts et du design de Toulouse > University of Southern California, School of Cinematic Arts > University of Southern California, Roski School of Art & Design;43.6008 > 34.021667 > 34.021667;1.44043 > -118.285278 > -118.285278;São Francisco, Estados Unidos;;female;CV oficial da artista;alta;;site oficial da artista;alta;FILE;;37.7800771;-122.4201615;;;;;;"site profissional recente indica atividade artística em Paris; sem evidência de óbito.";;;;;
Nicolás Alcalá;;;Espanha;;;;;;male;;;local de nascimento não localizado em fonte auditável;;;FILE;;;;;;;;;"biografia profissional consultada não informa local de morte com robustez; sem evidência de óbito.";;;;;
Nienke Deutz;1500;;Reino dos Países Baixos;Maastricht Academy of Fine Arts > KASK School of Arts Ghent;50.848736111111 > 51.045519;5.6830416666667 > 3.718608;Países Baixos;;female;Animafest / Batavierhuis;alta;fonte biográfica identifica apenas o país> preenchimento mantido em nível de país.;FILE Festival;média;FILE;;52.249375293;5.616126398;100.0;;;;;"site oficial recente indica atividade em cinema de animação; sem evidência de óbito.";;Ulan;;;alta
Nikita Diakur;;;Rússia;Royal College of Art;51.501388888889;-0.17888888888889;Rússia;;male;FILE Festival;alta;;FILE Festival / Re-Imagine Europe;alta;FILE;;61.989526183;96.805371534;100.0;;;;;"site oficial recente indica atividade em cinema e animação; sem evidência de óbito.";;;;;
Nilda Neves;1961;;;curso de contabilidade (instituição não identificada na fonte);-14.203611111111112;-41.66527777777778;;;female;https://www.catalogodasartes.com.br/artista/Nilda%20Neves/ | https://www.centralgaleria.com/exposicoes/nildaneves-visagens> https://www.catalogodasartes.com.br/artista/Nilda%20Neves/;média;A fonte confirma estudo de contabilidade, mas não informa a instituição. | fontes divergentes sobre o local de nascimento (Botuporã/BA e Camanducaia/MG)> campo não preenchido.;;;MAC USP;baixa;;;;;;;;"fontes institucionais recentes indicam atividade artística; sem evidência de óbito.";;Enciclopédia Itaú Cultural;;;alta
Niobe Xandó;1915;2010;Brasil;ateliê de Raphael Galvez;-23.5331446;-46.6267577;Campos Novos Paulista, São Paulo, Brasil;São Paulo;female;https://pt.wikipedia.org/wiki/Niobe_Xand%C3%B3;média;artista frequentemente descrita como autodidata> registro mantido apenas para o estudo em ateliê explicitado na fonte;Guia das Artes;média;MAC USP;média;-22.6029;-50.0163;;-23.5486657;-46.6382522;100.0;Itaú Cultural;"local de morte auditado; fonte institucional registra São Paulo.";alta;Wikidata;Wikidata;;alta
Niura Bellavinha;1962;;Brasil;Escola Guignard > Universidade Federal de Minas Gerais (UFMG) > Parsons School of Design;-19.9552 > -19.8690878 > 40.735357;-43.9202 > -43.9663841 > -73.994533;Belo Horizonte;;female;https://www.niurabellavinha.com.br/biografia | https://pt.wikipedia.org/wiki/Niura_Bellavinha;média;As fontes também registram oficinas e orientação de Amílcar de Castro.;Wikidata;alta;MAC USP;alta;-19.9181771;-43.9370534;100.0;;;;;"site oficial recente indica exposição em 2024; sem evidência de óbito.";;;;;
Noha Eid;;;Egito;Alexandria University;31.20194;29.90528;Alexandria, Egito;;female;East-West Dialogue / Racotis Art;média;;East-West Dialogue;alta;FILE;;31.199005;29.894378;;;;;;"biografias profissionais consultadas indicam atividade em design e direção de arte; sem evidência de óbito.";;;;;
Nonnnon;;;Estados Unidos;;;;Salt Lake City, Utah, Estados Unidos;;male;;;nome artístico vinculado no FILE a Dave Madden, descrito como “de Salt Lake City”.;FILE Festival;alta;FILE;;40.759619;-111.886798;;;;;;"registro FILE remete a pseudônimo/projeto coletivo; sem fonte biográfica robusta que confirme local de morte.";;;;;
Norha Beltran;1929;;;Academia de Belas Artes (Viena) e outras academias de belas-artes na Bolívia, Áustria, Espanha e Brasil > estudos de Museologia e Psicologia no Brasil;48.20833333333334 >;16.3725 >;La Paz, Bolívia;La Paz;female;https://www.catalogodasartes.com.br/artista/Norha%20Beltr%EF%BF%BDn/ | https://www.museonacionaldearte.gob.bo/2023/10/11/norah-beltran/> https://www.catalogodasartes.com.br/artista/Norha%20Beltr%EF%BF%BDn/ | https://www.museonacionaldearte.gob.bo/2023/10/11/norah-beltran/ | https://www.guiadasartes.com.br/norha-beltran/obras-principais;média;As fontes confirmam formação em várias academias, mas sem cronologia fina> mantida formulação prudente.;Museo Nacional de Arte (Bolívia);alta;MAC USP;baixa;-16.4977871;-68.1258403;;-16.4977871;-68.1258403;100.0;Museo Nacional de Arte;"local de morte auditado; museu registra La Paz, Bolívia, em 2016.";alta;Ulan;;;alta
Nuno Ramos;1960;;Brasil;Faculdade de Filosofia, Letras e Ciências Humanas da USP (FFLCH-USP);-23.5613991;-46.7307891;São Paulo;;male;https://pt.wikipedia.org/wiki/Nuno_Ramos;média;formação em filosofia> passa a integrar a Casa 7 em 1984;Wikidata;alta;MAC USP;alta;-23.5486657;-46.6382522;100.0;;;;;"site oficial recente indica atividade artística e editorial; sem evidência de óbito.";;Ulan;;;alta
Nury Iyem;1915;2005;;Istanbul State Academy of Fine Arts > Higher Department of Painting;41.01 > 41.01;28.960277777778 > 28.960277777778;;Istambul;;https://www.evin-art.com/sanatcilar/nuri-iyem?lang=en;média;A galeria responsável por seu acervo biográfico confirma graduação na Istanbul State Academy of Fine Arts e retorno para o Higher Department of Painting.;;;MAC USP;alta;;;;41.01;28.9602777778;;"Kültür Portalı; Vikipedi tr";"Grafia do nome no arquivo diverge de Nuri İyem; local de morte convergente em Istanbul.";média;;;;
Não identificada;;;;;;;;;;;;autoria não identificada;;;Museu do Diamante;;;;;;;;;"Identificação incompleta; não desambiguada com segurança.";;;;;
Não identificado;;;;;;;;;;;;autoria não identificada;;;Museu Regional do Caeté;;;;;;;;;"Identificação incompleta; não desambiguada com segurança.";;;;;
O. Brieu;;;;;;;;;male;;;assinatura abreviada> não foi possível desambiguar com segurança;;;Pinacoteca de São Paulo;;;;;;;;;"Assinatura abreviada; identidade não desambiguada com segurança.";;;;;
Octave Tassaert;1800;1874;França;École des Beaux-Arts de Paris > aprendizado de gravura com Alexis-François Girard;48.853997 > ;2.333500 > ;Paris;Paris;male;https://fr.wikipedia.org/wiki/Octave_Tassaert;média;;Wikidata;alta;Museu Nacional de Belas Artes;média;48.856372814;2.352529617;100.0;48.8566666667;2.3522222222;100.0;Wikipedia fr;Local de morte normalizado de arrondissement para a cidade de Paris com base em fonte biográfica secundária.;média;Wikidata > Ulan;Wikidata > Ulan;;alta
Odilla Mestriner;1928;2009;Brasil;Escola Municipal de Belas Artes de Ribeirão Preto;-21.1776315;-47.8100983;Ribeirão Preto;Ribeirão Preto;female;https://enciclopedia.itaucultural.org.br/pessoas/2074-odilla-mestriner;alta;"Aluna de Domenico Lazzarini; teve aprendizado autodidata antes e paralelamente à passagem pela Escola Municipal de Belas Artes de Ribeirão Preto.";Wikidata;alta;MAC USP;alta;-21.1766308;-47.8208378;100.0;-21.1776315;-47.8100983056;;MAC USP;;alta;Wikidata;Wikidata;;alta
Oliver Grau;1965;;Alemanha;Humboldt-Universität zu Berlin;52.518055555555556;13.393333333333333;Alemanha;;male;ZKM;alta;fonte biográfica identifica apenas o país> preenchimento mantido em nível de país.;ISEA Symposium Archives / Wikipedia;média;FILE;;51.110631049;10.392277932;100.0;;;;;"perfil institucional recente do ZKM; sem óbito identificado";;;;;
Olle Bærtling;1911;1981;Suécia;escola de Otte Sköld > Académie André Lhote;59.3293 > 48.85666666666667;18.0686 > 2.352222222222222;Halmstad;Estocolmo;male;fontes biográficas de referência;média;formação combinando ateliê e academia;Wikidata;alta;MAC USP;média;56.6735868;12.8571404;100.0;59.3327881;18.0644881;100.0;"Wikipedia sv; Moderna Museet";"Local de morte auditado por fonte secundária; biografia institucional confirma o óbito em 1981.";média;;;;
Omar Rayo;1928;2010;Colômbia;;;;Roldanillo;Palmira;male;;;;https://www.wikidata.org/wiki/Q2741987;alta;MAC USP;alta;4.4125;-76.1547;;3.5347222222;-76.2955555556;;Wikipedia es;Local de morte preenchido com base em fonte secundária convergente.;média;Wikidata > Ulan;Wikidata;;alta
Or Kantor;;;Israel;autodidata;32.05043;34.75224;;;male;site oficial do artista;alta;local de nascimento não localizado em fonte auditável> autodidata> coordenadas atribuídas ao estúdio em Jaffa mencionado na biografia oficial;;;FILE;média;;;;;;;;"site oficial recente; sem óbito identificado";;;;;
Oreste Sercelli;1867;1927;Reino da Itália;Escola Profissional de Artes Industriais e Decorativas de Florença;43.771388888889;11.254166666667;Florença;São Paulo;male;https://pt.wikipedia.org/wiki/Oreste_Sercelli;média;A fonte também o descreve como professor de artes decorativas ao chegar ao Brasil.;Wikidata;alta;Museu Paulista;alta;43.7686976;11.2569291;100.0;-23.5503944444;-46.6339472222;100.0;Wikipedia pt;"Local de morte mantido; fonte secundária biográfica.";média;;;;
Oscar Dominguez;1906;1957;Espanha > França;Instituto de La Laguna;28.4881163;-16.3147761;San Cristóbal de La Laguna;Paris;male;https://oliviermalingue.com/artists/53-oscar-dominguez/biography/;baixa;A biografia confirma estudos no Instituto de La Laguna, mas sem datas precisas no trecho consultado.;Wikidata;alta;MAC USP;média;28.4881163;-16.3147761;100.0;48.8566666667;2.3522222222;100.0;Fundación MAPFRE;;alta;Ulan;Ulan;;alta
Oscar Garcia Reino;1910;1993;Uruguai;Círculo de Bellas Artes > Escuela Taller de Artes Plásticas > cursos de composição de Cecilia Marcovich > Gobelins, l'école de l'image > Escuela Superior de Bellas Artes de Bruselas;40.418307 > 50.84666666666666 >  > 48.836944444444 >;-3.696575 > 4.351666666666667 >  > 2.3536111111111 >;Montevidéu, Uruguai;Montevidéu;male;https://www.askart.com/bio/Oscar_Garcia_Reino/11102130/oscar-garcia-reino | https://www.lmda.uy/garcia-reino;média;;MAC USP;alta;MAC USP;média;-34.9055557;-56.1852505;100.0;-34.9058333333;-56.1913888889;;MNAV Uruguai;;alta;Wikidata;Wikidata;;alta
Oscar Pereira da Silva;1867;1939;Brasil;Academia Imperial de Belas Artes;-22.9071;-43.1829;São Fidélis;São Paulo;male;Wikipédia> Guia das Artes;média;em Paris estudou com Léon Bonnat e Jean-Léon Gérôme;Wikidata;alta;Museu Casa de Benjamin Constant;média;-21.6460048;-41.7531245;100.0;-23.5503944444;-46.6339472222;100.0;Enciclopédia Itaú Cultural;;alta;Ulan;Ulan;;alta
Osvaldo Carvalho;;;;Escola de Artes Visuais do Parque Lage > Oficina de Escultura do Museu do Ingá > Escola de Comunicações e Artes da USP (ECA-USP);-22.9606 > -22.9056 > -23.55833333;-43.212 > -43.1300 > -46.72694444;Rio de Janeiro, RJ, Brasil;;male;https://www.catalogodasartes.com.br/artista/Osvaldo%20Carvalho/ | https://zbgaleriadearte.com.br/artista/osvaldo-carvalho/ | https://galeriadearte.acervos.ufsc.br/os-artistas/osvaldo-carvalho/;média;As fontes convergem em estudos no Parque Lage e Museu do Ingá, além do título de mestre em Poéticas Visuais pela ECA-USP. | conflito anterior sobre local/ano de nascimento resolvido por registro do MAC USP.;MAC USP;alta;MAC USP;alta;-22.9014475;-43.1789159;;;;;;Não localizei fonte auditável suficiente sobre local de morte nesta rodada.;;;;"fontes divergentes sobre nascimento (1966/1976); não preenchido";
Osvaldo Cibils;1961;;Uruguai;;;;Montevidéu, Uruguai;;male;;;;PROYECTOR;alta;FILE;;-34.9055557;-56.1852505;100.0;;;;;"perfil recente no Videobrasil; sem óbito identificado";;Wikidata;;;alta
Osvaldo Oliveira Cunha;;;;Centro Universitário Belas Artes > oficinas do Museu Lasar Segall e da Pinacoteca > estudos com Michinori Inagaki;-23.583688 > -23.5947 >;-46.633917 > -46.6356 >;;;male;https://www.newbarbizonartgallery.com/osvaldo-oliveira-personal-art-gallery | https://www.guapufrn.com/0001/osvaldo-oliveira> https://www.newbarbizonartgallery.com/osvaldo-oliveira-personal-art-gallery | https://hotmart.com/pt-br/marketplace/produtos/osvaldo-oliveira/V75861961W;baixa;As fontes abertas usam 'Osvaldo Oliveira'> mantive associação ao creator 'Osvaldo Oliveira Cunha' com confiança média.;;;MAC USP;média;;;;;;;;Não localizei fonte auditável suficiente sobre local de morte nesta rodada.;;;;;
Oswald de Andrade Filho;1914;1972;Brasil;Estudos na Suíça > aulas com Candido Portinari, Anita Malfatti e Lasar Segall;46.798562 >;8.231973 >;São Paulo, SP, Brasil;Guarujá;male;https://enciclopedia.itaucultural.org.br/pessoas/3397-oswald-de-andrade-filho | https://www.guiadasartes.com.br/oswald-de-andrade-filho/obras-e-biografia;alta;;Enciclopédia Itaú Cultural;alta;MAC USP;média;-23.5486657;-46.6382522;;-23.9936111111;-46.2563888889;;Enciclopédia Itaú Cultural;;alta;Wikidata > Ulan;Wikidata > Ulan;;alta
Oswaldo Goeldi;1895;1961;Brasil;Escola Nacional de Belas Artes > Escola Politécnica de Zurique > École des Arts et Métiers;-22.8625055 > 47.37645 > 48.85666666666667;-43.2256622 > 8.54785 > 2.352222222222222;Rio de Janeiro;Rio de Janeiro;male;https://pt.wikipedia.org/wiki/Oswaldo_Goeldi;média;abandona engenharia e passa por seis meses na Escola de Artes e Ofícios de Genebra;Wikidata;alta;MAC USP;alta;-22.9014475;-43.1789159;100.0;-22.9111111111;-43.2055555556;100.0;Enciclopédia Itaú Cultural;;alta;Wikidata > Ulan;Wikidata > Ulan;;alta
Oswaldo Teixeira;1905;1974;Brasil;Escola Nacional de Belas Artes > Liceu de Artes e Ofícios do Rio de Janeiro;-22.8625055 > -22.91111111111111;-43.2256622 > -43.20555555555556;Rio de Janeiro;Rio de Janeiro;male;https://www.oswaldoteixeira.art.br/ | https://www.guiadasartes.com.br/oswaldo-teixeira-do-amaral/biografia;média;As fontes citam também os mestres Argemiro Cunha, Eurico Moreira Alves, Rodolfo Chambelland e Baptista da Costa.;Wikidata;alta;Museu Paulista;alta;-22.9014475;-43.1789159;100.0;-22.9111111111;-43.2055555556;100.0;Instituto Oswaldo Teixeira;;alta;Wikidata;Wikidata;;alta
Ottaviano Nelli;1375;1446;;provável formação com o pai Martino Nelli > tradição local umbriana;>;>;Gubbio;;male;https://en.wikipedia.org/wiki/Ottaviano_Nelli;média;Registro prudente por escassez de documentação formativa detalhada.;Wikidata;alta;MASP;baixa;43.3554814;12.5734444;100.0;;;100.0;;"Morte registrada como presumida em 1444; local não confirmado em fonte auditável.";;Wikidata > Ulan;Wikidata > Ulan;;alta
Ottone Rosai;1895;1957;Itália;Accademia di Belle Arti di Firenze > School of Engraving (com Celestino Celestini);43.776907 > 43.776907;11.258475 > 11.258475;Florença;Ivrea;male;Estorick Collection> Collezione Giuseppe Iannaccone;alta;expulso da academia> continuidade dos estudos em gravura;Wikidata;alta;MAC USP;média;43.7686976;11.2569291;100.0;45.4673788889;7.8747969444;100.0;"Wikipedia pt; Biografia Ottone Rosai";Local de morte mantido com base em fonte biográfica secundária.;média;Ulan;Ulan;;alta
Ottone Zorlini;1891;1967;Brasil;Accademia di Belle Arti di Venezia;45.4286;12.3305;Província de Treviso;São Paulo;male;https://www.guiadasartes.com.br/ottone-zorlini;baixa;os dados de formação na Itália são descritos como incertos, mas a entrada na academia é explicitada;Wikidata;alta;MAC USP;média;45.83333;12.21667;100.0;-23.5503944444;-46.6339472222;;Enciclopédia Itaú Cultural;;alta;Wikidata;Wikidata;;alta
Paulo Meytre;;;;;;;;;male;;;Nome resolvido em confiança média pela combinação entre a ficha do Museu da Inconfidência/Brasiliana para a obra Casa Dos Contos, Em Ouro Preto e a autoridade nominal da Enciclopédia Itaú Cultural. Não preenchi nascimento, morte, nacionalidade ou formação porque as fontes localizadas não trazem esses dados de modo auditável.;;;Museu da Inconfidência;baixa;;;;;;;;Não localizei fonte auditável suficiente sobre local de morte nesta rodada.;;;;;
Pablo Bounous;;;Uruguai;;;;;;male;;;local de nascimento não localizado em fonte auditável;;;FILE;;;;;;;;;Não localizei fonte auditável suficiente sobre local de morte nesta rodada.;;;;;
Pablo Gobira;;;Brasil;Universidade Federal de Minas Gerais (UFMG);-19.8690878;-43.9663841;;;female;Escavador/Lattes;média;local de nascimento não localizado em fonte auditável;;;FILE;;;;;;;;;"perfil institucional recente (LabFront/UEMG); sem óbito identificado";;;;;
Pablo Picasso;1881;1973;Espanha;Real Academia de Bellas Artes de San Fernando > School of Fine Arts of La Lonja;40.4178 > 41.3851;-3.7007 > 2.1734;Málaga;Mougins;male;https://www.museepicassoparis.fr/en/picasso-timeline> https://www.museepicassoparis.fr/en/picassos-training;média;Treinado também pelo pai, professor de desenho, mas o preenchimento privilegia instituições formais.;Wikidata;alta;MAC USP;alta;36.7196292;-4.4200007;100.0;43.6;6.9947222222;95.24;Britannica;Local de morte normalizado do imóvel Mas Notre-Dame-de-Vie para a comuna de Mougins.;alta;;;;
Pablo-Martín Córdoba;;;Argentina;autodidata;48.856372814;2.352529617;;;male;PROYECTOR | site oficial / FILE Festival;alta;local de nascimento não localizado em fonte auditável> autodidata> coordenadas atribuídas à cidade onde vive e trabalha, usada como proxy de formação inicial;;;FILE;baixa;;;;;;;;Não localizei fonte auditável suficiente sobre local de morte nesta rodada.;;;;;
Paolo Rissone;1925;1989;;autodidata;45.47222222;9.18888889;Reggio Calabria, Itália;;male;https://enciclopedia.itaucultural.org.br/pessoas/7434-paolo-rissone;alta;"A Enciclopédia Itaú Cultural registra o artista como autodidata em pintura; a formação em Brera foi removida.";Enciclopédia Itaú Cultural;alta;MAC USP;baixa;38.111227;15.647649;;;;;;Não localizei fonte auditável suficiente sobre local de morte nesta rodada.;;Enciclopédia Itaú Cultural;Enciclopédia Itaú Cultural;;alta
Paolo Serafini;;;;formação com o pai Serafino Serafini > trabalho formativo ao lado de Simone dei Crocefissi;>;>;Módena, Itália;;male;https://pt.wikipedia.org/wiki/Paolo_Serafini_da_Modena;média;A formação é reconstruída por vínculos familiares e de oficina, não por academia formal.;Antiqua nuova serie;média;MASP;média;44.6471;10.9252;;;;;;"artista histórico; não localizei fonte auditável suficiente sobre local de morte nesta rodada.";;;;;
Paris Bordone;1500;1571;República de Veneza;ateliê de Ticiano;45.431078;12.328139;Treviso;Veneza;male;https://en.wikipedia.org/wiki/Paris_Bordone | https://www.britannica.com/biography/Paris-Bordone;alta;Formação em oficina/atelier.;Wikidata;alta;MASP;média;45.6662855;12.242072;100.0;45.434608;12.338913;100.0;Britannica;;alta;Ulan;Ulan;;alta
Paris Mavroidis;;;Estados Unidos;Brown University > Pratt Institute;41.82611111111111 > 40.691111;-71.40305555555555 > -73.963889;;;male;FILE Festival;alta;local de nascimento não localizado em fonte auditável;;;FILE;;;;;;;;;Não localizei fonte auditável suficiente sobre local de morte nesta rodada.;;;;;
Patakk;1990;;Croácia;Faculty of Electrical Engineering and Computing, University of Zagreb > Universidad Politécnica de Madrid;45.8150 > 40.448655555556;15.9819 > -3.7088805555556;Zagreb, Croácia;;male;galeria Ragnar Digital;baixa;;Ragnar Digital;alta;FILE;;45.815916177;15.980642745;100.0;;;;;"site oficial recente; sem óbito identificado";;Ragnar Digital (bio de Patakk/Paolo Čerić);;;média
Patricio Ballesteros Ledesma;1969;;Argentina;Universidad de Buenos Aires (UBA);-34.599722222222;-58.373055555556;Buenos Aires;;male;https://data.videoartworld.com/files/artists-cv/patricio-ballesteros%20ledesma-cvb9fc68.pdf | https://archive.file.org.br/participantes/patricio-ballesteros-ledesma/;alta;;Wikidata;alta;FILE;;-34.6090264;-58.3732215;100.0;;;;;Não localizei fonte auditável suficiente sobre local de morte nesta rodada.;;CV do artista (VideoArtWorld, PDF);;data localizada em CV autoral;média
Patricio Gonzalez Vivo;1982;;Argentina;Parsons School of Design;40.735357;-73.994533;Buenos Aires, Argentina;;male;site oficial do artista;alta;;Eyeo Festival;alta;FILE;;-34.6090264;-58.3732215;100.0;;;;;"site oficial recente; sem óbito identificado";;GitHub – thebookofshaders (About the Authors);;data localizada em perfil autoral;média
Paul Clement;;;França;Athénée de Luxembourg > École des Beaux-Arts de Paris;49.60388889 > 48.853997;6.11083333 > 2.333500;Aix-en-Provence, França;;male;https://de.wikipedia.org/wiki/Paul_Clement_(Maler);média;;Montmartre Montparnasse;média;MAC USP;média;43.529850239;5.447376271;;;;;;Não localizei fonte auditável suficiente sobre local de morte nesta rodada.;;;;;
Paul Cézanne;1839;1906;França;Aix-Marseille Université > Académie Suisse;43.29349444444444 > 48.8545;5.357841666666666 > 2.3446;Aix-en-Provence;Aix-en-Provence;male;https://en.wikipedia.org/wiki/Paul_C%C3%A9zanne | https://www.worldhistory.org/Paul_Cezanne/;média;A fonte também menciona aulas de desenho com Joseph Gibert antes da ida a Paris.;Wikidata;alta;MASP;alta;43.529850239;5.447376271;100.0;43.529850239;5.447376271;100.0;Britannica;;alta;Ulan;Ulan;;alta
Paul de Geslin;;;França;;;;;;male;;;O registro corresponde ao pintor francês Paul de Geslin, ativo no Rio de Janeiro a partir de 1837, e não ao sacerdote homônimo nascido em Rennes em 1817. Fontes acadêmicas indicam provisoriamente nascimento em 1804, sem local ou data de morte confirmados. Sua alegada formação na Academia de Paris não foi confirmada em arquivos franceses.;;;Museu do Diamante;média;;;;;;;;O local e a data de morte do pintor Paul de Geslin não foram confirmados.;;;;"Fonte acadêmica indica provisoriamente nascimento em 1804; o ano não foi transferido para o campo biográfico por cautela.";
Paul Gauguin;1848;1903;França;lycée Pothier > Petit Séminaire de La Chapelle-Saint-Mesmin > Loriol Institute > Lycée Jeanne d'Arc > formação artística autodidata e informal com mentoria de Camille Pissarro;47.8822 > 47.8900 > 48.85666666666667 > 47.8822 >;1.839 > 1.8400 > 2.352222222222222 > 1.839 >;Paris;Atuona;male;https://en.wikipedia.org/wiki/Paul_Gauguin;média;A formação artística é explicitamente descrita como largely self-taught and informal.;Wikidata;alta;MASP;média;48.856372814;2.352529617;100.0;-9.8030555556;-139.0397222222;100.0;Musée d’Orsay;;alta;;;;
Paul Jenkins;1923;2012;Estados Unidos;Art Students League of New York > Kansas City Art Institute > Cleveland Play House;40.766083333333 > 39.0463 > 41.49916666666667;-73.980861111111 > -94.5831 > -81.69472222222223;Kansas City;Nova York;male;https://www.pauljenkins.net/bio/chro.html;alta;na Art Students League estuda com Yasuo Kuniyoshi;https://www.pauljenkins.net/bio/chro.html;alta;MAC USP;média;39.099792;-94.578559;100.0;40.7127777778;-74.0061111111;100.0;https://www.pauljenkins.net/bio/chro.html;Local de morte auditado por obituário e fonte biográfica secundária.;alta;https://www.pauljenkins.net/bio/chro.html;https://www.pauljenkins.net/bio/chro.html;;alta
Paul Émile Chabas;1869;1937;França;lycée Georges-Clemenceau > Académie Julian;47.2189 > 48.871111;-1.545 > 2.341667;Nantes;Paris;male;https://pt.wikipedia.org/wiki/Paul_Chabas | https://myopenmuseum.com/en/artist/paul-emile-chabas-964791;alta;A fonte também cita formação com William-Adolphe Bouguereau e Tony Robert-Fleury.;Wikidata;alta;MASP;alta;47.21838348;-1.554317317;100.0;48.856372814;2.352529617;100.0;Musée d’Orsay;;alta;Wikidata > Ulan;Wikidata > Ulan;;alta
Paula Perissinotto;1963;;Brasil;Fundação Armando Álvares Penteado (FAAP) > Escola de Comunicações e Artes da USP (ECA-USP) > MECAD / ESDI;-23.5450155 > -23.55833333 > 41.3874;-46.6630802 > -46.72694444 > 2.1686;São Paulo, São Paulo, Brasil;;female;Biblioteca Virtual da FAPESP;média;;Currículo Lattes (espelho USP/Academia.edu);média;FILE;;-23.5486657;-46.6382522;;;;;;"Perfil institucional recente; sem óbito identificado.";;Currículo Lattes espelhado em Academia.edu;;data localizada em currículo Lattes espelhado;média
Paulina Rutman;;;Chile;School of the Art Institute of Chicago (SAIC) > The Edit Center;41.879444444444 > 40.71277777777778;-87.623888888889 > -74.00611111111111;Chile;;female;FILE Festival;alta;fonte biográfica identifica apenas o país> preenchimento mantido em nível de país.;FILE Festival;média;FILE;;-35.675147;-71.542969;;;;;;"Perfil recente no FILE; sem óbito identificado.";;;;;
Pauline Le Bris;;;França;Supinfocom Valenciennes;50.35805555555555;3.523333333333333;França;;female;portfólio / CV da artista;média;FILE explicita “País de Origem”> preenchido em nível de país.;FILE Festival (País de Origem);alta;FILE;;46.559417044;2.550539953;100.0;;;;;"CV/perfil recente; sem óbito identificado.";;;;;
Paulo Almeida;1977;;Brasil;Fundação Armando Álvares Penteado (FAAP);-23.5450155;-46.6630802;São Paulo, Brasil;;male;Prêmio PIPA — https://www.premiopipa.com/pag/paulo-almeida/ | FAAP — https://www.faap.br/residencia-artistica/artista/paulo-almeida/;alta;Linha reconstruída após identificação de mistura de dados com outra pessoa.;Prêmio PIPA — https://www.premiopipa.com/pag/paulo-almeida/ | Galeria Leme — https://galerialeme.com/expo/individual-simultanea/;baixa;FILE;alta;-23.5486657;-46.6382522;100.0;;;;;"Fontes institucionais recentes registram o artista em atividade; sem óbito identificado.";;Prêmio PIPA — https://www.premiopipa.com/pag/paulo-almeida/ | FAAP — https://www.faap.br/residencia-artistica/artista/paulo-almeida/;;Nascimento em São Paulo em 1977 confirmado por fontes institucionais e profissionais.;alta
Paulo Becker;1927;;Brasil;Fundação Getulio Vargas > estudos artísticos em Nova York;-22.9411429 >;-43.1803971 >;Santa Cruz do Sul, RS, Brasil;;male;https://www.guiadasartes.com.br/paulo-becker/quem-foi;baixa;"Estudou com Santa Rosa na Fundação Getulio Vargas e prosseguiu estudos artísticos em Nova York; a instituição nova-iorquina não foi identificada.";https://www.guiadasartes.com.br/paulo-becker/quem-foi;baixa;MAC USP;baixa;-29.7175;-52.4259;;;;;;;;https://www.guiadasartes.com.br/paulo-becker/quem-foi;;;baixa
Paulo Franco;;;;;;;;;male;;;"A identidade biográfica não pôde ser desambiguada com segurança; a formação no Centro Universitário Belas Artes não foi confirmada.";;;Museu de Arte Religiosa e Tradicional;baixa;;;;;;;;Homônimo não desambiguado com segurança.;;;;;
Paulo Monteiro;1961;;Brasil;Centro Universitário Belas Artes;-23.583688;-46.633917;São Paulo;;male;https://www.guiadasartes.com.br/paulo-bacellar-monteiro;média;;Wikidata;alta;MAC USP;alta;-23.5486657;-46.6382522;100.0;;;;;"Atividade expositiva recente; sem óbito identificado.";;Ulan;;;alta
Paulo Pasta;1959;;Brasil;Escola de Comunicações e Artes da Universidade de São Paulo (ECA-USP);-23.56012;-46.72985;Ariranha, São Paulo, Brasil;;male;https://enciclopedia.itaucultural.org.br/pessoas/3017-paulo-pasta;alta;"Fonte de referência registra graduação em artes plásticas na ECA-USP; a FAAP corresponde à atuação docente posterior.";Iberê Camargo;alta;MAC USP;alta;-21.1874;-48.7867;;;;;;"Verbete recente; sem óbito identificado.";;Wikidata > Ulan;;;alta
Paulo Renato Gaiad;1953;2016;Brasil;Universidade de Brasília (UnB) > Pontifícia Universidade Católica de Campinas (PUC-Campinas) > Universidade de Oslo;-15.7631 > -22.8337 > 59.9400;-47.8701 > -47.0514 > 10.7215;Piracicaba;Florianópolis;male;https://enciclopedia.itaucultural.org.br/pessoas/2526-paulo-gaiad;alta;iniciou Arquitetura e Urbanismo na Universidade de Brasília e recebeu bolsa para a Universidade de Oslo;Wikidata;alta;Museu Victor Meirelles;média;-22.724976;-47.6476;100.0;-27.5969123;-48.5495751;100.0;Itaú Cultural;;alta;Wikidata;Wikidata;;alta
Paulo Rossi Osir;1890;1959;Brasil;Accademia di Belle Arti di Bologna;44.497811111111;11.353188888889;São Paulo;São Paulo;male;https://teses.usp.br/teses/disponiveis/93/93131/tde-19102011-133617/publico/final.pdf;alta;Pesquisa acadêmica da USP confirma o diploma de arquitetura pela Real Academia de Bolonha.;Wikidata;alta;MAC USP;média;-23.5486657;-46.6382522;100.0;-23.5503944444;-46.6339472222;100.0;MAC USP;;alta;Wikidata > Ulan;Wikidata > Ulan;;alta
Paulo Whitaker;1958;;Brasil;Universidade do Estado de Santa Catarina (UDESC);-27.60111111;-48.52;São Paulo, São Paulo, Brasil;;male;https://enciclopedia.itaucultural.org.br/pessoas/2240-paulo-whitaker | https://www.referenciagaleria.com.br/artista/paulo-whitaker/;alta;;AM Galeria;média;MAC USP;alta;-23.5486657;-46.6382522;;;;;;"Verbete recente; sem óbito identificado.";;Wikidata;;;alta
Pedro Alexandrino Borges;1856;1942;Brasil;Academia Imperial de Belas Artes > Escola Nacional de Belas Artes > estudos com Almeida Júnior > estudos de desenho com José Maria de Medeiros > estudos de pintura com Zeferino da Costa;-22.9071 > -22.8625055 >  >  > ;-43.1829 > -43.2256622 >  >  > ;São Paulo;São Paulo;male;https://enciclopedia.itaucultural.org.br/pessoas/2268-pedro-alexandrino;alta;"Na juventude trabalhou como auxiliar de Claude-Paul Barandier em projetos de decoração; o vínculo foi mantido nas observações, e não como formação formal.";Wikidata;alta;Pinacoteca de São Paulo;alta;-23.5486657;-46.6382522;100.0;-23.5503944444;-46.6339472222;100.0;Itaú Cultural;;alta;Ulan;Ulan;;alta
Pedro Américo;1843;1905;Brasil;Academia Imperial de Belas Artes > École des Beaux-Arts de Paris > Université libre de Bruxelles;-22.9071 > 48.856386 > 50.811667;-43.1829 > 2.335657 > 4.381111;Areia;Florença;male;https://enciclopedia.itaucultural.org.br/pessoas/6107-pedro-americo;alta;A fonte confirma estudos na Academia Imperial, na École des Beaux-Arts de Paris e na Universidade Livre de Bruxelas.;Wikidata;alta;Museu Paulista;alta;-6.9660876;-35.6899708;100.0;43.7686976;11.2569291;100.0;Itaú Cultural;;alta;Ulan;Ulan;;alta
Pedro Augusto Simões Pires;1946;;;autodidata > Atelier Livre de Porto Alegre > Museu de Arte de Santa Catarina (MASC); > -30.0389 > -27.5884; > -51.2266 > -48.5524;São Paulo, SP, Brasil;;male;https://museuvictormeirelles.acervos.museus.gov.br/autores/pedro-augusto-simoes-pires-2/;alta;"artista autodidata; realizou cursos de litografia com Danúbio Gonçalves no Atelier Livre de Porto Alegre e com Antônio Grosso no MASC";MASC (FCC/SC);alta;Museu Victor Meirelles;baixa;-23.5486657;-46.6382522;;;;;;"Site oficial recente; sem óbito identificado.";;site oficial Pedro Pires;;;alta
Pedro Bruno;1888;1949;Brasil;Conservatório de Nápoles > Conservatório de Roma > Academia Inglesa (curso de pintura, em Roma) > Escola Nacional de Belas Artes;40.83583333333333 > 41.893055555556 > 41.893055555556 > -22.8625055;14.24861111111111 > 12.482777777778 > 12.482777777778 > -43.2256622;Ilha de Paquetá;Rio de Janeiro;male;https://pt.wikipedia.org/wiki/Pedro_Bruno | https://pintorpedrobruno.com.br/biografia-pedro-bruno/;média;A trajetória combina formação musical e posterior aperfeiçoamento em pintura.;Wikidata;alta;Museu Histórico Nacional;média;-22.7558;-43.1053;93.69;-22.9111111111;-43.2055555556;100.0;Itaú Cultural;;alta;Ulan;Ulan;;alta
Pedro Correia de Araújo;1874;1961;;Liceu de Artes e Ofícios de Pernambuco;-8.06127;-34.879077;Paris;Rio de Janeiro;male;fontes biográficas de referência;média;;Wikidata;alta;Museu da Inconfidência;baixa;48.856372814;2.352529617;100.0;-22.9014475;-43.1789159;100.0;Itaú Cultural;Nome completo na fonte: Pedro Luiz Correia de Araújo.;alta;Ulan;Ulan;;alta
Pedro Galbiati;;;;formação escultórica ítalo-brasileira;;;;;male;https://www.catalogodasartes.com.br/artista/Pedro%20Galbiati/;média;A fonte disponível é insuficiente para nomear escola específica> registro mantido cauteloso.;;;Museu Paulista;baixa;;;;;;;;Não localizei fonte auditável suficiente sobre local de morte nesta rodada.;;;;;
Pedro Ivo Carvalho;;;Brasil;The Animation Workshop;56.4561;9.40611;Niterói, Brasil;;male;FILE Festival | blog pessoal;alta;;FILE Festival;alta;FILE;;-22.8898227;-43.1220775;;;;;;"Perfil recente no FILE; sem óbito identificado.";;;;;
Pedro José Pinto Peres;1841;1923;;Liceu de Artes e Ofícios do Rio de Janeiro > Academia Imperial de Belas Artes;-22.91111111111111 > -22.9071;-43.20555555555556 > -43.1829;Lisboa, Portugal;Rio de Janeiro;male;Catálogo das Artes> Escritório de Arte> Wikipédia;média;chegou ao Brasil ainda criança e realizou sua formação artística no Rio de Janeiro;Enciclopédia Itaú Cultural;alta;Museu Victor Meirelles;alta;38.7070085;-9.1356407;;-22.9014475;-43.1789159;100.0;Itaú Cultural;;alta;Pedro Peres (verbete / Google Arts & Culture);Pedro Peres (verbete / Google Arts & Culture);;média
Pedro Riva;1983;;Argentina;Universidad de Buenos Aires (UBA) > University of Bergen > Kuvataideakatemia / University of the Arts Helsinki;-34.599722222222 > 60.3830 > 60.1699;-58.373055555556 > 5.3330 > 24.9384;;;male;NOBA;média;local de nascimento não localizado em fonte auditável;;;FILE;;;;;;;;;"Perfil recente; sem óbito identificado.";;MutualArt (perfil do artista);;;média
Pedro Veneroso;1987;;Brasil;Universidade Federal de Minas Gerais (UFMG);-19.8690878;-43.9663841;Belo Horizonte, Minas Gerais, Brasil;;male;Lab|Front / currículo;média;;GAL;alta;FILE;;-19.9181771;-43.9370534;;;;;;"Atividade acadêmica recente; sem óbito identificado.";;GAL Art (perfil do artista);;;média
Pedro Weingärtner;1853;1929;Brasil;Académie Julian > Liceu de Artes e Ofícios de Hamburgo > Academia Grão-ducal de Arte de Baden > Real Academia de Artes da Prússia;48.871111 > 53.5511 > 49.0144 > 52.516666666667;2.341667 > 9.9937 > 8.38726 > 13.383333333333;Porto Alegre;Porto Alegre;male;https://pt.wikipedia.org/wiki/Pedro_Weing%C3%A4rtner | https://www.arrematearte.com.br/artistas/pedro-weingartner-1853;média;;Wikidata;alta;Museu Nacional de Belas Artes;alta;-30.027679;-51.2286404;100.0;-30.0328305556;-51.2301888889;100.0;Itaú Cultural;;alta;Wikidata > Ulan;Wikidata > Ulan;;alta
Pereira, A.J.;;;;;;;;;;;;;;;Museu Histórico Nacional;;;;;;;;;"Identificação incompleta; não desambiguada com segurança.";;;;;
Pete Burkeet;;;Estados Unidos;The University of Akron;41.0752;-81.5115;;;male;site da artista | fellowship.xyz;média;local de nascimento não localizado em fonte auditável;;;FILE;;;;;;;;;"Site oficial recente; sem óbito identificado.";;;;;
Peter Burr;1980;;Estados Unidos;Carnegie Mellon University;40.4425;-79.94333333333333;Brooklyn;;male;CV do artista;média;;Wikidata;alta;FILE;;40.692529;-73.990996;100.0;;;;;"Site oficial recente; sem óbito identificado.";;;;;
Peter Lubarda;1907;1974;;Academy of Fine Arts, Belgrade;44.819524;20.453494;Ljubotin, Montenegro;Belgrado;male;biografia institucional do artista> fontes de referência;média;denominação institucional varia entre fontes | fonte usa a grafia Petar Lubarda.;Museum of Contemporary Art Skopje;alta;MAC USP;média;42.4463;19.1338;;44.8177777778;20.4569444444;100.0;Centre Pompidou;"Grafia do nome no arquivo diverge de Petar Lubarda; local de morte convergente em Belgrade.";alta;;;;
Peter Paul Rubens;1577;1640;Países Baixos Espanhóis;University of Cambridge > aprendiz com Tobias Verhaecht, Adam van Noort e Otto van Veen;52.205355979757925 >;0.11315726963968827 >;Siegen;Antuérpia;male;https://en.wikipedia.org/wiki/Peter_Paul_Rubens | https://www.britannica.com/biography/Peter-Paul-Rubens;alta;;Wikidata;alta;MASP;alta;50.874558999;8.024625;100.0;51.25942418;4.371799938;100.0;"Rubenshuis; MuseumTV";Local de morte mantido com base em fonte museológica e fonte secundária convergente.;alta;Ulan;Ulan;;alta
Peter Sussmann;1927;;;Colegio Nacional Manuel Belgrano;-34.599722222222;-58.381944444444;Berlim, Alemanha;Buenos Aires;male;https://artedelaargentina.com.ar/disciplinas/artista/pintura/peter-sussmann;alta;fonte confirma egresso do colegio> não localizei escola de arte formal;Arte de la Argentina;média;MAC USP;média;52.517669999;13.405537999;;-34.6090264;-58.3732215;100.0;Arte de la Argentina;Local de morte preenchido com base em fonte secundária artística.;média;Museo del Holocausto de Buenos Aires;;"fontes divergentes sobre data de morte; nascimento confirmado";média
Peter Whittenberger;;;Estados Unidos;University of Montana > University of Nevada, Reno;46.86 > 39.545833333333;-113.98527777778 > -119.81666666667;St. Louis, Missouri, Estados Unidos;;male;CV do artista;média;;Saatchi Art;média;FILE;;38.635355;-90.2009855;;;;;;"Site oficial recente; sem óbito identificado.";;;;;
Peter William Holden;1970;;Reino Unido;;;;Burnley, Reino Unido;;male;;;;site oficial do artista;alta;FILE;;53.789287;-2.240503;;;;;;"Site/CV recente; sem óbito identificado.";;site oficial Peter William Holden;;;alta
Petros Vrellis;1974;;Grécia;University of Patras > University of Ioannina;38.286666666667 > 39.62;21.786388888889 > 20.84;Grécia;;male;Saatchi Art;média;fonte identifica apenas o país de nascimento;bio do artista;média;FILE;;39.0;22.0;100.0;;;;;"Perfil recente no FILE; sem óbito identificado.";;FILE;;;alta
Philipp Artus;1982;;Alemanha;École des Beaux-Arts de Nantes > Academy of Media Arts Cologne (KHM);47.206475 > 50.93475582568144;-1.560904 > 6.962159950772375;Bremen;;male;site oficial do artista;alta;;Wikidata;alta;FILE;;53.075605999;8.809338;100.0;;;;;"Site oficial recente; sem óbito identificado.";;Wikidata;;;alta
Philippe Lamy;1800;;França;École nationale supérieure des beaux-arts de Toulouse;43.6000831;1.4403543;Casablanca, Marrocos;;male;site oficial do artista;alta;;site oficial do artista;alta;FILE;;33.57311;-7.589843;;;;;;"Biografia recente; sem óbito identificado.";;Ulan;;;alta
Piero di Cosimo;1462;1522;;aprendiz de Cosimo Rosselli;43.776907;11.258475;Florença;Florença;male;https://en.wikipedia.org/wiki/Piero_di_Cosimo | https://www.britannica.com/biography/Piero-di-Cosimo;alta;;Wikidata;alta;MASP;média;43.7686976;11.2569291;100.0;43.7686976;11.2569291;100.0;Uffizi Firenze;;alta;;;;
Piero Marussig;1879;1937;Reino da Itália;;;;Trieste;Pavia;male;;;;https://www.wikidata.org/wiki/Q1680724;alta;;alta;45.6535974;13.7785154;100.0;45.1858877;9.1565627;100.0;MAC USP;;alta;Wikidata > Ulan;Wikidata > Ulan;;alta
Pierre Alechinsky;1927;;França;École nationale supérieure des arts visuels de La Cambre;50.818888888889;4.3741666666667;Bruxelas;;male;https://www.praemiumimperiale.org/en/laureate/alechinsky/;alta;A biografia oficial do Praemium Imperiale confirma estudos de ilustração e tipografia em La Cambre, Bruxelas.;Wikidata;alta;MAC USP;alta;50.89806471;4.406264339;100.0;;;;;"Atividade expositiva recente; sem óbito identificado.";;Ulan;;;alta
Pierre Chaumont;1850;;Canadá;Université du Québec à Montréal (UQAM) > Campus ADN;45.513888888889 >;-73.560277777778 >;Libourne;;male;CV do artista;média;;Wikidata;alta;FILE;;44.914458002;-0.245192324;100.0;;;;;"CV recente; sem óbito identificado.";;Ulan;;;alta
Pierre Depaz;;;França;Université Sorbonne Nouvelle – Paris 3;48.84488888888889;2.396988888888889;Bordeaux, França;;male;Cosyll / AI Fictions;média;fonte biográfica informa origem em Bordeaux.;site oficial do artista;alta;FILE;;44.837898313;-0.579380299;;;;;;"Perfil acadêmico recente; sem óbito identificado.";;;;;
Pierre F. K.;;;;;;;;;male;;;;;;Museu Paulista;;;;;;;;;"Identificação incompleta; não desambiguada com segurança.";;;;;
Pierre Gobert;1662;1744;França;estudos com Pierre Mignard > Académie royale de peinture et de sculpture;> 48.85722222222222;> 2.3369444444444443;Fontainebleau;Paris;male;https://en.wikipedia.org/wiki/Pierre_Gobert;média;;Wikidata;alta;MASP;média;48.404740851;2.701648778;100.0;48.856372814;2.352529617;100.0;Museo del Prado;;alta;;;;
Pierre Soulages;1919;2022;França;Montpellier Fine Arts School;43.61755318089179;3.8841390694349522;Rodez;Nîmes;male;https://www.museefabre.fr/hommage-pierre-soulages-1919-2022;alta;O Musée Fabre confirma que Soulages foi aluno da Escola de Belas-Artes de Montpellier.;Wikidata;alta;MAC USP;alta;44.349408655;2.576021508;100.0;43.83665;4.35788;100.0;Centre Pompidou;Local normalizado do hospital para a cidade.;alta;Ulan;Ulan;;alta
Pierre-Auguste Renoir;1841;1919;França;École des Beaux-Arts de Paris > atelier de Charles Gleyre;48.853997 >;2.333500 >;Limoges;Cagnes-sur-Mer;male;https://sammlung.staedelmuseum.de/en/person/renoir-auguste;alta;;Wikidata;alta;MASP;alta;45.826337539;1.260531636;100.0;43.663746502;7.148767541;100.0;"Musée Renoir; Britannica";;alta;Ulan;Ulan;;alta
Pierre-Jean Le Moël;;;França;;;;França;;male;;;fonte biográfica identifica apenas o país> preenchimento mantido em nível de país.;Vimeo;média;FILE;;46.559417044;2.550539953;100.0;;;;;"Perfil recente no FILE; sem óbito identificado.";;;;;
Pieter Tjabbes;1958;;Países Baixos;Leiden University;52.15694444444444;4.485277777777778;Países Baixos;;male;FILE Festival;alta;fonte biográfica identifica apenas o país> preenchimento mantido em nível de país.;Itaú Cultural / FILE Festival;média;FILE;;52.249375293;5.616126398;100.0;;;;;"Atuação curatorial recente; sem óbito identificado.";;FILE;;;alta
Pietro Perugino;1450;1523;Itália;oficina de Andrea del Verrocchio >;43.11194444444445 > 43.776907;12.38861111111111 > 11.258475;Città della Pieve;Fontignano;male;https://en.wikipedia.org/wiki/Perugino | https://www.britannica.com/biography/Perugino;alta;As fontes também mencionam formação inicial em Perugia antes da ida a Florença.;Wikidata;alta;MASP;média;42.953051;12.003567;100.0;43.0262392;12.1913319;100.0;Treccani;;alta;;;;
Pio Semeghini;1878;1964;Itália;Accademia di Belle Arti di Modena > Accademia di Belle Arti di Firenze > Académie Julian;44.64445277777778 > 43.776907 > 48.871111;10.92485277777778 > 11.258475 > 2.341667;Quistello;Verona;male;https://it.wikipedia.org/wiki/Pio_Semeghini> https://piosemeghini.it/biografia.php;média;As fontes convergem sobre a formação nas academias de Modena e Florença e a frequência à Académie Julian em Paris, mas sem datas precisas localizadas.;Wikidata;alta;MAC USP;média;45.006574;10.9834629;100.0;45.4383527;10.9917125;100.0;Treccani;;alta;Wikidata > Ulan;Wikidata > Ulan;;alta
Pola Rezende;1906;1978;;Escola de Belas Artes da Universidade Federal de Minas Gerais (UFMG);-19.8690878;-43.9663841;;São Paulo;female;fontes biográficas de referência;média;fontes divergentes sobre local de nascimento (Rússia/Polônia);;;MAC USP;baixa;;;;-23.5503944444;-46.6339472222;100.0;MAC USP;;alta;;;;
Prisciliano Silva;1883;1965;Brasil;Universidade Federal da Bahia (UFBA) > Escola de Belas Artes da Bahia > Liceu de Artes e Ofícios > Académie Julian;-12.990785 > -12.990785 > -12.9714 > 48.871111;-38.524427 > -38.524427 > -38.5014 > 2.341667;Salvador;Rio de Janeiro;male;https://pt.wikipedia.org/wiki/Prisciliano_Silva | https://www.escritoriodearte.com/artista/presciliano-silva;média;As fontes também citam aulas particulares com Manoel Lopes Rodrigues.;Wikidata;alta;Museu Histórico Nacional;alta;-12.9641527;-38.5058208;100.0;-22.9111111111;-43.2055555556;100.0;Itaú Cultural;Fonte usa a grafia Presciliano Silva.;alta;Wikidata;Wikidata;;alta
Przemek Wegrzyn;1977;;Polônia;University of Wroclaw > Academy of Fine Arts in Wroclaw;51.11361111111111 > 51.111944;17.03333333333333 > 17.008611;Nowy Sącz, Polônia;;male;FILE Festival;alta;;currículo do artista;alta;FILE;;49.624944;20.697464;;;;;;"CV/biografia recente; sem óbito identificado.";;currículo / site oficial Przemek Węgrzyn;;;alta
Q10288297;1897;1929;;;;;;;;;;;;;;;;;;;;;;"Identificação insuficiente; creator registrado apenas como QID.";;Wikidata;Wikidata;;alta
Quba Michalski;1976;;Polônia;;;;Polônia;;male;;;fonte identifica apenas o país de nascimento;FILE Festival;média;FILE;;52.123790154;19.398768986;100.0;;;;;"CV recente; sem óbito identificado.";;;;;
Quentin Pointillart;;;;Supinfocom Rubika > BTS communication visuelle > Reims Management School > Tomas Bata University in Zlín;50.35805555555555 >  > 49.2583 > 49.2226556;3.523333333333333 >  > 4.0317 > 17.6648556;;;male;Zerply;média;local de nascimento não localizado em fonte auditável;;;FILE;;;;;;;;;"Perfil profissional recente; sem óbito identificado.";;;;;
Quinten Metsys;1466;1530;Ducado de Brabante;formação inicial em Leuven > provável aprendizagem em oficinas da família Bouts > Guilda de São Lucas de Antuérpia;50.8775 > 51.22111111111112 >;4.704444 > 4.399722222222223 >;Leuven;Antuérpia;male;https://en.wikipedia.org/wiki/Quentin_Matsys | https://www.wikiart.org/en/quentin-matsys | https://thekleschcollection.com/selected-works/quinten-metsys-christ-blessing/> https://en.wikipedia.org/wiki/Quentin_Matsys | https://thekleschcollection.com/selected-works/quinten-metsys-christ-blessing/;média;A formação inicial é reconstruída por historiadores> registros de guilda em Leuven não foram preservados.;Wikidata;alta;MASP;baixa;50.882173608;4.705906182;100.0;51.25942418;4.371799938;100.0;Britannica;;alta;;;;
Quirino da Silva;1897;1981;Brasil;Liceu de Artes e Ofícios de São Paulo;-23.5331446;-46.6267577;Rio de Janeiro;São Paulo;male;fontes biográficas de referência;média;instituição identificada> datas aproximadas;Wikidata;alta;MAC USP;média;-22.9014475;-43.1789159;100.0;-23.5503944444;-46.6339472222;100.0;Itaú Cultural;;alta;Wikidata > Ulan;Wikidata > Ulan;;alta
Rafael Frederico;1865;1934;Brasil;Academia Imperial de Belas Artes;-22.9071;-43.1829;Rio de Janeiro;Rio de Janeiro;male;https://enciclopedia.itaucultural.org.br/pessoas/7385-rafael-frederico | https://www.catalogodasartes.com.br/artista/Rafael%20Frederico/;média;A fonte aberta também informa depois atuação como assistente de Zeferino da Costa.;Wikidata;alta;Museu Nacional de Belas Artes;alta;-22.9014475;-43.1789159;100.0;-22.9014475;-43.1789159;100.0;Itaú Cultural;Fonte usa a grafia Raphael Frederico.;alta;https://enciclopedia.itaucultural.org.br/pessoas/7385-rafael-frederico;https://enciclopedia.itaucultural.org.br/pessoas/7385-rafael-frederico;;alta
Raheed Allaf;;;Emirados Árabes Unidos;American University of Sharjah;25.309722;55.490556;Arábia Saudita;;female;site oficial da artista;alta;fonte descreve a artista como “storyteller from Saudi Arabia”> usado com baixa confiança.;FILE Festival;alta;FILE;;23.885942;45.079162;;;;;;"Perfil recente no FILE; sem óbito identificado.";;;;;
Raimundo de Oliveira;1930;1966;Brasil;seminário de Feira de Santana > Escola de Belas Artes da Universidade da Bahia;-12.266944444444 > -12.990785;-38.966944444444 > -38.524427;Feira de Santana, BA, Brasil;Salvador;male;https://enciclopedia.itaucultural.org.br/pessoas/2741-raimundo-de-oliveira;alta;Formação inicial em seminário de Feira de Santana e estudos na Escola de Belas Artes da Universidade da Bahia.;MAC USP;alta;MAC USP;alta;-12.2664;-38.9663;;-12.9641527;-38.5058208;100.0;Itaú Cultural;;alta;Ulan;Ulan;;alta
Raj Jeshang;;;Tanzânia;Savannah College of Art and Design;32.073;-81.0961;Dar es Salaam, Tanzânia;;male;The AOI | Graphic Days;média;;FILE Festival;alta;FILE;;-6.792354;39.208328;;;;;;"Perfil profissional recente; sem óbito identificado.";;;;;
Ralph Du Casse;1916;2003;Estados Unidos;University of Cincinnati > University of California, Berkeley > estudos com Hans Hofmann > California College of Arts and Crafts;39.1329 > 37.871944444444445 >  > 37.7670;-84.5150 > -122.25833333333334 >  > -122.3990;Paducah;São Francisco;male;https://fostergwin.com/artist-bios/ralph-ducasse/ | https://www.carlsonartprojects.com/ralph-ducasse;alta;;Wikidata;alta;MAC USP;alta;37.07639;-88.633016;100.0;37.7800771;-122.4201615;100.0;SFGate;Local de morte sustentado por obituário jornalístico.;média;Wikidata > Ulan;Wikidata > Ulan;;alta
Raman Djafari;;;Alemanha;Hamburg University of Applied Sciences (HAW);53.55627;10.02196;Alemanha;;male;FILE Festival;alta;Ficha FILE explicita País de Origem.;FILE Archive — ficha de participante;alta;FILE;alta;51.110631049;10.392277932;;;;;;"Site/portfólio recente; sem óbito identificado.";;;;;
Ramiro AMK Fernández;;;Argentina;;;;Buenos Aires, Argentina;;male;;;;Mundos Digitales;alta;FILE;;-34.6090264;-58.3732215;100.0;;;;;"Atuação profissional recente; sem óbito identificado.";;;;;
Ramon Vergara Grez;1923;2012;Chile;Escuela de Bellas Artes de la Universidad de Chile;-33.44454888888889;-70.65095388888889;Mejillones;Santiago;male;https://www.rallimuseums.com/en/Santiago_de_Chile_News_and_Events_More_than_Geometry;alta;A biografia do Museu Ralli confirma ingresso na Escola de Belas Artes da Universidade do Chile e conclusão em 1946.;Wikidata;alta;MAC USP;baixa;-23.1000;-70.4500;100.0;-33.4459946;-70.6670569;100.0;Academia Chilena de Bellas Artes;;alta;Wikidata;Wikidata;;alta
Raoul Dufy;1877;1953;França;École supérieure d'art du Havre > École des Beaux-Arts du Havre > École nationale supérieure des beaux-arts;49.494166666667 > 49.4927 > 48.853997;0.10805555555556 > 0.1079 > 2.333500;Le Havre;Forcalquier;male;Wikipedia> Britannica;alta;;Wikidata;alta;MAC USP;alta;49.494261098;0.107801459;100.0;43.960133439;5.780591181;100.0;Britannica;;alta;Ulan;Ulan;;alta
Raphael;1483;1520;Sacro Império Romano-Germânico;Liceu de Artes e Ofícios de São Paulo;-23.5331446;-46.6267577;Urbino;Roma;male;fontes biográficas de referência;média;instituição identificada em biografias sumárias;Wikidata;alta;;baixa;43.7247469;12.6366847;100.0;41.8930555556;12.4827777778;100.0;Britannica;;alta;;;;
Raphael Galvez;1907;1998;Brasil;Liceu de Artes e Ofícios de São Paulo;-23.5331446;-46.6267577;São Paulo;São Paulo;male;https://www.getty.edu/vow/ULANFullDisplay?subjectid=500356462;alta;O ULAN confirma ingresso no Liceu de Artes e Ofícios de São Paulo em 1921.;https://enciclopedia.itaucultural.org.br/pessoas/7442-raphael-galvez;alta;MASP;baixa;-23.5486657;-46.6382522;100.0;-23.5503944444;-46.6339472222;100.0;https://enciclopedia.itaucultural.org.br/pessoas/7442-raphael-galvez;Nome completo na fonte: Raphael Dazzani Galvez.;alta;https://enciclopedia.itaucultural.org.br/pessoas/7442-raphael-galvez;https://enciclopedia.itaucultural.org.br/pessoas/7442-raphael-galvez;;alta
Raphaël Collin;1850;1916;França;ateliê de William-Adolphe Bouguereau > ateliê de Alexandre Cabanel; > ; > ;Paris;Brionne;male;https://en.wikipedia.org/wiki/Rapha%C3%ABl_Collin;média;;https://en.wikipedia.org/wiki/Rapha%C3%ABl_Collin;média;Museu Nacional de Belas Artes;alta;48.856372814;2.352529617;81.21;49.193448918;0.721791538;100.0;Musée d’Orsay;;alta;Ulan;Ulan;;alta
Raquel Fukuda;;;Brasil;Faculdade Santa Marcelina (FASM);-23.550394444444;-46.633947222222;São Paulo;;female;Escavador / Lattes;média;;Wikidata;alta;FILE;;-23.5486657;-46.6382522;100.0;;;;;"Atuação profissional recente; sem óbito identificado.";;;;;
Raquel Piantino;;;Brasil;Universidade de Brasília (UnB) > The University of Texas at Dallas;-15.76138888888889 > 32.9857;-47.86638888888889 > -96.7501;Brasília;;female;FILE Festival | UIVO Filmes;alta;;Wikidata;alta;FILE;;-15.7793842;-47.9257379;100.0;;;;;"Biografia recente no FILE; sem óbito identificado.";;;;;
Raul Milian;1914;1984;Cuba;Academia de San Alejandro;23.087472;-82.426917;Havana;Havana;male;fontes biográficas de referência;média;instituição identificada> datas não localizadas com precisão;Wikidata;alta;MAC USP;baixa;23.1281371;-82.3897195;100.0;23.1281371;-82.3897195;100.0;Museo Nacional de Bellas Artes de Cuba;;alta;Wikidata > Ulan;Wikidata > Ulan;;alta
Raul Porto;1936;1999;;;;;Dois Córregos, SP, Brasil;Campinas;male;;;;Galeria Berenice Arvani / Catálogo das Artes;média;MAC USP;baixa;-22.3677;-48.3814;;-22.900833333;-47.057222222;100.0;"Galeria Berenice Arvani; Catálogo das Artes";Local de morte preenchido com base em fontes secundárias convergentes.;média;Enciclopédia Itaú Cultural;Enciclopédia Itaú Cultural;;alta
Ravana;;;Índia;;;;Nova Délhi, Índia;;male;;;;FILE Festival;alta;FILE;;28.613939;77.209021;;;;;;Pseudônimo/nome artístico não desambiguado com segurança.;;;;;
Raven Kwok;1989;;Estados Unidos;Shanghai Institute of Visual Art > Rensselaer Polytechnic Institute;31.048 > 42.729014;121.202 > -73.676728;Shanghai, China;;male;site oficial / CV do artista;alta;;site oficial do artista;alta;FILE;;31.22222;121.45806;100.0;;;;;"Site/portfólio recente; sem óbito identificado.";;;;;
Ray Gropius;1988;;Itália;autodidata;;;Países Baixos;;male;FILE Festival;alta;fonte identifica apenas o país de nascimento> autodidata mantido sem coordenadas> fontes localizadas informam apenas Países Baixos, sem cidade auditável;site oficial do artista;alta;FILE;;52.249375293;5.616126398;100.0;;;;;"Site oficial recente; sem óbito identificado.";;site oficial Ray Gropius;;;alta
Regina Silveira;1939;;Brasil;Instituto de Artes da Universidade Federal do Rio Grande do Sul (UFRGS) > Escola de Comunicações e Artes da USP (ECA-USP);-30.0292 > -23.55833333;-51.2233 > -46.72694444;Porto Alegre;;female;https://reginasilveira.c2midia.com.br/sobre-a-artista/;alta;graduação na UFRGS> depois mestrado e doutorado na ECA/USP;Wikidata;alta;MAC USP;alta;-30.027679;-51.2286404;100.0;;;;;"Verbete recente; sem óbito identificado.";;Wikidata > Ulan;;;alta
Regina Veiga;1890;1968;Brasil;Académie Julian > estudos com Rodolfo Amoedo > formação com o pintor Heilmann;48.871111 >  >;2.341667 >  >;;Rio de Janeiro;female;https://pt.wikipedia.org/wiki/Regina_Veiga | https://aterraeredonda.com.br/regina-veiga/;média;Mantive a cronologia de forma conservadora porque a fonte não detalha todos os anos de estudo na Europa.;;;Museu Histórico Nacional;média;;;;-22.9111111111;-43.2055555556;100.0;Itaú Cultural;;alta;;;;
Rei Souza;;;Brasil;autodidata;-16.32667;-48.95278;Bragança Paulista;;male;FILE Festival | Mais Goiás / FILE Festival;alta;autodidata> coordenadas atribuídas à cidade de moradia e atuação explicitada em fontes;Wikidata;alta;FILE;média;-22.9517005;-46.5406666;100.0;;;;;"Biografia recente; sem óbito identificado.";;;;;
Rejane Cantoni;1959;;Brasil;Pontifícia Universidade Católica de São Paulo (PUC-SP) > University of Geneva > Universidade de São Paulo (USP);-23.5381 > 46.1991 > -23.5613991;-46.6705 > 6.1458 > -46.7307891;São Paulo;;female;Itaú Cultural | site oficial;alta;;Wikidata;alta;FILE;;-23.5486657;-46.6382522;100.0;;;100.0;;Nome artístico/pseudônimo não desambiguado com segurança.;;Wikidata;;;alta
Rek;1800;1899;Canadá;;;;;;female;;;local de nascimento não localizado em fonte auditável;;;FILE;;;;;;;;;"Biografia recente; sem óbito identificado.";;Ulan;Ulan;;alta
Rembrandt;1606;1669;República Neerlandesa;Leiden University > aprendizagem com Jacob van Swanenburgh > estudos com Pieter Lastman;52.15694444444444 >  >;4.485277777777778 >  >;Leiden;Amsterdã;male;https://www.ebiografia.com/rembrandt/ | https://pt.wikipedia.org/wiki/Rembrandt;média;A formação aparece em oficinas e mestres, não em academia formal.;Wikidata;alta;MASP;alta;52.158170179;4.48755174;100.0;52.361524688;4.890870311;100.0;Britannica;;alta;;;;
Renata Barros;1959;;;Faculty of Nutrition and Food Science of the University of Porto > Fundação Armando Álvares Penteado (FAAP) > Atelier des Beaux Arts;41.14666667 > -23.5450155 >;-8.61555556 > -46.6630802 >;São Paulo, SP, Brasil;;female;https://enciclopedia.itaucultural.org.br/pessoas/5195-renata-barros> https://mapa.pacodasartes.org.br/page.php?id=85905463-b0a1-481d-ae03-7671a882f149&name=artistas&op=detalhe;alta;também estuda com Vick Machado, Carlos Fajardo e outros em ateliê;MAC USP;alta;MAC USP;alta;-23.5486657;-46.6382522;;;;;;"Biografia recente; sem óbito identificado.";;Ulan;;;alta
Renata de Andrade;1960;;Brasil;Gerrit Rietveld Academie > Didactic Studies for Visual Artists > College of Multi Media;52.3563 > 52.3676 > 52.3676;4.9126 > 4.9041 > 4.9041;Barretos, São Paulo, Brasil;;female;https://museuvictormeirelles.museus.gov.br/2007-2/conversa-com-a-artista-renata-de-andrade/;alta;formou-se em pintura na Academia Rietveld> começou a estudar arte aos 29 anos, já na Holanda;https://museuvictormeirelles.acervos.museus.gov.br/autores/renata-de-andrade-2/;alta;Museu Victor Meirelles;média;-20.5531;-48.5698;100.0;;;;;"Verbete recente; sem óbito identificado.";;Ulan;;;alta
Renata Pedrosa;1967;;Brasil;European Ceramics Work Center > Pontifícia Universidade Católica de São Paulo (PUC-SP) > Escola de Comunicações e Artes da USP (ECA-USP);51.5833 > -23.5381 > -23.55833333;5.2 > -46.6705 > -46.72694444;Tremembé, SP, Brasil;;female;https://www.escavador.com/sobre/3341664/renata-pedrosa | https://teresaberlinck.com.br/curriculo/> https://www.escavador.com/sobre/3341664/renata-pedrosa;média;A fonte recuperada é de currículo acadêmico> informação artística complementar não especifica outras formações.;MAC USP;alta;MAC USP;média;-22.9571;-45.5475;;;;;;"Site oficial/biografia recente; sem óbito identificado.";;Guia das Artes;;;média
Renato Birolli;1905;1959;Reino da Itália;Accademia Cignaroli;45.43479753250506;10.9929983708197;Verona;Milão;male;https://galleriadelloscudo.com/en/artist/renato-birolli-biography-artworks-exhibitions/;alta;Biografia de arquivo informa estudos na Accademia Cignaroli, da qual foi expulso> não localizei datas exatas nesta passada.;Wikidata;alta;MAC USP;média;45.4383527;10.9917125;100.0;45.4636183;9.1881156;100.0;Fondazione Renato Birolli;;alta;Ulan;Ulan;;alta
Renato Guttuso;1912;1987;Itália;University of Palermo;38.11768;13.370131;Bagheria;Roma;male;https://en.wikipedia.org/wiki/Renato_Guttuso;média;Também frequentou o ateliê de Pippo Rizzo> preenchimento institucional mantido apenas para a universidade.;Wikidata;alta;MAC USP;média;38.0783238;13.5069548;100.0;41.8905568;12.4942679;100.0;Archivi Guttuso;;alta;Ulan;Ulan;;alta
Renzo Filinich;1978;;Chile;University of Chile > University of Valparaíso;-33.44454888888889 > -33.0407143;-70.65095388888889 > -71.6254608;Chile;;male;site oficial do artista;alta;FILE explicita “País de Origem”> preenchido em nível de país.;FILE Festival (País de Origem);alta;FILE;;-35.675147;-71.542969;;;;;;"Site oficial recente; sem óbito identificado.";;Festival Internacional de la Imagen;;;média
Renzo Vespignani;1924;2001;Itália;;;;Roma;Roma;male;;;artista geralmente descrito como autodidata> mantido apenas local de formação;Wikidata;alta;MAC USP;média;41.8905568;12.4942679;100.0;41.8905568;12.4942679;100.0;Quadriennale di Roma;;alta;Wikidata > Ulan;Wikidata > Ulan;;alta
René Bauer;1972;;Suíça;Universität Zürich;47.374722222222;8.5483333333333;Suíça;;male;FILE Festival;alta;Ficha FILE explicita País de Origem.;FILE Archive — ficha de participante;alta;FILE;alta;46.818188;8.227512;;;;;;"Perfil institucional recente; sem óbito identificado.";;FILE;;;alta
René Guiette;1893;1976;Bélgica;Royal Academy of Fine Arts Antwerp;51.2234;4.4069;Antuérpia;Wilrijk;male;https://en.wikipedia.org/wiki/Ren%C3%A9_Guiette;média;datas aproximadas;Wikidata;alta;MAC USP;média;51.25942418;4.371799938;100.0;51.16734;4.39513;100.0;"Galerie AB; Wikipédia (fr)";Local de morte preenchido com base em fontes secundárias convergentes.;média;Wikidata > Ulan;Wikidata > Ulan;;alta
René Portocarrero;1912;1985;Cuba;Academia de San Alejandro;23.087472;-82.426917;Cerro;Havana;male;https://en.wikipedia.org/wiki/Ren%C3%A9_Portocarrero;média;A fonte confirma estudos na Academia de San Alejandro.;Wikidata;alta;MAC USP;média;23.1157488;-82.3775869;100.0;23.1281371;-82.3897195;100.0;"EcuRed; Wikipedia";Local de morte preenchido com base em fontes secundárias convergentes.;média;Wikidata > Ulan;Wikidata > Ulan;;alta
Renée Lefèvre;1910;1996;Brasil;estudos com Pedro Alexandrino Borges > Académie Julian > Académie de la Grande Chaumière;> 48.871111 > 48.842342;> 2.341667 > 2.330848;São Paulo;São Paulo;male;https://pt.wikipedia.org/wiki/Ren%C3%A9e_Lef%C3%A8vre | https://enciclopedia.itaucultural.org.br/pessoas/259-renee-lefevre> https://pt.wikipedia.org/wiki/Ren%C3%A9e_Lef%C3%A8vre | https://enciclopedia.itaucultural.org.br/pessoas/259-renee-lefevre | https://www.escritoriodearte.com/artista/renee-lefevre;média;;Wikidata;alta;MAC USP;média;-23.5486657;-46.6382522;100.0;-23.5486657;-46.6382522;100.0;Itaú Cultural;;alta;Wikidata;Wikidata;;alta
Ricardo Barreto;1950;;Brasil;Centro Universitário Belas Artes > Faculdade de Filosofia, Letras e Ciências Humanas da USP (FFLCH-USP);-23.583688 > -23.5613991;-46.633917 > -46.7307891;Rio de Janeiro;;male;Enciclopédia Itaú Cultural;alta;;Wikidata;alta;FILE;;-22.9014475;-43.1789159;100.0;;;;;"Biografia recente; sem óbito identificado.";;Enciclopédia Itaú Cultural;;;alta
Ricardo Dal Farra;1957;;Argentina;Université du Québec à Montréal (UQAM);45.513888888889;-73.560277777778;Buenos Aires;;male;Daniel Langlois Foundation;alta;;Wikidata;alta;FILE;;-34.6090264;-58.3732215;100.0;;;;;"Perfil institucional recente; sem óbito identificado.";;;;;
Ricardo de Armas;1957;;Argentina;Vicentina de la Torre Arts Academy > Instituto Superior de Arte (ISA);21.378611111111 > 23.0961;-77.918611111111 > -82.3717;Camagüey, Cuba;;male;site oficial do artista;alta;;Wikidata;alta;FILE;;21.3808;-77.9169;100.0;;;;;"Site oficial recente; sem óbito identificado.";;site oficial Ricardo de Armas;;;alta
Ricardo Martínez;1918;2009;México;Academia de San Carlos > autodidata;19.43305556 > ;-99.12888889 > ;Cidade do México;Cidade do México;male;https://fundacionricardomartinez.net/ricardo-martinez/;alta;A fundação do artista confirma breve passagem pela Academia de San Carlos e posterior formação autodidata.;Wikidata;alta;MAC USP;média;19.430457906;-99.141684761;100.0;19.430457906;-99.141684761;100.0;"Vanguardia MX; Fundación Ricardo Martínez";Local de morte preenchido com base em fontes convergentes.;média;https://fundacionricardomartinez.net/ricardo-martinez/;https://fundacionricardomartinez.net/ricardo-martinez/;;alta
Richard Mortensen;1910;1993;Reino da Dinamarca;Royal Danish Academy of Fine Arts;55.680277777777775;12.587222222222222;Ejby;Ejby;male;https://www.britannica.com/biography/Richard-Mortensen;alta;Britannica informa que deixou a academia após dois anos para trabalhar de forma independente.;Wikidata;alta;MAC USP;alta;55.6982617;12.4119032;100.0;55.6888888889;11.845;100.0;"gravsted.dk; Wikipedia";Corrigido de Copenhagen para Ejby com base em fontes convergentes.;média;Ulan;Ulan;;alta
Richard Paul Lohse;1902;1988;Suíça;Kunstgewerbeschule Zürich;47.38295;8.5358;Zurique;Zurique;male;https://bilbaomuseoa.eus/en/explore/artist/richard-paul-lohse/4f9f44f8-1dab-4369-a394-2bc2b1d2e178;alta;O Museu de Belas Artes de Bilbao confirma estudos na Kunstgewerbeschule Zürich.;Wikidata;alta;MAC USP;média;47.38454096;8.529927493;100.0;47.38454096;8.529927493;100.0;Richard Paul Lohse / Biography;;alta;Ulan;Ulan;;alta
Rino Stefano Tagliafierro;1980;;Itália;ISIA Urbino > IED – Istituto Europeo di Design, Milano;43.7252 > 45.466944444444;12.6378 > 9.19;Piacenza, Itália;;male;site oficial do artista;alta;;biografia pública / página profissional;média;FILE;;45.0537735;9.6951421;100.0;;;;;"Site oficial recente; sem óbito identificado.";;;;;
Robert Becker;1900;;;École supérieure des arts décoratifs de Strasbourg > Académie Européenne d’Art de Trèves;48.5825 > 45.539444444444;7.7591 > 4.6761111111111;Sarreguemines, Lorena, França;;male;arts-direct;média;;arts-direct.com;média;FILE;;49.109707574;7.070491816;100.0;;;;;"Site oficial recente; sem óbito identificado.";;Ulan;;;alta
Robert Gwathmey;1903;1988;Estados Unidos;Maryland Institute of Design > Pennsylvania Academy of the Fine Arts;39.2904 > 39.955683;-76.6122 > -75.163217;Manchester;Southampton, Nova York;male;https://collections.lacma.org/node/165542 | https://www.pafa.org/museum/collection/item/street-scene-1;alta;"Fontes museológicas confirmam estudos no Maryland Institute e na Pennsylvania Academy; a Art Students League não foi confirmada.";Wikidata;alta;MAC USP;alta;37.5207;-77.4483;100.0;40.8852777778;-72.3952777778;100.0;"Wikipedia; Find a Grave";Coordenadas corrigidas para Southampton, Nova York.;média;Ulan;Ulan;;alta
Robert Wallace;;;;;;;Nova Zelândia;;male;;;fonte biográfica identifica apenas o país> preenchimento mantido em nível de país.;FILE Festival;média;FILE;;-40.900557;174.885971;;;;;;"Biografia recente; sem óbito identificado.";;;;;
Roberto Burle Marx;1909;1994;Brasil;Escola Nacional de Belas Artes > ateliê de Degner Klemn;-22.8625055 >;-43.2256622 >;São Paulo;Rio de Janeiro;male;Itaú Cultural> Wikipédia;média;Formação em pintura e arquitetura confirmada> ateliê anterior em Berlim.;Wikidata;alta;MAC USP;alta;-23.5486657;-46.6382522;100.0;-22.9014475;-43.1789159;100.0;MASC;;alta;Ulan;Ulan;;alta
Roberto Castellanos;1871;1942;Uruguai;Accademia di Belle Arti di Firenze > aulas com José Ciaranfi;43.7696 > ;11.2558 > ;Montevidéu;Montevidéu;male;https://mnav.gub.uy/cms.php?a=88;alta;estuda pintura em Florença com bolsa de estudos;Wikidata;alta;Museu Histórico Nacional;média;-34.9055557;-56.1852505;100.0;-34.9055557;-56.1852505;100.0;Museo Nacional de Artes Visuales;;alta;Museo Nacional de Artes Visuales (Uruguai);Museo Nacional de Artes Visuales (Uruguai);;alta
Roberto Mertig;;;;formação artística brasileira;;;;;male;https://www.catalogodasartes.com.br/;média;Sem base aberta detalhada suficiente.;;;Museu Paulista;baixa;;;;;;;;Homônimo/identidade insuficiente para individualização segura.;;;;;
Roberto Okinaka;1956;;;Fundação Armando Álvares Penteado (FAAP) > estudos em Osaka;-23.5450155 >;-46.6630802 >;São Paulo, SP, Brasil;;male;https://www.smartgallery.com.br/categoria/arte-japonesa-no-brasil/roberto-okinaka/;baixa;fonte secundária recente> informa formação na FAAP e complementação de estudos em Osaka, sem datas;MAC USP;alta;MAC USP;média;-23.5486657;-46.6382522;;;;;;"Verbete recente; sem óbito identificado.";;MAC USP;;;alta
Roberto Sambonet;1924;1993;Reino da Itália;Manzoni > Accademia di Belle Arti di Brera > Polytechnic University of Milan;45.45994722 > 45.47222222 > 45.47803055555556;9.17774167 > 9.18888889 > 9.227319444444444;Vercelli;Milão;male;MAC_consolidado_normalized.csv / nationality_applied_dataset.csv;média;dados recuperados de base auxiliar> datas não localizadas;Wikidata;alta;MAC USP;média;45.3211114;8.4262359;100.0;45.4636183;9.1881156;100.0;Itaú Cultural;;alta;Wikidata > Ulan;Wikidata > Ulan;;alta
Roberto Santaguida;;;Canadá;Concordia University;45.496944444444445;-73.57805555555555;Montreal, Canadá;;male;Art Souterrain;média;;Akademie Schloss Solitude;alta;FILE;;45.508867;-73.554242;100.0;;;;;"Biografia recente; sem óbito identificado.";;;;fontes divergentes sobre ano de nascimento (1981/1982);
Robin Baumgarten;1982;;Alemanha;Imperial College London;51.498308;-0.176882;Alemanha;;male;site oficial do artista;alta;Ficha FILE explicita País de Origem.;FILE Archive — ficha de participante;alta;FILE;alta;51.110631049;10.392277932;;;;;;"Site oficial recente; sem óbito identificado.";;;;;
Rocío Cano Valiño;1991;;Argentina;Conservatoire national supérieur musique et danse de Lyon (CNSMD Lyon) > Conservatoire à Rayonnement Régional de Lyon (CRR de Lyon) > Universität für Musik und darstellende Kunst Graz (KUG);45.76915 > 45.761 > 47.0725;4.81262 > 4.82234 > 15.4503;Buenos Aires;;female;site oficial da artista;alta;;Wikidata;alta;FILE;;-34.6090264;-58.3732215;100.0;;;;;"Perfil profissional recente; sem óbito identificado.";;Donne – Women in Music;;;média
Rodolfo Abularach;1933;2020;Guatemala;Escuela Nacional de Artes Plásticas, Ciudad de Guatemala > Escuela de Arquitectura, Universidad de San Carlos de Guatemala;14.6349 > 14.6349;-90.5069 > -90.5069;Guatemala City;Guatemala City;male;https://rodolfoabularach.com/es/biography/ | https://www.oas.org/artsoftheamericas/rodolfo-abularach;alta;"O site oficial e a OEA confirmam formação na Escola Nacional de Artes Plásticas e estudos de arquitetura em Guatemala; as coordenadas do México foram corrigidas.";Wikidata;alta;MAC USP;média;14.64198;-90.51324;100.0;14.6416666667;-90.5133333333;100.0;"David Nolan Gallery; AGN";;baixa;Wikidata > Ulan;Wikidata;;alta
Rodolfo Amoedo;1857;1941;Brasil;Liceu de Artes e Ofícios do Rio de Janeiro > Academia Imperial de Belas Artes > Académie Julian > École des Beaux-Arts de Paris;-22.908333 > -22.9071 > 48.871111 > 48.856386;-43.184722 > -43.1829 > 2.341667 > 2.335657;Salvador;Rio de Janeiro;male;https://enciclopedia.itaucultural.org.br/pessoas/6112-rodolfo-amoedo;alta;;Wikidata;alta;Pinacoteca de São Paulo;alta;-12.9641527;-38.5058208;100.0;-22.9014475;-43.1789159;100.0;Itaú Cultural;;alta;Ulan;Ulan;;alta
Rodolfo Bernardelli;1852;1931;México;Academia Imperial de Belas Artes > estudos com Giulio Monteverde e Achilles Monteverde;-22.9071 > ;-43.1829 > ;Guadalajara;Rio de Janeiro;male;https://pt.wikipedia.org/wiki/Rodolfo_Bernardelli;média;A fonte também indica aulas informais com Francisco Manuel Chaves Pinheiro.;Wikidata;alta;Museu Histórico Nacional;alta;20.674161223;-103.336727247;100.0;-22.9014475;-43.1789159;100.0;Itaú Cultural;;alta;Wikidata > Ulan;Wikidata > Ulan;;alta
Rodolfo Chambelland;1879;1967;Brasil;Académie Julian > Liceu de Artes e Ofícios > Escola Nacional de Belas Artes;48.871111 > -22.91111111111111 > -22.8625055;2.341667 > -43.20555555555556 > -43.2256622;Rio de Janeiro;Rio de Janeiro;male;https://pt.wikipedia.org/wiki/Rodolfo_Chambelland;média;;Wikidata;alta;Museu Histórico Nacional;alta;-22.9014475;-43.1789159;100.0;-22.9014475;-43.1789159;100.0;Itaú Cultural;;alta;Wikidata > Ulan;Wikidata > Ulan;;alta
Rodrigo Bivar;1981;;;Fundação Armando Álvares Penteado (FAAP);-23.5450155;-46.6630802;Brasília, DF, Brasil;;male;https://www.premiopipa.com/pag/artistas/rodrigo-bivar/;alta;A fonte informa graduação em artes plásticas pela FAAP, sem detalhar as datas.;MAC USP;alta;MAC USP;alta;-15.7793842;-47.9257379;;;;;;"Biografia recente; sem óbito identificado.";;;;;
Rodrigo Faustini;1992;;Brasil;Universidade Estadual de Campinas (UNICAMP) > Universidade de São Paulo (USP) > Goldsmiths, University of London;-22.817222222222 > -23.5613991 > 51.474269444444445;-47.069444444444 > -46.7307891 > -0.03541111111111111;São Paulo, Brasil;;male;USP | FAPESP | Academia.edu;alta;;PROYECTOR;alta;FILE;;-23.5486657;-46.6382522;100.0;;;;;"Biografia recente; sem óbito identificado.";;PROYECTOR;;;média
Rodrigo Rezende;;;Brasil;Faculdade Impacta de Tecnologia > Universidade Estadual Paulista Júlio de Mesquita Filho (UNESP);-23.550394444444 > -22.8172;-46.633947222222 > -47.0694;Brasil;;male;site oficial do artista;alta;;FILE Festival (País de Origem);alta;FILE;;-10.769946429;-53.073466889;100.0;;;;;"Site oficial/produção recente; sem óbito identificado.";;;;;
Rogelio Meléndez;1988;;México;;;;Reynosa, México;;male;;;Biografia explicita local e ano de nascimento.;FILE Archive — biografia de participante;alta;FILE;alta;26.092178;-98.277793;;;;;;"CV/biografia recente; sem óbito identificado.";;FILE;;;alta
Roger Chastel;1897;1981;França;Académie Julian > École des Beaux-Arts de Paris > ateliê de Fernand Cormon;48.8567 > 48.8567 > 48.8567;2.3522 > 2.3522 > 2.3522;9º arrondissement de Paris;Saint-Germain-en-Laye;male;https://www.mchampetier.com/oeuvres-vendues-de-Roger-Chastel-59257-0-art-et-estampes-autres.html;média;"A biografia localizada registra estudos na Académie Julian, ingresso na École des Beaux-Arts e passagem pelo ateliê de Fernand Cormon; a Académie de La Palette foi removida por falta de confirmação.";Wikidata;alta;MAC USP;alta;48.8769;2.3374;97.02;48.898970617;2.093804863;100.0;Centre Pompidou;;alta;Ulan;Ulan;;alta
Roger Dudant;1929;2008;Bélgica;Academy of Arts of Tournai > École nationale supérieure des arts visuels de La Cambre;50.60555555555555 > 50.818888888889;3.388055555555556 > 4.3741666666667;Brunehaut;Péruwelz;male;Artsy biography;média;;Wikidata;alta;MAC USP;média;50.527149348;3.395107839;100.0;50.52945214;3.563871239;100.0;"Wikimedia Commons; Wikipédia (fr)";Local de morte preenchido com base em fontes secundárias convergentes.;média;Wikidata > Ulan;Wikidata > Ulan;;alta
Rogério Bedim;;;;autodidata;;;;;male;https://www.youtube.com/watch?v=r6Zl0AAsKPw;média;"Artista descrito como autodidata na fonte consultada; não foi localizada formação institucional.";;;Museu de Arte Religiosa e Tradicional;baixa;;;;;;;;Fontes localizadas, mas sem óbito auditável.;;;;;
Rolf van Boxmeer;;;Países Baixos;;;;;;male;;;local de nascimento não localizado em fonte auditável;;;FILE;;;;;;;;;"perfil recente; sem óbito identificado.";;;;;
Romane Granger;;;França;Ecole Nationale Supérieure des Arts Décoratifs (ENSAD-Paris);48.8414;2.3441;;;female;https://www.twine.net/RomaneGranger | https://vimeo.com/user30152275;média;local de nascimento não localizado em fonte auditável;;;FILE;;;;;;;;;"biografia recente; sem óbito identificado.";;;;;
Romano Vicente (atribuição);;;;;;;;;;;;autoria atribuída/incerta> formação não localizada com segurança;;;Museu da Inconfidência;;;;;;;;;"atribuição; autor não individualizado.";;;;;
Romero Britto;1963;;Brasil;;;;Recife;;male;;;biografias consultadas enfatizam trajetória autodidata> sem escola formal confirmada;Wikidata;alta;MAC USP;média;-8.0551894;-34.871176;100.0;;;;;"site oficial recente; sem óbito identificado.";;Wikidata > Ulan;;;alta
Ronald van der Meijs;1966;;Reino dos Países Baixos;AKV > St.Joost Academy of Fine Arts and Design / Avans University of Applied Sciences;51.58888888888889 > 51.58888888888889;4.775833333333333 > 4.775833333333333;Tilburg;;male;FILE Festival;alta;;Wikidata;alta;FILE;;51.566279732;5.062871894;100.0;;;;;"biografia recente; sem óbito identificado.";;Wikidata;;;alta
Ronchi;;;;;;;;;;;;identificação incompleta> não foi possível desambiguar com segurança;;;Museu Casa de Benjamin Constant;;;;;;;;;identidade insuficiente para desambiguação.;;;;;
Rora Blue;;;Estados Unidos;San Francisco Art Institute > University of Nevada, Reno;37.8035 > 39.545833333333;-122.417 > -119.81666666667;Califórnia, Estados Unidos;;female;site oficial do artista;alta;preenchido a partir de fonte secundária auditável> sem fonte institucional localizada no lote.;Wikipedia;média;FILE;;36.778261;-119.417932;;;;;;"site oficial recente; sem óbito identificado.";;;;;
Rosina Becker do Valle;1914;2000;Brasil;Instituto de Artes da Universidade Federal do Rio Grande do Sul (UFRGS);-30.0292;-51.2233;Rio de Janeiro;Rio de Janeiro;female;fontes biográficas de referência;média;instituição identificada> datas não localizadas com precisão;Wikidata;alta;MAC USP;baixa;-22.9014475;-43.1789159;100.0;-22.9111111111;-43.2055555556;100.0;MAC USP;;alta;Wikidata;Wikidata;;alta
Ru Kuwahata;2000;;Japão;Parsons School of Design;40.735357;-73.994533;Japão;;female;site oficial / Parsons;alta;;Wikidata;alta;FILE;;36.655226998;139.271495;100.0;;;;;"biografia recente; sem óbito identificado.";;Wikidata;;;alta
Rubem Valentim;1922;1991;Brasil;;;;Salvador;São Paulo;male;;;;https://museuafrobrasil.org.br/pessoas-grupos-instituicoes-organizacoes/rubem-valentim/;alta;MAC USP;média;-12.9777;-38.5016;100.0;-23.5503944444;-46.6339472222;100.0;Itaú Cultural;;alta;https://museuafrobrasil.org.br/pessoas-grupos-instituicoes-organizacoes/rubem-valentim/;https://museuafrobrasil.org.br/pessoas-grupos-instituicoes-organizacoes/rubem-valentim/;;alta
Rubens Gerchman;1942;2008;Brasil;Escola Nacional de Belas Artes > Liceu de Artes e Ofícios do Rio de Janeiro;-22.8625055 > -22.91111111111111;-43.2256622 > -43.20555555555556;Rio de Janeiro;São Paulo;male;https://pt.wikipedia.org/wiki/Rubens_Gerchman;média;na Escola Nacional de Belas Artes estuda xilogravura com Adir Botelho;Wikidata;alta;MAC USP;alta;-22.9014475;-43.1789159;100.0;-23.5503944444;-46.6339472222;100.0;Itaú Cultural;;alta;Wikidata > Ulan;Wikidata;;alta
Rune Spaans;;;Noruega;;;;Noruega;;male;;;;FILE Festival (País de Origem);alta;FILE;;62.0;10.0;100.0;;;;;;;;;;
Ruth Gibson;1965;;Reino Unido;Royal Melbourne Institute of Technology (RMIT University);-37.80777777777778;144.96333333333334;;;female;Triarchy Press;média;local de nascimento não localizado em fonte auditável;;;FILE;;;;;;;;;"perfil institucional recente; sem óbito identificado.";;Art UK;;;alta
Ryan Seslow;;;Estados Unidos;;;;;;male;;;local de nascimento não localizado em fonte auditável;;;FILE;;;;;;;;;"site oficial recente; sem óbito identificado.";;;;;
Ryoya Usuha;1991;;Japão;Graduate School of Film and New Media, Tokyo University of the Arts;35.7195782;139.7726862;Província de Saitama, Japão;;male;Tokyo TDC | FILE Festival;alta;;Tokyo TDC;alta;FILE;;35.996251;139.446601;;;;;;;;Tokyo University of the Arts / GEIDAI GAMES;;;alta
S. Rosenthal;;;Reino Unido;;;;;;male;;;;;;Museu Histórico Nacional;;;;;;;;;"nome abreviado; identidade insuficiente para desambiguação.";;;;;
S4RA;;;;;;;;;non-binary;;;local de nascimento não localizado em fonte auditável;;;FILE;;;;;;;;;pseudônimo não desambiguado.;;;;;
Saad Moosajee;1993;;Estados Unidos;Rhode Island School of Design;41.825833333333;-71.407777777778;;;female;The Talks | shots Awards;média;local de nascimento não localizado em fonte auditável;;;FILE;;;;;;;;;;;site oficial Saad Moosajee;;;alta
Sabato Visconti;;;Brasil;Amherst College;42.370833333333;-72.516944444444;São Paulo;;male;FILE Festival;alta;;Wikidata;alta;FILE;;-23.5486657;-46.6382522;100.0;;;;;"site/portfólio recente; sem óbito identificado.";;;;;
Sada Yazima;;;;;;;;;female;;;formação não localizada com segurança;;;MAC USP;;;;;;;;;;;;;;
Salar Niknafs;;;Irã;University of Tehran > University of Wollongong;35.70333333333333 > -34.406166666667;51.419444444444444 > 150.87953611111;;;male;https://salarniknafs.com/About | University of Wollongong;alta;local de nascimento não localizado em fonte auditável;;;FILE;;;;;;;;;;;;;;
Salomon van Ruysdael;1600;1670;República Neerlandesa;aluno de Esaias van de Velde;52.376609;4.633598;Naarden;Haarlem;male;https://en.wikipedia.org/wiki/Salomon_van_Ruysdael | https://www.britannica.com/biography/Salomon-van-Ruysdael;alta;;Wikidata;alta;MASP;média;52.29240476;5.157403567;100.0;52.3802777778;4.6405555556;100.0;Wikipedia (en);;média;Wikidata > Ulan;Wikidata > Ulan;;alta
Salomé Chatriot;1995;;França;École cantonale d'art de Lausanne (ECAL);46.533333333333;6.6333333333333;Paris, França;;female;https://file.org.br/file_sp_2018/salome-chatriot/;alta;;Volery Gallery;baixa;FILE;;48.856372814;2.352529617;100.0;;;;;;;https://www.cnap.fr/annuaire/personne/salome-chatriot;;;alta
Salvador Escolá Arimany;1854;1905;Espanha;Academia de Belas Artes de Barcelona;41.38240278;2.18358611;Barcelona;Madri;male;https://pt.wikipedia.org/wiki/Salvador_Escol%C3%A1_Arimany | https://www.salvadorescola.org/;média;A escola de Barcelona é nomeada> a etapa romana aparece como complemento de formação, sem academia identificada na fonte aberta.;Wikidata;alta;Museu Paulista;média;41.387917;2.1699187;100.0;40.4166909;-3.7003454;100.0;site oficial Salvador Escolá;;alta;Wikidata;Wikidata;;alta
Salvatore Insana;1984;;Itália;Università degli Studi Roma Tre;41.8625;12.47888888888889;Oppido Mamertina, Calábria, Itália;;male;https://romeartweek.com/en/artists/?code=NITAXH | https://www.klpteatro.it/author/salvatore-insana;média;"Fontes convergentes confirmam formação no DAMS da Università Roma Tre; a Accademia di Belle Arti di Napoli foi removida por falta de confirmação.";CARMA / biografia pública;alta;FILE;média;38.29323;15.98666;;;;;;"biografia recente; sem óbito identificado.";;GAi - Giovani Artisti Italiani;;;alta
Sam Twidale;;;Reino Unido;Liverpool University;53.406;-2.967;Hereford, Reino Unido;;male;CCCB | FILE Festival;alta;;FILE Festival;alta;FILE;;52.056736;-2.714413;;;;;;"site/biografia recente; sem óbito identificado.";;;;;
Samson Flexor;1907;1971;Brasil;Académie royale des Beaux-Arts de Bruxelles > Académie royale des Beaux-Arts de Bruxelles > École nationale supérieure des beaux-arts > Sorbonne;50.844 > 50.844 > 48.853997 > 48.84861111111111;4.3477 > 4.3477 > 2.333500 > 2.343611111111111;Soroca;São Paulo;male;Enciclopédia Itaú Cultural;alta;fontes secundárias mencionam ainda academias Ranson e La Grande Chaumière, não consolidadas aqui para manter concisão;Wikidata;alta;MAC USP;alta;48.138362008203;28.19432030475;100.0;-23.5503944444;-46.6339472222;100.0;Itaú Cultural;;alta;Wikidata > Ulan;Wikidata > Ulan;;alta
Samuel Fouracre;1977;;Reino Unido;Royal College of Art;51.501388888889;-0.17888888888889;Reino Unido;;male;FILE Festival;alta;;FILE Festival / IMDb;média;FILE;;53.408386605;-1.969559544;100.0;;;;;;;Wikidata;;;alta
Samuel Walters;1811;1882;Reino Unido da Grã-Bretanha e Irlanda;Liverpool Academy > formação inicial com o pai Miles Walters;53.401862 >;-2.983605 >;Londres;Liverpool;male;https://www.askart.com/bio/Samuel_Walters/9000406/Samuel_Walters | https://en.wikipedia.org/wiki/Samuel_Walters_%28artist%29;média;A Wikipedia também o descreve como amplamente autodidata após ensino paterno.;Wikidata;alta;Coleção Brasiliana Itaú;média;51.50740836;-0.127698693;100.0;53.409366791;-2.978494817;100.0;"Artnet; Wikipedia (en)";;média;Ulan;Ulan;;alta
Sandra Crisp;;;Reino Unido;Wimbledon School of Art;51.41343;-0.211466;Cheshire, Reino Unido;;female;FILE Festival;alta;;FILE Festival;alta;FILE;;53.1926;-2.8894;;;;;;;;;;;
Sandrine Deumier;1978;;França;;;;;;female;;;local de nascimento não localizado em fonte auditável;;;FILE;;;;;;;;;;;NRW-Forum Düsseldorf;;;alta
Sandro Botticelli;1444;1510;Itália;aprendiz no ateliê de Fra Filippo Lippi >;43.776907 > 43.88;11.258475 > 11.09833;Florença;Florença;male;https://en.wikipedia.org/wiki/Sandro_Botticelli;média;Fontes abertas recuperadas não confirmam outra oficina com o mesmo grau de certeza.;Wikidata;alta;MASP;alta;43.7686976;11.2569291;100.0;43.7686976;11.2569291;100.0;Britannica;;alta;Ulan;Ulan;;alta
Sandro Miccoli;;;Brasil;Universidade Federal de Minas Gerais (UFMG);-19.8690878;-43.9663841;Belo Horizonte, Minas Gerais, Brasil;;male;FILE Festival;alta;fonte descreve o artista como “natural de Belo Horizonte”> usado com baixa confiança.;FILE Festival;alta;FILE;;-19.9181771;-43.9370534;100.0;;;;;;;;;;
Sangjun Yoo;1982;;;University of Ulsan College of Medicine;35.52;129.429;Seul, Coreia do Sul;;male;https://orcid.org/0000-0003-4992-7053 | https://www.wikidata.org/wiki/Q56993881;alta;;about.me / SEA Foundation;média;FILE;;37.566;126.9784;100.0;;;;;;;about.me (perfil do artista);;;média
Santiago Echeverry;;;Colômbia;New York University (NYU);40.729591;-73.996895;Bogotá, Colômbia;;male;FILE Festival;alta;;FilmFreeway / biografia pública;média;FILE;;4.6068824;-74.071837;100.0;;;;;;;;;;
Sara Kolster;1978;;Reino dos Países Baixos;Design Academy Eindhoven;51.439825;5.474695;Países Baixos;;female;FILE Festival;alta;;Wikidata;alta;FILE;;52.249375293;5.616126398;100.0;;;;;;;Wikidata > Ulan;;;alta
Sara Ávila;1932;;;Escola de Belas Artes de Belo Horizonte / atual Escola Guignard-UEMG;-19.8690878;-43.9663841;;Belo Horizonte;female;https://www.guiadasartes.com.br/sara-avila-de-oliveira/artista | https://www.escritoriodearte.com/artista/sara-avila-de-oliveira;baixa;Também aparecem aulas com Guignard, Franz Weissmann, Anna Letycia e Quaglia.;;;MAC USP;alta;;;;-19.9280555556;-43.9419444444;100.0;"SECULT MG; Hoje em Dia";;alta;Ulan;;;alta
Sarah Ouazzani;;;França;Conservatoire National de Marseille;43.2959;5.38358;;;female;In-Sonora;média;local de nascimento não localizado em fonte auditável;;;FILE;;;;;;;;;;;;;;
Saul;;;Reino Unido;autodidata;51.453132471;-2.600983373;;;male;FILE Festival | Sulkybunny / NERD Productions;alta;local de nascimento não localizado em fonte auditável> autodidata> coordenadas atribuídas à cidade-base do estúdio e da residência atual;;;FILE;baixa;;;;;;;;nome insuficiente para desambiguação.;;;;;
Saurabh Datta;;;Índia;;;;;;male;;;local de nascimento não localizado em fonte auditável;;;FILE;;;;;;;;;;;;;;
Scant Intone;;;Canadá;;;;;;male;;;local de nascimento não localizado em fonte auditável;;;FILE;;;;;;;;;"site oficial recente; sem óbito identificado.";;;;;
Scipione;1904;1933;Reino da Itália;Scuola Libera del Nudo, Accademia di Belle Arti di Roma;41.9075;12.4756;Macerata;Arco;male;https://en.wikipedia.org/wiki/Scipione_(Gino_Bonichi);média;instituição confirmada> data de ingresso não localizada com precisão na fonte consultada;Wikidata;alta;MAC USP;média;43.3007462;13.456262;100.0;45.9166666667;10.8833333333;100.0;Treccani;;alta;;;;
Scipião Mandira;;;;;;;;;;;;artista autodidata> sem escola formal localizada;;;MAC USP;baixa;;;;;;;;identidade insuficiente para desambiguação.;;;;;
Sebastian Gatz;;;Reino da Dinamarca;Royal Danish Academy of Fine Arts > HDK-Valand Academy of Art and Design, University of Gothenburg > Konstfack University of Arts, Crafts and Design;55.680277777777775 > 57.7000 > 59.29861111;12.587222222222222 > 11.9700 > 17.99583333;;;male;FILE Festival / site do artista;alta;local de nascimento não localizado em fonte auditável;;;FILE;;;;;;;;;"site/biografia recente; sem óbito identificado.";;;;;
Sebastian Tedesco;1968;;Argentina;Universidad de Buenos Aires (UBA) > Universidad Nacional de Tres de Febrero;-34.599722222222 > -34.60166667;-58.373055555556 > -58.52777778;Buenos Aires;;male;CV do artista;média;;Wikidata;alta;FILE;;-34.6090264;-58.3732215;100.0;;;;;"site/CV recente; sem óbito identificado.";;ARTEINFORMADO;;;média
Serge Poliakoff;1906;1969;Império Russo;Académie de la Grande Chaumière > Moscow School of Painting, Sculpture and Architecture;48.842342 > 55.7558;2.330848 > 37.6173;Moscou;Paris;male;https://en.wikipedia.org/wiki/Serge_Poliakoff;média;Fonte confirma formação em Moscou antes do exílio e matrícula na Grande Chaumière em Paris em 1929.;Wikidata;alta;MAC USP;média;55.7565408;37.6149202;100.0;48.8566666667;2.3522222222;100.0;Centre Pompidou;;alta;Ulan;Ulan;;alta
Sergio Mantilla;;;Colômbia;Universidad de los Andes > Fundação Armando Álvares Penteado (FAAP);-33.404007 > -23.5450155;-70.507468 > -46.6630802;;;male;site do artista;alta;local de nascimento não localizado em fonte auditável;;;FILE;;;;;;;;;"site oficial recente; sem óbito identificado.";;;;;
Sergio Niculitcheff;1960;;;Instituto de Artes e Decoração (IADÊ) > Ateliê de Gravura da Escola de Comunicações e Artes da USP;-23.550394444444 > -23.55833333;-46.633947222222 > -46.72694444;São Paulo, SP, Brasil;;male;https://enciclopedia.itaucultural.org.br/pessoas/3078-niculitcheff;alta;;MAC USP / MAC Encontra os Artistas;alta;MAC USP;alta;-23.5486657;-46.6382522;;;;;;"biografia recente; sem óbito identificado.";;;;;
Servando Barreiro;;;Espanha;;;;Santiago de Compostela, Espanha;;male;;;;Art Meets Radical Openness;alta;FILE;;42.8806228;-8.5466071;100.0;;;;;"perfil/site recente; sem óbito identificado.";;;;;
Seymor Lipton;1903;1986;;Brooklyn Polytechnic Institute > City College of New York > Columbia University;40.65083333333333 > 40.8194 > 40.8075;-73.94972222222222 > -73.95 > -73.961944444444;Nova York, Nova York, Estados Unidos;Glen Cove;male;https://michaelrosenfeld.com/storage/app/media/Artist/CV/Seymour%20Lipton%20CV.pdf | https://www.britannica.com/biography/Seymour-Lipton> https://michaelrosenfeld.com/storage/app/media/Artist/CV/Seymour%20Lipton%20CV.pdf | https://findingaids.archives.newschool.edu/repositories/3/resources/98;alta;"creator grafado como 'Seymor'; fonte biográfica usa 'Seymour Lipton'";Saint Louis Art Museum;alta;MAC USP;alta;40.7130466;-74.0072301;;40.8672222222;-73.6277777778;;Smithsonian American Art Museum;"registro auditado como Seymour Lipton; grafia divergente em creator.";alta;;;;
Sheila Brannigan;;;;ateliers de André Lhote e Henry Goetz > Académie de la Grande Chaumière;> 48.842342;> 2.330848;;Londres;female;https://www.catalogodasartes.com.br/artista/Sheila%20Brannigan/;média;A fonte indica início da pintura na Suíça e posterior formação em Paris.;;;MAC USP;alta;;;;51.5072222222;-0.1275;;MAC USP;;alta;;;;
Shenuka Corea;1995;;Sri Lanka;New York University Abu Dhabi > School of Visual Arts, New York;24.5239 > 40.73861111;54.4346 > -73.98222222;Colombo, Sri Lanka;;female;https://www.shenukacorea.com/about;alta;;https://www.shenukacorea.com/about;alta;FILE;;6.93444;79.84278;;;;;;"site/portfólio recente; sem óbito identificado.";;Google Arts & Culture;;;média
Shinzo Adachi;;;;Tokyo School of Fine Arts;35.68944444444445;139.6916666666667;;;;fontes biográficas de referência;média;instituição identificada em fontes sumárias;;;MAC USP;baixa;;;;;;;;sem fonte auditável de local de morte.;;;;;
Shirin Abedinirad;1986;;Irã;Shariaty Technical College > Michigan State University;35.62037376586496 > 42.7018637482531;51.399823250684136 > -84.48216117291386;Tabriz;;female;FILE Festival | site oficial da artista;alta;;Wikidata;alta;FILE;;38.08;46.2919;100.0;;;;;"site oficial recente; sem óbito identificado.";;;;;
Shirley Paes Leme;1955;;Brasil;Universidade Federal de Minas Gerais (UFMG) > University of Arizona > San Francisco Art Institute > University of California, Berkeley > John F. Kennedy University;-19.8691 > 32.2319 > 37.8037 > 37.871944444444445 > 37.9479;-43.9677 > -110.9501 > -122.4166 > -122.25833333333334 > -122.0608;Cachoeira Dourada, GO, Brasil;;female;https://www.shirleypaesleme.com/sobre | https://mam.rio/programacao/composicoes-para-tempos-insurgentes-shirley-paes-leme/;alta;"O site da artista e o MAM Rio confirmam formação na UFMG e estudos posteriores nos Estados Unidos; o registro foi ampliado para incluir as etapas documentadas.";MACRS;alta;MAC USP;alta;-18.4916;-49.4766;;;;;;"exposição recente; sem óbito identificado.";;Wikidata;;;alta
Shoichiro Mori;1971;;Japão;Waseda University;35.709202777778;139.71933333333;Amagasaki;;male;Enciclopédia Itaú Cultural / bases auxiliares;alta;;Wikidata;alta;MAC USP;alta;34.73377489;135.40636455;100.0;;;;;sem fonte auditável de local de morte.;;Wikidata;;;alta
Sigrun Höllrigl;1966;;Áustria;University of Vienna;48.213055555555556;16.35972222222222;Innsbruck, Áustria;;female;site da artista;média;;site oficial da artista;alta;FILE;;47.26543;11.392768;;;;;;"perfil/atividade recente; sem óbito identificado.";;site oficial Sigrun Höllrigl;;;alta
Silvano Bozzolini;1911;1998;Itália;Accademia di Belle Arti di Firenze > École des Beaux-Arts de Paris;43.776907 > 48.853997;11.258475 > 2.333500;Fiesole;Poggibonsi;male;Hanina Fine Arts biography> gallery Champetier;baixa;;Wikidata;alta;MAC USP;média;43.8069331;11.2927658;100.0;43.4666694444;11.15;100.0;MAC USP;corrigido de Paris para Poggibonsi conforme MAC USP.;alta;Wikidata > Ulan;Wikidata > Ulan;;alta
Silvano Vescovi;;;;Accademia di Belle Arti di Venezia;45.4286;12.3305;;;;fontes biográficas de referência;média;instituição identificada> datas não localizadas com precisão;;;MAC USP;média;;;;;;;;sem fonte auditável de local de morte.;;;;;
Silvia De Gennaro;1961;;Itália;;;;Siena, Itália;;female;;;;galeria / biografia pública;média;FILE;;43.318809;11.330757;;;;;;"exposição/biografia recente; sem óbito identificado.";;;;;
Silvia Laurentiz;1960;;Brasil;Fundação Armando Álvares Penteado (FAAP);-23.5450155;-46.6630802;;;female;BV FAPESP / Currículo Lattes;média;local de nascimento não localizado em fonte auditável;;;FILE;;;;;;;;;"perfil institucional recente; sem óbito identificado.";;Wikidata;;;alta
Silvia Ruzanka;;;Peru;Smith College > School of the Art Institute of Chicago (SAIC);42.3175 > 41.879444444444;-72.6375 > -87.623888888889;Cusco, Peru;;female;site da artista;média;;FILE Festival;alta;FILE;;-13.53195;-71.967463;;;;;;"perfil institucional recente; sem óbito identificado.";;;;;
Simon Boucly;;;França;Supinfocom Rubika;50.35805555555555;3.523333333333333;;;male;FILE Festival;alta;local de nascimento não localizado em fonte auditável;;;FILE;;;;;;;;;"perfil/filmografia recente; sem óbito identificado.";;;;;
Simon Christoph Krenn;1986;;Áustria;University of Innsbruck > University of Arts Linz;47.2633 > 48.3066;11.3857 > 14.2857;Feldkirch, Áustria;;male;Art Meets Radical Openness;média;;Art Meets Radical Openness;alta;FILE;;47.239443;9.59886;;;;;;"perfil/biografia recente; sem óbito identificado.";;;;;
Simon Scheiber;1985;;Áustria;;;;Áustria;;male;;;fonte consultada informa nascimento apenas em nível de país;site oficial do artista / Zippy Frames;alta;FILE;;47.585810005;14.137076948;100.0;;;;;"site oficial recente; sem óbito identificado.";;Zippy Frames;;;média
Simone Rebaudengo;;;Itália;Delft University of Technology (TU Delft) > Polytechnic University of Turin;52.001666666667 > 45.063094444444;4.3725 > 7.661075;;;male;ThingsCon;média;local de nascimento não localizado em fonte auditável;;;FILE;;;;;;;;;"site oficial recente; sem óbito identificado.";;;;;
Simplício Rodrigues de Sá;1785;1839;Reino de Portugal;iniciação no ofício artístico em Lisboa > formação com Jean-Baptiste Debret;38.708042 > ;-9.139016 > ;São Nicolau, Cabo Verde;Rio de Janeiro;male;https://pt.wikipedia.org/wiki/Simpl%C3%ADcio_Rodrigues_de_S%C3%A1 | https://enciclopedia.itaucultural.org.br/pessoas/7754-simplicio-de-sa;média;Sem escola formal nomeada nas fontes recuperadas.;Wikidata;alta;Pinacoteca de São Paulo;média;15.01279;-23.57054;100.0;-22.9014475;-43.1789159;100.0;Itaú Cultural;;alta;Wikidata > Ulan;Wikidata > Ulan;;alta
Sir Henry Chamberlain, 2nd Baronet;1796;1844;Brasil;formação militar e diplomática britânica > estudos de desenho topográfico no contexto do serviço exterior;>;>;Londres;Bermudas;male;https://pt.wikipedia.org/wiki/Henry_Chamberlain;média;As fontes biográficas abertas enfatizam carreira diplomática e prática de desenho, sem escola formal claramente identificada.;Wikidata;alta;MASP;baixa;51.50740836;-0.127698693;100.0;32.32;-64.74;100.0;Itaú Cultural;;alta;Wikidata;Wikidata;;alta
Sofia Pardillo;;;Estados Unidos;Pratt Institute;40.691111;-73.963889;;;female;FILE Festival;alta;local de nascimento não localizado em fonte auditável;;;FILE;;;;;;;;;"perfil recente; sem óbito identificado.";;;;;
Sofia Pashaei;1989;;Suécia;The Animation Workshop;56.4561;9.40611;Suécia;;female;FILE Festival;alta;;Willow Art Space;alta;FILE;;64.712585547;17.260487956;100.0;;;;;"galeria recente; sem óbito identificado.";;;;;
Sofie Kampmark;1988;;Reino da Dinamarca;The Animation Workshop;56.4561;9.40611;Copenhague, Dinamarca;;female;Danish Film Institute;alta;declaração em entrevista da própria artista.;Genevieve Clee Gallery;média;FILE;;55.675757;12.5690233;;;;;;"site/biografia recente; sem óbito identificado.";;;;;
Sofía Bertomeu;1991;;Espanha;;;;Benidorm, Espanha;;female;;;;site oficial da artista;alta;FILE;;38.541056;-0.122494;;;;;;"site oficial recente; sem óbito identificado.";;site oficial Sofía Bertomeu;;;alta
Solimán López;1981;;Espanha;Universidad de Córdoba;37.8847;-4.78833;Burgos;;male;nota de imprensa / Paris College of Art;alta;;Wikidata;alta;FILE;;42.3408923;-3.6997623;100.0;;;;;"atividade recente; sem óbito identificado.";;Wikidata;;;alta
Sonia Li;;;Taiwan;New York University Tisch School of the Arts;40.72922222;-73.99377778;Taiwan;;female;site da artista / NYU Tisch;alta;;CreativeMornings;alta;FILE;;23.69781;120.960515;;;;;;"site oficial recente; sem óbito identificado.";;;;;
Sonia Paço-Rocchia;1982;;Canadá;Université de Montréal;45.50414;-73.61433;Montreal;;female;https://en.wikipedia.org/wiki/Sonia_Pa%C3%A7o-Rocchia | https://archive.file.org.br/participantes/sonia-paco-rocchia/;média;;Wikidata;alta;FILE;;45.508867;-73.554242;100.0;;;;;"site/biografia recente; sem óbito identificado.";;Wikidata;;;alta
Sonia von Brüsky;1941;;Brasil;Museu de Arte Moderna do Rio de Janeiro (MAM-RJ) > ateliê de Ivan Serpa > Escola de Artes Visuais do Parque Lage;-22.91111111111111 >  > -22.9606;-43.20555555555556 >  > -43.212;Rio de Janeiro;;female;https://enciclopedia.itaucultural.org.br/pessoas/177-sonia-von-brusky | https://acervo.macrs.rs.gov.br/artistas-macrs/sonia-von-brusky/;alta;As fontes indicam formação inicial no Rio e aperfeiçoamento posterior na Europa.;Wikidata;alta;MAC USP;alta;-22.9014475;-43.1789159;100.0;;;;;verbete atualizado sem registro de óbito.;;Wikidata;;;alta
Sophie Taeuber-Arp;1889;1943;Suíça;Gewerbeschule / School of Applied Arts > Debschitz-Schule > Kunstgewerbeschule Hamburg;48.1375 > 48.1375 > 53.56757;11.575 > 11.575 > 10.03132;Davos;Zurique;female;https://en.wikipedia.org/wiki/Sophie_Taeuber-Arp;média;As fontes permitem reconstituir a sequência de formação em St. Gallen, Munique e Hamburgo antes do retorno à Suíça em 1914.;Wikidata;alta;MAC USP;alta;46.790561747;9.822948957;100.0;47.3744444444;8.5411111111;100.0;Stiftung Arp e.V.;;alta;Ulan;Ulan;;alta
Soran Ahmed;1980;;Iraque;Universität der Künste Berlin (UdK Berlin);52.50916666666667;13.32694444444444;;;male;site pessoal do artista;média;local de nascimento não localizado em fonte auditável;;;FILE;;;;;;;;;"site/biografia recente; sem óbito identificado.";;;;;
Stavros Didakis;;;Grécia;University of Plymouth > Queen's University Belfast > London Metropolitan University;50.374121 > 54.584166666667 > 51.551574;-4.138512 > -5.9347222222222 > -0.110687;;;male;NYU Shanghai | CV do artista;alta;local de nascimento não localizado em fonte auditável;;;FILE;;;;;;;;;"perfil institucional recente; sem óbito identificado.";;;;;
Stefano Delle Monache;;;Itália;Catholic University of Milan > IUAV University of Venice > Conservatory of Como;45.4631 > 45.4331 > 45.81025;9.1769111111111 > 12.3149 > 9.0861388888889;Pádua;;male;FILE Festival;alta;;Wikidata;alta;FILE;;45.4095409;11.8765508;100.0;;;;;"publicação/perfil recente; sem óbito identificado.";;;;;
Stefano Miraglia;1988;;Espanha;Università degli Studi Roma Tre > École Normale Supérieure de Lyon;41.8625 > 45.729734;12.47888888888889 > 4.826875;Málaga;;male;bio do artista;média;;Wikidata;alta;FILE;;36.7196292;-4.4200007;100.0;;;;;"biografia/perfil recente; sem óbito identificado.";;Wikidata;;;alta
Stella Speziali;;;Suíça;École cantonale d’art de Lausanne (ECAL) > Zürcher Hochschule der Künste (ZHdK);46.5197 > 47.38295;6.6336 > 8.5358;;;female;ZHdK | CV da artista;média;local de nascimento não localizado em fonte auditável;;;FILE;;;;;;;;;"perfil profissional recente; sem óbito identificado.";;;;;
Stephan Kessler;1622;1700;;formação com o pai Georg Kessler, pintor;;;Donauwörth;Brixen;male;https://de.wikipedia.org/wiki/Stephan_Kessler_%28Maler%29 | https://www.dorotheum.com/en/l/6534426/;média;As fontes abertas recuperadas não indicam academia formal> a formação foi registrada de modo conservador pela tradição familiar/oficina.;Wikidata;alta;Pinacoteca de São Paulo;baixa;48.719138999;10.777945;100.0;46.7165488889;11.6578511111;100.0;Wikidata;;alta;https://de.wikipedia.org/wiki/Stephan_Kessler_(Maler);https://de.wikipedia.org/wiki/Stephan_Kessler_(Maler);;alta
Stuart Pound;1944;;Reino Unido;Nottingham Trent University;52.9564;-1.15203;Londres, Inglaterra, Reino Unido;;male;Experimental Cinema;média;;FilmFreeway / IMDb;média;FILE;;51.50740836;-0.127698693;;;;;;"site/biografia recente; sem óbito identificado.";;;;;
Susana Wald;1937;;Chile;Escuela Nacional de Cerámica de Buenos Aires;-34.6037;-58.3816;Budapeste;;female;https://www.artistasvisualeschilenos.cl/658/w3-printer-100432.html | https://www.mnba.gob.cl/publicaciones/librillo-exposicion-susana-wald-en-busca-de-lo-inasible;alta;"Fontes do Museo Nacional de Bellas Artes do Chile confirmam estudos formais na Escuela Nacional de Cerámica de Buenos Aires; a Universidad de Chile não foi confirmada como formação artística.";Wikidata;alta;MAC USP;baixa;47.4981441;19.0405528;100.0;;;;;"biografia institucional recente; sem óbito identificado.";;Wikidata > Ulan;;;alta
Susanna Flock;1988;;Áustria;University of Arts Linz > Akademie der bildenden Künste Wien;48.3066 > 48.201388888889;14.2857 > 16.365277777778;Graz;;female;FILE Festival;alta;;Wikidata;alta;FILE;;47.0695512;15.4381829;100.0;;;;;"perfil/biografia recente; sem óbito identificado.";;Wikidata;;;alta
Susanne Slavick;1956;;Estados Unidos;Yale University > Jagiellonian University > Tyler School of Art;41.311111111111 > 50.06166666666667 > 39.9832;-72.926666666667 > 19.933888888888887 > -75.1536;;;female;Carnegie Mellon University;alta;local de nascimento não localizado em fonte auditável;;;FILE;;;;;;;;;"perfil institucional recente; sem óbito identificado.";;Wikidata;;;alta
Susanne Wiegner;1850;;Alemanha;Akademie der Bildenden Künste München > Pratt Institute;48.1531959202723 > 40.691111;11.5803123911292 > -73.963889;Alemanha;;female;Haus der Kunst | ADAF;alta;FILE explicita “País de Origem: Alemanha”> preenchido em nível de país.;FILE Festival (País de Origem);alta;FILE;alta;51.110631049;10.392277932;100.0;;;;;"site/CV recente; sem óbito identificado.";;Ulan;;;alta
Suzanne Valadon;1865;1938;França;sem formação formal > aprendizado com artistas do meio parisiense e orientação de Edgar Degas;>;>;Bessines-sur-Gartempe;Paris;female;https://nmwa.org/art/artists/suzanne-valadon/ | https://pt.wikipedia.org/wiki/Suzanne_Valadon> https://nmwa.org/art/artists/suzanne-valadon/;média;As fontes indicam explicitamente ausência de aulas formais de arte.;Wikidata;alta;MASP;média;46.108999393;1.369008025;100.0;48.8566666667;2.3522222222;100.0;Musée d’Orsay;"fonte indica Paris/Paris 16e; local normalizado para Paris.";alta;Ulan;Ulan;;alta
Svend Wiig Hansen;1922;1997;Reino da Dinamarca;The Royal Danish Academy of Fine Arts School of Visual Arts;55.6801;12.5874;Møgeltønder;Helsingør;male;https://www.aros.dk/en/press-releases-and-press-contact/press/svend-wiig-hansen-puts-human-emotions-centre-stage-in-new-exhibition/;alta;;Wikidata;alta;;;54.9405144;8.8039655;100.0;56.0358333333;12.6105555556;100.0;Den Store Danske;;alta;Ulan;Ulan;;alta
Sydenham Edwards;1768;1819;País de Gales;estudos de ilustração botânica com William Curtis;51.50740836;-0.127698693;Usk;;male;https://artcollection.dcms.gov.uk/person/edwards-sydenham-teast/ | https://en.wikipedia.org/wiki/Sydenham_Edwards;média;As fontes descrevem formação com William Curtis, sem instituição formal nomeada.;Wikidata;alta;Coleção Brasiliana Itaú;média;51.701047166;-2.902065141;100.0;;;;;"fontes divergentes entre Brompton/Queen’s Elms e Chelsea; campo não preenchido.";;Wikidata > Ulan;Wikidata > Ulan;;alta
Sylvain Souklaye;;;França;autodidata;45.767634724;4.835037488;França;;male;FILE Festival | Prospect Art | Prospect Art / In-Sonora;alta;FILE explicita “País de Origem: França”> preenchido em nível de país.> autodidata> fonte explicita início da prática performática em Lyon;FILE Festival (País de Origem);alta;FILE;alta;46.559417044;2.550539953;100.0;;;;;"site/atividade recente; sem óbito identificado.";;;;;
Sérgio Ferro;1938;;Brasil;Faculdade de Arquitetura e Urbanismo e de Design da USP (FAU-USP) > Universidade Presbiteriana Mackenzie > pós-graduação em museologia e evolução urbana na FAU-USP;-23.56012 > -23.547 > -23.56012;-46.72985 > -46.652 > -46.72985;Curitiba;;male;https://www.escritoriodearte.com/artista/sergio-ferro | https://pt.wikipedia.org/wiki/S%C3%A9rgio_Ferro;média;Mantida a identificação completa do artista como Sérgio Ferro Pereira.;Wikidata;alta;MAC USP;alta;-25.4283563;-49.2732515;100.0;;;;;"entrevista/exposição recente; sem óbito identificado.";;Ulan;;;alta
Sérgio Ferro Pereira;1938;;;Faculdade de Arquitetura e Urbanismo e de Design da USP (FAU-USP) > Universidade Presbiteriana Mackenzie > pós-graduação em museologia e evolução urbana na FAU-USP;-23.56012 > -23.547 > -23.56012;-46.72985 > -46.652 > -46.72985;Curitiba, PR, Brasil;;male;https://www.escritoriodearte.com/artista/sergio-ferro | https://pt.wikipedia.org/wiki/S%C3%A9rgio_Ferro;média;Mantida a identificação completa do artista como Sérgio Ferro Pereira.;Enciclopédia Itaú Cultural;alta;MAC USP;alta;-25.4283563;-49.2732515;;;;;;"registro com nome expandido; atividade recente; sem óbito identificado.";;Ulan;;;alta
Sérgio Fingermann;1953;;Brasil;Escola Brasil > Faculdade de Arquitetura e Urbanismo e de Design da USP (FAU-USP);-23.5505 > -23.56012;-46.6333 > -46.72985;São Paulo;;male;https://sergiofingermann.com.br/ | https://www.gov.br/museus/pt-br/museus-ibram/mnba/acesso-a-informacao/acoes-e-programas/1sergiofingermann.pdf;alta;"O site oficial e o Museu Nacional de Belas Artes confirmam a Escola Brasil e a graduação em arquitetura na FAU-USP; a FAAP foi removida por falta de confirmação.";Wikidata;alta;MAC USP;média;-23.5486657;-46.6382522;100.0;;;;;"site oficial recente; sem óbito identificado.";;Wikidata > Ulan;;;alta
Sérgio Luís de Castro Bonson;1949;2005;Brasil;Universidade Federal de Santa Catarina (UFSC) > estudos artísticos com Sílvio Pléticos;-27.6011 > ;-48.52 > ;Florianópolis, SC, Brasil;Florianópolis;male;Quadrinhopédia | https://museuvictormeirelles.museus.gov.br/exposicoes/temporarias/arquivo/1999-2/sergio-bonson-desenhos/;alta;"graduado pela Universidade Federal de Santa Catarina; formação artística com Sílvio Pléticos";MASC;alta;Museu Victor Meirelles;média;-27.5969123;-48.5495751;;-27.5969123;-48.5495751;100.0;MASC;;alta;ANPUH/Udesc (artigo);;;média
Sérgio Milliet;1898;1966;Brasil;University of Bern > Universidade de Genebra;46.9480 > 46.19899;7.4474 > 6.14446;São Paulo;São Paulo;male;fontes biográficas de referência;média;formação em ciências sociais/letras, não em escola de arte;Wikidata;alta;MAC USP;alta;-23.5486657;-46.6382522;100.0;-23.5503944444;-46.6339472222;100.0;Itaú Cultural;;alta;;;;
Sérgio Sister;1948;;Brasil;Fundação Armando Álvares Penteado (FAAP) > ateliê de Ernestina Karman;-23.5450155 >;-46.6630802 >;São Paulo, SP, Brasil;;male;https://enciclopedia.itaucultural.org.br/pessoas/1045-sergio-sister;alta;;Enciclopédia Itaú Cultural;alta;MAC USP;alta;-23.5486657;-46.6382522;;;;;;"site/atividade recente; sem óbito identificado.";;Wikidata;;;alta
Sérvulo Esmeraldo;1929;2017;Brasil;École nationale supérieure des beaux-arts;48.853997;2.333500;Crato;Fortaleza;male;https://www.guiadasartes.com.br/servulo-esmeraldo/obras-e-biografia;média;estuda litografia em Paris> datas precisas não localizadas na fonte consultada;Wikidata;alta;MAC USP;média;-7.2370585;-39.4160774;100.0;-3.7275;-38.5275;100.0;MAC USP;;alta;Wikidata;Wikidata;;alta
Tadahiro Ono;1913;2001;Japão;Ritsumeikan University;35.032579;135.724041;Aomori, Aomori, Japão;Fukui;male;place_of_birth_tiered_dataset.csv;média;dados recuperados de base auxiliar> datas não localizadas;MAC USP;alta;MAC USP;alta;40.822072;140.747365;;36.0640555556;136.2195833333;100.0;The National Museum of Art, Osaka;;alta;Aomori Museum of Art;Aomori Museum of Art;;alta
Tadashi Kaminagai;1899;1982;Japão;;;;Hiroshima;Paris;male;;;muda-se para Paris e é orientado na pintura por Tsuguharu Foujita> não foi localizada instituição formal;Wikidata;alta;MAC USP;média;34.38524389;132.45534115;100.0;48.8566666667;2.3522222222;100.0;MARGS;"fonte indica Paris, França; local normalizado para Paris.";alta;Ulan;Ulan;;alta
Takashi Fukushima;1950;;;estudos com Luiz Paulo Baravelli > Faculdade de Arquitetura e Urbanismo e de Design da USP (FAU-USP) > Tokyo National University of Fine Arts and Music;-23.5505 > -23.56012 > 35.7198;-46.6333 > -46.72985 > 139.7138;São Paulo, SP, Brasil;;male;https://enciclopedia.itaucultural.org.br/pessoas/1994-takashi-fukushima | https://www.escritoriodearte.com/en/artista/takashi-fukushima;alta;"Fontes confirmam estudos com Luiz Paulo Baravelli, ingresso na FAU-USP e período posterior na universidade nacional de artes de Tóquio; a Muso School of Fine Arts foi removida.";MAC USP;alta;MAC USP;alta;-23.5486657;-46.6382522;;;;;;"verbete atualizado; sem óbito identificado.";;Ulan;;;alta
Takuji Narumi;1983;;Japão;University of Tokyo;35.71339;139.76232;Japão;;male;The University of Tokyo;alta;FILE explicita “País de Origem: Japão”> preenchido em nível de país.;FILE Festival (País de Origem);alta;FILE;alta;36.655226998;139.271495;100.0;;;;;"perfil institucional recente; sem óbito identificado.";;FILE (yonakani);;;média
Tamiko Thiel;1957;;Estados Unidos;Stanford University > Massachusetts Institute of Technology > Akademie der Bildenden Künste München;37.4275 > 42.359722222222224 > 48.1531959202723;-122.17 > -71.09194444444445 > 11.5803123911292;Oakland;;female;CV oficial da artista;alta;;Wikidata;alta;FILE;;37.804828;-122.27248;100.0;;;;;"site/atividade recente; sem óbito identificado.";;Wikidata > Ulan;;;alta
Tania Aedo;;;México;Escuela Superior de Artes de Yucatán > Escuela Nacional de Artes Visuales, Universidad Nacional Autónoma de México;21 > 19.353773;-89.6 > -99.13589;México;;female;ZKM | FILE Festival;alta;FILE explicita “País de Origem: México”> preenchido em nível de país.;FILE Festival (País de Origem);alta;FILE;alta;23.634501;-102.552784;;;;;;"perfil institucional recente; sem óbito identificado.";;;;;
Tarcizo;;;;;;;;;;;;identificação incompleta> não foi possível desambiguar com segurança;;;MAC USP;;;;;;;;;identidade insuficiente para desambiguação.;;;;;
Tarsila do Amaral;1886;1973;Brasil;Académie Julian > Colégio Sion;48.871111 >;2.341667 >;Capivari;São Paulo;female;site oficial Tarsila do Amaral;alta;também estudou com Pedro Alexandrino, Fernand Léger, André Lhote e Albert Gleizes;Wikidata;alta;MAC USP;alta;-22.9993972;-47.5026334;100.0;-23.5503944444;-46.6339472222;100.0;MAC USP;;alta;Wikidata > Ulan;Wikidata > Ulan;;alta
Tatiana Blass;1979;2009;Brasil;São Paulo State University > Universidade Estadual Paulista Júlio de Mesquita Filho (UNESP);-22.8172 > -22.8172;-47.0694 > -47.0694;São Paulo;;female;https://pt.wikipedia.org/wiki/Tatiana_Blass;média;;Wikidata;alta;MAC USP;alta;-23.5486657;-46.6382522;100.0;;;;;"site oficial recente; sem óbito identificado.";;Wikidata > Ulan;Ulan;;alta
Tatsuo Arai;1905;1955;;Tokyo School of Fine Arts;35.68944444444445;139.6916666666667;Nakatsu, Ōita, Japão;;male;https://enciclopedia.itaucultural.org.br/pessoas/15445-tatsuo-arai;média;instituição identificada em fontes secundárias;MAC USP;alta;MAC USP;baixa;33.5982;131.1883;;;;;;sem fonte auditável de local de morte.;;Ulan;Ulan;;alta
Tatsuoki Nambata;1905;1997;Japão;Tokyo School of Fine Arts;35.68944444444445;139.6916666666667;Asahikawa;Tóquio;male;fontes biográficas de referência;média;instituição identificada em fontes sumárias;Wikidata;alta;MAC USP;baixa;43.77149871;142.36532907;100.0;35.6894444444;139.6916666667;100.0;The National Museum of Art, Osaka;;alta;Wikidata > Ulan;Wikidata > Ulan;;alta
Teodoro Braga;1872;1953;Brasil;Académie Julian > Faculdade de Direito do Recife > Escola Nacional de Belas Artes;48.871111 > -8.0583 > -22.8625055;2.341667 > -34.8811 > -43.2256622;Belém;São Paulo;male;https://pt.wikipedia.org/wiki/Teodoro_Braga | https://obrasraras.fcp.pa.gov.br/book-author/theodoro-jose-da-silva-braga-1872-1953/ | https://fcp.pa.gov.br/galeriasfcp/pagina/209;média;As fontes citam Jean-Paul Laurens e Benjamin Constant como mestres em Paris.;Wikidata;alta;Museu Paulista;alta;-1.4549817;-48.502273;100.0;-23.5503944444;-46.6339472222;100.0;Itaú Cultural;;alta;Wikidata > Ulan;Wikidata > Ulan;;alta
Teresa Berlinck;1962;;;Faculdade Santa Marcelina (FASM);-23.550394444444;-46.633947222222;;;female;https://teresaberlinck.com.br/curriculo/;média;A página consultada só explicita o mestrado em Produção, Teoria e Crítica em Artes Visuais.;;;MAC USP;média;;;;;;;;"site/CV recente; sem óbito identificado.";;Pivô;;;alta
Teresa Viana;1960;;Brasil;Escola de Artes Visuais do Parque Lage;-22.9606;-43.212;Rio de Janeiro, RJ, Brasil;;female;place_of_birth_tiered_dataset.csv;média;dados recuperados de base auxiliar> datas não localizadas;site oficial da artista;alta;MAC USP;alta;-22.9014475;-43.1789159;;;;;;"site oficial recente; sem óbito identificado.";;;;;
Terezinha Veloso;1936;2003;Brasil;Universidade Federal de Minas Gerais (UFMG) > Escola de Belas Artes da Universidade Federal de Minas Gerais (UFMG);-19.8690878 > -19.8690878;-43.9663841 > -43.9663841;Espinosa, MG, Brasil;Belo Horizonte;female;https://pt.wikipedia.org/wiki/Terezinha_Veloso;média;a fonte indica que se formou em artes plásticas na EBA/UFMG;Enciclopédia Itaú Cultural;alta;MAC USP;média;-14.9249;-42.8192;;-19.9280555556;-43.9419444444;100.0;Itaú Cultural;;alta;Wikidata;Wikidata;;alta
Tess Adams;;;Estados Unidos;Pratt Institute;40.691111;-73.963889;Estados Unidos;;female;Pratt Institute | FILE Festival;alta;FILE explicita “País de Origem: Estados Unidos”> preenchido em nível de país.;FILE Festival (País de Origem);alta;FILE;alta;39.398703156;-99.41461919;100.0;;;;;"site/biografia recente; sem óbito identificado.";;;;;
Tessa Peters;;;Países Baixos;Winchester School of Art > Middlesex University;51.066 > 51.5893495;-1.309 > -0.2282466;Países Baixos;;female;University of Westminster;alta;FILE explicita “País de Origem: Países Baixos”> preenchido em nível de país.;FILE Festival (País de Origem);alta;FILE;alta;52.249375293;5.616126398;100.0;;;;;"site/biografia recente; sem óbito identificado.";;;;;
Teun Vonk;1986;;Reino dos Países Baixos;Royal Academy of Art, The Hague (KABK);52.08161111111111;4.319166666666667;Uden;;male;Lab for the Unstable Media;média;;Wikidata;alta;FILE;;51.659797218;5.621042999;100.0;;;;;"site/biografia recente; sem óbito identificado.";;Wikidata;;;alta
Thais Weiller;;;Brasil;Universidade de São Paulo (USP) > Centro Universitário de Maringá;-23.5613991 > -23.425;-46.7307891 > -51.938888888889;Brasil;;female;ORCID | site da artista;média;FILE explicita “País de Origem: Brasil”> preenchido em nível de país.;FILE Festival (País de Origem);alta;FILE;alta;-10.769946429;-53.073466889;100.0;;;;;"perfil/atividade recente; sem óbito identificado.";;;;;
Theodor Werner;1886;1969;Alemanha;State Academy of Fine Arts Stuttgart > atelier de Charles Guérin;48.7775 >;9.18 >;Itzehoe;Munique;male;https://de.wikipedia.org/wiki/Theodor_Werner_(Maler);média;formação artística paralela à atividade como professor;Wikidata;alta;MAC USP;média;53.920549999;9.515569;100.0;48.143438999;11.573599;100.0;Stadt München;;alta;Ulan;Ulan;;alta
Thiago Cóser;;;Brasil;Universidade Estadual de Campinas (UNICAMP);-22.817222222222;-47.069444444444;Brasil;;male;FILE Festival;alta;FILE explicita “País de Origem: Brasil”> preenchido em nível de país.;FILE Festival (País de Origem);alta;FILE;alta;-10.769946429;-53.073466889;100.0;;;;;"atividade profissional recente; sem óbito identificado.";;;;;
Thiago Sacramento;1981;;Brasil;Universidade Federal de Juiz de Fora > Faculdade Angel Vianna;-21.7747 > -22.9396151;-43.3683 > -43.1805362;Nova Iguaçu, Brasil;;male;FILE Festival;alta;Biografia do FILE explicita nascimento em Nova Iguaçu.;FILE Festival (biografia do artista);alta;FILE;alta;-22.7597835;-43.45151;;;;;;"perfil FILE recente; sem óbito identificado.";;FILE Festival;;;alta
Thoka Maer;1984;;Alemanha;Universität der Künste Berlin (UdK Berlin);52.50916666666667;13.32694444444444;Alemanha;;female;site pessoal da artista | Goethe-Institut;média;FILE explicita “País de Origem: Alemanha”> preenchido em nível de país.;FILE Festival (País de Origem);alta;FILE;alta;51.110631049;10.392277932;100.0;;;;;"site autoral/Behance recentes; sem óbito identificado.";;Goethe-Institut;;;alta
Thomas Ender;1793;1875;Império Austríaco;Akademie der bildenden Künste Wien;48.201388888889;16.365277777778;Viena;Viena;male;https://en.wikipedia.org/wiki/Thomas_Ender | https://enciclopedia.itaucultural.org.br/pessoas/3910-thomas-ender;média;As fontes citam estudo com Hubert Maurer, Laurenz Janscha e Joseph Mössmer.;Wikidata;alta;MASP;alta;48.2092062;16.3727778;100.0;48.2092062;16.3727778;100.0;Wikipedia;"fontes adicionadas em auditoria; coordenadas auditadas para a cidade.";média;Ulan;Ulan;;alta
Thomas Gainsborough;1727;1788;Reino Unido;Sudbury Grammar School > St Martin's Lane Academy > estudos com Hubert Gravelot e Francis Hayman;52.0417 > 51.5117 >;0.7300 > -0.127333 >;Sudbury;Londres;male;https://en.wikipedia.org/wiki/Thomas_Gainsborough | https://www.britannica.com/biography/Thomas-Gainsborough;alta;;Wikidata;alta;MASP;alta;52.039223856;0.731878053;100.0;51.50722;-0.1275;100.0;National Galleries of Scotland;"fontes adicionadas em auditoria; coordenadas auditadas para a cidade.";alta;;;;
Thomas Lawrence;1769;1830;Reino Unido da Grã-Bretanha e Irlanda;Royal Academy of Arts > formação artística em grande parte autodidata, com orientação do pai;51.507222222222 > ;-0.1275 > ;Bristol;Londres;male;https://en.wikipedia.org/wiki/Thomas_Lawrence;média;As fontes não sustentam escola formal clara> mantido como autodidata/orientação familiar.;Wikidata;alta;MASP;baixa;51.453132471;-2.600983373;100.0;51.50722;-0.1275;100.0;Wikipedia;"fontes adicionadas em auditoria; coordenadas auditadas para a cidade.";média;;;;
Thomas Lyde Hornbrook;1780;1850;Reino da Grã-Bretanha;formação militar britânica e prática de desenho topográfico;;;;;male;https://www.brasilianaiconografica.art.br/autores/20146/thomas-lyde-hornbrook;média;A fonte aberta consultada não nomeia instituição específica.;;;Coleção Brasiliana Itaú;baixa;;;;;;;;óbito localizado, mas local de morte não confirmado com fonte robusta.;;Ulan;Ulan;;alta
Thy Nguyen;;;Reino Unido;Bournemouth University;50.7432;-1.8969;Reino Unido;;female;FILE Festival;alta;FILE explicita “País de Origem: Reino Unido”> preenchido em nível de país.;FILE Festival (País de Origem);alta;FILE;alta;53.408386605;-1.969559544;100.0;;;;;"perfil/atividade recente; sem óbito identificado.";;;;;
Tikashi Fukushima;1920;2001;Japão;aprendizado/assistência com Tadashi Kaminagai;-22.8625055;-43.2256622;Sōma-shi;São Paulo;male;https://enciclopedia.itaucultural.org.br/pessoas/2414-tikashi-fukushima;alta;instituição formal não localizada com segurança nesta passada;Wikidata;alta;MAC USP;média;37.79733207;140.91896953;100.0;-23.5503944444;-46.6339472222;100.0;Enciclopédia Itaú Cultural;"fontes adicionadas em auditoria; coordenadas auditadas para o município de São Paulo.";alta;Wikidata > Ulan;Wikidata > Ulan;;alta
Timothy Weaver;1954;2026;Estados Unidos;University of Colorado Boulder > Purdue University;40.006666666667 > 40.425;-105.26722222222 > -86.92305555555555;Estados Unidos;;male;University of Denver;alta;FILE explicita “País de Origem: Estados Unidos”> preenchido em nível de país.;FILE Festival (País de Origem);alta;FILE;alta;39.398703156;-99.41461919;100.0;;;;;óbito confirmado em fonte institucional, mas local de morte não explicitado.;;In Memoriam Services;University of Denver | In Memoriam Services;;média
Titian;;1576;República de Veneza;aprendizagem com Sebastiano Zuccato > oficina de Gentile Bellini > oficina de Giovanni Bellini;>  >;>  >;Pieve di Cadore;Veneza;male;https://www.britannica.com/biography/Titian | https://en.wikipedia.org/wiki/Titian;alta;Formação descrita por mestres e oficinas venezianas.;Wikidata;alta;MASP;alta;46.4285225;12.3740656;100.0;45.434608;12.338913;100.0;Wikipedia;"fontes adicionadas em auditoria; coordenadas auditadas para a cidade.";média;;;"ano de nascimento disputado em fontes de referência; não preenchido";
Tivon Rice;1978;;Países Baixos;University of Colorado Boulder > University of Washington;40.006666666667 > 47.65416666666667;-105.26722222222 > -122.30805555555555;;;male;DXARTS | Artist Trust;média;local de nascimento não localizado em fonte auditável;;;FILE;;;;;;;;;"perfil universitário recente; sem óbito identificado.";;BEK;;;média
Tom Morris;;;;;;;;;male;;;local de nascimento não localizado em fonte auditável;;;FILE;;;;;;;;;homônimo não desambiguado com segurança.;;;;;
Tomek Jarolim;1983;;França;École supérieure d'art d'Aix-en-Provence > School of the Art Institute of Chicago (SAIC);43.5307 > 41.879444444444;5.44105 > -87.623888888889;Aix-en-Provence;;male;FILE Festival;alta;;Wikidata;alta;FILE;;43.529850239;5.447376271;100.0;;;;;"site/biografia recente; sem óbito identificado.";;;;;
Tomie Ohtake;1913;2015;Brasil;estudos com Keiya Sugano;;;Quioto;São Paulo;female;https://www.institutotomieohtake.org.br/tomie-ohtake/;alta;formação localizada por mestre/ateliê, sem instituição formal identificada;Wikidata;alta;MAC USP;média;35.01169705;135.76816161;100.0;-23.5503944444;-46.6339472222;100.0;Universidade de São Paulo / IEA;"fontes adicionadas em auditoria; coordenadas auditadas para o município de São Paulo.";alta;Wikidata > Ulan;Wikidata > Ulan;;alta
Tommaso Minardi;1787;1871;Reino da Itália;escola de desenho de Giuseppe Zauli > estudos em Roma com bolsa da Congregação de San Gregorio; > 41.893055555556; > 12.482777777778;Faenza;Roma;male;https://www.carlovirgilio.it/autore/tommaso-minardi-1787-1871/ | https://artsandculture.google.com/story/tommaso-minardi-l-album-degli-apostoli-national-academy-of-san-luca/lwXR6d-lwFY8Ig?hl=en;alta;"venceu em 1810 um concurso da Accademia di Belle Arti di Bologna e posteriormente foi professor na Accademia di San Luca; essas instituições não foram tratadas como formação acadêmica direta";Wikidata;alta;Museu Victor Meirelles;média;44.2853477;11.8829895;100.0;41.8930555556;12.4827777778;100.0;Spencer Museum of Art;"fontes adicionadas em auditoria; coordenadas auditadas para a cidade.";alta;Wikidata > Ulan;Wikidata > Ulan;;alta
Tommy Becker;;;Estados Unidos;San Francisco Art Institute > California College of the Arts;37.8035 > 37.8359;-122.417 > -122.25;Estados Unidos;;male;FILE Festival | Canyon Cinema;alta;FILE explicita “País de Origem: Estados Unidos”> preenchido em nível de país.;FILE Festival (País de Origem);alta;FILE;alta;39.398703156;-99.41461919;100.0;;;;;"site oficial/FILE recentes; sem óbito identificado.";;;;;
Tomoshige Kusuno;1935;;;Tokyo School of Fine Arts;35.68944444444445;139.6916666666667;Yūbari, Hokkaidō, Japão;;male;fontes biográficas de referência;média;instituição identificada em fontes secundárias;MAC USP;alta;MAC USP;baixa;43.03707;141.95718;;;;;;"verbete institucional recente; sem óbito identificado.";;Ulan;;;alta
Toni Mitjanit;1977;;Espanha;Universitat de les Illes Balears > Universitat Oberta de Catalunya > Escola Superior de Disseny de Palma;39.63805555555555 > 41.406594 > 39.57730555555555;2.648055555555556 > 2.194429 > 2.645638888888889;Manacor, Espanha;;male;Technarte | FILE Festival;alta;;FILE Festival (biografia do artista);alta;FILE;alta;39.569637;3.209618;;;;;;"perfil/atividade recente; sem óbito identificado.";;FILE Festival;;;alta
Traugott Spiess;1919;2007;Suíça;estudos com Johannes Itten;;;;;male;https://www.espacel.net/maill-seau/;média;Fonte consultada identifica apenas formação com Johannes Itten, sem instituição explicitada.;;;MAC USP;baixa;;;;;;;;data de óbito localizada, mas local de morte não confirmado.;;Wikidata > Ulan;Wikidata;;alta
Tuneu;1920;;;estudos com Tarsila do Amaral;-23.5505;-46.6333;São Paulo, SP, Brasil;;male;https://raquelarnaud.com/artistas/tuneu-2/ | https://enciclopedia.itaucultural.org.br/pessoas/2665-tuneu;alta;"A galeria e a Enciclopédia Itaú Cultural confirmam estudos com Tarsila do Amaral; a FAAP foi removida por falta de confirmação.";Centro Cultural UFG;alta;MAC USP;média;-23.5486657;-46.6382522;;;;;;"site/biografia recente; sem óbito identificado.";;Ulan;;;alta
Tzu-Hsin (Cindy) Yang;;;Taiwan;Taipei National University of the Arts > California Institute of the Arts (CalArts);25.13406 > 34.393055555556;121.47038 > -118.56694444444;Taichung;;female;FILE Festival | site da artista;alta;;Wikidata;alta;FILE;;24.1634888;120.6467399;100.0;;;;;"perfil/atividade recente; sem óbito identificado.";;;;;
Tânia Rodrigues;;;Brasil;Faculdade de Ciências Humanas e Sociais da Universidade do Algarve;37.0224;-7.92764;Brasil;;female;ORCID | Ciência Iscte;média;FILE explicita “País de Origem: Brasil”> preenchido em nível de país.;FILE Festival (País de Origem);alta;FILE;alta;-10.769946429;-53.073466889;100.0;;;;;"perfil acadêmico recente; sem óbito identificado.";;;;;
Ubirajara Ribeiro;1930;2002;Brasil;Universidade Presbiteriana Mackenzie > curso livre de gravura na Escola de Belas Artes da Universidade da Bahia > estudos com Vicente Mecozzi, Pedro Corona, João Rossi e Waldemar da Costa;-23.547 > -12.9928637 >;-46.652 > -38.5205973 >;São Paulo, SP, Brasil;São Paulo;male;https://www.escritoriodearte.com/artista/ubirajara-ribeiro | https://www.glatt.com.br/artistas/ubirajara-ribeiro> https://www.escritoriodearte.com/artista/ubirajara-ribeiro | https://www.glatt.com.br/artistas/ubirajara-ribeiro | https://fvcb.com.br/acervo/artista/ubirajara-ribeiro/;baixa;A formação combina estudos com artistas, graduação em arquitetura e curso livre de gravura.;Fundação Vera Chaves Barcellos;alta;MAC USP;alta;-23.5486657;-46.6382522;;-23.5503944444;-46.6339472222;100.0;MAC USP;;alta;;;;
Ulpiano Checa;1860;1916;Espanha;Real Academia de Bellas Artes de San Fernando > Escuela de Bellas Artes y Oficios > Academia Española de Bellas Artes de Roma;40.4178 > 40.4178 > 41.893055555556;-3.7007 > -3.7007 > 12.482777777778;Colmenar de Oreja;Dax;male;https://es.wikipedia.org/wiki/Ulpiano_Checa | https://museoulpianocheca.com/ulpiano-checa-pintor.html;média;;Wikidata;alta;Museu Histórico Nacional;alta;40.107583;-3.387693;100.0;43.7069444444;-1.0513888889;100.0;Wikipedia;"fontes adicionadas em auditoria; coordenadas auditadas para a comuna de Dax.";média;Ulan;Ulan;;alta
Ulrich Steffen;;;Suíça;formação técnica e artística alemã;;;;;male;https://www.wikidata.org/wiki/Q24989942;alta;Sem documentação aberta suficiente para detalhar instituição e datas nesta rodada.;;;Museu Histórico Nacional;baixa;;;;;;;;trajetória localizada, mas local de morte não confirmado com segurança.;;;;;
Umberto Lilloni;1898;1980;Itália;Accademia di Belle Arti di Brera > Società Umanitaria;45.47222222 > 45.47222222;9.18888889 > 9.18888889;Milão;Milão;male;https://www.treccani.it/enciclopedia/umberto-lilloni_(Dizionario-Biografico)/;alta;interrompe os estudos em 1917 para servir na guerra;Wikidata;alta;MAC USP;alta;45.4636183;9.1881156;100.0;45.4636183;9.1881156;100.0;Wikidata;;alta;Wikidata > Ulan;Wikidata > Ulan;;alta
unknown;;;;;;;;;;;;creator registrado como 'unknown';;;Museu Paulista;;;;;;;;;"autoria indicada como unknown; sem identificação biográfica auditável.";;;;;
Uwe Heine Debrodt;;;México;Facultad de Química, Universidad Nacional Autónoma de México;19.33191;-99.18193;México;;male;Miami New Media Festival;alta;FILE explicita “País de Origem: México”> preenchido em nível de país.;FILE Festival (País de Origem);alta;FILE;alta;23.634501;-102.552784;;;;;;"perfil/atividade recente; sem óbito identificado.";;;;;
V. F. Leite;;;;;;;;;;;;;;;Museu Histórico Nacional;;;;;;;;;"assinatura abreviada; identidade não desambiguada com segurança.";;;;;
Vadinho Santa Rosa (atribuído);;;;;;;;;;;;autoria atribuída/incerta> formação não localizada com segurança;;;Museu de Arte Religiosa e Tradicional;;;;;;;;;"registro em atribuição; identidade não confirmada para preenchimento do óbito.";;;;;
Valdeir Maciel;1937;2001;;;;;Bacabal, MA, Brasil;São Paulo;male;;;Também grafado Valdir/Waldeir em fontes secundárias.;Museu de Arte do Parlamento de São Paulo;alta;MAC USP;alta;-4.2249;-44.7832;;-23.5503944444;-46.6339472222;100.0;Museu de Arte do Parlamento de São Paulo;;alta;Museu de Arte do Parlamento;Museu de Arte do Parlamento;;alta
Valentina Besegher;1976;;Itália;;;;Itália;;female;;;FILE explicita “País de Origem: Itália”> preenchido em nível de país.;FILE Festival (País de Origem);alta;FILE;alta;42.83333;12.83333;100.0;;;;;"site/biografia recente; sem óbito identificado.";;;;;
Valerie LeBlanc;1950;;Canadá;Alberta College of Art and Design > School of the Art Institute of Chicago (SAIC) > University of Sydney;51.062 > 41.879444444444 > -33.8886;-114.091 > -87.623888888889 > 151.1873;Halifax, Nova Escócia, Canadá;;female;site da artista | Vtape;média;;site oficial / FILE Festival;alta;FILE;;44.648881;-63.575312;100.0;;;;;"site/biografia recente; sem óbito identificado.";;National Gallery of Canada;;;alta
Valério Vieira;1862;1941;Brasil;Academia Imperial de Belas Artes;-22.9071;-43.1829;Angra dos Reis, RJ, Brasil;São Paulo;male;https://enciclopedia.itaucultural.org.br/pessoas/6241-valerio-vieira | https://pt.wikipedia.org/wiki/Val%C3%A9rio_Vieira> https://enciclopedia.itaucultural.org.br/pessoas/6241-valerio-vieira;média;;Enciclopédia Itaú Cultural;alta;Museu Paulista;alta;-23.0067;-44.3181;;-23.5503944444;-46.6339472222;100.0;Enciclopédia Itaú Cultural;;alta;Ulan;Ulan;;alta
Veneta Androva;1985;;Bulgária;weißensee kunsthochschule berlin > Humboldt-Universität zu Berlin > Bezalel Academy of Arts and Design;52.5581 > 52.518055555555556 > 31.781166666666667;13.4393 > 13.393333333333333 > 35.22361111111111;Sófia, Bulgária;;female;site da artista;média;;FILE Festival (biografia do artista);alta;FILE;alta;42.6964917;23.3260106;100.0;;;;;"site/biografia recente; sem óbito identificado.";;FILE Festival;;;alta
Vera Sebert;1987;;Alemanha;University of Fine Arts Braunschweig > Akademie der bildenden Künste Wien;52.2575 > 48.201388888889;10.50166667 > 16.365277777778;Freiburg im Breisgau, Alemanha;;female;esc medien kunst labor;alta;;Arts Foundation BW;alta;FILE;;47.994785999;7.849876999;100.0;;;;;"site/biografia recente; sem óbito identificado.";;FILE Festival;;;alta
Veronika Obertová;;;Eslováquia;Academy of Fine Arts and Design in Bratislava;48.1416;17.1072;Bratislava, Eslováquia;;female;Animafest;alta;Biografia a apresenta como artista de Bratislava> usado com baixa.;FILE Festival (biografia do artista);alta;FILE;baixa;48.151699;17.109306;;;;;;"site/biografia recente; sem óbito identificado.";;;;;
Vicente do Rego Monteiro;1899;1970;Brasil;Académie Julian > Escola Nacional de Belas Artes;48.871111 > -22.8625055;2.341667 > -43.2256622;Recife;Recife;male;Wikipédia;média;fontes secundárias mencionam também Académie Colarossi e Académie de la Grande Chaumière;Wikidata;alta;MAC USP;média;-8.0551894;-34.871176;100.0;-8.0538888889;-34.8808333333;100.0;Enciclopédia Itaú Cultural;"fontes adicionadas em auditoria; coordenadas auditadas para a cidade.";alta;Wikidata > Ulan;Wikidata > Ulan;;alta
Vicente José de Micolta (atribuição);;;;;;;;;;;;autoria atribuída/incerta> formação não localizada com segurança;;;Museu da Inconfidência;;;;;;;;;"registro em atribuição; identidade não confirmada para preenchimento do óbito.";;;;;
Vicente Mallio;1832;1892;Portugal;;;;Açores;Rio de Janeiro;male;;;;https://artsandculture.google.com/asset/princess-isabel-vicente-pereira-mallio/BwFJuAoL835ITw?hl=pt;alta;Museu Histórico Nacional;;37.74058;-25.67282;100.0;-22.9014475;-43.1789159;100.0;https://artsandculture.google.com/asset/princess-isabel-vicente-pereira-mallio/BwFJuAoL835ITw?hl=pt;;alta;https://artsandculture.google.com/asset/princess-isabel-vicente-pereira-mallio/BwFJuAoL835ITw?hl=pt;https://artsandculture.google.com/asset/princess-isabel-vicente-pereira-mallio/BwFJuAoL835ITw?hl=pt;;alta
Victor Barrat;;;;formação artística francesa;;;;;male;https://www.brasilianaiconografica.art.br/;média;Registro prudente por carência de detalhe aberto.;;;Coleção Brasiliana Itaú;baixa;;;;;;;;identidade insuficiente para localizar óbito com segurança.;;;;;
Victor Brecheret;1894;1955;Brasil;Liceu de Artes e Ofícios de São Paulo > aprendizado com Arturo Dazzi;-23.5331446 >;-46.6267577 >;Farnese;São Paulo;male;https://enciclopedia.itaucultural.org.br/pessoas/522-victor-brecheret> https://pt.wikipedia.org/wiki/Victor_Brecheret;média;;Wikidata;alta;MAC USP;média;42.5504814;11.7267407;100.0;-23.5503944444;-46.6339472222;100.0;Wikipedia;"fontes adicionadas em auditoria; coordenadas auditadas para o município de São Paulo.";média;Wikidata > Ulan;Wikidata > Ulan;;alta
Victor Meirelles;1832;1903;Brasil;Academia Imperial de Belas Artes > École Supérieure des Beaux-Arts de Paris;-22.9071 > 48.856386;-43.1829 > 2.335657;Florianópolis;Rio de Janeiro;male;https://enciclopedia.itaucultural.org.br/pessoas/2176-victor-meirelles;alta;;Wikidata;alta;Museu Nacional de Belas Artes;média;-27.5969123;-48.5495751;100.0;-22.9014475;-43.1789159;100.0;Enciclopédia Itaú Cultural;"fontes adicionadas em auditoria; coordenadas auditadas para a cidade.";alta;Ulan;Ulan;;alta
Victor Meirelles de Lima;1832;1903;Brasil;Academia Imperial de Belas Artes > École Supérieure des Beaux-Arts de Paris;-22.9071 > 48.856386;-43.1829 > 2.335657;Florianópolis;Rio de Janeiro;male;https://enciclopedia.itaucultural.org.br/pessoas/2176-victor-meirelles;alta;;Wikidata;alta;Museu Nacional de Belas Artes;média;-27.5969123;-48.5495751;100.0;-22.9014475;-43.1789159;100.0;Enciclopédia Itaú Cultural;"fontes adicionadas em auditoria; coordenadas auditadas para a cidade.";alta;Wikidata > Ulan;Wikidata > Ulan;;alta
Victor Pinto;;;;;;;;;;;;"A identidade biográfica não pôde ser desambiguada com segurança; a formação na Escola Nacional de Belas Artes não foi confirmada.";;;Museu da Inconfidência;baixa;;;;;;;;identidade insuficiente para localizar óbito com segurança.;;;;;
Victor Ribeiro;;;;Ar.Co;41.15;-8.610833333333334;Porto, Portugal;;male;https://www.fundacaoplmj.com/pt/colecao/artistas/vitor-ribeiro/1017/ | https://dev.cps.pt/pt/artistas/vitor-ribeiro;alta;A base usa Victor Ribeiro> as fontes consultadas usam Vitor Ribeiro.;Clube Português de Artes e Ideias (CPS);média;MAC USP;alta;41.1501526;-8.610318;;;;;;"perfil/atividade recente; sem óbito identificado.";;;;;
Victor Vasarely;1906;1997;Hungria;Eötvös Loránd University > University of Budapest > Podolini-Volkmann Academy > Muhely;47.4906 > 47.498333333333 > 47.498333333333 > 47.498333333333;19.0585 > 19.040833333333 > 19.040833333333 > 19.040833333333;Pécs;16º arrondissement de Paris;male;https://www.fondationvasarely.org/architectonic-center/victor-vasarely/> https://www.fairheadfineart.com/biographies/victor-vasarely;média;Muhely é frequentemente descrita como a Bauhaus de Budapeste.;Wikidata;alta;MAC USP;média;46.0713012;18.2331371;100.0;48.86361;2.27639;100.0;Wikipedia;"fontes adicionadas em auditoria; coordenadas auditadas para o arrondissement.";média;Ulan;Ulan;;alta
Vienot et Morissete;;;;;;;;;;;;;;;Museu Histórico Nacional;;;;;;;;;"entrada não individual/não desambiguada; sem preenchimento do óbito.";;;;;
Vilma Pasqualini;1930;2012;;Escuela Nacional de Bellas Artes;14.09871944444444;-87.20715833333334;Rio de Janeiro, RJ, Brasil;Rio de Janeiro;female;fontes biográficas de referência;média;instituição identificada> datas não localizadas com precisão;MAC USP;alta;MAC USP;baixa;-22.9014475;-43.1789159;;-22.9111111111;-43.2055555556;100.0;Enciclopédia Itaú Cultural;;alta;Enciclopédia Itaú Cultural;Enciclopédia Itaú Cultural;;alta
Vilma Teresa Rodrigues de Carvalho;;;Brasil;formação artística brasileira;;;;;female;https://www.catalogodasartes.com.br/;média;Não localizei escola formal aberta confiável nesta rodada.;;;Museu Histórico Nacional;baixa;;;;;;;;sem fonte auditável de local de morte.;;;;;
Vincent Gallut;;;França;;;;França;;male;;;FILE explicita “País de Origem: França”> preenchido em nível de país.;FILE Festival (País de Origem);alta;FILE;alta;46.559417044;2.550539953;100.0;;;;;"site/biografia recente; sem óbito identificado.";;;;;
Vincent Houzé;;;França;;;;França;;male;;;FILE explicita “País de Origem: França”> preenchido em nível de país.;FILE Festival (País de Origem);alta;FILE;alta;46.559417044;2.550539953;100.0;;;;;"site/biografia recente; sem óbito identificado.";;;;;
Vincent van Gogh;1853;1890;Reino dos Países Baixos;Royal Academy of Fine Arts Antwerp > ateliê de Fernand Cormon;51.2234 > 48.8567;4.4069 > 2.3522;Zundert;Auvers-sur-Oise;male;https://www.vangoghmuseum.nl/en/art-and-stories/vincent-van-gogh-faq/where-did-vincent-van-gogh-study-art;alta;"A fonte do Van Gogh Museum confirma estudos na academia de Antuérpia e no ateliê de Fernand Cormon em Paris; foi preenchido o par de coordenadas ausente para Paris.";Wikidata;alta;MASP;alta;51.470497894;4.659364233;100.0;49.0716666667;2.1741666667;100.0;Wikipedia;"fontes adicionadas em auditoria; coordenadas auditadas para a comuna.";média;;;;
Vincenzo Lodigiani;;;Itália;;;;;Roma;male;;;local de nascimento não localizado em fonte auditável;;;FILE;;;;;41.8930555556;12.4827777778;100.0;Wikipedia (it);;média;;;;
Virgilio Guidi;1891;1984;Itália;Scuola Libera di Pittura > Accademia di Belle Arti di Roma;41.9075 > 41.9075;12.4756 > 12.4756;Roma;Veneza;male;https://en.wikipedia.org/wiki/Virgilio_Guidi;média;Fontes apontam formação inicial na escola livre de pintura e continuidade dos estudos na Academia de Belas Artes de Roma.;Wikidata;alta;MAC USP;média;41.8905568;12.4942679;100.0;45.434608;12.338913;100.0;MAC USP;"fontes adicionadas em auditoria; coordenadas auditadas para a cidade.";alta;Wikidata > Ulan;Wikidata > Ulan;;alta
Virgílio Lopes Rodrigues;1863;1944;Brasil;colônia agrícola Frei Caneca, dirigida por religiosos > tentativa de matrícula no Colégio Militar;-8.8027777777778 >;-35.828888888889 >;;;male;https://www.guiadasartes.com.br/virgilio-lopes-rodrigues/resumo | https://www.saladearte.com.br/virgilio-lopes-rodrigues> https://www.guiadasartes.com.br/virgilio-lopes-rodrigues/resumo;média;O dado recuperado refere-se à educação geral/documentada> as fontes consultadas não sustentam formação artística formal posterior.;;;Museu Histórico Nacional;baixa;;;;;;;;óbito datado em fontes secundárias, mas local de morte não confirmado.;;Wikidata;Wikidata;;alta
Virgílio Maurício;1892;1937;Brasil;formação artística com Rosalvo Ribeiro > frequência a diversos ateliês em Paris; > 48.85666666666667; > 2.352222222222222;Lagoa da Canoa;Belo Horizonte;male;https://pt.wikipedia.org/wiki/Virg%C3%ADlio_Maur%C3%ADcio | https://wp.historiadealagoas.com.br/virgilio-mauricio-genial-e-polemico.html;média;A fonte indica que era estudante de medicina e que frequentou ateliês na França> sem instituição única identificada.;Wikidata;alta;Pinacoteca de São Paulo;média;-9.8292288;-36.7373101;100.0;-19.9280555556;-43.9419444444;100.0;Wikipedia;"fontes adicionadas em auditoria; coordenadas auditadas para a cidade.";média;Ulan;Ulan;;alta
Vittorio Gobbis;1894;1968;Brasil;Accademia di Belle Arti di Venezia;45.4286;12.3305;Motta di Livenza, Itália;São Paulo;male;fontes biográficas de referência;média;"instituição identificada> datas não localizadas com precisão; fontes biográficas convergem para a localidade, com variação de grafia do topônimo";"Enciclopédia Itaú Cultural; Escritório de Arte";alta;MAC USP;média;45.7756;12.6047;;-23.5503944444;-46.6339472222;100.0;MAC USP;;alta;Wikidata > Ulan;Wikidata > Ulan;;alta
Vj Iluminous (Manolo Fraga);;;Brasil;Universidade Federal do Paraná;-25.428888888889;-49.2675;Rio de Janeiro, Brasil;;male;FILE Festival;alta;Biografia o qualifica como “carioca”> usado com baixa.;FILE Festival (biografia do artista);alta;FILE;baixa;-22.9014475;-43.1789159;;;;;;"perfil/atividade recente; sem óbito identificado.";;;;;
Vladimir Leschiov;1970;;Letônia;J. Rosenthal Riga Art School > Konstfack University of Arts, Crafts and Design;56.9475 > 59.29861111;24.106944444444 > 17.99583333;Daugavpils;;male;FILE Festival | Animation World Network;alta;;Wikidata;alta;FILE;;55.874818283;26.536061783;100.0;;;;;"perfil institucional recente; sem óbito identificado.";;Wikidata;;;alta
Vânia Mignone;1967;;;Universidade Estadual de Campinas (UNICAMP) > Pontifícia Universidade Católica de Campinas (PUC-Campinas);-22.817222222222 > -22.8346;-47.069444444444 > -47.0476;Campinas, SP, Brasil;;female;https://www.guiadasartes.com.br/vania-mignone/obras-e-biografia;baixa;A fonte informa Artes Plásticas na UNICAMP e Publicidade na PUC-Campinas.;Enciclopédia Itaú Cultural;alta;MAC USP;alta;-22.9073702;-47.0628996;;;;;;"site/biografia recente; sem óbito identificado.";;;;;
Waichi Tsutaka;1911;1995;Japão;Nakanoshima Yōga Kenkyūjo;34.69389;135.50222;Nishinomiya, Hyōgo, Japão;Kobe, Hyōgo, Japão;male;https://en.wikipedia.org/wiki/Waichi_Tsutaka;média;escola privada de pintura ocidental;https://acervo.mac.usp.br/acervo/index.php/Detail/entities/6094;alta;MAC USP;média;34.7376;135.3416;100.0;34.6901;135.1955;100.0;https://acervo.mac.usp.br/acervo/index.php/Detail/entities/6094;"MAC USP indica Kobe; Art Platform Japan indica Nishinomiya; mantido Nishinomiya por fonte de autoridade japonesa.";alta;https://acervo.mac.usp.br/acervo/index.php/Detail/entities/6094;https://acervo.mac.usp.br/acervo/index.php/Detail/entities/6094;;alta
Waldemar Cordeiro;1925;1973;Itália;Liceo Tasso > Accademia di Belle Arti di Roma;41.91 > 41.9075;12.49583333 > 12.4756;Roma;São Paulo;male;https://pt.wikipedia.org/wiki/Waldemar_Cordeiro;média;formação artística identificada> datas precisas não localizadas;Wikidata;alta;MAC USP;média;41.8905568;12.4942679;100.0;-23.5503944444;-46.6339472222;100.0;Arquivo Waldemar Cordeiro / ARQ;"fontes adicionadas em auditoria; coordenadas auditadas para o município de São Paulo.";alta;Ulan;Ulan;;alta
Walter Jonas;1910;1979;Suíça;Reimannsche Kunstschule, Berlin;;;Oberursel (Taunus);Zurique;male;https://www.walterjonas.ch/walter-jonas---english/biography/index.php;alta;instituição identificada> datas não localizadas com precisão;https://www.walterjonas.ch/walter-jonas---english/biography/index.php;alta;MAC USP;média;50.200587999;8.582282;100.0;47.3744444444;8.5411111111;100.0;https://www.walterjonas.ch/walter-jonas---english/biography/index.php;"fontes adicionadas em auditoria; coordenadas auditadas para a cidade.";alta;https://www.walterjonas.ch/walter-jonas---english/biography/index.php;https://www.walterjonas.ch/walter-jonas---english/biography/index.php;;alta
Walter Lewy;1905;1995;Brasil;Escola de Artes e Ofícios de Dortmund;51.513888888889;7.4652777777778;Bad Oldesloe;São Paulo;male;https://pt.wikipedia.org/wiki/Walter_Lewy;média;;Wikidata;alta;MAC USP;alta;53.810045999;10.373196001;100.0;-23.5503944444;-46.6339472222;100.0;Enciclopédia Itaú Cultural;"fontes adicionadas em auditoria; coordenadas auditadas para o município de São Paulo.";alta;Ulan;Ulan;;alta
Wani Soruku;;;;;;;;;male;;;formação não localizada com segurança> fonte usa variante Soroku Wani;;;MAC USP;;;;;;;;;trajetória localizada, mas local de óbito não confirmado com segurança.;;;;"possível variante de nome para Soroku Wani; dado não preenchido por cautela";
Wassily Kandinsky;1866;1944;Império Russo;Akademie der Bildenden Künste München > Universidade de Moscou > escola particular de Anton Ažbe;48.1531959202723 > 55.7025 > 48.153196;11.5803123911292 > 37.530555555556 > 11.580312;Moscou;Neuilly-sur-Seine;male;https://www.wassily-kandinsky.org/Biography.jsp> https://municharttogo.zikg.eu/items/show/141> https://www.tate.org.uk/art/artists/wassily-kandinsky-1382;alta;;Wikidata;alta;MAC USP;alta;55.7565408;37.6149202;100.0;48.884828024;2.269704778;100.0;Wikipedia;"fontes adicionadas em auditoria; coordenadas auditadas para a comuna.";média;;;;
Wayne Kirby;1946;;Estados Unidos;Juilliard School > Yale University > New York University (NYU);40.773871 > 41.311111111111 > 40.729591;-73.983178 > -72.926666666667 > -73.996895;Estados Unidos;;male;site pessoal | FILE Festival;alta;FILE explicita “País de Origem: Estados Unidos”> preenchido em nível de país.;FILE Festival (País de Origem);alta;FILE;alta;39.398703156;-99.41461919;100.0;;;;;"perfil/atividade recente; sem óbito identificado.";;site oficial do artista;;;alta
Wega Nery;1912;2007;Brasil;Escola de Belas Artes de São Paulo > Atelier-Abstração de Samson Flexor;-23.56111111111111 >;-46.65583333333333 >;Corumbá;Guarujá;female;https://www.guiadasartes.com.br/wega-nery-gomes-pinto/obras-e-biografia;média;;Wikidata;alta;MAC USP;média;-19.0095613;-57.6524928;100.0;-23.9936111111;-46.2563888889;100.0;Guia das Artes / Instituto Wega Nery;"fontes adicionadas em auditoria; coordenadas auditadas para o município.";média;Wikidata > Ulan;Wikidata > Ulan;;alta
Wesley Duke Lee;1931;2010;Brasil;Académie de la Grande Chaumière > curso de desenho livre do MASP > Parsons School of Design > American Institute of Graphic Arts;48.842342 > -23.56111111111111 > 40.735357 > 40.71277777777778;2.330848 > -46.65583333333333 > -73.994533 > -74.00611111111111;São Paulo;São Paulo;male;https://wesleydukelee.com.br/o-artista/;alta;formação em Paris identificada sem data precisa localizada;Wikidata;alta;MAC USP;média;-23.5486657;-46.6382522;100.0;-23.5503944444;-46.6339472222;100.0;MAC USP;"fontes adicionadas em auditoria; coordenadas auditadas para o município de São Paulo.";alta;Wikidata > Ulan;Wikidata;;alta
Whanki Kim;1913;1974;Coreia do Sul;Nihon University > Avant-Garde Western Painting Institute;35.691 > 35.691;139.73760833 > 139.73760833;Província de Zenra-nan;Nova York;male;https://en.wikipedia.org/wiki/Whanki_Kim;média;ingressa no programa de artes da Nihon University e, no segundo ano, junta-se ao instituto de pintura de vanguarda;Wikidata;alta;MAC USP;média;38.05511004;140.1483323;87.11;40.7127777778;-74.0061111111;100.0;Wikipedia;"fontes adicionadas em auditoria; coordenadas auditadas para a cidade.";média;Wikidata > Ulan;Wikidata > Ulan;;alta
Will Luers;;;Estados Unidos;Columbia University > University of Pennsylvania;40.8075 > 39.95388888888889;-73.961944444444 > -75.19305555555556;Estados Unidos;;male;CV do artista;média;FILE explicita “País de Origem: Estados Unidos”> preenchido em nível de país.;FILE Festival (País de Origem);alta;FILE;alta;39.398703156;-99.41461919;100.0;;;;;"perfil universitário recente; sem óbito identificado.";;;;;
Willem Roelofs;1822;1897;Reino dos Países Baixos;Koninklijke Academie van Beeldende Kunsten, Den Haag > ateliê de Hendrik van de Sande Bakhuyzen;52.08161111111111 >;4.319166666666667 >;Amsterdam;Berchem;male;https://en.wikipedia.org/wiki/Willem_Roelofs | https://alazraki.com/artworks/artists/roelofs-willem/;média;A fonte também registra aulas anteriores com Abraham Hendrik Winter.;Wikidata;alta;Pinacoteca de São Paulo;alta;52.361524688;4.890870311;100.0;51.1930555556;4.4211111111;100.0;Wikipedia;"fontes adicionadas em auditoria; coordenadas auditadas para o distrito.";média;;;;
Willi Baumeister;1889;1955;Alemanha;Friedrich-Eugens-Gymnasium Stuttgart > Königlich Württembergische Akademie / Stuttgart Art Academy > classe de Adolf Hölzel na Stuttgart Art Academy;48.7775 > 48.8002 > 48.8002;9.18 > 9.1743 > 9.1743;Stuttgart;Stuttgart;male;https://en.wikipedia.org/wiki/Willi_Baumeister;média;A biografia explicita estudos na academia de Stuttgart e, depois, na classe de composição de Adolf Hölzel.;Wikidata;alta;MAC USP;alta;48.775816999;9.177734;100.0;48.775816999;9.177734;100.0;Willi Baumeister Foundation;"fontes adicionadas em auditoria; coordenadas auditadas para a cidade.";alta;Ulan;Ulan;;alta
William A. Brown;;;Estados Unidos;University of Florida > Emory University;29.6475 > 33.791111111111;-82.345 > -84.323333333333;;;male;https://cocaproject.art/artists/william-brown/ | https://vimeo.com/williamabrownvideoart;média;local de nascimento não localizado em fonte auditável;;;FILE;;;;;;;;;"site/atividade recente; sem óbito identificado.";;;;;
William Gore Ouseley;1797;1866;Reino Unido;Trinity College Dublin;53.3444;-6.2577;Londres, Inglaterra;Londres;male;https://en.wikipedia.org/wiki/William_Gore_Ouseley;média;A fonte aberta documenta formação universitária, não artística.;historia-brasil.com;média;Pinacoteca de São Paulo;alta;51.507446;-0.127765;;51.5072222222;-0.1275;100.0;Wikidata;;alta;Ulan;Ulan;;alta
William Loew;;;França;;;;França;;male;;;FILE explicita “País de Origem: França”> preenchido em nível de país.;FILE Festival (País de Origem);alta;FILE;alta;46.559417044;2.550539953;100.0;;;;;"perfil/atividade recente; sem óbito identificado.";;;;;
William Scott;1913;1989;Reino Unido;Ulster University > Belfast College of Art > Royal Academy Schools;54.60383341944372 > 54.60383341944372 > 51.507222222222;-5.9288864017592 > -5.9288864017592 > -0.1275;Greenock;Coleford;male;Tate> biografia institucional;alta;datas aproximadas em parte;Wikidata;alta;MAC USP;média;55.948493719;-4.757131636;100.0;51.2441666667;-2.4519444444;100.0;Wikipedia;"place of death corrigido em auditoria; coordenadas auditadas para a vila.";média;;;;
Willys de Castro;1926;1988;Brasil;estudos de desenho com André Fort;;;Uberlândia;São Paulo;male;https://enciclopedia.itaucultural.org.br/pessoas/3479-willys-de-castro;alta;"Formação artística em desenho com André Fort; estudos de Química e música não foram incorporados ao campo de formação artística.";Wikidata;alta;MAC USP;média;-18.9097091;-48.2619157;100.0;-23.5503944444;-46.6339472222;100.0;Enciclopédia Itaú Cultural;"fontes adicionadas em auditoria; coordenadas auditadas para o município de São Paulo.";alta;Wikidata > Ulan;Wikidata > Ulan;;alta
Wilson Alves;1948;;;Escola Guignard;-19.9552;-43.9202;;;;fontes biográficas de referência;média;Há referência a artista homônimo nascido em 1948 e ligado à Escola Guignard, mas a correspondência com o autor do acervo ainda requer confirmação.;;;Museu de Arte Religiosa e Tradicional;baixa;;;;;;;;identidade insuficiente para localizar óbito com segurança.;;;;;
Wim van der Plas;1946;;Países Baixos;Erasmus University Rotterdam;51.918061111111;4.5258305555556;Países Baixos;;male;ACM SIGGRAPH History Archives;alta;FILE explicita “País de Origem: Países Baixos”> preenchido em nível de país.;FILE Festival (País de Origem);alta;FILE;alta;52.249375293;5.616126398;100.0;;;;;"perfil/atividade recente; sem óbito identificado.";;Prabook;;;média
Xabier Monreal;;;Espanha;Escola Massana;41.380944;2.169583;Espanha;;male;FILE Festival;alta;FILE explicita “País de Origem: Espanha”> preenchido em nível de país.;FILE Festival (País de Origem);alta;FILE;alta;40.22794966;-3.646063105;100.0;;;;;"site/biografia recente; sem óbito identificado.";;;;;
Xavier Boissarie;;;França;Université Paris 8 Saint-Denis > Villa Arson > École supérieure d'art d'Aix-en-Provence;48.944722222222 > 43.7194 > 43.5307;2.3633333333333 > 7.2536 > 5.44105;França;;male;site da Orbe;média;FILE explicita “País de Origem: França”> preenchido em nível de país.;FILE Festival (País de Origem);alta;FILE;alta;46.559417044;2.550539953;100.0;;;;;"perfil/atividade recente; sem óbito identificado.";;;;;
Xaviera Lopez;;;Chile;;;;Santiago, Chile;;female;;;;FILE Festival (biografia do artista);alta;FILE;alta;-33.4459946;-70.6670569;;;;;;"site oficial recente; sem óbito identificado.";;;;;
XXIIVV;1986;;Canadá;;;;;;male;;;local de nascimento não localizado em fonte auditável;;;FILE;;;;;;;;;"site/atividade recente; sem óbito identificado.";;site oficial do artista;;;alta
Yali Herbet;1989;;Israel;Bezalel Academy of Arts and Design;31.781166666666667;35.22361111111111;Israel;;female;FILE Festival | Animafest;alta;FILE explicita “País de Origem: Israel”> preenchido em nível de país.;FILE Festival (País de Origem);alta;FILE;alta;31.977711512;34.979217692;100.0;;;;;"site/atividade recente; sem óbito identificado.";;Wikidata;;;alta
Yasmin Salama;;;Palestina;;;;Palestina;;female;;;fonte secundária explícita> fonte institucional direta não localizada nesta rodada;Wikidata;alta;FILE;;31.912719787;35.204684057;100.0;;;;;"perfil localizado; sem óbito identificado.";;;;;
Yiannis Kranidiotis;1974;;Grécia;University of Patras > University of Essex > National and Kapodistrian University of Athens;38.286666666667 > 51.87845 > 37.969166666666666;21.786388888889 > 0.94942 > 23.780833333333334;Grécia;;male;site do artista | Onassis Foundation;alta;FILE explicita “País de Origem: Grécia”> preenchido em nível de país.;FILE Festival (País de Origem);alta;FILE;alta;39.0;22.0;100.0;;;;;"site/atividade recente; sem óbito identificado.";;;;;
Yo Yoshitome;1925;;Japão;Escola de Navegação > Escola de Belas Artes de Tóquio;35.68944444444445 > 35.68944444444445;139.6916666666667 > 139.6916666666667;Província de Shimane;;female;https://enciclopedia.itaucultural.org.br/pessoas/6124-yo-yoshitome;alta;;Wikidata;alta;MAC USP;alta;35.47229492;133.05050166;100.0;;;;;fontes consultadas registram a trajetória, mas não localizam o lugar de morte.;;Wikidata > Ulan;;;alta
Yola Cintra;;;;;;;;;female;;;formação não localizada com segurança;;;MAC USP;;;;;;;;;identidade insuficiente para localizar óbito com segurança.;;;;;
Yolanda Mohalyi;1909;1978;Brasil;Real Academia de Belas-Artes;38.708042;-9.139016;Cluj-Napoca;São Paulo;female;Wikipédia;média;em 1935 estuda com Lasar Segall em São Paulo> datas da formação acadêmica não localizadas com precisão;Wikidata;alta;MAC USP;média;46.7709185;23.5899178;100.0;-23.5503944444;-46.6339472222;100.0;Wikipedia;"fontes adicionadas em auditoria; coordenadas auditadas para o município de São Paulo.";média;Wikidata > Ulan;Wikidata > Ulan;;alta
Yuki Ban;;;Japão;University of Tokyo;35.71339;139.76232;Kanagawa, Japão;;male;Universidade de Tóquio (perfil institucional);alta;;Universidade de Tóquio (página do projeto Unlimited Corridor);alta;FILE;;35.447754;139.642514;;;;;;"perfil acadêmico recente; sem óbito identificado.";;;;;
Yukun Wang;;;Reino Unido;West China Hospital;30.643222;104.061097;China;;female;https://orcid.org/0000-0001-6304-9379 | https://www.wikidata.org/wiki/Q92142958;alta;;SAIC Fashion Show / site pessoal;média;FILE;;36.567348398;103.930027033;100.0;;;;;"perfil/atividade recente; sem óbito identificado.";;;;;
Yutaka Toyota;1931;;Japão;Universidade de Arte de Tóquio;35.7195782;139.7726862;Tendo, Japão;;male;https://www.escritoriodearte.com/artista/yutaka-toyota;baixa;;Enciclopédia Itaú Cultural;alta;MAC USP;alta;38.362143;140.377671;;;;;;"site/atividade recente; sem óbito identificado.";;Wikidata > Ulan;;;alta
Yōhei Yanase;1976;;Japão;University of Electro-Communications;35.653497;139.539831;Setagaya;;male;https://archive.file.org.br/participantes/yohei-yanase/ | https://www.wikidata.org/wiki/Q11534488 | https://www.uec.ac.jp/eng/about/access/;alta;;Wikidata;alta;FILE;;35.6465436;139.65322156;100.0;;;;;"perfil/atividade recente; sem óbito identificado.";;FILE Festival;;;alta
Zac Cooper;;;;University of Washington;47.65416666666667;-122.30805555555555;;;male;University of Washington;alta;local de nascimento não localizado em fonte auditável;;;FILE;;;;;;;;;"site/atividade recente; sem óbito identificado.";;;;;
Zbigniew Makowski;1930;2019;Polônia;Academy of Fine Arts, Warsaw;52.239444444444445;21.015833333333333;Varsóvia;Varsóvia;male;https://en.wikipedia.org/wiki/Zbigniew_Makowski;média;;Wikidata;alta;MAC USP;média;52.229827082;21.011731518;100.0;52.229827082;21.011731518;100.0;Wikipedia (pl);"fontes adicionadas em auditoria; coordenadas auditadas para a cidade.";média;Ulan;Muzeum Narodowe we Wrocławiu;;alta
Zed Nesti;1969;;;Fundação Armando Álvares Penteado (FAAP);-23.5450155;-46.6630802;Rio de Janeiro, RJ, Brasil;;male;https://www.zednesti.com.br/curriculo | https://www.mac.usp.br/mac/conteudo/cursoseventos/mac_encontra/2013_2/zednesti.asp;alta;fonte pública de perfil do artista informa curso na FAAP> datas não localizadas;MAC USP;alta;MAC USP;média;-22.9014475;-43.1789159;;;;;;"site/atividade recente; sem óbito identificado.";;;;;
Zeno van den Broek;1982;;Reino dos Países Baixos;Delft University of Technology (TU Delft);52.001666666667;4.3725;Rotterdam, Países Baixos;;male;CV oficial do artista;média;;site oficial do artista;alta;FILE;;51.918323034;4.493749988;100.0;;;;;"site/atividade recente; sem óbito identificado.";;Wikidata;;;alta
Zlatan Filipović;1973;;Bósnia e Herzegovina;Alfred University, New York State College of Ceramics;42.253261;-77.787486;Sarajevo;;male;American University of Sharjah;alta;;Wikidata;alta;FILE;;43.8581843;18.4123422;100.0;;;;;"perfil acadêmico recente; sem óbito identificado.";;;;;
Zlatko Prica;1916;2003;Hungria;Academy of Fine Arts, Zagreb;45.8121;15.9624;Pécs;Rijeka;male;fontes biográficas de referência;média;instituição identificada em biografias sumárias;Wikidata;alta;MAC USP;média;46.0713012;18.2331371;100.0;45.3333333333;14.4333333333;100.0;Hrvatska enciklopedija;"fontes adicionadas em auditoria; coordenadas auditadas para a cidade.";alta;Wikidata > Ulan;Wikidata > Ulan;;alta
Zoran Dragelj;1975;;Croácia;Emily Carr Institute of Art and Design (ECIAD);49.26083333333333;-123.1138888888889;Split;;male;FILE Festival | bauform.it;alta;;Wikidata;alta;FILE;;43.512822779;16.458086061;100.0;;;;;"artista em atividade em fonte recente; sem óbito identificado";;Wikidata;;;alta
Zuza Banasinska;1994;;Polônia;Jagiellonian University > Jan Matejko Academy of Fine Arts in Kraków > Universität der Künste Berlin (UdK Berlin) > Sandberg Instituut;50.061667 > 50.066389 > 52.50916666666667 > 52.3599;19.933889 > 19.941667 > 13.32694444444444 > 4.9075;Varsóvia;;female;FILE Festival | Berlinale;alta;;Wikidata;alta;FILE;;52.229827082;21.011731518;100.0;;;;;"artista em atividade em fonte recente; sem óbito identificado";;Wikidata;;;alta
Édouard Manet;1832;1883;França;Collège-lycée Jacques-Decour > Collège Rollin > curso especial de desenho > estudos com Thomas Couture > Académie Suisse;48.8822 > 48.8822 >  >  > 48.8545;2.3478 > 2.3478 >  >  > 2.3446;antigo 10º arrondissement de Paris;8º arrondissement de Paris;male;https://en.wikipedia.org/wiki/%C3%89douard_Manet;média;Priorizados os dados formativos explicitamente visíveis no snippet de busca.;Wikidata;alta;MASP;alta;48.8526667;2.329375;78.35;48.8741666667;2.3111111111;83.21;Saint Louis Art Museum;"fontes adicionadas em auditoria; coordenadas corrigidas para o 8th arrondissement.";alta;Ulan;Ulan;;alta
Édouard Viénot;1804;1872;França;École des Beaux-Arts de Paris > discípulo de Louis Hersent e Paulin Guérin;48.853997 > ;2.333500 > ;Fontainebleau;Bruxelas;male;https://pt.wikipedia.org/wiki/%C3%89douard_Vi%C3%A9not | https://artsandculture.google.com/entity/%C3%89douard-vi%C3%A9not/m05c3q8;média;;Wikidata;alta;Museu Paulista;alta;48.404740851;2.701648778;100.0;50.8466666667;4.3516666667;78.78;Wikipédia (fr);"fontes adicionadas em auditoria; local ajustado para Brussels e coordenadas corrigidas.";média;Google Arts & Culture;Google Arts & Culture;;média
Érica Azzellini;;;Brasil;Faculdade Cásper Líbero;-23.56552983;-46.651333;Brasil;;female;FAPESP;média;FILE explicita “País de Origem: Brasil”> preenchido em nível de país.;FILE Festival (País de Origem);alta;FILE;alta;-10.769946429;-53.073466889;100.0;;;;;"perfil oficial/FILE recente; sem óbito identificado";;;;;
Özge Samancı;1975;;Turquia;Georgia Institute of Technology;33.77580555555556;-84.39469444444444;İzmir;;female;site da artista | Northwestern University;alta;;Wikidata;alta;FILE;;38.418724;27.129601;100.0;;;;;"perfil institucional recente; sem óbito identificado";;;;;
‡Starvingpoet§;;;Estados Unidos;autodidata;44.97997;-93.26384;;;non-binary;FILE Festival | site da artista | Discogs / Mixcloud / SoundCloud;alta;local de nascimento não localizado em fonte auditável> autodidata> coordenadas atribuídas à cidade biográfica recorrente nas fontes localizadas;;;FILE;baixa;;;;;;;;"perfil autoral recente; sem óbito identificado";;;;;
