creator;country of citizenship;educated at;lat_educated_at;lon_educated_at;place of birth;place of burial;place of death;sex or gender;fonte_educated_at;confianca_educated_at;observacoes_pesquisa;fonte_place_of_birth;confianca_place_of_birth;acervo;onde estudou;datas em que estudou;fonte_datas_estudo;confianca_preenchimento;lat_birth;lon_birth;score_birth;lat_death;lon_death;score_death;fonte_place_of_death;fonte_lat_death;fonte_lon_death;observacoes_place_of_death;confianca_place_of_death
Jordão de Oliveira;Brazil;primeiros estudos de desenho com Quintino Marques;-10.9093538;-37.0743967;Aracaju;;Rio de Janeiro;male;https://www.guiadasartes.com.br/jordao-de-oliveira/biografia | https://ihgse.org.br/wordpress/jordao-eduardo-de-oliveira-nunes/;;As fontes abertas disponíveis sustentam os estudos iniciais com Quintino Marques> não localizei nesta rodada fonte aberta robusta para a etapa posterior no Rio.;Wikidata;alta;Museu Histórico Nacional;Aracaju;;;media;-10.9093538;-37.0743967;100.0;-22.9111111111;-43.2055555556;100.0;https://pge.se.gov.br/artista-do-mes-de-abril-jordao-de-oliveira/;https://www.wikidata.org/wiki/Q8678;https://www.wikidata.org/wiki/Q8678;Local de morte refinado de nível de país para cidade com base em fonte biográfica oficial.;alta
José Vieira Ottoni;;;;;;;;;;;pesquisa deste lote não localizou fonte auditável suficiente sobre formação;;;;;;;;;;;;;;;;;Não localizei fonte auditável suficiente sobre local de morte nesta rodada.;
A. Bierry;;;;;;;;;;;assinatura abreviada> não foi possível desambiguar com segurança;;;Museu da Inconfidência;;;;;;;;;;;;;;"Assinatura abreviada; identidade não desambiguada com segurança.";
A. Bill Miller;United States;University of Wisconsin-Milwaukee;43.07503;-87.882915;Cleveland, Ohio, USA;;;male;University of Wisconsin-Whitewater / Transfer Gallery;médio;;dieFirma / Wikipedia;alto;FILE;;;;;41.5051414;-81.6914575;100.0;;;;;;;Não localizei fonte auditável suficiente sobre local de morte nesta rodada.;
A. Correa Costa;;;;;;;;;;;"assinatura/nome parcial; não foi possível desambiguar com segurança";;;Museu Histórico Nacional;;;;;;;;;;;;;;"Nome parcial; identidade não desambiguada com segurança.";
A. Tinoco;;;;;;;;;;;"assinatura/nome parcial; não foi possível desambiguar com segurança";;;Museu Histórico Nacional;;;;;;;;;;;;;;"Nome parcial; identidade não desambiguada com segurança.";
A.Guedes;;;;;;;;;;;assinatura abreviada> não foi possível desambiguar com segurança;;;Museu do Diamante;;;;;;;;;;;;;;"Assinatura abreviada; identidade não desambiguada com segurança.";
A.L. Crego;Spain;autodidata;43.3707332;-8.3958532;A Coruña, Spain;;;male;FILE Festival | La Voz de Galicia / entrevista em Tumblr;alto;autodidata> coordenadas atribuídas à cidade biográfica associada (A Coruña/Galícia) como proxy de formação;La Voz de Galicia / ARTEINFORMADO;médio;FILE;A Coruña;;;baixa;43.3707332;-8.3958532;100.0;;;;;;;Não localizei fonte auditável suficiente sobre local de morte nesta rodada.;
Aaron Bradbury;Republic of Abkhazia;formação em artes com diploma em pintura;;;;;;male;https://archive.file.org.br/participantes/aaron-bradbury/;media;metadado de país de origem no FILE inconsistente com a biografia> não preenchido> pesquisa sem fonte robusta para local de nascimento | formação identificada, mas a fonte não nomeia a instituição;;;FILE;;;;media;;;;;;;;;;Não localizei fonte auditável suficiente sobre local de morte nesta rodada.;
Abe Abraham;United States;Tisch School of the Arts, New York University;40.73;-73.995;United States;;;male;CURRENTS New Media (bio do artista);médio;FILE explicita “País de Origem: United States”> preenchido em nível de país.;FILE Festival (País de Origem);alta;FILE;;;;alta;39.398703156;-99.41461919;100.0;;;;;;;Não localizei fonte auditável suficiente sobre local de morte nesta rodada.;
Abel-Dominique Boyé;France;école des beaux-arts de Bordeaux> École nationale supérieure des beaux-arts de Paris;44.83111111111111> 48.85680555555555;-0.5611111111111111> 2.333277777777778;Marmande;;Marmande;male;https://pt.wikipedia.org/wiki/Abel-Dominique_Boy%C3%A9 | https://franco.wiki/fr/Abel-Dominique_Boy%C3%A9.html;;;Wikidata;alta;MASP;Bordeaux> Paris;a partir de 1881> desde 1883 em Paris;https://pt.wikipedia.org/wiki/Abel-Dominique_Boy%C3%A9 | https://franco.wiki/fr/Abel-Dominique_Boy%C3%A9.html;alta;44.499151322;0.166416496;100.0;44.5;0.1652777778;100.0;https://pt.wikipedia.org/wiki/Abel-Dominique_Boy%C3%A9 | https://www.wikidata.org/wiki/Q944872;https://www.wikidata.org/wiki/Q210742;https://www.wikidata.org/wiki/Q210742;"Morte indicada em Marmande; coordenadas referem-se à comuna.";media
Abelardo Zaluar;Brazil;Escola Nacional de Belas Artes (Enba);-22.90879805555556;-43.17573111111111;Niterói, Rio de Janeiro, Brazil;;Rio de Janeiro;male;https://enciclopedia.itaucultural.org.br/pessoas/2112-zaluar | https://www.guiadasartes.com.br/abelardo-zaluar/obras-e-biografia;;;Galeria Ipanema;media;MAC USP;Rio de Janeiro;1944-1948;https://enciclopedia.itaucultural.org.br/pessoas/2112-zaluar;media;-22.8898227;-43.1220775;;-22.9111111111;-43.2055555556;100.0;https://enciclopedia.itaucultural.org.br/pessoas/2112-zaluar;https://www.wikidata.org/wiki/Q8678;https://www.wikidata.org/wiki/Q8678;Local de morte preenchido a partir de verbete biográfico institucional.;alta
Abraham Brueghel;Spanish Netherlands;Formação com Jan Brueghel the Younger (pai);51.2234;4.4069;Antwerp;;Naples;male;https://en.wikipedia.org/wiki/Abraham_Brueghel | https://www.christies.com/en/lot/lot-4836790;;Fontes indicam formação com o pai, sem instituição formal nomeada.;Wikidata;alta;Museu Nacional de Belas Artes;Antuérpia;antes da ida para a Itália> sem data exata na fonte;;media;51.25942418;4.371799938;100.0;40.8358333333;14.2486111111;100.0;https://www.wikidata.org/wiki/Q1824525;https://www.wikidata.org/wiki/Q2634;https://www.wikidata.org/wiki/Q2634;"Local de morte mantido; coordenadas ajustadas para a cidade de Naples.";media
Abraham Naton;Israel;Bucharest Art Academy;44.44366667;26.09016667;Reni;Kiryat Shaul Cemetery;Givatayim;male;https://www.beloosesky.com/artists/avraham-naton/biography | https://www.dangallery.co.il/artists/avraham-naton/;;As fontes consultadas usam a forma Avraham Naton.;Wikidata;alta;MAC USP;Bucareste (Romênia);1930-1935;https://www.beloosesky.com/artists/avraham-naton/biography | https://www.dangallery.co.il/artists/avraham-naton/;alta;27.165741;76.739915;100.0;32.0697222222;34.8116666667;100.0;https://www.wikidata.org/wiki/Q7007344;https://www.wikidata.org/wiki/Q152413;https://www.wikidata.org/wiki/Q152413;"Local de morte mantido; coordenadas ajustadas para a cidade de Givatayim.";media
Abreu;;;;;;;;;;;identificação incompleta> não foi possível desambiguar com segurança;;;;;;;;;;;;;;;;;"Identificação incompleta; não desambiguada com segurança.";
Achille Funi;Italy;Brera Academy> Art School “Dosso Dossi”> Accademia di Brera;44.83916666666666> 45.47222222;11.6175> 9.18888889;Ferrara;;Appiano Gentile;male;https://www.laocoontegalleria.it/en/achille-funi/;;A data da etapa inicial em Ferrara não aparece com precisão no trecho consultado.;Wikidata;alta;MAC USP;Ferrara, Itália> Milão, Itália;s.d.> 1906–1910;https://www.laocoontegalleria.it/en/achille-funi/;alta;44.8378378;11.6203994;100.0;45.7383333333;8.9797222222;100.0;https://en.wikipedia.org/wiki/Achille_Funi;https://www.wikidata.org/wiki/Q244042;https://www.wikidata.org/wiki/Q244042;"Local de morte mantido; coordenadas ajustadas para o comune de Appiano Gentile.";media
Adam Martinakis;Poland;estudou Interior Architecture, Decorative Arts and Industrial Design em Atenas;37.98416666666667;23.72805555555556;Lubań, Poland;;;male;site oficial do artista;baixo;;site oficial do artista;alto;FILE;;;;;51.119999978;15.289444427;100.0;;;;;;;Não localizei fonte auditável suficiente sobre local de morte nesta rodada.;
Adam Pizurny;Slovakia;;;;Slovakia;;;male;;;biografias localizadas neste lote não informam formação;FILE Festival;alto;FILE;;;;;48.708702094;19.487749196;100.0;;;;;;;Não localizei fonte auditável suficiente sobre local de morte nesta rodada.;
Adam Winkels;Canada;;;;Canada;;;male;;;biografias localizadas neste lote informam atuação profissional, sem formação explícita;FILE Festival (País de Origem);alto;FILE;;;;;60.10867;-113.64258;100.0;;;;;;;Não localizei fonte auditável suficiente sobre local de morte nesta rodada.;
Ademar Shimabukuro;;Pontifícia Universidade Católica de Campinas;-22.8346;-47.0476;Campinas, SP, Brasil;;;male;https://www.escavador.com/sobre/1882197/ademar-kazumi-shimabukuro;;graduação em arquitetura e urbanismo;MAC USP;alta;MAC USP;Campinas, Brasil;1991;https://www.escavador.com/sobre/1882197/ademar-kazumi-shimabukuro;media;-22.9073702;-47.0628996;;;;;;;;Não localizei fonte auditável suficiente sobre local de morte nesta rodada.;
Adir Sodré de Souza;Brazil;Ateliê Livre da Fundação Cultural de Mato Grosso;-20.468611111111;-54.622222222222;Rondonópolis, Mato Grosso, Brazil;;Cuiabá;male;https://museudeartesacra.org.br/2021/09/15/adir-sodre/;;formação em ateliê> escola formal não localizada;Enciclopédia Itaú Cultural;alta;MAC USP;Cuiabá, Brasil;a partir de 1977;https://museudeartesacra.org.br/2021/09/15/adir-sodre/;alta;-16.470833;-54.635556;;-15.5958333333;-56.0969444444;;Prefeitura de Cuiabá;Wikidata: Cuiabá (Q170762);Wikidata: Cuiabá (Q170762);;alta
Adolf Methfessel;Switzerland;aprendizagem como jardineiro> primeiras aulas de desenho em Bruxelas> estudos de arquitetura de jardins em Berlim> professor de desenho no State College of Tucumán;50.84666666666666> 52.516666666667> -27;4.351666666666667> 13.383333333333> -65.5;Bern;;Bern;male;https://www.askart.com/bio/Adolf_Methfessel/11054168/Adolf_Methfessel | https://www.swissinfo.ch/por/cultura/o-artista-su%C3%AD%C3%A7o-que-documentou-a-guerra-da-tr%C3%ADplice-alian%C3%A7a/87475847> https://www.askart.com/bio/Adolf_Methfessel/11054168/Adolf_Methfessel;;A fonte aberta mais específica informa aulas de desenho em Bruxelas em 1856 e estudos de arquitetura de jardins em Berlim> registrei a aprendizagem inicial de jardineiro como etapa formativa documentada.;Wikidata;alta;Museu Paulista;Berna> Bruxelas> Berlim> Tucumán;1856> 1878-1885;https://www.askart.com/bio/Adolf_Methfessel/11054168/Adolf_Methfessel;media;46.948998594;7.437170775;100.0;46.9479805556;7.4474305556;100.0;DSI / Univ. Stuttgart;Wikidata: Bern (Q70);Wikidata: Bern (Q70);;alta
Adolfo Matarelli;Kingdom of Italy;Liceu de Artes e Ofícios de São Paulo> Accademia di Belle Arti di Roma;-23.5331446> 41.9075;-46.6267577> 12.4756;Firenze, Itália;monumental cemetery of Milan;Cisano Bergamasco;male;fontes biográficas de referência;;datas aproximadas;Gonnelli Casa d’Aste;media;Museu da Inconfidência;São Paulo, Brasil> Roma, Itália;1910s> 1920s;fontes biográficas de referência;media;43.7686976;11.2569291;;45.7430555556;9.4708333333;100.0;"Wikipedia it; Italia Turrita";Wikidata: Cisano Bergamasco (Q100368);Wikidata: Cisano Bergamasco (Q100368);"fonte secundária convergente; sem fonte institucional direta localizada";media
Adolphe Martial-Potémont;France;École des Beaux-Arts> aluno de Léon Cogniet;48.85666666666667;2.333611111111112;Paris;;Paris;male;https://en.wikipedia.org/wiki/Adolphe_Martial_Pot%C3%A9mont;;;Wikidata;alta;Museu Nacional de Belas Artes;Paris;;;media;48.856372814;2.352529617;100.0;48.8566666667;2.3522222222;100.0;Musée Léon Dierx;Wikidata: Paris (Q90);Wikidata: Paris (Q90);;alta
Adrian Dexter;United States of America;European Film College> The Animation Workshop;56.1937> 56.4561;10.6913> 9.40611;;;;male;Animafest (biografia do autor);médio;local de nascimento não localizado com segurança> pesquisa sem fonte robusta para local de nascimento;;;FILE;;;;;;;;;;;;;;"perfil oficial/FILE recente; sem óbito identificado";
Adrian Flury;Switzerland;Lucerne University of Applied Sciences and Arts;47.014;8.306;Zug, Switzerland;;;male;videokunst.ch> swissfilms;médio;;HSLU / videokunst.ch;alto;FILE;;;;;47.177534475;8.508559443;100.0;;;;;;;"perfil recente de artista em atividade; sem óbito identificado";
Adriano Monteiro;Brazil;Universidade Estadual de Campinas;-22.817222222222;-47.069444444444;Brazil;;;male;FILE Festival;médio;FILE explicita “País de Origem: Brazil”> preenchido em nível de país.;FILE Festival (País de Origem);alta;FILE;;;;alta;-10.769946429;-53.073466889;100.0;;;;;;;"site pessoal recente; sem óbito identificado";
Adrien Cuvit;France;ARIES School of Graphic and Motion Design;48.85666666666667;2.352222222222222;France;;;male;FILE Festival;médio;;FILE Festival (País de Origem);alto;FILE;;;;;46.559417044;2.550539953;100.0;;;;;;;perfil FILE sem referência de óbito;
Adrien Henri Vital van Emelen;Belgium;Escola de Belas Artes de Lovaina> estudos com Constantin Meunier> aperfeiçoamento com Auguste Rodin;50.8775;4.704444;Leuven;;São Paulo;male;https://pt.wikipedia.org/wiki/Adrien_Henri_Vital_van_Emelen;;;Wikidata;alta;Museu Paulista;Lovaina> Paris;1892 em Paris> demais datas sem cronologia completa na fonte;https://pt.wikipedia.org/wiki/Adrien_Henri_Vital_van_Emelen;alta;50.882173608;4.705906182;100.0;-23.5503944444;-46.6339472222;100.0;Biblioteca Nacional / Sophia;Wikidata: São Paulo (Q174);Wikidata: São Paulo (Q174);"autoridade secundária; local de morte convergente";media
Adrián Regnier;Mexico;"Escuela Nacional de Escultura, Pintura y Grabado ""La Esmeralda""; Universidad Veracruzana";19.353773;-99.13589;Mexico City;;;male;site oficial do artista> Fundación CERGUI;alto;;Wikidata;alta;FILE;;;;;19.430457906;-99.141684761;100.0;;;;;;;"biografia oficial recente; sem óbito identificado";
Afro Basaldella;Italy;Liceo Artistico Di Porta Romana E S.F.> Accademia di Belle Arti di Venezia;43.7599> 45.4286;11.24626> 12.3305;Udine;;Zurich;male;biografia institucional do artista> fontes de referência;;formação artística registrada de modo geral> datas aproximadas;Wikidata;alta;MAC USP;Veneza, Itália;c. 1930s;biografia institucional do artista> fontes de referência;media;46.0649418;13.2307247;100.0;47.3744444444;8.5411111111;100.0;Peggy Guggenheim Collection;Wikidata: Zurich (Q72);Wikidata: Zurich (Q72);;alta
Aggie Pak Yee Lee;Hong Kong;Estonian Academy of Arts;59;26;Hong Kong;;;female;Estonian Academy of Arts | FILE Festival;alto;;Wikidata;alta;FILE;;;;;22.351958323;114.119385987;100.0;;;;;;;"biografia FILE indica artista nascida em 1989 e atuante; sem óbito identificado";
Agostinho José da Mota;Brazil;Academia Imperial de Belas Artes> Accademia di San Luca;-22.91111111111111> 41.90166;-43.20555555555556> 12.483586;Rio de Janeiro;;Rio de Janeiro;male;fontes biográficas de referência;;datas aproximadas;Wikidata;alta;Museu Nacional de Belas Artes;Rio de Janeiro, Brasil> Roma, Itália;1840s> 1850s;fontes biográficas de referência;media;-22.9014475;-43.1789159;100.0;-22.9111111111;-43.2055555556;100.0;Enciclopédia Itaú Cultural;Wikidata: Rio de Janeiro (Q8678);Wikidata: Rio de Janeiro (Q8678);;alta
Agostino Masucci;Papal States;formação com Benedetto Luti e Carlo Maratta;41.893055555556;12.482777777778;Rome;;Rome;male;https://en.wikipedia.org/wiki/Agostino_Masucci | https://www.britannica.com/biography/Agostino-Masucci;;;Wikidata;alta;Museu Nacional de Belas Artes;Roma;;;media;41.8905568;12.4942679;100.0;41.8930555556;12.4827777778;100.0;National Galleries of Scotland;Wikidata: Rome (Q220);Wikidata: Rome (Q220);;alta
Agustín Abreu;Uruguay;Universidad Modelo> University of Texas at El Paso> University of Pittsburgh;21.0285> 31.77> 40.444565;-89.5678> -106.505> -79.953274;Ciudad de México, México;;;male;ORCID;médio;identificação alinhada pela formação> fonte indica nascimento em Ciudad de México> metadado de cidadania na planilha diverge;Biblioteca Virtual Sedeculta / Wikipedia;médio;FILE> Museu da Inconfidência;;;;;19.430457906;-99.141684761;;;;;;;;"ORCID e fontes recentes indicam autor em atividade; sem óbito identificado";
Agustín Salinas Teruel;Spain;Escuelas de Comercio, Artes y Oficios de Madrid> Escuela Superior de Bellas Artes> Academia Española de Roma;40.41694444444445> 41.893055555556;-3.703333333333333> 12.482777777778;Zaragoza;;Rome;male;https://www.epdlp.com/pintor.php?id=8747 | https://pt.wikipedia.org/wiki/Augustin_Salinas_y_Teruel> https://www.epdlp.com/pintor.php?id=8747 | https://galeriandre.com.br/artistas-interna/375/augustin-salinas/;;A grafia do creator foi mantida> as fontes também usam Augustin/Agostyn Salinas.;Wikidata;alta;Museu Nacional de Belas Artes;Madri> Roma;até 1882> 1882-1885, com prorrogação em 1886-1887;https://www.epdlp.com/pintor.php?id=8747;alta;41.656837;-0.8794245;100.0;41.8930555556;12.4827777778;100.0;"Wikipedia es; Galeria André";Wikidata: Rome (Q220);Wikidata: Rome (Q220);"fontes divergentes sobre o ano de morte; local convergente: Roma";media
Ahron Giladi;Israel;Bezalel Academy of Arts and Design;31.781166666666667;35.22361111111111;Gomel, Belarus;;;male;fontes biográficas de referência;;;Israel Museum / galeria;médio;MAC USP;Jerusalém, Israel;s.d.;fontes biográficas de referência;media;52.425163;31.015039;;;;;;;;fonte institucional localizada para trajetória e data, mas local de morte não confirmado com segurança;
Aieda Freitas;Brazil;Universidade Municipal de São Caetano do Sul;-23.6131956;-46.5712354;Brazil;;;female;Lar Galeria | Intercom Sudeste;médio;;FILE Festival (País de Origem);alto;FILE;;;;;-10.769946429;-53.073466889;100.0;;;;;;;site oficial e FILE sem referência de óbito;
Ailadi;Italy;Politecnico di Milano> ENSCI, Les Ateliers> Köln International School of Design;45.47803055555556> 48.8584;9.227319444444444> 2.3693;Italian Alps, Italy;;;female;site oficial da artista;alto;;Kinomural;médio;FILE;;;;;45.013;6.9418;100.0;;;;;;;"perfil autoral recente; sem óbito identificado";
Aimée;;;;;Argentina;;;;;;fonte institucional informa apenas país de nascimento | nome monônimo e fontes abertas insuficientes para desambiguar a trajetória educacional;MAC USP;alta;MAC USP;;;;;-38.416097;-63.616672;;;;;;;;"nome monônimo; identidade não desambiguada com segurança";
Akihito Ito;Japan;Nagoya University of Arts> Nagoya City University;35.256;136.881056;Nagoya, Japan;;;male;perfil oficial do artista | ISEA Symposium Archives;alto;;site oficial (akihitoito.com);alto;FILE;;;;;35.18142047;136.90668338;100.0;;;;;;;"artista em atividade em fonte recente; sem óbito identificado";
Alaa Omari;Palestine;American University of Sharjah;25.309722;55.490556;Palestine;;;;American University of Sharjah;alto;;Wikidata;alta;FILE;;;;;31.912719787;35.204684057;100.0;;;;;;;"artista em atividade em fonte recente; sem óbito identificado";
Alan Davie;United Kingdom;Edinburgh College of Art;55.9458;-3.19964;Grangemouth;;Hertford;male;https://en.wikipedia.org/wiki/Alan_Davie> https://gulbenkian.pt/cam/artist/alan-davie/;;As fontes convergem para Edinburgh College of Art.;Wikidata;alta;MAC USP;Edimburgo, Escócia;1937–1941;https://en.wikipedia.org/wiki/Alan_Davie;alta;56.019555095;-3.721883769;100.0;51.795;-0.078055556;100.0;"Wikipedia; Hertford Arts Hub";Wikidata: Hertford;Wikidata: Hertford;;media
Albert Bayona i Fernández;Spain;School of the Circle of Fine Arts;41.6141646;0.6258029;Lleida;;;male;Wikipedia;baixo;;Wikidata;alta;FILE;;;;;41.6141646;0.6258029;100.0;;;;;;;"artista em atividade em fonte recente; sem óbito identificado";
Albert Eckhout;Dutch Republic;formação em pintura com Gheert Roeleffs (tio);;;Groningen;;Groningen;male;https://pesquisaescolar.fundaj.gov.br/pt-br/artigo/eckhout-albert/ | https://www.guiadasartes.com.br/albert-van-der-eckhout/principais-obras;;As fontes recuperadas não nomeiam uma academia formal> a formação aparece como aprendizado com o tio pintor.;Wikidata;alta;Coleção Brasiliana Itaú;Países Baixos;antes de 1636;https://pesquisaescolar.fundaj.gov.br/pt-br/artigo/eckhout-albert/;media;53.219956308;6.564955801;100.0;53.218888889;6.5675;100.0;Enciclopédia Itaú Cultural;Wikidata: Groningen;Wikidata: Groningen;;alta
Albert Gleizes;France;autodidata;48.856372814;2.352529617;Paris;;Avignon;male;https://en.wikipedia.org/wiki/Albert_Gleizes;media;Autodidata> não foi localizada instituição formal de ensino artístico.;Wikidata;alta;MAC USP;Paris, França;c. 1901;https://en.wikipedia.org/wiki/Albert_Gleizes;media;48.856372814;2.352529617;100.0;43.948611111;4.808333333;100.0;"Britannica; The Met";Wikidata: Avignon;Wikidata: Avignon;"fontes divergentes: arquivo trazia Saint-Rémy-de-Provence; Britannica e The Met indicam Avignon";media
Albert Merino;Spain;University of Barcelona> Kunsthochschule Berlin-Weißensee;52.5581;13.4393;Barcelona, Spain;;;male;CCCB> WRO Art Center;médio;;FILE Festival / CCCB;alto;FILE;;;;;41.387917;2.1699187;100.0;;;;;;;"artista em atividade em fonte recente; sem óbito identificado";
Alberto André Feijó Delpino;Brazil;Escola Nacional de Belas Artes;-22.8625055;-43.2256622;;;Belo Horizonte;;fontes biográficas de referência;;datas aproximadas;;;Museu da Inconfidência;Rio de Janeiro, Brasil;1930s;fontes biográficas de referência;baixa;;;;-19.928055556;-43.941944444;100.0;Enciclopédia Itaú Cultural;Wikidata: Belo Horizonte;Wikidata: Belo Horizonte;;alta
Alberto da Veiga Guignard;Brazil;Academy of Fine Arts, Munich> Academias de Belas Artes de Munique;48.1531959202723;11.5803123911292;Nova Friburgo;Church of Saint Francis of Assisi (Ouro Preto);Belo Horizonte;male;Wikipédia;;estudos em Florença localizados, mas sem nome formal da instituição no trecho consultado;Wikidata;alta;Museu da Inconfidência;Munique, Alemanha> Florença, Itália;;;media;-22.2891837;-42.5345547;100.0;-19.928055556;-43.941944444;100.0;"Enciclopédia Itaú Cultural; Secult MG";Wikidata: Belo Horizonte;Wikidata: Belo Horizonte;;alta
Alberto Lima;Portugal;;;;Porto;;;male;https://www.catalogodasartes.com.br/noticia/ABeU/;;A fonte indica início da pintura incentivado por Carlos Scliar, sem escola formal nomeada. | fonte localizada menciona incentivo de Carlos Scliar, sem formação ou instituição explicitada;Wikidata;alta;Museu Paulista;formação autodidata> Cabo Frio, RJ;começa a pintar em 1973;https://www.catalogodasartes.com.br/noticia/ABeU/;media;41.1501526;-8.610318;100.0;;;;;;;data de falecimento localizada, mas local de morte não encontrado com segurança;
Alberto Magnelli;Italy;autodidata;43.7686976;11.2569291;Florence;Longs-Réages cemetery;Meudon;male;https://en.wikipedia.org/wiki/Alberto_Magnelli;media;Autodidata> fontes consultadas indicam ausência de formação formal em escola de arte.;Wikidata;alta;MAC USP;Florença, Itália;c. 1907;https://www.wikiart.org/en/alberto-magnelli;media;43.7686976;11.2569291;100.0;48.8075;2.240277778;100.0;Centre Pompidou;Wikidata: Meudon;Wikidata: Meudon;;alta
Alberto Salietti;Italy;Accademia di Brera;45.47222222;9.18888889;Ravenna;;Chiavari;male;Wikipedia (it)> Pittori Liguri;;;Wikidata;alta;MAC USP;Milão, Itália;até 1914;Wikipedia (it)> Pittori Liguri;media;44.4157367;12.1965892;100.0;44.316411111;9.323736111;100.0;Wikipedia it;Wikidata: Chiavari;Wikidata: Chiavari;;media
Alberto Silva;;Escola Industrial Infante D. Henrique> Escola de Belas Artes do Porto;41.15068> 41.15;-8.63128> -8.610833333333334;Porto, Portugal;;;male;https://sigarra.up.pt/up/pt/p/antigos%20estudantes%20ilustres%20-%20alberto%20silva | https://serralvesantiguidades.com/lote/alberto-silva-1882-1940;;Mantida identificação cautelosa por se tratar de nome relativamente comum.;"U.Porto; Leiloeira Serralves";alta;Museu Histórico Nacional;Porto;1900-1909;https://sigarra.up.pt/up/pt/p/antigos%20estudantes%20ilustres%20-%20alberto%20silva;media;41.1501526;-8.610318;;;;;;;;homônimo não desambiguado com segurança;
Alberto Teixeira;Brazil;Sociedade Nacional de Belas Artes> aulas com Samson Flexor> Atelier-Abstração;> > ;> > ;São João do Estoril, Portugal;;Campinas;male;https://enciclopedia.itaucultural.org.br/pessoas/2955-alberto-teixeira | https://www.apap.art.br/associados/338/alberto-teixeira-em-memoria/;;;APAP;alto;MAC USP;Lisboa (Portugal)> São Paulo (SP)> Paris (França);1947-1950> 1952-1955> 1956-1958;https://enciclopedia.itaucultural.org.br/pessoas/2955-alberto-teixeira | https://www.apap.art.br/associados/338/alberto-teixeira-em-memoria/;alta;38.697;-9.361;;-22.900833333;-47.057222222;100.0;"Centro de Memória Unicamp; Enciclopédia Itaú Cultural";Wikidata: Campinas;Wikidata: Campinas;;alta
Alcindo Da Conceiçao;France;ARIES School of Graphic and Motion Design;48.85666666666667;2.352222222222222;France;;;male;FILE Festival;médio;FILE explicita “País de Origem: France”> preenchido em nível de país.;FILE Festival (País de Origem);alta;FILE;;;;alta;46.559417044;2.550539953;100.0;;;;;;;"artista em atividade em fonte recente; sem óbito identificado";
Aldemir Martins;Brazil;Colégio Militar de Fortaleza> Ateneu São José;-3.7275> -20.82;-38.5275> -49.378888888889;Aurora;;São Paulo;male;https://pt.wikipedia.org/wiki/Aldemir_Martins;;;Wikidata;alta;MAC USP;Fortaleza, Brasil> Fortaleza, Brasil;1934> 1939;https://pt.wikipedia.org/wiki/Aldemir_Martins;media;39.7129336;-104.8195761;100.0;-23.550394444;-46.633947222;100.0;Assembleia Legislativa do Estado de São Paulo;Wikidata: São Paulo;Wikidata: São Paulo;;alta
Aldo Beck;Brazil;"formação com Manoel Francisco de Oliveira (""Maneca Margarida"""")""";-27.60111111;-48.52;Florianópolis;;;male;artigo UDESC> site do artista;;formação artística informal com o mestre Maneca Margarida> escola/instituição não localizada;Wikidata;alta;Museu Victor Meirelles;Florianópolis, SC;;;media;-27.5969123;-48.5495751;100.0;;;;;;;ano de morte localizado, mas local de morte não aparece de forma explícita nas fontes consultadas;
Aldo Bonadei;Brazil;ateliê de Pedro Alexandrino;-23.550394444444;-46.633947222222;São Paulo;;São Paulo;male;Guia das Artes;;também frequentou o ateliê de Antonio Rocco;Wikidata;alta;MAC USP;São Paulo;1923–1928;Guia das Artes;media;-23.5486657;-46.6382522;100.0;-23.550394444;-46.633947222;100.0;FAPESP;Wikidata: São Paulo;Wikidata: São Paulo;;alta
Aldo João Nunes;Brazil;Grupo Escolar Arquidiocesano São José> Instituto de Educação de Santa Catarina (IEE);-23.58959> -27.593280555556;-46.600006> -48.553047222222;Florianópolis, SC, Brasil;;;male;MASC;;estudos iniciais no Grupo Escolar Arquidiocesano São José> ingressou no IEE em 1939 e concluiu o curso normal em 1944;MASC;alta;Museu Victor Meirelles;Florianópolis, SC;1939–1944;MASC;alta;-27.5969123;-48.5495751;;;;;;;;ano de morte localizado, mas local de morte não encontrado com segurança;
Alejandro Casales;Mexico;"Escuela Nacional de Música, Universidad Nacional Autónoma de México> Escuela Nacional de Pintura, Escultura y Grabado ""La Esmeralda""""""";19.328888888889;-99.187222222222;Mexico City, Mexico;;Axochiapan;male;FILE Festival;médio;;site oficial do artista;alto;FILE;;;;;19.430457906;-99.141684761;100.0;18.503055556;-98.751944444;100.0;Wikipedia es;Wikidata: Axochiapan;Wikidata: Axochiapan;;media
Alejandro Cicarelli;Chile;Instituto de Bellas Artes de Nápoles> estudos em Roma;40.8516> 41.893055555556;14.2512> 12.482777777778;Naples;;Santiago;male;https://es.wikipedia.org/wiki/Alejandro_Cicarelli;;;Wikidata;alta;Pinacoteca de São Paulo;Nápoles, Itália> Roma, Itália;s.d.> s.d.;https://es.wikipedia.org/wiki/Alejandro_Cicarelli;media;40.8399833;14.2525421;100.0;-33.4459946;-70.6670569;100.0;Artistas Visuales Chilenos / MNBA;Wikidata: Santiago;Wikidata: Santiago;local de morte validado em fonte institucional chilena;alta
Alejandro Thornton;Argentina;National School of Fine Arts Prilidiano Pueyrredon;-34.59171466023074;-58.39131357322754;Buenos Aires;;;male;;;;Wikidata;alta;FILE;;;;;-34.6090264;-58.3732215;100.0;;;;;;;"artista em atividade em fonte recente; sem óbito identificado";
Aleksander Kobzdej;Poland;Jan Matejko Academy of Fine Arts in Krakow> Academy of Fine Arts in Kraków;50.066389> 50.066389;19.941667> 19.941667;Olesko;Powązki Military Cemetery;Warsaw;male;biografia institucional do artista> fontes de referência;;datas aproximadas;Wikidata;alta;MAC USP;Cracóvia, Polônia;c. 1946–1951;biografia institucional do artista> fontes de referência;media;50.48064272;14.196104789;100.0;52.229827082;21.011731518;100.0;Culture.pl;Wikidata: Warsaw;Wikidata: Warsaw;;alta
Alessandra Plaza Saravia;Peru;Pontificia Universidad Católica del Perú> Universität der Künste Berlin;-12.06944444444444> 52.50916666666667;-77.07944444444445> 13.32694444444444;Lima;;;female;PUCP (perfil docente)> Decolonize Modul21;alto;;Wikidata;alta;FILE;;;;;-12.04318;-77.02824;100.0;;;;;;;"artista em atividade em fonte recente; sem óbito identificado";
Alessandro Amaducci;Italy;Università degli Studi di Torino;45.069444444444;7.6888888888889;Torino, Italy;;;male;Università degli Studi di Torino;alto;;site oficial / FILE Festival;alto;FILE;;;;;45.0683751;7.6830662;100.0;;;;;;;"artista em atividade em fonte recente; sem óbito identificado";
Alessandro Massobrio;Italy;Istituto di Musica G. Verdi di Asti> University of Turin> C.I.B.R.A., University of Pavia;44.9;8.2069444444444;Torino, Italy;;;male;site oficial do artista | Symby;médio;;Artribune / Sinewaves;médio;FILE;;;;;45.0683751;7.6830662;100.0;;;;;;;"artista em atividade em fonte recente; sem óbito identificado";
Alessandro Varotari;Republic of Venice;formação com o pai Dario Varotari the Elder;45.4078> 45.431078;11.8733> 12.328139;Padua;;Venice;male;https://en.wikipedia.org/wiki/Alessandro_Varotari | https://www.britannica.com/biography/Padovanino;;Também conhecido como Padovanino.;Wikidata;alta;Museu Nacional de Belas Artes;Pádua> Veneza;;;media;45.4095409;11.8765508;100.0;45.434608;12.338913;100.0;Treccani;Wikidata: Venice;Wikidata: Venice;fontes divergem no ano (1648/1649), mas convergem em Veneza;media
Alessio De Vecchi;Italy;Istituto Europeo di Design;45.44625233345661;9.194896909398269;Milan, Italy;;;male;FILE Festival;médio;;FILE Festival / WUF Magazine;alto;FILE;;;;;45.4636183;9.1881156;100.0;;;;;;;"artista em atividade em fonte recente; sem óbito identificado";
Alex Flemming;Brazil;Curso Livre de Cinema da Fundação Armando Álvares Penteado (FAAP)> Faculdade de Arquitetura e Urbanismo da USP> estudos de serigrafia e gravura com Regina Silveira, Julio Plaza e Romildo Paiva> Pratt Institute Manhattan;-23.56012;-46.72985;São Paulo;;;male;https://alexflemming.com.br/alexflemming/> https://www.ieb.usp.br/alex-flemming/> https://pt.wikipedia.org/wiki/Alex_Flemming;;Formação combinou curso livre, passagem universitária e estudos técnicos com artistas-professores.;Wikidata;alta;MAC USP;São Paulo, Brasil> São Paulo, Brasil> São Paulo, Brasil> Nova Iorque, Estados Unidos;1972–1974> até 1976> 1979–1980> 1981–1983;https://alexflemming.com.br/alexflemming/> https://www.ieb.usp.br/alex-flemming/;alta;-23.5486657;-46.6382522;100.0;;;;;;;"artista em atividade em fonte recente; sem óbito identificado";
Alex Moy;United States;DePaul University;41.923558;-87.653542;United States;;;male;FILE Festival;médio;;FILE Festival (País de Origem);alto;FILE;;;;;39.398703156;-99.41461919;100.0;;;;;;;"artista em atividade em fonte recente; sem óbito identificado";
Alexandre Cabanel;France;Beaux-Arts de Paris> Montpellier School of Fine Arts> École des Beaux-Arts de Paris> Villa Medici;43.61755318089179> 41.908333333333;3.884139069434952> 12.4825;Montpellier;cemetery Saint-Lazare (Montpellier);Paris;male;https://en.wikipedia.org/wiki/Alexandre_Cabanel;;;Wikidata;alta;Museu Nacional de Belas Artes;Montpellier> Paris> Roma;1839> 1840> 1845-1850;https://en.wikipedia.org/wiki/Alexandre_Cabanel;alta;43.598499355;3.896845979;100.0;48.856372814;2.352529617;100.0;Musée d'Orsay;Wikidata: Paris;Wikidata: Paris;;alta
Alexandre Cruz (Sesper);Brazil;;;;Santos, São Paulo, Brazil;;;male;;;biografias localizadas neste lote não informam formação;Itaú Cultural;alto;MAC USP;;;;;-23.9562885;-46.3264601;;;;;;;;"artista em atividade em fonte recente; sem óbito identificado";
Alexandre Estebanez;United States;;;;United States;;;male;;;biografias localizadas neste lote informam atuação profissional, sem formação explícita;FILE Festival (País de Origem);alto;FILE;;;;;39.398703156;-99.41461919;100.0;;;;;;;"artista em atividade em fonte recente; sem óbito identificado";
Alexandre Mário Parko;;formação acadêmica em São Paulo> instituição não identificada na fonte aberta consultada;-23.550394444444;-46.633947222222;;;;male;https://www.catalogodasartes.com.br/;;Dados insuficientes para nomear escola oficial> mantido em formulação prudente.;;;Museu Histórico Nacional;São Paulo;;;baixa;;;;;;;;;;não localizei fonte auditável suficiente sobre local de morte nesta rodada;
Alexandre Veaux;France;Supinfocom – RUBIKA;50.35805555555555;3.523333333333333;France;;;male;portfólio oficial do artista> FILE Festival;alto;;FILE Festival (País de Origem);alta;FILE;;;;alta;46.559417044;2.550539953;100.0;;;;;;;"artista em atividade em fonte recente; sem óbito identificado";
Alexandre Wollner;Brazil;Instituto de Arte Contemporânea do Museu de Arte de São Paulo> Hochschule für Gestaltung Ulm;-23.56111111111111> 48.3806;-46.65583333333333> 9.95278;São Paulo;;São Paulo;male;https://pt.wikipedia.org/wiki/Alexandre_Wollner> https://enciclopedia.itaucultural.org.br/instituicoes/75180-hochschule-fur-gestaltung-ulm-hfg;;instituições identificadas> datas não localizadas;Wikidata;alta;MAC USP;São Paulo, Brasil> Ulm, Alemanha;;;media;-23.5486657;-46.6382522;100.0;-23.550394;-46.633947;100.0;Enciclopédia Itaú Cultural;Wikidata: São Paulo;Wikidata: São Paulo;;alta
Alexis Marie Lahaye;France;atelier de Carolus-Duran;48.85666666666667;2.333611111111112;Paris;;Nîmes;male;https://fr.wikipedia.org/wiki/Alexis_Marie_Lahaye;;A formação recuperada é em ateliê, não em academia formal explicitada na fonte consultada.;Wikidata;alta;Museu Nacional de Belas Artes;Paris;;;media;48.856372814;2.352529617;100.0;43.83665;4.35788;100.0;Wikipedia fr;Geodatos: Nîmes;Geodatos: Nîmes;;media
Alfonso Pretelt;Colombia;University of Barcelona;41.386666666667;2.1638888888889;Bogotá, Colombia;;;male;site do artista;médio;;Sonic Matter / Intermediaciones;alto;FILE;;;;;4.6068824;-74.071837;100.0;;;;;;;"artista em atividade em fonte recente; sem óbito identificado";
Alfred Leslie;United States;New York University> Art Students League> Pratt Institute;40.73> 40.766083333333> 40.691111;-73.995> -73.980861111111> -73.963889;New York City;;Brooklyn;male;https://ngabiographies.org/biographies/alfredleslie> https://en.wikipedia.org/wiki/Alfred_Leslie;;Datas da Pratt Institute não apareceram com precisão nas fontes revisadas.;Wikidata;alta;MAC USP;Nova York, EUA> Nova York, EUA> Nova York, EUA;c. 1946> 1947–1949> s.d.;https://ngabiographies.org/biographies/alfredleslie;media;40.7130466;-74.0072301;100.0;40.692529;-73.990996;100.0;"Janet Borden; ArtDaily";Wikidata: Brooklyn;Wikidata: Brooklyn;;media
Alfred Manessier;France;Beaux-Arts de Paris> Amiens Higher School of Art and Design;49.891944444444;2.2977777777778;Saint-Ouen;Saint-Ouen;Orléans;male;MAC_consolidado_normalized.csv / enriched_batch1.csv;;dados recuperados de base auxiliar> datas não localizadas;Wikidata;alta;MAC USP;Paris, França> Amiens, França;;;alta;49.237305387922;-2.21881450916;100.0;47.902857326;1.909331693;100.0;Museo Nacional Thyssen-Bornemisza;Wikidata: Orléans;Wikidata: Orléans;;alta
Alfred Sisley;United Kingdom of Great Britain and Ireland;Beaux-Arts de Paris> Atelier de Marc-Charles-Gabriel Gleyre, École des Beaux-Arts;48.85666666666667;2.333611111111112;former 4th arrondissement of Paris;Moret-sur-Loing;Moret-sur-Loing;male;Wikipédia;;formação no ateliê de Gleyre;Wikidata;alta;Museu Nacional de Belas Artes;Paris;1862–1863;Wikipédia;media;48.8561982;2.3556748;88.0;48.3738888889;2.815;86.04;"Tate; Musée d’Orsay";Wikidata Q839537;Wikidata Q839537;local ajustado de cemitério para cidade do óbito;alta
Alfredo Andersen;Brazil;Academia de Belas-Artes de Cristiânia> Royal Danish Academy of Fine Arts;55.673588888889;12.599711111111;Kristiansand;;Curitiba;male;Wikipédia;;identificado como artista;Wikidata;alta;MASP;Cristiânia (Oslo)> Copenhague;c. 1877–1879> 1879–1883;Wikipédia;alta;58.1446946;7.9982841;100.0;-25.4297222222;-49.2719444444;100.0;"Museu Casa Alfredo Andersen; Itaú Cultural";Wikidata Q4361;Wikidata Q4361;;alta
Alfredo Ardia;Italy;Bauhaus-Universität Weimar> Sibelius Academy> Conservatorio Rossini;43.90941;12.91018;Italy;;;male;site oficial do artista;alto;;site oficial (alfredoardia.com);médio;FILE;;;;;42.83333;12.83333;100.0;;;;;;;"atividade recente em site autoral/FILE; sem fonte auditável de óbito";
Alfredo Nicolaievsky;Brazil;Atelier Livre de Porto Alegre> Universidade Federal do Rio Grande do Sul;-30.032777777778;-51.23;Porto Alegre, Rio Grande do Sul, Brazil;;;male;https://pt.wikipedia.org/wiki/Alfredo_Nicolaiewsky;;;UFRGS / Wikipédia;alto;MAC USP;Porto Alegre, Brasil> Porto Alegre, Brasil;desde a adolescência> 1976;https://pt.wikipedia.org/wiki/Alfredo_Nicolaiewsky;media;-30.027679;-51.2286404;;;;;;;;"atividade/exposições recentes; sem fonte auditável de óbito";
Alfredo Norfini;Brazil;Istituto di Belle Arti di Lucca;43.85;10.516666666667;Florence;;Rio de Janeiro;male;https://enciclopedia.itaucultural.org.br/pessoas/5415-alfredo-norfini;;;Wikidata;alta;Museu Paulista;Lucca;;;media;43.7686976;11.2569291;100.0;-22.9111111111;-43.2055555556;100.0;"Enciclopédia Itaú Cultural; UFRGS Pinacoteca Barão de Santo Ângelo";Wikidata Q8678;Wikidata Q8678;;alta
Alfredo Volpi;Brazil;Escola Profissional Masculina do Brás;-23.54504;-46.61634;Lucca;;São Paulo;male;https://enciclopedia.itaucultural.org.br/pessoas/512-alfredo-volpi;;instituição identificada> datas não localizadas;Wikidata;alta;MAC USP;São Paulo, Brasil;;;media;43.8430139;10.507994;100.0;-23.5503944444;-46.6339472222;100.0;Enciclopédia Itaú Cultural;Wikidata Q174;Wikidata Q174;;alta
Alia Alharmi;United Arab Emirates;New York University Abu Dhabi;24.5239;54.4346;Dubai, United Arab Emirates;;;female;FILE Festival (biografia do artista);médio;;FILE Festival;alto;FILE;;;;;25.2674058;55.2926806;100.0;;;;;;;"bio recente/atividade profissional; sem fonte auditável de óbito";
Alice Jaunet;France;Supinfocom Rubika School;50.357856469;3.524197715;France;;;female;FILE Festival;médio;FILE explicita “País de Origem: France”> preenchido em nível de país.;FILE Festival (País de Origem);alta;FILE;;;;alta;46.559417044;2.550539953;100.0;;;;;;;"atividade recente como artista 3D; sem fonte auditável de óbito";
Alice Saey;France;Haute école des arts du Rhin (HEAR);48.5825;7.7591;Paris, France;;;female;HEAR (página institucional);alto;;La Courneuve / MacDowell;médio;FILE;;;;;48.856372814;2.352529617;100.0;;;;;;;"site autoral ativo; sem fonte auditável de óbito";
Aligi Sassu;Italy;Accademia di Brera> Accademia Libera;45.47222222> 43.771388888889;9.18888889> 11.254166666667;Milan;;Pollença;male;https://sangiorgioarte.it/en/artisti/sassu-aligi/;;Fontes de biografia indicam passagem por Brera e, depois, pela Accademia Libera, sem datas exatas nesta passada.;Wikidata;alta;MAC USP;Milão, Itália> Milão, Itália;c. 1920s> c. 1920s;;media;45.4636183;9.1881156;100.0;39.8767805556;3.0162611111;100.0;Treccani;Wikidata Q23982870;Wikidata Q23982870;;alta
Aliénor Vallet;France;estudos em ciências humanas e sociais> formação em realização audiovisual e criação de vídeo para espetáculo ao vivo;;;Paris, France;;;female;https://alienorvallet.jimdofree.com/en/bio-cv/;media;a fonte informa áreas de estudo e formação, mas não nomeia instituições;site oficial / FILE Festival;alto;FILE;;;;media;48.856372814;2.352529617;100.0;;;;;;;"agenda recente no site autoral; sem fonte auditável de óbito";
Alois Di Leo;Peru;National Film and Television School;51.6054;-0.6374;Lima;;;male;Semaine de la Critique (entrevista);médio;;Wikidata;alta;FILE;;;;;-12.04318;-77.02824;100.0;;;;;;;"site autoral em atividade; sem fonte auditável de óbito";
Alonso Pérez;Spain;formação acadêmica provável, sem instituição identificada nas fontes;;;Zaragoza;;;male;https://en.wikipedia.org/wiki/Alonso_P%C3%A9rez | https://prabook.com/web/alonso.perez/2572493;;As fontes abertas apenas indicam que é 'believed that he received some academic training'> mantida formulação extremamente conservadora.;Wikidata;alta;Museu Histórico Nacional;Espanha;antes de 1901;;baixa;41.656837;-0.8794245;100.0;;;;;;;"fontes secundárias divergentes inclusive sobre ano de morte; local não confirmado";
Aloísio Lucas de Siqueira;Brazil;autodidata;-7.9829;-38.2898;Serra Talhada, Pernambuco, Brazil;;;male;https://hroficinadeartes.blogspot.com/2011/07/pintura-aloisio-lucas-siqueira.html;baixa;fonte aberta localizada indica percurso autodidata, sem instituição formal nomeada;Google Arts & Culture;alto;MAC USP;Formação autodidata;;;baixa;-7.9829;-38.2898;;;;;;;;sem fonte auditável suficiente para local de morte;
Aloísio Magalhães;Brazil;Universidade Federal de Pernambuco> curso de museologia> Atelier 17;-8.0517328> > 48.83972898207762;-34.9507155> > 2.3325339;Recife;;Padua;male;https://pt.wikipedia.org/wiki/Alo%C3%ADsio_Magalh%C3%A3es> https://portal.iphan.gov.br/noticias/detalhes/3216;;O aperfeiçoamento em design gráfico nos EUA aparece sem instituição específica no trecho consultado.;Wikidata;alta;MAC USP;Recife, Brasil> Paris, França> Paris, França;1950> 1951–1953> 1951–1953;https://pt.wikipedia.org/wiki/Alo%C3%ADsio_Magalh%C3%A3es;alta;-8.0551894;-34.871176;100.0;45.4077777778;11.8733333333;100.0;Fundaj;Wikidata Q617;Wikidata Q617;;alta
Alzira Fragoso;Brazil;;;;São Carlos, São Paulo, Brazil;;;female;;;pesquisa deste lote não localizou fonte auditável suficiente sobre formação;MAC USP;alto;MAC USP;;;;;-22.0174;-47.8908;;;;;;;;"site autoral ativo; sem fonte auditável de óbito";
Alípio Dutra;Brazil;Escola Complementar de Piracicaba> Academia Julian> Real Academia de Belas Artes de Bruxelas> Escola Nacional de Belas Artes de Paris;-22.72915863999999> 50.844> 48.85666666666667;-47.64438155000001> 4.3477> 2.333611111111112;Jaú;;São Paulo;male;https://pt.wikipedia.org/wiki/Al%C3%ADpio_Dutra | https://enciclopedia.itaucultural.org.br/pessoas/6462-alipio-dutra;;A cronologia europeia é particularmente clara nas fontes consultadas.;Wikidata;alta;Museu Paulista;Piracicaba> Paris> Bruxelas;formação concluída em 1909> 1913-1914> 1918> 1921-1923;https://pt.wikipedia.org/wiki/Al%C3%ADpio_Dutra | https://enciclopedia.itaucultural.org.br/pessoas/6462-alipio-dutra;alta;-22.2962115;-48.5575955;100.0;-23.5503944444;-46.6339472222;100.0;Enciclopédia Itaú Cultural;Wikidata Q174;Wikidata Q174;;alta
Amador de Carvalho Perez;Brazil;MAM Rio de Janeiro (estudos com Aloísio Carvão e outros professores);-22.91375;-43.171805555556;Rio de Janeiro, Brazil;;;male;https://www.catalogodasartes.com.br/artista/Amador%20de%20Carvalho%20Perez%20-%20Amador%20Perez/ | https://www.youtube.com/%40amadordecarvalhoperez;;O canal do artista informa também graduação em Projeto Gráfico pela Escola de Belas Artes> mantido o dado mais seguro no campo principal.;Catálogo das Artes;media;MAC USP;Rio de Janeiro, RJ;antes da atuação expositiva> sem data exata na fonte;https://www.youtube.com/%40amadordecarvalhoperez;media;-22.9014475;-43.1789159;;;;;;;;"atividade expositiva recente; sem fonte auditável de óbito";
Amanda Varghese;India;American University of Sharjah;25.309722;55.490556;India;;;female;FILE Festival;médio;;FILE Festival (País de Origem);alta;FILE;;;;alta;20.593684;78.96288;;;;;;;;"bio recente de estudante/artista; sem fonte auditável de óbito";
Amber Xu;People's Republic of China;Shanghai University;31.316666666666666;121.38888888888889;China;;;female;Al-Tiba9 Contemporary Art;médio;;FILE Festival (País de Origem);alta;FILE;;;;alta;36.567348398;103.930027033;100.0;;;;;;;"site autoral ativo; sem fonte auditável de óbito";
Amedeo Modigliani;Kingdom of Italy;Accademia delle Arti del Disegno> estudos com Guglielmo Micheli> Accademia di Belle Arti di Firenze;43.776907;11.258475;Livorno;Père Lachaise Cemetery;Paris;male;https://en.wikipedia.org/wiki/Amedeo_Modigliani> https://www.britannica.com/biography/Amedeo-Modigliani;;;Wikidata;alta;MAC USP;Livorno, Itália> Florença, Itália;1898> 1902;https://en.wikipedia.org/wiki/Amedeo_Modigliani> https://www.britannica.com/biography/Amedeo-Modigliani;media;43.5518876;10.3078411;100.0;48.8566666667;2.3522222222;100.0;Britannica;Wikidata Q90;Wikidata Q90;local normalizado de hospital para cidade do óbito;alta
Americo Sposito;Uruguay;escola italiana de Enzo Kabregú> Círculo de Bellas Artes de Montevideo> Taller Torres García;-34.90591666666667> -34.90591666666667;-56.19131111111111> -56.19131111111111;Montevideo;;Montevideo;male;https://es.wikipedia.org/wiki/Am%C3%A9rico_Sp%C3%B3sito;;;Wikidata;alta;MAC USP;Montevidéu, Uruguai> Montevidéu, Uruguai> Montevidéu, Uruguai;s.d.> s.d.> 1942;https://es.wikipedia.org/wiki/Am%C3%A9rico_Sp%C3%B3sito;media;-34.9055557;-56.1852505;100.0;-34.9058333333;-56.1913888889;100.0;Museo Nacional de Artes Visuales (Uruguai);Wikidata Q1335;Wikidata Q1335;;alta
Amy Karle;United States;Alfred University> Cornell University;42.255555555556> 42.44916666666666;-77.787527777778> -76.48388888888888;New York, USA;;;female;American Arts Incubator;médio;;Wikipedia / AMEI Magazine;médio;FILE;;;;;40.7130466;-74.0072301;100.0;;;;;;;"site autoral ativo; sem fonte auditável de óbito";
Amália Pasqualina Fernandes Filha;Brazil;Instituto de Artes da UFRGS;-30.0292;-51.2233;São Paulo, SP, Brasil;;;female;fontes biográficas de referência;;instituição identificada em fontes sumárias;MAC USP;alta;MAC USP;Porto Alegre, Brasil;s.d.;fontes biográficas de referência;baixa;-23.5486657;-46.6382522;;;;;;;;sem fonte auditável suficiente para local de morte;
Amélia Toledo;Brazil;University of Brasília> Ateliê de Anita Malfatti> estudos com Yoshiya Takaoka> estudos com Waldemar da Costa> Central School of Arts and Crafts;51.5189;-0.1207;São Paulo;;São Paulo;female;https://www.ameliatoledo.com/biografia> https://pt.wikipedia.org/wiki/Amelia_Toledo;;Parte da formação ocorreu em ateliês> a data da escola em Londres não apareceu com precisão nas fontes vistas.;Wikidata;alta;MAC USP;São Paulo, Brasil> São Paulo, Brasil> São Paulo, Brasil> Londres, Reino Unido;c. final dos anos 1930> c. 1940s> c. 1940s> s.d.;https://www.ameliatoledo.com/biografia;media;-23.5486657;-46.6382522;100.0;-23.5503944444;-46.6339472222;100.0;Enciclopédia Itaú Cultural;Wikidata Q174;Wikidata Q174;corrigido de Cotia para São Paulo conforme fonte institucional;alta
Amélie Nilles;France;Paris 8 University;48.944722222222;2.3633333333333;France;;;female;Kunstuniversität Linz / TAMLab;médio;FILE explicita “País de Origem: France”> preenchido em nível de país.;FILE Festival (País de Origem);alta;FILE;;;;alta;46.559417044;2.550539953;100.0;;;;;;;"atividade recente/site autoral ativo; sem fonte auditável de óbito";
Amílcar de Castro;Brazil;Federal University of Minas Gerais> Faculdade de Direito da Universidade Federal de Minas Gerais> Escola de Belas Artes de Belo Horizonte;-19.925667> -19.8690878;-43.936686> -43.9663841;Paraisópolis;;Belo Horizonte;male;Instituto Amílcar de Castro> Enciclopédia Itaú Cultural;;;Wikidata;alta;MAC USP;Belo Horizonte, Brasil> Belo Horizonte, Brasil;1941–1945> desde 1944;Instituto Amílcar de Castro> Guia das Artes;alta;-22.5494836;-45.7839767;100.0;-19.9280555556;-43.9419444444;100.0;Enciclopédia Itaú Cultural;Wikidata Q31859976;Wikidata Q31859976;;alta
Ana Lagator;Serbia;Faculty of Dramatic Arts, Belgrade;44.8146;20.4087;Serbia;;;female;FILE Festival;médio;FILE explicita “País de Origem: Sérvia”> preenchido em nível de país.;FILE Festival (País de Origem);alta;FILE;;;;;44.016521;21.005859;;;;;;;;"biografia recente; sem fonte auditável de óbito";
Ana Mouyis;Cyprus;Parsons The New School for Design> Pratt Institute;40.73534> 40.691111;-73.99704> -73.963889;New York, USA;;;female;site oficial da artista;alto;;Millennium Film Workshop (entrevista);alto;FILE;;;;;40.7130466;-74.0072301;100.0;;;;;;;"site autoral ativo; sem fonte auditável de óbito";
Ana Teixeira;Brazil;Faculdade de Arquitetura e Urbanismo da Universidade de São Paulo;-23.56012;-46.72985;Caçapava, São Paulo, Brazil;;;female;fontes biográficas de referência;;;currículo / site oficial da artista;alto;MAC USP;São Paulo, Brasil;1980s;fontes biográficas de referência;media;-23.1002;-45.7064;;;;;;;;"site autoral ativo; sem fonte auditável de óbito";
Anabela Costa;Portugal;Lisbon Fine Arts University;38.70893;-9.14067;Lisbon, Portugal;;;female;monografia / Institut Français;médio;;FILE Festival / IFdigital;alto;FILE;;;;;38.7070085;-9.1356407;100.0;;;;;;;"biografia recente; sem fonte auditável de óbito";
Anaisa Franco;Brazil;Fundação Armando Alvares Penteado> University of Plymouth;-23.5450155> 50.374121;-46.6630802> -4.138512;Minas Gerais;;;female;Enciclopédia Itaú Cultural;alto;;Wikidata;alta;FILE;;;;;-18.456295297924;-44.673412162104;100.0;;;;;;;"verbete institucional sem óbito; sem fonte auditável de local de morte";
Anastasia Melikhova;Russia;Ural State Academy of Architecture and Arts;56.83989;60.61183;Pyt-Yakh, Russia;;;female;FILE Festival;médio;;FILE Festival / Doha Film Institute;alto;FILE;;;;;60.74985;72.85824;100.0;;;;;;;"biografia recente; sem fonte auditável de óbito";
Anatol Wladyslaw;Brazil;estudou engenharia eletrônica> estudou com Lucy Citti Ferreira e Yolanda Mohaly> frequentou o ateliê Abstração de Samson Flexor; > > -23.550394444444; > > -46.633947222222;Warsaw;;São Paulo;male;https://enciclopedia.itaucultural.org.br/pessoas/2126-anatol-wladyslaw | https://www.iar.unicamp.br/gaia/a-galeria/exposicoes-anteriores/2015-2/conversas-com-o-acervo-do-mav-anatol-wladyslaw/;media;as fontes consultadas nomeiam a formação e os estudos artísticos, mas não identificam com segurança a instituição do curso de engenharia;https://www.wikidata.org/wiki/Q9381671;alta;;;;;media;52.229827082;21.011731518;100.0;-23.5503944444;-46.6339472222;100.0;Enciclopédia Itaú Cultural;Wikidata Q174;Wikidata Q174;;alta
Ander Ugartemendia;Spain;autodidata;43.320905;-1.9845145;Spain;;;male;FILE Festival | Tabakalera / Hotaru Visual Guerrilla;médio;autodidata> coordenadas atribuídas à cidade-base do estúdio e da atuação biográfica;FILE Festival (País de Origem);alta;FILE;Donostia/San Sebastián;;;alta;40.22794966;-3.646063105;100.0;;;;;;;"biografia recente; sem fonte auditável de óbito";
Andrea Cristini;Italy;escola secundária de artes> estudos em Belas Artes em Milão> formação em Vancouver; > 45.47222222> 49.26083333333333; > 9.18888889> -123.1138888888889;;;;male;https://archive.file.org.br/participantes/andrea-cristini/;media;local de nascimento não localizado em fonte auditável> biografias consultadas indicam nacionalidade e atuação, não local de nascimento | a fonte não nomeia as instituições específicas;;;FILE;Milão, Itália> Vancouver, Canadá;;;media;;;;;;;;;;"biografia recente; sem fonte auditável de óbito";
Andrea Familari;Italy;University of Pisa;43.716508333333;10.398458333333;Italy;;;male;CV/website oficial;alto;;site oficial (famifax.com) / FILE Festival;médio;FILE;;;;;42.83333;12.83333;100.0;;;;;;;"site autoral ativo; sem fonte auditável de óbito";
Andrea Mantegna;Republic of Venice;escola/oficina de Francesco Squarcione;45.4078;11.8733;Isola Mantegna;Basilica of Sant'Andrea;Mantua;male;https://en.wikipedia.org/wiki/Andrea_Mantegna;;;Wikidata;alta;MASP;Pádua;a partir dos 11 anos> antes de 1448;https://en.wikipedia.org/wiki/Andrea_Mantegna;alta;45.5706918;11.7335521;100.0;45.1563888889;10.7911111111;100.0;"Britannica; Treccani";Wikidata Q6247;Wikidata Q6247;coordenadas corrigidas para Mantua, Itália;alta
Andreas Lutz;Germany;Offenburg University of Applied Sciences;48.4589;7.94278;Freiburg im Breisgau, Germany;;;male;CURRENTS New Media;médio;;CV oficial / Wikipedia;alto;FILE;;;;;47.994785999;7.849876999;100.0;;;;;;;"site autoral ativo; sem fonte auditável de óbito";
Andreas Nicolas Fischer;Germany;Berlin University of the Arts;52.509166666666665;13.326944444444445;Munich, Germany;;;male;Studio ANF (site oficial);alto;;IDN World / Sedition;médio;FILE;;;;;48.143438999;11.573599;100.0;;;;;;;"biografia recente; sem fonte auditável de óbito";
Andressa Hadig Haidar;Brazil;Universidade de Fortaleza (UNIFOR);-3.7687753;-38.478061;Brazil;;;female;FILE Festival (biografia do artista);médio;;FILE Festival (País de Origem);alta;FILE;;;;alta;-10.769946429;-53.073466889;100.0;;;;;;;"Fonte recente indica artista em atividade; sem óbito identificado.";
Andrew Ellis Johnson;United States;State University of New York at Buffalo> School of the Art Institute of Chicago> Carnegie Mellon University;43;-78.78916666666667;Cortland, New York, USA;;;male;Carnegie Mellon University;alto;;site oficial / SUNY Cortland;alto;FILE;;;;;42.601213;-76.180483;100.0;;;;;;;"Fonte institucional recente indica artista em atividade; sem óbito identificado.";
Andrew Wilson;United States of America;Ringling College of Art and Design> CG Master Academy;34.05223;-118.24368;United States;;;male;Zerply;médio;FILE explicita “País de Origem: United States”> preenchido em nível de país.;FILE Festival (País de Origem);alta;FILE;;;;alta;39.398703156;-99.41461919;100.0;;;;;;;"Fonte recente indica artista em atividade; sem óbito identificado.";
André Berlemont;France;;;;France;;;male;;;biografias localizadas neste lote não informam formação;FILE Festival (País de Origem);alta;FILE;;;;alta;46.559417044;2.550539953;100.0;;;;;;;"Fonte recente indica artista em atividade; sem óbito identificado.";
André Figurey;France;École des Beaux-Arts de Lyon> ateliês de gravura em Paris;45.768055555556> 48.85666666666667;4.8172222222222> 2.352222222222222;Lyon;;Barbacena;male;https://fr.wikipedia.org/wiki/Andr%C3%A9_Figurey;;Formação reconstruída a partir de fontes biográficas abertas francesas.;Wikidata;alta;Museu Paulista;Lyon> Paris;;;media;45.767634724;4.835037488;100.0;-21.2264611;-43.7740274;100.0;https://pt.wikipedia.org/wiki/Andr%C3%A9_Figurey;https://www.wikidata.org/wiki/Q807311;https://www.wikidata.org/wiki/Q807311;"Local de morte mantido com base em obituário citado em verbete biográfico; coordenadas referem-se ao município.";media
André Lhote;France;école des beaux-arts de Bordeaux;44.83111111111111;-0.5611111111111111;Bordeaux;Montparnasse Cemetery;Paris;male;Wikipédia;;identificado como artista;Wikidata;alta;MAC USP;Bordeaux;1898–1904;Wikipédia;alta;44.837898313;-0.579380299;100.0;48.856372814;2.352529617;100.0;https://www.britannica.com/biography/Andre-Lhote;https://www.wikidata.org/wiki/Q90;https://www.wikidata.org/wiki/Q90;;alta
André Masson;France;estudou pintura em Bruxelas e em Paris;;;Balagny-sur-Thérain;;Paris;male;https://www.britannica.com/biography/Andre-Masson;media;;https://www.britannica.com/biography/Andre-Masson;alta;;Bruxelas> Paris;;;media;49.2966;2.3436;;48.856372814;2.352529617;100.0;https://www.centrepompidou.fr/fr/ressources/personne/cpBn6g;https://www.wikidata.org/wiki/Q90;https://www.wikidata.org/wiki/Q90;;alta
André-Charles Voillemot;France;aluno de Michel Martin Drolling;48.85666666666667;2.333611111111112;Paris;;Paris;male;https://fr.wikipedia.org/wiki/Andr%C3%A9-Charles_Voillemot;;A fonte recuperada informa o mestre, mas não detalha cronologia formativa.;Wikidata;alta;Museu Nacional de Belas Artes;Paris;;;media;48.856372814;2.352529617;100.0;48.856372814;2.352529617;100.0;https://www.wikidata.org/wiki/Q16634775;https://www.wikidata.org/wiki/Q90;https://www.wikidata.org/wiki/Q90;"Local de morte mantido; a autoridade consultada indica Paris/9º arrondissement.";media
Angela Stempel;United States;Tufts University> School of the Museum of Fine Arts at Tufts;42.406949> 42.3386;-71.11982> -71.0968;San Francisco, California, USA;;;female;FILE Festival (biografia do artista);médio;;The Bureau / FILE Festival;alto;FILE;;;;;37.7800771;-122.4201615;100.0;;;;;;;"Fonte recente indica artista em atividade; sem óbito identificado.";
Angelina Agostini;Brazil;Escola Nacional de Belas Artes> Escola Nacional de Belas Artes (Enba)> ateliê de Henrique Bernardelli;-22.90879805555556;-43.17573111111111;Rio de Janeiro;;Rio de Janeiro;female;https://pt.wikipedia.org/wiki/Angelina_Agostini | https://enciclopedia.itaucultural.org.br/pessoas/6491-angelina-agostini;;Os estudos iniciais com o pai Angelo Agostini aparecem na fonte complementar.;Wikidata;alta;Museu Histórico Nacional;Rio de Janeiro> Londres;1906-1911> a partir de 1911;https://pt.wikipedia.org/wiki/Angelina_Agostini | https://enciclopedia.itaucultural.org.br/pessoas/6491-angelina-agostini;alta;-22.9014475;-43.1789159;100.0;-22.9014475;-43.1789159;100.0;https://enciclopedia.itaucultural.org.br/pessoas/6491-angelina-agostini;https://www.wikidata.org/wiki/Q8678;https://www.wikidata.org/wiki/Q8678;;alta
Angelo Agostini;Brazil;Escola de Belas Artes;48.85666666666667;2.333611111111112;Vercelli;;Rio de Janeiro;male;https://nanquim.com.br/angelo-agostini-1843-1910/> https://nacao.net/2006/01/30/angelo-agostini-1843-1910/;;Preenchimento baseado em biografias de referência sobre o caricaturista> falta confirmação institucional mais específica.;Wikidata;alta;Museu Histórico Nacional;Paris, França;c. década de 1850;https://nanquim.com.br/angelo-agostini-1843-1910/;baixa;45.3211114;8.4262359;100.0;-22.9014475;-43.1789159;100.0;https://cpdoc.fgv.br/sites/default/files/verbetes/primeira-republica/AGOSTINI%2C%20%C3%82ngelo.pdf;https://www.wikidata.org/wiki/Q8678;https://www.wikidata.org/wiki/Q8678;;alta
Angelo da Silva Romão;;;;;;;;male;;;identificação localizada, mas formação não localizada com segurança | pesquisa deste lote manteve ausência de fonte segura para formação;;;Museu Nacional de Belas Artes;;;;;;;;;;;;;;Não localizei fonte auditável suficiente sobre local de morte nesta rodada.;
Angelo Dall'Oca Bianca;Kingdom of Italy;Accademia Cignaroli;45.43479753250506;10.9929983708197;Verona;Verona;Verona;male;https://en.wikipedia.org/wiki/Angelo_Dall%27Oca_Bianca;;As fontes também associam a formação a Napoleone Nani.;Wikidata;alta;Museu Nacional de Belas Artes;Verona;;;media;45.4383527;10.9917125;100.0;45.4383527;10.9917125;100.0;https://it.wikipedia.org/wiki/Angelo_Dall%27Oca_Bianca;https://www.wikidata.org/wiki/Q2028;https://www.wikidata.org/wiki/Q2028;;media
Anita Malfatti;Brazil;Mackenzie Presbyterian University> Escola Americana> Mackenzie College> Academia de Belas Artes de Berlim;-16.68055555555556> -23.54564> 52.516666666667;-49.25638888888889> -46.652302> 13.383333333333;São Paulo;;São Paulo;female;https://pt.wikipedia.org/wiki/Anita_Malfatti;;instituição em Berlim identificada> data precisa não localizada;Wikidata;alta;MAC USP;São Paulo, Brasil> São Paulo, Brasil> Berlim, Alemanha;1903> 1906>;https://pt.wikipedia.org/wiki/Anita_Malfatti;media;-23.5486657;-46.6382522;100.0;-23.5486657;-46.6382522;100.0;https://enciclopedia.itaucultural.org.br/pessoas/2349-anita-malfatti;https://www.wikidata.org/wiki/Q174;https://www.wikidata.org/wiki/Q174;;alta
Anna Barros;Brazil;Otis Art Institute> Escola de Comunicações e Artes da USP;33.956611> -23.55833333;-118.417135> -46.72694444;São Paulo, São Paulo, Brazil;;São Paulo;female;https://enciclopedia.itaucultural.org.br/pessoas/8485-anna-barros;;graduação em artes plásticas e mestrado em artes;Enciclopédia Itaú Cultural;alta;MAC USP;Los Angeles, EUA> São Paulo, Brasil;1984> 1990;https://enciclopedia.itaucultural.org.br/pessoas/8485-anna-barros;alta;-23.5486657;-46.6382522;;-23.5486657;-46.6382522;;https://enciclopedia.itaucultural.org.br/pessoas/8485-anna-barros | https://www.ufsm.br/2013/10/02/anna-barros-uma-artista-que-deixa-legado-inestimavel;https://www.wikidata.org/wiki/Q174;https://www.wikidata.org/wiki/Q174;Local de morte preenchido a partir de fontes institucionais convergentes.;alta
Anna Beata Baranska;Poland;Maria Curie-Skłodowska University in Lublin;51.2425;22.5405;Ilza, Poland;;;female;FILE Festival;médio;;site oficial da artista / FILE Festival;alto;FILE;;;;;51.16365665;21.236986846;100.0;;;;;;;"Fonte recente indica artista em atividade; sem óbito identificado.";
Anna Eyler;Canada;Carleton University> University of Ottawa> Algonquin College> Concordia University;45.346936111111;-75.759386111111;Canada;;;female;Université du Québec en Outaouais;alto;;FILE Festival (País de Origem);alta;FILE;;;;alta;60.10867;-113.64258;100.0;;;;;;;"Fonte recente indica artista em atividade; sem óbito identificado.";
Anna Leterq;France;Lycée René Descartes;11.575;104.91972222;France;;;female;FILE Festival;médio;;FILE Festival (País de Origem);alta;FILE;;;;alta;46.559417044;2.550539953;100.0;;;;;;;"Fonte recente indica artista em atividade; sem óbito identificado.";
Anna Salvatore;Italy;Accademia di Belle Arti di Napoli;40.8516;14.2512;Rome;;Rome;female;fontes biográficas de referência;;instituição identificada> datas não localizadas com precisão;Wikidata;alta;MAC USP;Nápoles, Itália;s.d.;fontes biográficas de referência;media;41.8905568;12.4942679;100.0;41.8905568;12.4942679;100.0;https://it.wikipedia.org/wiki/Anna_Salvatore;https://www.wikidata.org/wiki/Q220;https://www.wikidata.org/wiki/Q220;;media
Anna Vasof;Greece;University of Thessaly;39.3576754;22.9484265;Prague;;;female;;;;Wikidata;alta;FILE;;;;;50.071199678;14.450977012;100.0;;;;;;;"Fonte recente indica artista em atividade; sem óbito identificado.";
Annapurna Kumar;United States;California Institute of the Arts (CalArts);34.393055555556;-118.56694444444;Seattle, USA;;;female;Girls in Film;médio;Fonte institucional usa formulação de origem (“originally from Seattle”), sem afirmar nascimento.;Queen’s Film and Media;baixa;FILE;;;;;47.603832;-122.330062;;;;;;;;"atividade recente; sem óbito identificado";
Anne Beal;United States;Rhode Island School of Design;41.825833333333;-71.407777777778;United States;;;female;site oficial da artista;médio;FILE explicita “País de Origem: United States”> preenchido em nível de país.;FILE Festival (País de Origem);alta;FILE;;;;alta;39.398703156;-99.41461919;100.0;;;;;;;"atividade recente; sem óbito identificado";
Anne Charlotte Benasouli;France;ARIES School of Graphic and Motion Design;48.85666666666667;2.352222222222222;France;;;female;FILE Festival;médio;FILE explicita “País de Origem: France”> preenchido em nível de país.;FILE Festival (País de Origem);alta;FILE;;;;alta;46.559417044;2.550539953;100.0;;;;;;;"atividade recente; sem óbito identificado";
Anne Ethuin;France;sem formação formal identificada> início do desenho e pintura em Paris> participação no Congrès Cobra em Bregnerød;48.85666666666667> 56.102189;2.352222222222222> 12.339152;Le Cateau-Cambrésis, France;Père Lachaise Cemetery;Paris;female;https://www.dorothysgallery.com/2012/03/31/ethuin/ | https://www.appl-lachaise.net/ethuin-simone-jaguer-dite-anne-1921-2009/ | https://www.galerie-lesyeuxfertiles.com/artiste/ethuin-anne-;;;Dorothy's Gallery / Find a Grave;médio;MAC USP;Paris, França> Bregnerød, Dinamarca;começa a desenhar e pintar em 1949;https://www.dorothysgallery.com/2012/03/31/ethuin/ | https://www.appl-lachaise.net/ethuin-simone-jaguer-dite-anne-1921-2009/;baixa;50.105603666;3.542665357;;48.8567;2.3522;;Mélusine Surréalisme;Wikipedia (Paris);Wikipedia (Paris);;media
Annet Dekker;Kingdom of the Netherlands;Goldsmiths, University of London> Utrecht University;51.474269444444445> 52.085277777777776;-0.03541111111111111> 5.175;Vorden, Netherlands;;;female;CV oficial da pesquisadora;médio;;ZKM;alto;FILE;;;;;52.105;6.31;;;;;;;;"atividade recente; sem óbito identificado";
Anthony Cavieles;United States;Pratt Institute;40.691111;-73.963889;;;;male;Pratt Institute / FILE Festival;médio;local de nascimento não localizado em fonte auditável;;;FILE;;;;;;;;;;;;;;"atividade recente; sem óbito identificado";
Anthony Rousseau;France;École des beaux-arts de Rennes> Le Fresnoy – Studio national des arts contemporains;48.114166666667> 50.7001129;-1.6808333333333> 3.1547097;Mayenne, France;;;male;Le Fresnoy / Atmosphères 53;médio;;Light Cone;alto;FILE;;;;;48.147284256;-0.657415002;100.0;;;;;;;"atividade recente; sem óbito identificado";
Anthony van Dyck;Spanish Netherlands;formação com Hendrick van Balen> trabalho no ateliê de Peter Paul Rubens;> ;> ;Antwerp;St Paul's Cathedral;London;male;https://en.wikipedia.org/wiki/Anthony_van_Dyck | https://www.britannica.com/biography/Sir-Anthony-Van-Dyck;;;Wikidata;alta;MASP;Antuérpia;c.1609-1620;https://en.wikipedia.org/wiki/Anthony_van_Dyck;alta;51.25942418;4.371799938;100.0;51.50722;-0.1275;100.0;Britannica;Wikipedia (London);Wikipedia (London);registro anterior normalizado de Blackfriars para London;alta
Antoine Briot;France;ENSATT de Lyon> ESAAix d’Aix-en-Provence;45.7533> 43.5307;4.81142> 5.44105;France;;;male;Théâtre Ouvert;alta;FILE explicita “País de Origem: França”> preenchido em nível de país.;FILE Festival (País de Origem);alta;FILE;;;;;46.559417044;2.550539953;100.0;;;;;;;"atividade recente; sem óbito identificado";
Antoine Léon Morel-Fatio;France;Lycée Louis-le-Grand> Lycée Pierre-Corneille> Lycée Condorcet;48.848018> 49.445311> 48.874803;2.344176> 1.100213> 2.326933;Rouen;Montmartre Cemetery;Paris;male;https://pt.wikipedia.org/wiki/Antoine_L%C3%A9on_Morel-Fatio;;As fontes recuperadas indicam escolarização geral, mas não identificam academia artística específica.;Wikidata;alta;Museu Nacional de Belas Artes;Ruão> Paris;;;baixa;49.44350314;1.100060105;100.0;48.8567;2.3522;100.0;Une Soirée au Louvre;Wikipedia (Paris);Wikipedia (Paris);registro anterior normalizado de 1st arrondissement of Paris para Paris;alta
Antoine Mortier;Belgium;Académie des Beaux-Arts de Bruxelles;50.844;4.3477;Saint-Gilles;;Auderghem;male;fontes biográficas de referência;;instituição identificada> datas não localizadas com precisão;Wikidata;alta;MAC USP;Bruxelas, Bélgica;s.d.;fontes biográficas de referência;baixa;50.828543192;4.342225635;100.0;50.81667;4.42611;100.0;Tsinghua University Art Museum;Wikipedia (Auderghem);Wikipedia (Auderghem);coordenadas ajustadas ao município;alta
Antoine Vestier;France;Ateliê de Jean-Baptiste Pierre;48.85666666666667;2.333611111111112;Avallon;;Paris;male;https://en.wikipedia.org/wiki/Antoine_Vestier | https://www.metmuseum.org/art/collection/search/437894?amp%3Boffset=0%3Brpp%3D40%3Bpos%3D11> https://en.wikipedia.org/wiki/Antoine_Vestier | https://artsandculture.google.com/entity/%D8%A3%D9%86%D8%B7%D9%88%D8%A7%D9%86-%D9%81%D9%8A%D8%B3%D8%AA%D9%8A%D8%B1/m04q8cfk;;;Wikidata;alta;Museu Nacional de Belas Artes;Paris;desde o fim da década de 1750 (sem data exata de início/fim);;media;47.488286634;3.907628992;100.0;48.8567;2.3522;100.0;Musée d'Orsay;Wikipedia (Paris);Wikipedia (Paris);;alta
Antoine Vollon;France;École nationale supérieure des beaux-arts de Lyon> École des Beaux-Arts de Lyon;45.768055555556;4.8172222222222;Lyon;Père Lachaise Cemetery;Paris;male;https://en.wikipedia.org/wiki/Antoine_Vollon | https://www.britannica.com/biography/Antoine-Vollon;;;Wikidata;alta;MASP;Lyon> Paris;;;media;45.767634724;4.835037488;100.0;48.8567;2.3522;100.0;Musée d'Orsay;Wikipedia (Paris);Wikipedia (Paris);;alta
Antonella Mignone;Italy;Teatro Nuovo Ballet Academy of Turin> Accademia Isola Danza> La Sapienza University of Rome;45.048762> 45.42872;7.680982> 12.34297;Turin, Italy;;;female;APOTROPIA (site oficial);alta;;APOTROPIA (bio oficial);alto;FILE;;;;;45.0683751;7.6830662;100.0;;;;;;;"atividade recente; sem óbito identificado";
Antoni Tàpies;Spain;University of Barcelona (direito)> autodidata como artista;;;Barcelona;;Barcelona;male;https://www.britannica.com/biography/Antoni-Tapies;media;Britannica indica formação universitária em direito e autodidatismo na prática artística.;https://www.britannica.com/biography/Antoni-Tapies;alta;;Barcelona;1943–1946;https://www.britannica.com/biography/Antoni-Tapies;alta;41.387917;2.1699187;100.0;41.383;2.183;100.0;Museu Tàpies;Wikipedia (Barcelona);Wikipedia (Barcelona);;alta
Antonio Alice;Argentina;primeiras aulas com Decoroso Bonifanti> Royal Academy of Painting in Turin / Real Academia Albertina de Turim;> ;> ;Buenos Aires;;Buenos Aires;male;https://en.wikipedia.org/wiki/Antonio_Alice | https://coleccionamalita.org.ar/artistas/antonio-alice;;;Wikidata;alta;Museu Nacional de Belas Artes;Buenos Aires> Turim;1897> 1904-1908;https://en.wikipedia.org/wiki/Antonio_Alice | https://coleccionamalita.org.ar/artistas/antonio-alice;alta;-34.6090264;-58.3732215;100.0;-34.60389;-58.38139;100.0;FADU/UBA;Wikipedia (Buenos Aires);Wikipedia (Buenos Aires);;alta
Antonio Bandeira;Brazil;Beaux-Arts de Paris> Academia Imperial de Belas Artes (Aiba);-22.91111111111111;-43.20555555555556;Fortaleza;;Paris;male;https://enciclopedia.itaucultural.org.br/pessoas/7649-rafael-pinto-bandeira;;;Wikidata;alta;Museu Nacional de Belas Artes;Rio de Janeiro;ingresso em 1879;https://enciclopedia.itaucultural.org.br/pessoas/7649-rafael-pinto-bandeira;alta;-3.7184625;-38.5416698;100.0;48.8567;2.3522;100.0;Enciclopédia Itaú Cultural;Wikipedia (Paris);Wikipedia (Paris);;alta
Antonio Corpora;Kingdom of Italy;Tunis Institute of Fine Arts;36.820884;10.180469;Tunis;;Rome;male;https://artsandculture.google.com/entity/g120n2xv9;;Fonte indica formação no instituto de belas-artes de Túnis sob Armand Vergeaud antes da ida a Paris.;Wikidata;alta;MAC USP;Túnis, Tunísia;c. 1920s–1929;https://artsandculture.google.com/entity/g120n2xv9;media;34.116317988;9.608516496;100.0;41.89333;12.48278;100.0;Banca d'Italia;Wikipedia (Rome);Wikipedia (Rome);;alta
Antonio Dias;Brazil;Atelier Livre de Gravura da Escola Nacional de Belas Artes;-22.8625055;-43.2256622;Campina Grande;;Rio de Janeiro;male;https://pt.wikipedia.org/wiki/Antonio_Manuel_Lima_Dias;;instituição identificada> datas não localizadas;Wikidata;alta;MAC USP;Rio de Janeiro, Brasil;;;media;-7.2309326;-35.8818436;100.0;-22.91111;-43.20556;100.0;"Enciclopédia Itaú Cultural; Agência Brasil";Wikipedia (Rio de Janeiro);Wikipedia (Rio de Janeiro);"fontes divergentes em bases secundárias; priorizada fonte institucional brasileira";media
Antonio Fernández Gómez;Spain;formação no Brasil> lições com Karl Ernst Papf;> ;> ;Goián;;Goián;male;https://pt.wikipedia.org/wiki/Antonio_Fern%C3%A1ndez_G%C3%B3mez | https://palavracomum.com/antonio-fernandez-pintor-de-tres-mundos-brasil-italia-e-galiza/> https://pt.wikipedia.org/wiki/Antonio_Fern%C3%A1ndez_G%C3%B3mez;;As fontes não especificam instituição formal para a etapa brasileira.;Wikidata;alta;Museu Paulista;Brasil> Itália;a partir de 1894> Itália em 1901-1902;https://pt.wikipedia.org/wiki/Antonio_Fern%C3%A1ndez_G%C3%B3mez | https://palavracomum.com/antonio-fernandez-pintor-de-tres-mundos-brasil-italia-e-galiza/;media;43.2340935;-8.7359679;100.0;41.9475;-8.77111111;100.0;Museo de Belas Artes da Coruña;Wikipedia (Goián, Tomiño);Wikipedia (Goián, Tomiño);coordenadas ajustadas para Goián, Tomiño;alta
Antonio Ferrigno;Kingdom of Italy;Accademia di Belle Arti di Napoli> Academia de Belas Artes de Nápoles> estudos com Giacomo Di Chirico, Teofilo Patini e Domenico Morelli;40.8516;14.2512;Maiori;;Salerno;male;https://pt.wikipedia.org/wiki/Antonio_Ferrigno;;;Wikidata;alta;Museu Paulista;Nápoles> Salerno;1883-1885> 1884-1886;https://pt.wikipedia.org/wiki/Antonio_Ferrigno;alta;40.648443;14.640415;100.0;40.6779181;14.7659539;100.0;Enciclopédia Itaú Cultural;Wikidata: Salerno;Wikidata: Salerno;;alta
Antonio Henrique Amaral;Brazil;Escola do Museu de Arte de São Paulo (MASP)> Museu de Arte Moderna de São Paulo (MAM/SP)> Pratt Graphic Institute;-23.56111111111111> -23.588229> 40.691111;-46.65583333333333> -46.655328> -73.963889;São Paulo;;São Paulo;male;https://pt.wikipedia.org/wiki/Antonio_Henrique_do_Amaral> https://blombo.com/artistas/antonio-henrique-amaral> https://www.acervo.sp.gov.br/ObrasAudioteca/AntonioAmaral;;Fontes convergem para formação no MASP, MAM/SP e Pratt Graphic Institute.;Wikidata;alta;MAC USP;São Paulo, Brasil> São Paulo, Brasil> Nova Iorque, Estados Unidos;1952> 1956> 1959;https://blombo.com/artistas/antonio-henrique-amaral;alta;-23.5486657;-46.6382522;100.0;-23.5486657;-46.6382522;100.0;Enciclopédia Itaú Cultural;Wikidata: São Paulo;Wikidata: São Paulo;;alta
Antonio Mancini;Kingdom of Italy;Accademia di Belle Arti di Napoli> Institute of Fine Arts in Naples;40.8516;14.2512;Albano Laziale;Santi Bonifacio e Alessio;Rome;male;https://en.wikipedia.org/wiki/Antonio_Mancini;;ingressa aos 12 anos;Wikidata;alta;Museu Nacional de Belas Artes;Nápoles, Itália;c. 1864;https://en.wikipedia.org/wiki/Antonio_Mancini;media;41.7284032;12.6608942;100.0;41.8905568;12.4942679;100.0;Treccani;Wikidata: Rome;Wikidata: Rome;;alta
Antonio Maria Vassallo;history of Genoa;formação com Vincent Malo;44.40768333;8.934525;Genoa;;Milan;male;https://en.wikipedia.org/wiki/Antonio_Maria_Vassallo;;Formação descrita em oficina/atelier.;Wikidata;alta;Museu Nacional de Belas Artes;Gênova;;;media;44.4070624;8.9339889;100.0;45.4636183;9.1881156;100.0;NGA Biographies;Wikidata: Milan;Wikidata: Milan;"local de morte em Milan; data de morte varia entre 1664 e 1672 nas fontes";media
Antonio Segui;Argentina;Real Academia de Bellas Artes de San Fernando> École nationale supérieure des beaux-arts;40.4178;-3.7007;Villa Allende;Cemetery of Arcueil;Buenos Aires;male;https://en.wikipedia.org/wiki/Antonio_Segu%C3%AD;;A fonte consultada registra o período das passagens por Madri e Paris como estudante visitante.;Wikidata;alta;MAC USP;Madri, Espanha> Paris, França;1951–1954> 1951–1954;https://en.wikipedia.org/wiki/Antonio_Segu%C3%AD;alta;-31.2946118;-64.29924;100.0;-34.6090264;-58.3732215;100.0;La Nación;Wikidata: Buenos Aires;Wikidata: Buenos Aires;;alta
António Carneiro;Portugal;University of Porto> Academia Portuense de Belas-Artes> Académie Julian;41.15;-8.610833333333334;Amarante;;Porto;male;https://amarantetourism.com/poi/antonio-carneiro/ | https://www.infopedia.pt/artigos/%24antonio-carneiro | https://pt.wikipedia.org/wiki/Ant%C3%B3nio_Carneiro> https://amarantetourism.com/poi/antonio-carneiro/ | https://www.infopedia.pt/artigos/%24antonio-carneiro;;A Infopédia menciona ainda Soares dos Reis e Marques de Oliveira como mestres na academia do Porto.;Wikidata;alta;Pinacoteca de São Paulo;Porto> Paris;ingresso em 1884> estudos em Paris a partir de 1897;https://amarantetourism.com/poi/antonio-carneiro/ | https://pt.wikipedia.org/wiki/Ant%C3%B3nio_Carneiro;alta;41.2697487;-8.0783357;100.0;41.1501526;-8.610318;100.0;Casa-Oficina António Carneiro;Wikidata: Porto;Wikidata: Porto;;media
António Carvalho de Silva Porto;Kingdom of Portugal;Beaux-Arts de Paris> Academia Portuense de Belas Artes> École des Beaux-Arts de Paris;41.15;-8.610833333333334;Porto;Alto de São João Cemetery;Lisbon;male;https://pt.wikipedia.org/wiki/Ant%C3%B3nio_da_Silva_Porto | https://sigarra.up.pt/up/pt/p/antigos%20estudantes%20ilustres%20-%20ant%C3%B3nio%20silva%20porto;;As fontes citam aulas com Adolphe Yvon e Alexandre Cabanel em Paris.;Wikidata;alta;Museu Nacional de Belas Artes;Porto> Paris;matrícula em 1865> 1873 em diante;https://pt.wikipedia.org/wiki/Ant%C3%B3nio_da_Silva_Porto;alta;41.1501526;-8.610318;100.0;38.7070085;-9.1356407;100.0;RAIZ - Museus e Monumentos;Wikidata: Lisbon;Wikidata: Lisbon;;alta
Antônio Correa e Castro, “Antonico”;;;;;;;;;;;formação não localizada com segurança | pesquisa deste lote manteve ausência de fonte segura para formação;;;Museu Casa da Hera;;;;;;;;;;;;;;identidade/óbito não confirmados com segurança;
Antônio de Souza Lobo;Brazil;Academia Imperial de Belas Artes;-22.91111111111111;-43.20555555555556;Campos dos Goytacazes;;Rio de Janeiro;male;https://pt.wikipedia.org/wiki/Ant%C3%B4nio_de_Souza_Lobo;;Formação citada sob supervisão de Agostinho da Mota, Augusto Müller e Victor Meirelles.;Wikidata;alta;Museu Nacional de Belas Artes;Rio de Janeiro;;;alta;-21.75227;-41.33044;100.0;-22.9014475;-43.1789159;100.0;Enciclopédia Itaú Cultural;Wikidata: Rio de Janeiro;Wikidata: Rio de Janeiro;;alta
Antônio Diogo da Silva Parreiras;Brazil;Liceu Tintori> Colégio Briggs> curso noturno de desenho da Academia Imperial das Belas Artes> Academia Imperial das Belas Artes> Academia de Belas Artes de Veneza;-22.9032307> -22.9032307> -22.91111111111111> -22.91111111111111> 45.4286;-43.1165843> -43.1165843> -43.20555555555556> -43.20555555555556> 12.3305;Niterói, RJ, Brasil;;Niterói;male;https://www.parreiras.org/ap-00100.asp | https://enciclopedia.itaucultural.org.br/pessoas/53-antonio-parreiras;alta;;Funarte;alta;;Niterói, Brasil> Niterói, Brasil> Rio de Janeiro, Brasil> Rio de Janeiro, Brasil> Veneza, Itália;c. 1872> até 1874> 1878> 1883–1884> 1888–1890;https://www.parreiras.org/ap-00100.asp;alta;-22.8898227;-43.1220775;;-22.8898227;-43.1220775;100.0;Enciclopédia Itaú Cultural;Wikidata: Niterói;Wikidata: Niterói;;alta
Antônio Firmino Monteiro;Brazil;Academia Imperial de Belas Artes;-22.91111111111111;-43.20555555555556;Rio de Janeiro;;Niterói;male;https://pt.wikipedia.org/wiki/Ant%C3%B4nio_Firmino_Monteiro | https://enciclopedia.itaucultural.org.br/pessoas/293-antonio-firmino-monteiro;;;Wikidata;alta;Museu Nacional de Belas Artes;Rio de Janeiro;;;media;-22.9014475;-43.1789159;100.0;-22.8898227;-43.1220775;100.0;Enciclopédia Itaú Cultural;Wikidata: Niterói;Wikidata: Niterói;;alta
Antônio Francisco Lisboa, Aleijadinho (atribuição);;oficina de Manuel Francisco Lisboa> Seminário dos Franciscanos Donatos do Hospício da Terra Santa;-20.385277777778;-43.503611111111;Vila Rica (atual Ouro Preto), MG, Brasil;;;male;BNDigital> Wikipédia;;aprendizado inicial na oficina do pai e do tio> fontes também indicam frequência ao seminário> registro do acervo está como atribuição;"Enciclopédia Itaú Cultural; IPHAN";alta;Museu da Inconfidência;Ouro Preto (Vila Rica), MG;c. 1750–1759;Wikipédia;media;-10.769946429;-53.073466889;;;;;;;;"registro com atribuição; local de morte não preenchido por cautela";
Antônio Frederico de Castro Alves;Brazil;Faculdade de Direito do Recife> ensino primário em São Félix> colégio de Abílio César Borges> curso preparatório anexo à Faculdade de Direito do Recife;-12.605;-38.971944444444;Muritiba;Cemitério do Campo Santo;Salvador;male;https://pt.wikipedia.org/wiki/Castro_Alves | https://www.academia.org.br/academicos/castro-alves/biografia;;Creator tratado como Castro Alves> a formação recuperada é escolar/literária, não de artes visuais.;Wikidata;alta;Museu Histórico Nacional;São Félix> Salvador> Recife;1853 em diante> 1862;https://pt.wikipedia.org/wiki/Castro_Alves | https://www.academia.org.br/academicos/castro-alves/biografia;alta;-12.6222124;-38.9898379;100.0;-12.9641527;-38.5058208;100.0;Academia Brasileira de Letras;Wikidata: Salvador;Wikidata: Salvador;;alta
Antônio Gomide;Brazil;Escola de Comércio de Genebra> Escola de Belas Artes de Genebra;46.224> 46.2;6.101> 6.15;Itapetininga;;Ubatuba;male;Wikipédia;;também praticou afresco com Marcel-Lenoir em Paris> datas não localizadas com segurança;Wikidata;alta;MAC USP;Genebra, Suíça> França;;;media;-23.5905428;-48.0534686;100.0;-23.4338889;-45.0708333;100.0;Enciclopédia Itaú Cultural;Wikidata: Ubatuba;Wikidata: Ubatuba;;alta
Antônio Guimarães;Brazil;Escola de Artes Decorativas António Arroio> Escola Superior de Belas Artes;38.73611111> 41.15;-9.12722222> -8.610833333333334;Rio de Janeiro;;;male;Art Book - Catálogo Internacional de Artes;;instituições identificadas, datas não localizadas;Wikidata;alta;MAC USP;Lisboa, Portugal> Lisboa, Portugal;;;media;-22.9014475;-43.1789159;100.0;;;;;;;homônimo/identidade não desambiguada com segurança;
Antônio José dos Santos;;formação inicial como auxiliar do pintor Roberto Lúcio;-8.008888888888889;-34.855;;;;male;https://www.catalogodasartes.com.br/artista/Antonio%20de%20Olinda%20-%20Ant%EF%BF%BDnio%20de%20Olinda%20-%20Ant%EF%BF%BDnio%20Jos%EF%BF%BD%20dos%20Santos/;;A identificação do creator foi associada ao artista 'Antônio de Olinda / Antônio José dos Santos' conforme a fonte disponível.;;;Museu Histórico Nacional;Olinda;;;media;;;;;;;;;;"nome genérico; óbito não desambiguado com segurança";
Antônio Lizárraga;Argentina;Academia de San Carlos> Escola Nacional de Artes Plásticas;19.433086>;-99.128844>;Buenos Aires, Argentina;;São Paulo;male;https://livroresumido.com.br/2024/02/18/antonio-lizarraga-quadrados-em-quadrados-maria-jose-spiteri/;;formação localizada em fonte secundária> datas não confirmadas em fonte institucional;Revista USP;media;MAC USP;Cidade do México, México;;;media;-34.6090264;-58.3732215;100.0;-23.5486657;-46.6382522;100.0;Enciclopédia Itaú Cultural;Wikidata: São Paulo;Wikidata: São Paulo;;alta
Antônio Parreiras;Brazil;Academia Imperial de Belas Artes> Accademia di Belle Arti di Venezia;-22.91111111111111;-43.20555555555556;Niterói;;Niterói;male;Wikipédia> InfoEscola;;abandonou a Academia Imperial e prosseguiu estudos com Georg Grimm> datas não localizadas com segurança;Wikidata;alta;Pinacoteca de São Paulo;Rio de Janeiro> Veneza, Itália;;;media;-22.8898227;-43.1220775;100.0;-22.8898227;-43.1220775;100.0;Enciclopédia Itaú Cultural;Wikidata: Niterói;Wikidata: Niterói;;alta
Antônio Pedro;Portugal;University of Lisbon> Liceu Pedro Nunes> Instituto Nuno Álvares> liceu em Santarém> liceu em Coimbra;38.71659> 41.557222222222> 39.240212> 40.19935062631279;-9.158899> -8.5438888888889> -8.67913> -8.43134784215179;Praia;;Freguesia de Moledo;male;https://pt.wikipedia.org/wiki/Ant%C3%B3nio_Pedro;;formação escolar geral antes da carreira artística> datas exatas não localizadas;Wikidata;alta;MAC USP;Lisboa, Portugal> A Guarda, Galiza, Espanha> Santarém, Portugal> Coimbra, Portugal;s.d.> s.d.> s.d.> s.d.;https://pt.wikipedia.org/wiki/Ant%C3%B3nio_Pedro;media;14.9167041;-23.5074979;100.0;41.8461111;-8.8561111;82.2;"Wikipédia; Infopédia";Wikidata: Freguesia de Moledo;Wikidata: Freguesia de Moledo;"há homônimo brasileiro; mantido o surrealista português pela convergência com Moledo/Caminha";media
Antônio Rafael Pinto Bandeira;Brazil;Academia Imperial de Belas Artes (Aiba);-22.91111111111111;-43.20555555555556;Niterói;;Rio de Janeiro;male;https://enciclopedia.itaucultural.org.br/pessoas/7649-rafael-pinto-bandeira;;;Wikidata;alta;;Rio de Janeiro;ingresso em 1879;https://enciclopedia.itaucultural.org.br/pessoas/7649-rafael-pinto-bandeira;alta;-22.8898227;-43.1220775;100.0;-22.9014475;-43.1789159;100.0;Enciclopédia Itaú Cultural;Wikidata: Rio de Janeiro;Wikidata: Rio de Janeiro;;alta
Anuar Elías;Mexico;autodidata;-16.5;-68.15;Mexico City;;;male;Goethe-Institut Bolivien | Goethe-Institut Bolivien / FILE Festival;alta;autodidata> coordenadas atribuídas à cidade onde vive e trabalha desde 2005, usada como proxy de formação;Wikidata;alta;FILE;La Paz;;;baixa;19.430457906;-99.141684761;100.0;;;;;;;"atividade recente; sem óbito identificado";
Anushka Naanayakkara;Sri Lanka;The National Film and Television School;51.6054;-0.6374;Loughborough, United Kingdom;;;female;site oficial da artista | FILE Festival;alto;;Japan Media Arts Festival;alto;FILE;;;;;52.772119611;-1.206157309;100.0;;;;;;;"atividade recente; sem óbito identificado";
Aram Sarkisian;United States;California Institute of the Arts;34.393055555556;-118.56694444444;Russia;;;male;FILE Festival;alta;;Animators for Armenia;médio;FILE;;;;;61.989526183;96.805371534;100.0;;;;;;;"atividade recente; sem óbito identificado";
Arcangelo Ianelli;Brazil;Associação Paulista de Belas Artes> estudos com Colette Pujol;-23.550394444444;-46.633947222222;São Paulo;;São Paulo;male;https://www.guiadasartes.com.br/arcangelo-ianelli/biografia> https://blombo.com/artistas/arcangelo-ianelli;;Formação inicial combinou associação artística e orientação de ateliê.;Wikidata;alta;MAC USP;São Paulo, Brasil> São Paulo, Brasil;1940> 1942;https://www.guiadasartes.com.br/arcangelo-ianelli/biografia;alta;-23.5486657;-46.6382522;100.0;-23.5486657;-46.6382522;100.0;Enciclopédia Itaú Cultural;Wikidata: São Paulo;Wikidata: São Paulo;;alta
Ardengo Soffici;Kingdom of Italy;Accademia di Belle Arti di Firenze> Scuola Libera del Nudo;43.776907;11.258475;Rignano sull'Arno;;Vittoria Apuana;male;https://en.wikipedia.org/wiki/Ardengo_Soffici;;Fontes apontam estudos na Academia de Belas Artes de Florença e na escola livre do nu antes da ida a Paris.;Wikidata;alta;MAC USP;Florença, Itália> Florença, Itália;1897–1900> c. 1897–1900;https://en.wikipedia.org/wiki/Ardengo_Soffici;alta;43.72182;11.45342;100.0;43.9755905;10.150689;100.0;"EmporiumArt; Wikipédia";Wikidata: Vittoria Apuana;Wikidata: Vittoria Apuana;fonte ampla também registra Forte dei Marmi;media
Ariana Boaventura;Brazil;Universidade Federal de Rondônia> União das Faculdades de Rondônia (UNIRON/UNINTES)> Serviço Nacional de Aprendizagem Comercial - MT (SENAC/MT)> Universidade do Estado de Mato Grosso;-8.8356> -8.7619444444444> -15.595833333333> -15.595833333333;-63.9389> -63.903888888889> -56.096944444444> -56.096944444444;Brazil;;;female;Escavador (Lattes);médio;;FILE Festival (País de Origem);alta;FILE;;;;alta;-10.769946429;-53.073466889;100.0;;;;;;;"atividade recente; sem óbito identificado";
Arlindo Daibert;Brazil;Universidade Federal de Juiz de Fora> Atelier Calevaert-Brun;-21.7747>;-43.3683>;Juiz de Fora, MG, Brasil;;Juiz de Fora;male;https://www.escritoriodearte.com/artista/arlindo-daibert;;formação universitária em letras e aperfeiçoamento em gravura em Paris;Wikipédia em português;media;MAC USP;Juiz de Fora, Brasil> Paris, França;1973> 1975–1976;https://www.escritoriodearte.com/artista/arlindo-daibert;alta;-10.769946429;-53.073466889;;-21.75;-43.35;100.0;Enciclopédia Itaú Cultural;Wikidata: Juiz de Fora;Wikidata: Juiz de Fora;;alta
Armand Guillaumin;France;Académie Suisse;48.8545;2.3446;Paris;;Orly;male;fontes biográficas de referência;;formação também ligada ao convívio com Pissarro e Cézanne;Wikidata;alta;Museu Nacional de Belas Artes;Paris, França;1860s;fontes biográficas de referência;media;48.856372814;2.352529617;100.0;48.743079252;2.400551222;100.0;"Wikipédia; Museo Thyssen";Wikidata: Orly;Wikidata: Orly;"fonte museológica ampla indica Paris; mantido Orly por fonte enciclopédica mais específica";media
Armando Morales;Nicaragua;School of Plastic Arts in Managua;14.0986;-87.2072;Granada;;Miami;male;https://www.oas.org/artsoftheamericas/armando-morales;;;Wikidata;alta;MAC USP;Manágua, Nicarágua;1948–1953;https://www.oas.org/artsoftheamericas/armando-morales;alta;12.151965053;-61.659644959;100.0;25.775084;-80.194702;100.0;Armando Morales Foundation;Wikidata: Miami;Wikidata: Miami;;alta
Armando Viana;Brazil;Liceu de Artes e Ofícios> Escola Nacional de Belas Artes;> -22.8625055;> -43.2256622;Rio de Janeiro, RJ, Brasil;;Rio de Janeiro;male;https://pt.wikipedia.org/wiki/Armando_Viana | https://www.catalogodasartes.com.br/artista/Armando%20Vianna/;;As fontes também citam Rodolfo Amoedo e Rodolfo Chambelland como mestres.;Sala de Arte;media;Museu Histórico Nacional;Rio de Janeiro;a partir de 1919;https://pt.wikipedia.org/wiki/Armando_Viana | https://www.catalogodasartes.com.br/artista/Armando%20Vianna/;alta;-22.9014475;-43.1789159;;-22.9014475;-43.1789159;100.0;"Wikipédia; Guia das Artes";Wikidata: Rio de Janeiro;Wikidata: Rio de Janeiro;;media
Arnaldo Ferrari;Brazil;Liceu de Artes e Ofícios de São Paulo;-23.5331446;-46.6267577;São Paulo, SP, Brasil;;São Paulo;male;https://enciclopedia.itaucultural.org.br/pessoas/2171-arnaldo-ferrari | https://www.escritoriodearte.com/artista/arnaldo-ferrari;;;Enciclopédia Itaú Cultural;alta;MAC USP;São Paulo (SP);1925-1935;https://enciclopedia.itaucultural.org.br/pessoas/2171-arnaldo-ferrari | https://www.escritoriodearte.com/artista/arnaldo-ferrari;alta;-23.5486657;-46.6382522;;-23.5486657;-46.6382522;100.0;Enciclopédia Itaú Cultural;Wikidata: São Paulo;Wikidata: São Paulo;;alta
Arnaldo Pedroso D'Horta;Brazil;Faculdade de Direito da Universidade de São Paulo (USP);-23.55;-46.63722222;São Paulo;;São Paulo;male;https://enciclopedia.itaucultural.org.br/pessoas/2977-arnaldo-pedroso-d-horta | https://www.guiadasartes.com.br/arnaldo-pedroso-dhorta/quem-foi;;A fonte informa formação em ciências jurídicas e sociais pela USP, sem cronologia detalhada.;Wikidata;alta;MAC USP;São Paulo (SP);;;alta;-23.5486657;-46.6382522;100.0;-23.5486657;-46.6382522;100.0;Enciclopédia Itaú Cultural;Wikidata: São Paulo;Wikidata: São Paulo;;alta
Arnaud Julien Pallière;France;estudo de retrato e pintura histórica em Paris;48.85666666666667;2.352222222222222;Bordeaux;;Bordeaux;male;https://front.master.enciclopedia-ic.org/pessoa22523/arnaud-julien-palliere;;A fonte confirma a formação em Paris, mas não nomeia a instituição de ensino.;Wikidata;alta;Coleção Brasiliana Itaú;Paris, França;1805;https://front.master.enciclopedia-ic.org/pessoa22523/arnaud-julien-palliere;baixa;44.837898313;-0.579380299;100.0;44.837898313;-0.579380299;100.0;Enciclopédia Itaú Cultural;Wikidata: Bordeaux;Wikidata: Bordeaux;;alta
Arnaud Pallière;France;estudo de retrato e pintura histórica em Paris;48.85666666666667;2.352222222222222;Bordeaux;;Bordeaux;male;https://front.master.enciclopedia-ic.org/pessoa22523/arnaud-julien-palliere;;A fonte confirma a formação em Paris, mas não nomeia a instituição de ensino.;Wikidata;alta;Coleção Brasiliana Itaú;Paris, França;1805;https://front.master.enciclopedia-ic.org/pessoa22523/arnaud-julien-palliere;baixa;44.837898313;-0.579380299;100.0;44.837898313;-0.579380299;100.0;Enciclopédia Itaú Cultural;Wikidata: Bordeaux;Wikidata: Bordeaux;variante nominal de Arnaud Julien Pallière;media
Arnold Bagasha;Kingdom of Denmark;The Animation Workshop;56.4561;9.40611;Denmark;;;male;site oficial / portfólio do artista;médio;;FILE Festival (País de Origem);alta;FILE;;;;alta;55.959300779;10.053934054;100.0;;;;;;;"atividade recente; sem óbito identificado";
Arsênio da Silva;Brazil;primeiros ensinamentos artísticos em Recife> aperfeiçoamento em Roma e Paris;-8.0538888888889;-34.880833333333;Recife;;Salvador;male;https://pt.wikipedia.org/wiki/Ars%C3%AAnio_da_Silva | https://www.guiadasartes.com.br/arsenio-cintra-da-silva/obras-e-biografia | https://www.escritoriodearte.com/artista/arsenio-da-silva> https://pt.wikipedia.org/wiki/Ars%C3%AAnio_da_Silva | https://www.guiadasartes.com.br/arsenio-cintra-da-silva/obras-e-biografia;;As fontes disponíveis não nomeiam instituições específicas em Roma e Paris.;Wikidata;alta;Museu Nacional de Belas Artes;Recife> Roma> Paris;;;media;-8.0551894;-34.871176;100.0;-12.9641527;-38.5058208;100.0;Enciclopédia Itaú Cultural;Wikidata: Salvador;Wikidata: Salvador;;alta
Arthur Garfield Dove;United States;Cornell University;42.44916666666666;-76.48388888888888;Canandaigua;;Huntington;male;Britannica> biografia institucional;;formação universitária com posterior migração para artes;Wikidata;alta;MAC USP;Ithaca, Nova York, EUA;1900–1903;Britannica> biografia institucional;alta;42.887495;-77.282497;100.0;40.8680556;-73.4261111;100.0;Smithsonian American Art Museum;Wikidata: Huntington, New York;Wikidata: Huntington, New York;coordenadas corrigidas para Huntington, New York;alta
Arthur Kaufmann;Germany;Kunstakademie Düsseldorf> Akademie der bildenden Künste Wien;48.201388888889;16.365277777778;Mülheim an der Ruhr;;Nova Friburgo;male;https://de.wikipedia.org/wiki/Arthur_Kaufmann_(Maler);;academia identificada> datas não localizadas com precisão;Wikidata;alta;MAC USP;Viena, Áustria;;;media;51.428106999;6.88505;100.0;-22.2891837;-42.5345547;100.0;MAC USP;Wikidata: Nova Friburgo;Wikidata: Nova Friburgo;;alta
Arthur Luiz Piza;Brazil;ateliê de Antonio Gomide;-23.5331446;-46.6267577;São Paulo;;Paris;male;https://www.guiadasartes.com.br/arthur-luiz-piza/biografia> https://www.arthur-luiz-piza.com/biographie/?lang=pt-br;;A formação registrada nas fontes consultadas é de ateliê, não escolar formal.;Wikidata;alta;MAC USP;São Paulo, Brasil;1943;https://www.guiadasartes.com.br/arthur-luiz-piza/biografia;media;-23.5486657;-46.6382522;100.0;48.8566666667;2.3522222222;100.0;Enciclopédia Itaú Cultural;Wikidata: Paris;Wikidata: Paris;"fonte secundária francesa indica Neuilly-sur-Seine; priorizado o verbete institucional do Itaú Cultural";media
Arthur Osver;United States;School of the Art Institute of Chicago;41.879444444444;-87.623888888889;Chicago;;St. Louis;male;https://www.annexgalleries.com/artists/biography/3594/Osver/Arthur;;;Wikidata;alta;MAC USP;Chicago, EUA;1931–1936;https://www.annexgalleries.com/artists/biography/3594/Osver/Arthur;alta;41.883229;-87.632398;100.0;38.635355;-90.2009855;100.0;Saint Louis Art Museum;Wikidata: St. Louis;Wikidata: St. Louis;;alta
Arthur Zeferino;Brazil;Ciência da Computação;;;Brazil;;;male;https://www.99freelas.com.br/user/arthur-zeferino;baixa;"formação identificada em perfil profissional autodeclarado; instituição não informada";FILE Festival (País de Origem);alta;FILE;;;;baixa;-10.769946429;-53.073466889;100.0;;;;;;;"atividade recente; sem óbito identificado";
Artur Barrio;Portugal;Escola Nacional de Belas Artes> Escola de Belas Artes;-22.8625055>;-43.2256622>;Porto;;;male;https://pt.wikipedia.org/wiki/Artur_Barrio;;A fonte consultada não especifica no trecho o nome institucional completo da escola.;Wikidata;alta;MAC USP;Rio de Janeiro, Brasil;1967;https://pt.wikipedia.org/wiki/Artur_Barrio;media;41.1501526;-8.610318;100.0;;;;;;;"atividade recente; sem óbito identificado";
Artur Timóteo da Costa;Brazil;Federal University of Rio de Janeiro> Escola Nacional de Belas Artes;-22.8625> -22.8625055;-43.223888888889> -43.2256622;Rio de Janeiro;;Rio de Janeiro;male;Wikipédia;;instituição formal identificada no Rio> período em Paris sem escola explicitada;Wikidata;alta;Museu Nacional de Belas Artes;Rio de Janeiro> Paris;1894–1907> c. 1908–1910;Wikipédia;media;-22.9014475;-43.1789159;100.0;-22.9014475;-43.1789159;100.0;Enciclopédia Itaú Cultural;Wikidata: Rio de Janeiro;Wikidata: Rio de Janeiro;;alta
Arturo Tosi;Kingdom of Italy;Brera Academy> Brera Academy of Fine Arts (escola de estudos do nu);45.47222222> 45.47222222;9.18888889> 9.18888889;Busto Arsizio;;Milan;male;https://en.wikipedia.org/wiki/Arturo_Tosi;;A biografia indica frequência à escola de estudos do nu da Brera entre 1890 e 1891.;Wikidata;alta;MAC USP;Milão, Itália;1890–1891;https://en.wikipedia.org/wiki/Arturo_Tosi;alta;45.6114064;8.8502715;100.0;45.4636183;9.1881156;100.0;Treccani;Wikidata: Milan;Wikidata: Milan;;alta
Ash Thorp;United States;autodidata;32.71571;-117.16472;San Diego County;;;male;Creative Bloq (entrevista) | Behance / Motionographer;médio;autodidata> coordenadas atribuídas à cidade-base de residência/trabalho mencionada em biografias;Wikidata;alta;FILE;San Diego;;;baixa;33.02820215874;-116.770213466758;100.0;;;;;;;"atividade recente; sem óbito identificado";
Atanasio Soldati;Italy;University of Parma> Politecnico di Torino;45.063094444444;7.661075;Parma;;Parma;male;fontes biográficas de referência;;formação universitária anterior à atividade artística abstrata;Wikidata;alta;MAC USP;Turim, Itália;c. 1910s;fontes biográficas de referência;media;44.8078212;10.3296266;100.0;44.8078212;10.3296266;100.0;MAC USP;Wikidata: Parma;Wikidata: Parma;;alta
Auguste Petit;France;estudos de desenho e pintura com Eugène Nestle;47.86046539;4.573734591;Châtillon-sur-Seine;;Rio de Janeiro;male;https://www.arrematearte.com.br/artistas/auguste-petit-1844;;A fonte registra formação com o paisagista Eugène Nestle, sem escola formal nomeada.;Wikidata;alta;Museu Nacional de Belas Artes;Châtillon-sur-Seine, França;antes de 1864;https://www.arrematearte.com.br/artistas/auguste-petit-1844;media;47.86046539;4.573734591;100.0;-22.9014475;-43.1789159;100.0;Enciclopédia Itaú Cultural;Wikidata: Rio de Janeiro;Wikidata: Rio de Janeiro;;alta
Augusto Bracet;Brazil;Escola Nacional de Belas Artes;-22.8625055;-43.2256622;Rio de Janeiro;;Rio de Janeiro;male;https://www.guiadasartes.com.br/augusto-bracet/biografia> https://pt.wikipedia.org/wiki/Augusto_Bracet;;na Europa estudou com Morelli e Louis Billoul> as fontes consultadas não especificam instituição formal;Wikidata;alta;Museu Histórico Nacional;Rio de Janeiro, RJ> Itália> França;1902> 1911–1914;https://pt.wikipedia.org/wiki/Augusto_Bracet;media;-22.9014475;-43.1789159;100.0;-22.9014475;-43.1789159;100.0;Enciclopédia Itaú Cultural;Wikidata: Rio de Janeiro;Wikidata: Rio de Janeiro;;alta
Augusto Müller;Brazil;Academia Imperial de Belas Artes;-22.91111111111111;-43.20555555555556;Baden-Baden;;Rio de Janeiro;male;https://pt.wikipedia.org/wiki/Augusto_M%C3%BCller | https://enciclopedia.itaucultural.org.br/pessoas/6590-august-muller;;As fontes indicam Debret como mestre.;Wikidata;alta;Museu Nacional de Belas Artes;Rio de Janeiro;matrícula em 1829;https://pt.wikipedia.org/wiki/Augusto_M%C3%BCller | https://enciclopedia.itaucultural.org.br/pessoas/6590-august-muller;alta;48.761793999;8.239951;100.0;-22.9014475;-43.1789159;100.0;Enciclopédia Itaú Cultural;Wikidata: Rio de Janeiro;Wikidata: Rio de Janeiro;;alta
Augusto Rodrigues Duarte;Brazil;Academia Imperial de Belas Artes> Escola Superior de Belas Artes;-22.91111111111111> 41.15;-43.20555555555556> -8.610833333333334;Portugal;;Rio de Janeiro;male;https://pt.wikipedia.org/wiki/Augusto_Rodrigues_Duarte;;A fonte indica também estudos com Léon Gérôme em Paris.;Wikidata;alta;;Rio de Janeiro> Paris;matrícula em 1866> aperfeiçoamento em Paris entre 1874 e 1879;https://pt.wikipedia.org/wiki/Augusto_Rodrigues_Duarte;alta;39.593139046;-8.51981299;100.0;-22.9014475;-43.1789159;100.0;Enciclopédia Itaú Cultural;Wikidata: Rio de Janeiro;Wikidata: Rio de Janeiro;;alta
Aurélie Herbet;France;Université Paris 1 Panthéon-Sorbonne> EnsadLab;48.85666666666667;2.352222222222222;France;;;female;Université Paris 1 / bleuOrange;médio;;FILE Festival (País de Origem);alta;FILE;;;;alta;46.559417044;2.550539953;100.0;;;;;;;"atividade recente; sem óbito identificado";
Aurélio de Figueiredo;Brazil;Academia Imperial de Belas Artes;-22.91111111111111;-43.20555555555556;Areia;;Rio de Janeiro;male;https://enciclopedia.itaucultural.org.br/pessoas/3417-aurelio-de-figueiredo> https://pt.wikipedia.org/wiki/Aur%C3%A9lio_de_Figueiredo;;em Florença estudou com Antonio Ciseri, Nicolò Barabino e Stefano Ussi> fontes consultadas não indicam escola formal nesse período;Wikidata;alta;Museu Histórico Nacional;Rio de Janeiro, RJ> Florença, Itália;1870s> 1876–1878;https://pt.wikipedia.org/wiki/Aur%C3%A9lio_de_Figueiredo;media;-6.9660876;-35.6899708;100.0;-22.9014475;-43.1789159;100.0;Enciclopédia Itaú Cultural;Wikidata: Rio de Janeiro;Wikidata: Rio de Janeiro;;alta
Aurélio Zimmermann;Brazil;Escola de Belas Artes de Berlim> Escola de Belas Artes de Dresden;52.50916666666667> 51.05284167;13.32694444444444> 13.74244444;Germany;;São Paulo;male;https://pt.wikipedia.org/wiki/Aur%C3%A9lio_Zimmermann;;;Wikidata;alta;Museu Paulista;Berlim> Dresden;;;alta;51.110631049;10.392277932;100.0;-23.5486657;-46.6382522;100.0;Catálogo das Artes / Itaú Cultural;Wikidata: São Paulo;Wikidata: São Paulo;;media
Autoria não identificada;;;;;;;;;;;autoria não identificada no próprio registro;;;MAC USP;;;;;;;;;;;;;;"autoria não identificada; sem pesquisa biográfica aplicável";
Ava I-Wen Huang;Taiwan;New York University;40.73;-73.995;Taipei;;;female;Cake profile / NYU ITP archive;baixa;;Wikidata;alta;FILE;;;;;25.0384125;121.5637046;100.0;;;;;;;"atividade recente; sem óbito identificado";
Ayanna Duran;;Universidade Federal de Goiás - Regional Jataí;-16.604916666667;-49.261138888889;;;;female;Escavador;;fonte sugere vínculo com contexto indígena, mas sem base suficiente para preencher;;;Museu das Bandeiras;Jataí, GO;;;media;;;;;;;;;;"atividade recente; sem óbito identificado";
Ayao Okamoto;Brazil;Fundação Armando Alvares Penteado (FAAP)> Escola de Comunicações e Artes da Universidade de São Paulo (ECA-USP);-23.5450155> -23.55833333;-46.6630802> -46.72694444;Assaí;;;male;https://www.escavador.com/sobre/355844/ayao-okamoto | https://www.ayaookamoto.art.br/sobre;;As fontes indicam graduação em Artes Plásticas, mestrado e doutorado.;Wikidata;alta;MAC USP;São Paulo (SP);1980> 2003> 2009;https://www.escavador.com/sobre/355844/ayao-okamoto;alta;-23.377919;-50.8430309;100.0;;;;;;;"atividade recente; sem óbito identificado";
Aysha Abulfateh;Bahrain;American University of Sharjah;25.309722;55.490556;;;;female;site oficial da artista / CV;médio;fontes localizadas informam atuação em Bahrain e formação, sem local de nascimento explícito;;;FILE;;;;;;;;;;;;;;"atividade recente; sem óbito identificado";
B. Constante Neto;;;;;;;;;;;"assinatura abreviada; não foi possível vincular com segurança a pessoa identificada em fonte biográfica";;;Museu Histórico Nacional;;;;;;;;;;;;;;"assinatura abreviada; sem desambiguação biográfica segura";
Barbara Schubert Spanoudis;Germany;estudos com João Fahrion> estudos com Yolanda Mohalyi e Ernesto Klasing> Academia de Arte de Düsseldorf;51.23054;6.77365;Dessau, Alemanha;;;female;https://www.catalogodasartes.com.br/artista/B%EF%BF%BDrbara%20Schubert%20Spanoudis%20-%20Barbara%20Spanoudis/ | https://www.escritoriodearte.com/artista/barbara-schubert-spanoudis;;No CSV o creator está sem acento em 'Barbara'> mantida a grafia original do creator.;Museu de Arte do Parlamento de São Paulo;alta;MAC USP;Porto Alegre> São Paulo> Düsseldorf;1949-1951> c.1951-c.1952> 1952-1955;https://www.catalogodasartes.com.br/artista/B%EF%BF%BDrbara%20Schubert%20Spanoudis%20-%20Barbara%20Spanoudis/;alta;51.110631049;10.392277932;;;;;;;;sem fonte auditável suficiente sobre local de morte;
Barkın Şimşek;United States;New York University Abu Dhabi;24.5239;54.4346;Ankara, Turkey;;;male;FILE Festival;médio;;site pessoal;alto;FILE;;;;;39.8965202;32.8619738;100.0;;;;;;;"atividade recente; sem óbito identificado";
Baron Lanteigne;Canada;;;;Canada;;;male;;;biografias localizadas neste lote não informam formação;Artsy;médio;FILE;;;;;60.10867;-113.64258;100.0;;;;;;;"atividade recente; sem óbito identificado";
Barthélemy Lauvergne;France;estudos com Anne-Louis Girodet;48.85666666666667;2.333611111111112;Toulon;;Carcès;male;https://en.wikipedia.org/wiki/Barth%C3%A9lemy_Lauvergne;;Não foi localizada academia formal específica nas fontes consultadas.;Wikidata;alta;Museu Histórico Nacional;Paris;;;media;43.12442;5.92836;100.0;43.476374453;6.181974647;100.0;Museo Nacional de Artes Visuales;Wikidata: Carcès;Wikidata: Carcès;;alta
Bas Jansen;Kingdom of the Netherlands;HKU University of the Arts Utrecht> University of Amsterdam;52.09303055555556;5.121088888888889;Netherlands;;;male;Next Nature interview;médio;;FILE Festival (País de Origem);alta;FILE;;;;alta;52.249375293;5.616126398;100.0;;;;;;;"atividade recente; sem óbito identificado";
Beat Suter;Switzerland;University of Zurich;47.374722222222;8.5483333333333;Baden, Switzerland;;;male;Zurich University of the Arts (ZHdK);alto;;Kunstradio / Literaturhaus Graz;alto;FILE;;;;;47.465543336;8.288254058;100.0;;;;;;;"atividade recente; sem óbito identificado";
Bego M Santiago;Spain;Technical University of Valencia;39.48088957948802;-0.3411099306510339;Santiago de Compostela, Spain;;;female;;;;Wikipedia (gl) / FIC KAKV;médio;FILE;;;;;42.8806228;-8.5466071;100.0;;;;;;;"atividade recente; sem óbito identificado";
Belmiro Barbosa de Almeida Junior;Brazil;Liceu de Artes e Ofícios do Rio de Janeiro> Academia Imperial de Belas Artes;-22.91111111111111> -22.91111111111111;-43.20555555555556> -43.20555555555556;Brazil;;Paris;male;Wikipédia;;na França frequentou o ateliê de Jules Joseph Lefebvre> datas não localizadas com segurança;Wikidata;alta;Pinacoteca de São Paulo;Rio de Janeiro> Paris, França;;;media;-10.769946429;-53.073466889;100.0;48.856372814;2.352529617;100.0;Enciclopédia Itaú Cultural;Wikidata: Paris;Wikidata: Paris;variante nominal de Belmiro de Almeida;media
Belmiro de Almeida;Brazil;Liceu de Artes e Ofícios do Rio de Janeiro> Academia Imperial de Belas Artes;-22.91111111111111> -22.91111111111111;-43.20555555555556> -43.20555555555556;Brazil;;Paris;male;Wikipédia;;na França frequentou o ateliê de Jules Joseph Lefebvre> datas não localizadas com segurança;Wikidata;alta;Pinacoteca de São Paulo;Rio de Janeiro> Paris, França;;;media;-10.769946429;-53.073466889;100.0;48.856372814;2.352529617;100.0;Enciclopédia Itaú Cultural;Wikidata: Paris;Wikidata: Paris;;alta
Ben Chang;United States;Walsh School of Foreign Service;38.907222222222;-77.072777777778;United States;;;male;;;;FILE Festival (País de Origem);alto;FILE;;;;;39.398703156;-99.41461919;100.0;;;;;;;"atividade recente; sem óbito identificado";
Ben Ozeri;;The Animation Workshop;56.4561;9.40611;;;;male;FBF Animación;médio;fontes localizadas informam formação e atuação, sem local de nascimento explícito;;;FILE;;;;;;;;;;;;;;"atividade recente; sem óbito identificado";
Benedito Calixto;Brazil;Académie des beaux-arts> Académie Julian;48.857222> 48.871111111111;2.336889> 2.3416666666667;Itanhaém;;São Paulo;male;Wikipédia;;fontes consultadas indicam formação inicial autodidata/ateliês em São Paulo;Wikidata;alta;MASP;Paris, França;;;media;-24.1831686;-46.7895176;100.0;-23.5486657;-46.6382522;100.0;Enciclopédia Itaú Cultural;Wikidata: São Paulo;Wikidata: São Paulo;;alta
Beniamino Parlagreco;Brazil;Academia de Belas Artes de Nápoles;40.8516;14.2512;Caltanissetta;;Rio de Janeiro;male;https://pt.wikipedia.org/wiki/Beniamino_Parlagreco;;A fonte também menciona estudo com Domenico Morelli e Filippo Palizzi.;Wikidata;alta;Pinacoteca de São Paulo;Nápoles;;;alta;37.4899089;14.0632893;100.0;-22.9014475;-43.1789159;100.0;"Wikipédia; Catálogo das Artes";Wikidata: Rio de Janeiro;Wikidata: Rio de Janeiro;;media
Benjamin Lebourgeois;France;Supinfocom – RUBIKA;50.35805555555555;3.523333333333333;France;;;male;FILE Festival;médio;;FILE Festival (País de Origem);alta;FILE;;;;alta;46.559417044;2.550539953;100.0;;;;;;;"atividade recente; sem óbito identificado";
Benjamin Mary;Belgium;treinamento desde a infância com um tio, incluindo fundamentos de desenho e gravura;;;Province of Liege;;Bagnères-de-Luchon;male;https://www.brasilianaiconografica.org.br/artigos/20213/o-diplomata-e-desenhista-benjamin-mary | https://pt.wikipedia.org/wiki/Benjamin_Mary> https://www.brasilianaiconografica.org.br/artigos/20213/o-diplomata-e-desenhista-benjamin-mary;;A fonte disponível descreve formação inicial familiar, sem escola formal nomeada.;Wikidata;alta;Pinacoteca de São Paulo;Bélgica;;;media;50.521163361;5.7405201;98.57;42.789181889;0.592557215;100.0;"Wikipédia; Guia das Artes";Wikidata: Bagnères-de-Luchon;Wikidata: Bagnères-de-Luchon;;media
Benno Treidler;German Empire;Academia de Belas Artes de Berlim;52.516666666667;13.383333333333;Berlin;;Rio de Janeiro;male;https://enciclopedia.itaucultural.org.br/pessoas/6622-benno-treidler;;A fonte aberta também cita Christian Wilberg e Lechner como mestres.;Wikidata;alta;Pinacoteca de São Paulo;Berlim;1875-1880;https://enciclopedia.itaucultural.org.br/pessoas/6622-benno-treidler;alta;52.517669999;13.405537999;100.0;-22.9014475;-43.1789159;100.0;Enciclopédia Itaú Cultural;Wikidata: Rio de Janeiro;Wikidata: Rio de Janeiro;;alta
Benoît Piccolini;Canada;estudos em design de produto;;;Canada;;;male;https://urbania.live/article/travail-de-vj-combiner-son-et-mouvement;baixa;a fonte indica a área de estudo e o país, mas não nomeia a instituição;FILE Festival (País de Origem);alta;FILE;;;;baixa;60.10867;-113.64258;100.0;;;;;;;"atividade recente; sem óbito identificado";
Bento José Rufino Capinam;Brazil;formação com Franco Velasco;-12.98305555555556;-38.49277777777777;Salvador;;Salvador;male;https://pt.wikipedia.org/wiki/Bento_Jos%C3%A9_Rufino_Capinam;;A fonte disponível registra vínculo formativo com Franco Velasco, sem instituição formal nomeada.;Wikidata;alta;;Salvador;sem data exata na fonte;https://pt.wikipedia.org/wiki/Bento_Jos%C3%A9_Rufino_Capinam;media;-12.9641527;-38.5058208;100.0;-12.9641527;-38.5058208;100.0;Enciclopédia Itaú Cultural;Wikidata: Salvador;Wikidata: Salvador;;alta
Bernardo Cid;Brazil;autodidata;-23.5486657;-46.6382522;São Paulo, SP, Brasil;;São Paulo;male;https://enciclopedia.itaucultural.org.br/pessoas/6148-bernardo-cid;alta;;Enciclopédia Itaú Cultural;alta;;;;;alta;-23.5486657;-46.6382522;;-23.5486657;-46.6382522;;"Bel Galeria; Enciclopédia Itaú Cultural";Wikidata: São Paulo;Wikidata: São Paulo;"Itaú omite local explícito; galeria indica idem";media
Bernardo Loureiro;Brazil;Universidade de São Paulo> Parsons School of Design> Escola Superior de Belas-Artes de Lisboa;38.708042;-9.139016;Brazil;;;male;FILE Festival (biografia do artista)> fontes biográficas de referência;médio;;FILE Festival (País de Origem);alta;FILE;Lisboa, Portugal;s.d.;fontes biográficas de referência;alta;-10.769946429;-53.073466889;100.0;;;;;;;"atividade recente; sem óbito identificado";
Bernhard Wiegandt;Kingdom of Prussia;Academy of Fine Arts, Munich> Academia de Belas Artes de Munique;48.1531959202723;11.5803123911292;Cologne;;Bremen;male;https://pt.wikipedia.org/wiki/Bernhard_Wiegandt | https://www.brasilianaiconografica.art.br/autores/19894/bernhard-wiegandt> https://pt.wikipedia.org/wiki/Bernhard_Wiegandt;;A página também menciona aulas com Julius von Benczúr e Ludwig von Löfftz.;Wikidata;alta;Museu Paulista;Munique;1880;https://pt.wikipedia.org/wiki/Bernhard_Wiegandt;alta;50.938106999;6.957068;100.0;53.075605999;8.809338;100.0;Enciclopédia Itaú Cultural;Wikidata: Bremen;Wikidata: Bremen;;alta
Bertha Worms;Brazil;Escola de Belas-Artes de Paris> Académie Julian;48.85666666666667;2.333611111111112;Uckange;;São Paulo;female;https://pt.wikipedia.org/wiki/Bertha_Worms> https://static.even3.com/anais/428011.pdf;;Datas baseadas em fontes biográficas e trabalho acadêmico sobre a artista.;Wikidata;alta;Pinacoteca de São Paulo;Paris, França> Paris, França;1881> 1885;https://static.even3.com/anais/428011.pdf;media;49.300628451;6.158524336;100.0;-23.5503944444;-46.6339472222;100.0;https://enciclopedia.itaucultural.org.br/pessoas/6634-bertha-worms;https://www.wikidata.org/wiki/Q174;https://www.wikidata.org/wiki/Q174;"Local de morte confirmado em verbete institucional; coordenadas ajustadas para o município de São Paulo.";alta
Bettina Vaz Guimarães;Brazil;Faculdade de Artes Plásticas da FAAP;-23.5450155;-46.6630802;São Paulo, SP, Brasil;;;female;Artsoul> Guia das Artes;;formação em Comunicação Visual/Artes Plásticas na FAAP> fontes convergem para 1982;Guia das Artes;media;Museu Victor Meirelles;São Paulo, SP;1982;Artsoul> Guia das Artes;alta;-23.5486657;-46.6382522;;;;;;;;"Fonte recente indica artista em atividade; local de morte não se aplica.";
Bill Domonkos;United States;Cleveland Institute of Art;41.5105;-81.6025;Toledo, Ohio;;;male;VideoChannel Interview Project;médio;;VideoChannel Interview Project;alto;FILE;;;;;41.655298;-83.535717;100.0;;;;;;;"Fonte recente/biografia institucional indica artista em atividade; local de morte não se aplica.";
Bill Psarras;Greece;Goldsmiths, University of London> Ionian University> University of the Arts London;51.474269444444445> 39.62055556> 51.5178;-0.03541111111111111> 19.91555556> -0.116389;Greece;;;male;FILE Festival (biografia do artista);médio;;FILE Festival;médio;FILE;;;;;39.0;22.0;100.0;;;;;;;"Fonte recente/biografia universitária indica artista em atividade; local de morte não se aplica.";
Bin Kondo;;Tokyo University of the Arts;35.7195782;139.7726862;Anton, China;;;male;fontes biográficas de referência;;instituição identificada em fontes secundárias;Enciclopédia Itaú Cultural;alta;MAC USP;Tóquio, Japão;s.d.;fontes biográficas de referência;baixa;40.1292;124.3943;;;;;;;;Não localizei fonte auditável suficiente sobre local de morte nesta rodada.;
Binh Minh Herbst;Vietnam;Burg Giebichenstein Kunsthochschule Halle;51.5027;11.9549;Vietnam;;;female;Burg Giebichenstein Kunsthochschule Halle;alta;;FILE Festival;médio;FILE;;;;;16.16667;107.83333;100.0;;;;;;;"Fonte recente indica artista em atividade; local de morte não se aplica.";
Bird Swarm;Portugal;;;;Funchal, Madeira;;;male;;;biografia localizada informa pseudônimo e trajetória artística, sem formação explícita;FILE Festival;alto;FILE;;;;;32.6475379;-16.9050158;100.0;;;;;;;"Fonte recente indica atividade artística em curso; local de morte não se aplica.";
Birk Von Brockdorff;Denmark;The Animation Workshop;56.4561;9.40611;Denmark;;;male;MOME;médio;fonte biográfica identifica apenas o país> preenchimento mantido em nível de país.;MOME;médio;FILE;;;;;55.959300779;10.053934054;100.0;;;;;;;"Fonte recente/site oficial indica artista em atividade; local de morte não se aplica.";
Bittler Bernard;France;autodidata;;;;;;male;Bedetheque;médio;fontes localizadas informam residência e nacionalidade, não nascimento> autodidata mantido sem coordenadas> fontes localizadas indicam residência em Paris, mas também formação técnica formal, o que gera conflito;;;FILE;;;;;;;;;;;;;;"Fonte recente/site autoral indica artista em atividade; local de morte não se aplica.";
Bjørn Svin;Kingdom of Denmark;;;;Ringsted, Denmark;;;male;;;biografias localizadas neste lote não informam formação;Discogs / Wikipedia (fontes convergentes);médio;FILE;;;;;55.457294990286;11.817460156874;100.0;;;;;;;"Fonte recente indica atividade musical em curso; local de morte não se aplica.";
Blake Marques Carrington;United States;Indiana University Bloomington> Syracuse University;39.167222> 43.037638888889;-86.521389> -76.134;Indiana, United States;;;male;Pratt Institute (perfil institucional);alta;biografia do FILE explicita o local de nascimento.;FILE Festival (biografia do artista);alta;FILE;;;;alta;39.849426;-86.258278;;;;;;;;"Fonte recente/biografia universitária indica artista em atividade; local de morte não se aplica.";
Bo Mathorne;Kingdom of Denmark;The Drawing Academy> The Animation Workshop;> 56.4561;> 9.40611;Denmark;;;male;FILE Festival (biografia do artista);médio;;FILE Festival (biografia do artista);alto;FILE;;;;;55.959300779;10.053934054;100.0;;;;;;;"Fonte recente indica atividade autoral em curso; local de morte não se aplica.";
Bohyun Yoon;South Korea;Tama Art University;35.611933666075636;139.35045408465814;Seoul;;;male;;;;Wikidata;alta;FILE;;;;;37.566;126.9784;100.0;;;;;;;"Fonte recente/biografia institucional indica artista em atividade; local de morte não se aplica.";
Bonnie Mitchell;United States;University of Oregon;44.044166666667;-123.07583333333;Estados Unidos;;;female;ACM SIGGRAPH History Archives;médio;Ficha FILE explicita País de Origem.;FILE Archive — ficha de participante;alta;FILE;;;;alta;39.398703156;-99.41461919;;;;;;;;"Fonte recente/biografia institucional indica artista em atividade; local de morte não se aplica.";
Boris du Boullay;France;Université Paris 8 Saint-Denis> Greta Sud Isère> Institut des Arts de Diffusion (IAD)> Université Paris-Sorbonne;48.944722222222> 48.848333333333;2.3633333333333> 2.3427777777778;France;;;male;Viadeo;baixo;FILE explicita “País de Origem: France”> preenchido em nível de país.;FILE Festival (País de Origem);alta;FILE;;;;alta;46.559417044;2.550539953;100.0;;;;;;;"Fonte recente indica artista em atividade; local de morte não se aplica.";
Boris Labbé;France;École Supérieure d’Art et de Céramique de Tarbes> EMCA École des Métiers du Cinéma d’Animation;43.23642;0.074619;Lannemezan, France;;;male;Cinemambiente | Expanded Animation;médio;;Semaine de la Critique / Media Art Festival;alto;FILE;;;;;43.125425768;0.384017969;100.0;;;;;;;"Fonte recente indica produção/exibição recente; local de morte não se aplica.";
Boris Seewald;Germany;Filmarche> Berlin University;52.516666666667;13.383333333333;Germany;;;male;Numeridanse;médio;;FILE Festival (País de Origem);alto;FILE;;;;;51.110631049;10.392277932;100.0;;;;;;;"Fonte recente/site oficial indica artista em atividade; local de morte não se aplica.";
Bramante Buffoni;Italy;Accademia di Brera;45.47222222;9.18888889;Giulianova, Teramo, Itália;;São Paulo;male;fontes biográficas de referência;;instituição de formação associada à carreira gráfica em Milão;Dizionario d’Arte Sartori;media;MAC USP;Milão, Itália;c. 1930s;fontes biográficas de referência;media;42.83333;12.83333;;-23.5503944444;-46.6339472222;100.0;https://acervos.ims.com.br/index.php/Detail/objects/556654;https://www.wikidata.org/wiki/Q174;https://www.wikidata.org/wiki/Q174;"Local de morte preenchido com base em registro institucional do acervo IMS; coordenadas ajustadas para o município de São Paulo.";alta
Brandon Blommaert;Canada;Alberta College of Art and Design;51.062;-114.091;Edmonton, Alberta, Canada;;;male;FILE Festival;médio;;Animafest / FILE Festival;alto;FILE;;;;;53.54545;-113.49014;100.0;;;;;;;"Fonte recente indica artista em atividade; local de morte não se aplica.";
Brandon Morse;United States;University of Wisconsin–Stevens Point> The Ohio State University;44.523036;-89.560321;Arlington, Texas;;;male;University of Maryland (perfil institucional);alta;;artnet;médio;FILE;;;;;32.735594;-97.10711;100.0;;;;;;;"Fonte recente/biografia universitária indica artista em atividade; local de morte não se aplica.";
Brice Roy;France;Université de Technologie de Compiègne;49.400272222222;2.799775;France;;;male;HAL (tese UTC);alto;;FILE Festival (País de Origem);alta;FILE;;;;alta;46.559417044;2.550539953;100.0;;;;;;;"Fonte recente indica atuação artística em coletivo; local de morte não se aplica.";
Brit Bunkley;United States;Macalester College;44.93944444444445;-93.1686111111111;New York City;;;male;;;;Wikidata;alta;FILE;;;;;40.7130466;-74.0072301;100.0;;;;;;;"Fonte recente/site autoral indica artista em atividade; local de morte não se aplica.";
Bruno Borne;Brazil;Universidade Federal do Rio Grande do Sul;-30.033611111111;-51.219166666667;Porto Alegre, RS;;;male;Galeria Mamute / perfil institucional;alta;;Fundação Vera Chaves Barcellos;alto;FILE;;;;;-30.027679;-51.2286404;100.0;;;;;;;"Fonte recente/biografia institucional indica artista em atividade; local de morte não se aplica.";
Bruno Cassinari;Italy;Brera Academy> Istituto Gazzola> Umanitaria> escola do Castello Sforzesco> Accademia di Brera;45.05524> 45.50388888888889> 45.47222222;9.68822> 9.099166666666669> 9.18888889;Piacenza;;Milan;male;https://galleriamichelangelo.it/en/artista/275/bruno-cassinari/bio;;Biografia de galeria documenta a sequência formativa em Piacenza e Milão e explicita o período da Brera.;Wikidata;alta;MAC USP;Piacenza, Itália> Milão, Itália> Milão, Itália> Milão, Itália;c. 1920s> c. 1920s> c. 1920s> 1934–1938;https://galleriamichelangelo.it/en/artista/275/bruno-cassinari/bio;media;45.0537735;9.6951421;100.0;45.4669444444;9.19;100.0;https://www.treccani.it/enciclopedia/bruno-cassinari/;https://www.wikidata.org/wiki/Q490;https://www.wikidata.org/wiki/Q490;"Local de morte mantido com base em verbete Treccani; coordenadas ajustadas para o comune de Milan.";alta
Bruno Dunley;Brazil;Faculdade Santa Marcelina> Senac São Paulo;-23.550394444444> -23.669369;-46.633947222222> -46.700551;Petrópolis, RJ, Brasil;;;male;https://dasartes.com.br/artistas/bruno-dunley/;;As fontes vistas confirmam as instituições, mas não trazem no trecho datas precisas de frequência.;Editora Cobogó;media;MAC USP;São Paulo, Brasil> São Paulo, Brasil;s.d.> s.d.;https://dasartes.com.br/artistas/bruno-dunley/;media;-22.5097992;-43.1753928;;;;;;;;"Fonte recente/site oficial indica artista em atividade; local de morte não se aplica.";
Bruno Martelli;United Kingdom;Central Saint Martins;51.535555555556;-125;United Kingdom;;;male;Computer Arts Society;médio;FILE explicita “País de Origem: United Kingdom”> preenchido em nível de país.;FILE Festival (País de Origem);alta;FILE;;;;alta;53.408386605;-1.969559544;100.0;;;;;;;"Fonte recente indica artista em atividade; local de morte não se aplica.";
Bruno Ministro;Portugal;Faculdade de Letras da Universidade de Coimbra> Faculdade de Ciências Sociais e Humanas da Universidade Nova de Lisboa;38.74049;-9.150902;Portugal;;;male;FILE Festival (biografia do artista);médio;;A Glimpse Of;médio;FILE;;;;;39.593139046;-8.51981299;100.0;;;;;;;"Fonte recente/biografia universitária indica pesquisador/artista em atividade; local de morte não se aplica.";
Bruno Saetti;Italy;Accademia di Belle Arti di Bologna;44.497811111111;11.353188888889;Bologna;Certosa di Bologna;Bologna;male;EmporiumArt biography;;;Wikidata;alta;MAC USP;Bolonha, Itália;até 1924;EmporiumArt biography;media;44.4941903;11.3465185;100.0;44.4938888889;11.3427777778;100.0;https://www.treccani.it/enciclopedia/bruno-saetti/;https://www.wikidata.org/wiki/Q1891;https://www.wikidata.org/wiki/Q1891;"Local de morte mantido com base em verbete Treccani; coordenadas ajustadas para o comune de Bologna.";alta
Bryn Oh;Canada;Ontario College of Art and Design> Toronto School of Art> Seneca College;43.653055555556> 43.670277777778> 43.79395;-79.391194444444> -79.386666666667> -79.349047222222;Toronto, Canada;;;female;FILE Festival (biografia da artista);médio;;Patreon oficial da artista;alto;FILE;;;;;43.653524;-79.383907;100.0;;;;;;;"Fonte recente indica artista em atividade; local de morte não se aplica.";
Burcu Sankur;Turkey;Supinfocom;50.35805555555555;3.523333333333333;Istanbul, Turkey;;;female;Acme Filmworks (biografia);media;;FILE Festival;alto;FILE;;;;;41.0129952;28.9747973;100.0;;;;;;;"Fonte recente indica artista em atividade; local de morte não se aplica.";
Byron Browne;United States;National Academy of Design> estudos com Hans Hofmann;40.73769444444444;-73.98675;Yonkers;;New York City;male;https://en.wikipedia.org/wiki/Byron_Browne_%28artist%29> https://www.caldwellgallery.com/artists/byron-browne/biography;;Formação combinou academia formal e estudos posteriores com Hofmann.;Wikidata;alta;MAC USP;Nova Iorque, Estados Unidos> Nova Iorque, Estados Unidos;1925–1928> 1935;https://en.wikipedia.org/wiki/Byron_Browne_%28artist%29;alta;40.930794;-73.898294;100.0;40.7127777778;-74.0061111111;100.0;https://americanart.si.edu/artist/byron-browne-621;https://www.wikidata.org/wiki/Q60;https://www.wikidata.org/wiki/Q60;"Local de morte mantido com base em verbete do Smithsonian; coordenadas ajustadas para New York City.";alta
Bárbara Cani;Brazil;Universidade Federal do Espírito Santo> Accademia Europea di Firenze;43.771388888889;11.254166666667;Brazil;;;female;site oficial da artista | FILE Festival;alto;FILE explicita “País de Origem: Brazil”> preenchido em nível de país.;FILE Festival (País de Origem);alta;FILE;;;;alta;-10.769946429;-53.073466889;100.0;;;;;;;"Fonte recente/site autoral indica artista em atividade; local de morte não se aplica.";
Béatrice Viguier;France;Supinfocom Rubika School;50.357856469;3.524197715;France;;;female;FILE Festival (biografia da artista);médio;FILE explicita “País de Origem: France”> preenchido em nível de país.;FILE Festival (País de Origem);alta;FILE;;;;alta;46.559417044;2.550539953;100.0;;;;;;;"Fonte recente indica artista em atividade; local de morte não se aplica.";
C. Bacchi;;;;;;;;;;;"assinatura/nome parcial; não foi possível desambiguar com segurança";;;;;;;;;;;;;;;;;"Nome abreviado; identidade não desambiguada com segurança.";
C. Castro;;;;;;;;;;;"assinatura/nome parcial; não foi possível desambiguar com segurança";;;;;;;;;;;;;;;;;"Nome abreviado; identidade não desambiguada com segurança.";
C. Linde, c.i.d.;;;;;;;;;;;assinatura abreviada> não foi possível desambiguar com segurança;;;Museu Casa da Hera;;;;;;;;;;;;;;"Assinatura incompleta; identidade não desambiguada com segurança.";
C130;;;;;;;;male;;;nome artístico ou identidade civil não confirmada com segurança;;;FILE;;;;;;;;;;;;;;Pseudônimo/assinatura sem identificação biográfica segura.;
Caciporé Torres;Brazil;Université de Paris (Sorbonne);48.848333333333;2.3427777777778;Araçatuba;;;male;Wikipédia;;cursos de História da Arte e Civilização Francesa;Wikidata;alta;MAC USP;Paris;1956–1959;Wikipédia;media;-21.2109137;-50.4259918;100.0;;;;;;;Não localizei fonte auditável suficiente sobre local de morte nesta rodada.;
Cadmo Fausto de Sousa;Brazil;Escola Nacional de Belas Artes (Enba)> Académie de la Grande Chaumière;-22.90879805555556;-43.17573111111111;Rio de Janeiro, RJ, Brasil;;Rio de Janeiro;male;https://pt.wikipedia.org/wiki/Cadmo_Fausto_de_Sousa | https://www.diniznumismatica.com/2021/02/cadmo-fausto-o-artista-dos-cruzeiros-1.html;;;Pinacoteca Barão de Santo Ângelo/UFRGS;alta;Museu Histórico Nacional;Rio de Janeiro> Paris;antes de 1931> 1931 em diante;https://pt.wikipedia.org/wiki/Cadmo_Fausto_de_Sousa | https://www.diniznumismatica.com/2021/02/cadmo-fausto-o-artista-dos-cruzeiros-1.html;alta;-22.9014475;-43.1789159;;-22.9111111111;-43.2055555556;100.0;"https://pt.wikipedia.org/wiki/Cadmo_Fausto_de_Sousa ; https://www.escritoriodearte.com/artista/cadmo-fausto";https://www.wikidata.org/wiki/Q8678;https://www.wikidata.org/wiki/Q8678;"Local de morte preenchido a partir de fontes secundárias convergentes; coordenadas ajustadas para o município do Rio de Janeiro.";media
Caetano de Almeida;Brazil;Academia Imperial de Belas Artes> Fundação Armando Álvares Penteado (FAAP)> ateliês de gravura da Pinacoteca do Estado de São Paulo;-22.91111111111111> -23.534444444444;-43.20555555555556> -46.633888888889;Rio de Janeiro;;;male;https://www.guiadasartes.com.br/caetano-de-almeida> https://enciclopedia.itaucultural.org.br/pessoas/2090-caetano-de-almeida;;Formação formal na FAAP e complementação nos ateliês de gravura da Pinacoteca.;Wikidata;alta;MAC USP;São Paulo, Brasil> São Paulo, Brasil;1983–1988> c. 1984;https://www.guiadasartes.com.br/caetano-de-almeida;alta;-22.9014475;-43.1789159;100.0;;;;;;;"Fonte recente/biografia oficial indica artista em atividade; registro prévio de local de morte removido.";
Caetano Luiz de Miranda;;Academia Imperial de Belas Artes;-22.91111111111111;-43.20555555555556;Arraial do Tijuco (Diamantina, MG), Brasil;;;male;fontes biográficas de referência;;datas aproximadas;Arquivos do Museu de História Natural e Jardim Botânico da UFMG;alta;Museu do Diamante;Rio de Janeiro, Brasil;século XIX;fontes biográficas de referência;baixa;-10.769946429;-53.073466889;;;;;;;;óbito não localizado em fonte auditável;
Caetano Luiz de Miranda (?);;Academia Imperial de Belas Artes;-22.91111111111111;-43.20555555555556;;;;male;fontes biográficas de referência;;datas aproximadas;;;Museu do Diamante;Rio de Janeiro, Brasil;século XIX;fontes biográficas de referência;baixa;;;;;;;;;;homônimo não desambiguado;
Camila Kamimura;Brazil;graduação em Rádio, TV e Internet;;;São Paulo;;;female;https://www.behance.net/camilakamimura;baixa;"formação informada em perfil profissional autodeclarado; instituição não identificada";Wikidata;alta;FILE;;;;baixa;-23.5486657;-46.6382522;100.0;;;;;;;fonte recente indica artista em atividade;
Camille Burdy;France;ARIES School of Graphic and Motion Design;48.85666666666667;2.352222222222222;France;;;female;Ruffled Crow / créditos do filme escolar;media;;FILE Festival (País de Origem);alta;FILE;;;;alta;46.559417044;2.550539953;100.0;;;;;;;sem óbito identificável em fonte consultada;
Camille Graeser;Switzerland;State Academy of Fine Arts Stuttgart> Königliche Kunstgewerbeschule;48.7775> 48.1375;9.18> 11.575;Carouge;;Wald;male;https://legacy.vonbartha.com/artists/camille-graeser/;;Curso identificado como mobiliário e design de interiores.;Wikidata;alta;MAC USP;Stuttgart, Alemanha;1911;https://legacy.vonbartha.com/artists/camille-graeser/;alta;46.181758875;6.139965114;100.0;47.275597293;8.911770999;100.0;Camille Graeser Stiftung;Wikidata (Wald, Zurich);Wikidata (Wald, Zurich);;alta
Camille Kachani;Lebanon> Brazil;formação em fotografia e pintura> estudos em Economia e História (instituições não identificadas na fonte);> ;> ;Beirute, Líbano;;;male;https://pt.wikipedia.org/wiki/Camille_Kachani;;As áreas de formação aparecem na fonte, mas sem nome de instituição> mantida redação conservadora.;Editora Cobogó;media;MAC USP;Brasil;;;baixa;33.88863;35.49548;;;;;;;;fonte recente indica artista em atividade;
Camilo Colmenares;Colombia;National University of Colombia> Academy of Media Arts Cologne;4.6355555555556> 50.93475582568144;-74.082777777778> 6.962159950772375;Bogotá, Colombia;;;male;Animafest | KHM | FILE Festival;médio;;ISM ISM ISM / Deutsche Biographie;alto;FILE;;;;;4.6068824;-74.071837;100.0;;;;;;;fonte recente indica artista em atividade;
Camilo Giraldo Angel;Colombia;Instituto Superior de Arte, La Habana;23.088783;-82.446802;Pereira;;;male;biografia oficial do artista;médio;;Wikidata;alta;FILE;;;;;4.812216;-75.6920466;100.0;;;;;;;fonte recente indica artista em atividade;
Camilo Herminda;Colombia;Jorge Tadeo Lozano University> National University of Córdoba> University of Caldas;4.606805555555556> -31.4375> 5.05611;-74.06755555555556> -64.18777778> -75.4928;Colombia;;;male;ISEA Symposium Archives;media;FILE explicita “País de Origem”> preenchido em nível de país.;FILE Festival (País de Origem);alto;FILE;;;;;3.901115804;-73.075754924;100.0;;;;;;;"possível variação gráfica; fonte recente indica atividade";
Campos Ayres;Brazil;formação autodidata inicial> Pensionato Artístico do Estado de São Paulo> Académie Julian;> > 48.871111111111;> > 2.3416666666667;Itapetininga;;São Paulo;male;https://www.ufrgs.br/acervopbsa/autor_/campos-ayres-diogenes/ | https://pt.wikipedia.org/wiki/Campos_Ayres;;As fontes também citam aulas com Henry Royer, Robert Fleury/Tony Robert-Fleury e Jean-Paul Laurens em Paris.;Wikidata;alta;Museu Paulista;Avaré> Paris;até 1909> 1909-1910;https://www.ufrgs.br/acervopbsa/autor_/campos-ayres-diogenes/ | https://pt.wikipedia.org/wiki/Campos_Ayres;alta;-23.5905428;-48.0534686;100.0;-23.5486657;-46.6382522;;Enciclopédia Itaú Cultural;Wikidata (São Paulo);Wikidata (São Paulo);;alta
Candido Portinari;Brazil;Escola Nacional de Belas Artes;-22.8625055;-43.2256622;Brodowski;;Rio de Janeiro;male;Projeto Portinari;;;Wikidata;alta;MAC USP;Rio de Janeiro;desde 1920;Projeto Portinari;alta;-20.9904425;-47.6579131;100.0;-22.9014475;-43.1789159;100.0;Enciclopédia Itaú Cultural;Wikidata (Rio de Janeiro);Wikidata (Rio de Janeiro);;alta
Carl Burton;;;;;;;;male;;;local de nascimento não localizado em fonte auditável;;;FILE;;;;;;;;;;;;;;fonte recente indica artista em atividade;
Carl Emil Carlsen;Kingdom of Denmark;Designskolen Kolding;55.4862;9.4803;Denmark;;New York City;male;Worksome;médio;;cec.dk;médio;FILE;;;;;55.959300779;10.053934054;100.0;40.7130466;-74.0072301;;National Gallery of Art;Wikidata (New York City);Wikidata (New York City);;alta
Carl Friedrich Philipp von Martius;Kingdom of Bavaria;Friedrich-Alexander-Universität Erlangen-Nürnberg> Friedrich-Alexander-Universität Erlangen> Royal Bavarian Academy;48.1531959202723;11.5803123911292;Erlangen;Alter Südfriedhof;Munich;male;https://arquivo.acad-ciencias.pt/details?detailsType=Authority&id=20910 | https://www.britannica.com/biography/Karl-Friedrich-Philipp-von-Martius;;Creator tratado como botânico/ilustrador-viajante> dados de formação acadêmica são bem documentados.;Wikidata;alta;Coleção Brasiliana Itaú;Erlangen> Baviera;doutorado em medicina antes de 1814> 1814-1817;https://www.britannica.com/biography/Karl-Friedrich-Philipp-von-Martius | https://arquivo.acad-ciencias.pt/details?detailsType=Authority&id=20910;alta;49.595132999;11.00498;100.0;48.143438999;11.573599;100.0;Britannica;Wikidata (Munich);Wikidata (Munich);;alta
Carl Morris;United States;School of the Art Institute of Chicago> Chicago Art Institute> Kunstgewerbeschule> Vienna Academy of Fine Art;41.87944444444445> 48.201388888889;-87.62388888888889> 16.365277777778;Yorba Linda;;;male;https://www.usbr.gov/museumproperty/art/biomorri.html;;datas não localizadas na fonte consultada;Wikidata;alta;MAC USP;Chicago, EUA> Viena, Áustria> Viena, Áustria;s.d.> s.d.> s.d.;https://www.usbr.gov/museumproperty/art/biomorri.html;media;33.888526;-117.824314;100.0;;;;;;;local de morte não confirmado em fonte robusta;
Carla Gannis;United States;Boston University College of Fine Arts;42.34888888888889;-71.10027777777778;Oxford;;;female;;;;Wikidata;alta;FILE;;;;;51.751982657;-1.257628623;100.0;;;;;;;fonte recente indica artista em atividade;
Carlito Contini;Brazil;Fundação Armando Alvares Penteado;-23.5450155;-46.6630802;São Paulo;;;male;place_of_birth_tiered_dataset.csv;;dados recuperados de base auxiliar> datas não localizadas;Wikidata;alta;MAC USP;São Paulo, Brasil;;;alta;-23.5486657;-46.6382522;100.0;;;;;;;fonte recente indica artista em atividade;
Carlo Carrà;Italy;Brera Academy> Accademia di Brera;45.47222222;9.18888889;Quargnento;;Milan;male;https://www.britannica.com/biography/Carlo-Carra;;Fontes consultadas indicam estudo breve na academia e forte componente autodidata.;Wikidata;alta;MAC USP;Milão, Itália;1906;https://www.britannica.com/biography/Carlo-Carra;media;44.9459444;8.4881296;100.0;45.4636183;9.1881156;100.0;Treccani;Wikidata (Milan);Wikidata (Milan);;alta
Carlo De Servi;Brazil;Escola de Belas Artes de Lucca> estudos em Roma com Alfredo Norfini;43.85;10.516666666667;Lucca;;Lucca;male;https://pt.wikipedia.org/wiki/Carlo_De_Servi | https://www.catalogodasartes.com.br/artista/Carlo%20de%20Servi/;;;Wikidata;alta;Museu Paulista;Lucca> Roma;;;alta;43.8430139;10.507994;100.0;43.8430139;10.507994;100.0;Enciclopédia Itaú Cultural;Wikidata (Lucca);Wikidata (Lucca);corrigido de Rome para Lucca;alta
Carlos Alberto Carneiro Asp;Brazil;Universidade Federal do Rio Grande do Sul (Pintura e Gravura)> CEART/UDESC (Educação Artística – Artes Plásticas);-30.033611111111> -27.60111111;-51.219166666667> -48.52;Porto Alegre;;;male;MASC> UDESC;;bacharel em Artes Plásticas pela UFRGS e licenciado em Educação Artística pelo CEART/UDESC> datas não localizadas;Wikidata;alta;Museu Victor Meirelles;Porto Alegre, RS> Florianópolis, SC;;;alta;-30.027679;-51.2286404;100.0;;;;;;;fonte recente indica artista em atividade;
Carlos Aliseris;Uruguay;Escuela Industrial Nº1 de Montevideo;-34.90591666666667;-56.19131111111111;Montevideo;;Montevideo;male;https://arte.parlamento.gub.uy/autor/view/258;;frequenta aulas de modelado com Luis Falcini;Wikidata;alta;MAC USP;Montevidéu, Uruguai;1924–1928;https://arte.parlamento.gub.uy/autor/view/258;media;-34.9055557;-56.1852505;100.0;-34.9055557;-56.1852505;100.0;Arte Activo / museos.gub.uy;Wikidata (Montevideo);Wikidata (Montevideo);;alta
Carlos Antônio Botelho;;Liceu Pedro Nunes> estudo de violino> Faculdade de Belas Artes;38.708042> 38.708042> 38.708042;-9.139016> -9.139016> -9.139016;;;Lisbon;;https://raiz.museusemonumentos.pt/DetalhesAutor?authorId=68129;alta;fonte consultada refere-se ao pintor português Carlos Botelho;;;;Lisboa, Portugal> Lisboa, Portugal> Lisboa, Portugal;até 1919> até 1919> 1919–1921;https://raiz.museusemonumentos.pt/DetalhesAutor?authorId=68129;alta;;;;38.7070085;-9.1356407;;RAIZ – Museus e Monumentos de Portugal;Wikidata (Lisbon);Wikidata (Lisbon);;alta
Carlos Balliester;Brazil;estudos com Auguste Petit;-22.91111111111111;-43.20555555555556;Rio de Janeiro;;Rio de Janeiro;male;https://pt.wikipedia.org/wiki/Carlos_Balliester | https://www.netsaber.com.br/biografias/biografia-3563/biografia-de-carlos-balliester;;A formação aberta recuperável é o estudo com Auguste Petit.;Wikidata;alta;Museu Histórico Nacional;Rio de Janeiro;;;media;-22.9014475;-43.1789159;100.0;-22.9014475;-43.1789159;100.0;Enciclopédia Itaú Cultural;Wikidata (Rio de Janeiro);Wikidata (Rio de Janeiro);;alta
Carlos Chambelland;Brazil;Escola Nacional de Belas Artes> Liceu de Artes e Ofícios do Rio de Janeiro;-22.91111111111111;-43.20555555555556;Rio de Janeiro;;Rio de Janeiro;male;https://www.guiadasartes.com.br/carlos-chambelland/biografia> https://pt.wikipedia.org/wiki/Carlos_Chambelland;;em Paris frequentou o ateliê de Puvis de Chavannes> a fonte não traz escola formal para esse período;Wikidata;alta;Museu Histórico Nacional;Rio de Janeiro, RJ> Paris, França;1901–1907;https://www.guiadasartes.com.br/carlos-chambelland/biografia;media;-22.9014475;-43.1789159;100.0;-22.9014475;-43.1789159;100.0;Enciclopédia Itaú Cultural;Wikidata (Rio de Janeiro);Wikidata (Rio de Janeiro);;alta
Carlos Delfino;Argentina;ateliê de Carlos Fajardo;-23.5331446;-46.6267577;Santa Fe;;;male;https://www.catalogodasartes.com.br/artista/Carlos%20Delfino/;;estudo em ateliê> escola formal não localizada;Wikidata;alta;MAC USP;São Paulo, Brasil;1982;https://www.catalogodasartes.com.br/artista/Carlos%20Delfino/;media;35.692133;-105.939593;100.0;;;;;;;homônimo não desambiguado com segurança;
Carlos Franklin;Colombia;Universidad de los Andes> Le Fresnoy - Studio national des arts contemporains;50.7001129;3.1547097;Colombia;;;male;FMSH | FILE Festival;alto;;FMSH / FILE Festival;alto;FILE;;;;;3.901115804;-73.075754924;100.0;;;;;;;fonte recente indica artista em atividade;
Carlos Lima;;;;;;;;male;https://www.catalogodasartes.com.br/noticia/ABeU/;;A fonte indica início da pintura incentivado por Carlos Scliar, sem escola formal nomeada.;;;;formação autodidata> Cabo Frio, RJ;começa a pintar em 1973;https://www.catalogodasartes.com.br/noticia/ABeU/;media;;;;;;;;;;homônimo não desambiguado com segurança;
Carlos Mendonça;Portugal;Escola Veiga Beirão> estudos de dança com Ruth Asvin, Anna Mascolo e Isabel Santa Rosa> Estúdios Vaquer> estudos com Jacques Van de Veld> Ealing College of Art;38.71194444> 51.5064;-9.14083333> -0.3052;Lisbon;;;male;https://pt.wikipedia.org/wiki/Carlos_Mendon%C3%A7a | https://www.bertrand.pt/autor/carlos-mendonca/3384784 | https://www.revistadadanca.com/2457/;;Formação artística combinada entre teatro, dança clássica e desenho/história do traje.;Wikidata;alta;Museu de Arte Religiosa e Tradicional;Lisboa> Paris> Bélgica> Inglaterra;estudos secundários> 1964 em diante para Ealing College of Art;https://pt.wikipedia.org/wiki/Carlos_Mendon%C3%A7a;alta;38.7070085;-9.1356407;100.0;;;;;;;homônimo não desambiguado com segurança;
Carlos Mérida;Guatemala;Académie Colarossi;48.842222222222;2.3308333333333;Guatemala City;;Mexico City;male;Wikipédia;;identificado como artista;Wikidata;alta;MAC USP;Paris;c. 1910–1914;Wikipédia;media;14.64198;-90.51324;100.0;19.430457906;-99.141684761;100.0;MUNAE / INBAL;Wikidata (Mexico City);Wikidata (Mexico City);fontes divergem no ano, não no local;media
Carlos Prado;Brazil;Liceu de Artes e Ofícios de São Paulo;-23.5331446;-46.6267577;São Paulo;;São Paulo;male;fontes biográficas de referência;;instituição identificada em fontes sumárias;Wikidata;alta;MAC USP;São Paulo, Brasil;s.d.;fontes biográficas de referência;baixa;-23.5486657;-46.6382522;100.0;-23.5486657;-46.6382522;100.0;Enciclopédia Itaú Cultural;Wikidata (São Paulo);Wikidata (São Paulo);;alta
Carlos Reis;Portugal;Academia de Belas-Artes de Lisboa;38.708042;-9.139016;Torres Novas;;Coimbra;male;https://arteweek.blogspot.com/2020/09/o-naturalismo-de-carlos-reis.html | https://pt.wikipedia.org/wiki/Carlos_Ant%C3%B3nio_Rodrigues_dos_Reis> https://arteweek.blogspot.com/2020/09/o-naturalismo-de-carlos-reis.html;;A fonte consultada aponta Carlos Reis como discípulo de Silva Porto.;Wikidata;alta;Museu Nacional de Belas Artes;Lisboa> Paris;até 1889> permanência em Paris a partir de 1889 até meados da década de 1890;https://arteweek.blogspot.com/2020/09/o-naturalismo-de-carlos-reis.html | https://wikitejo.mediotejo.pt/index.php/geografia-biografia-historia/biografias-genealogia-heraldica-bandeiras/559-carlos-reis;media;39.505553540741;-8.550812193704;100.0;40.211491;-8.4292014;100.0;e-cultura;Wikidata (Coimbra);Wikidata (Coimbra);;alta
Carlos Scliar;Brazil;aulas com Gustav Epstein;-30.033611111111;-51.219166666667;Santa Maria;;Rio de Janeiro;male;Wikipédia;;formação artística inicial por aulas, não por instituição formal;Wikidata;alta;MAC USP;Porto Alegre;c. 1934;Wikipédia;baixa;34.948403;-120.435881;100.0;-22.9014475;-43.1789159;100.0;Enciclopédia Itaú Cultural;Wikidata (Rio de Janeiro);Wikidata (Rio de Janeiro);;alta
Carlos Vázquez Úbeda;Spain;formação inicial com Joaquín Herrer y Rodríguez> Academia de Bellas Artes de San Fernando> estudos com Léon Bonnat;40.4178;-3.7007;Ciudad Real;;Barcelona;male;https://www.museodelprado.es/coleccion/artista/vazquez-ubeda-carlos/a81a11e7-5afa-459b-83af-ea6ef9c8c7c3 | https://en.wikipedia.org/wiki/Carlos_V%C3%A1zquez_%C3%9Abeda;;;Wikidata;alta;MASP;Ciudad Real> Madri> Paris;até 1889> 1889 em diante;https://www.museodelprado.es/coleccion/artista/vazquez-ubeda-carlos/a81a11e7-5afa-459b-83af-ea6ef9c8c7c3;alta;38.9861041;-3.9272645;100.0;41.387917;2.1699187;100.0;Museo del Prado;Wikidata (Barcelona);Wikidata (Barcelona);;alta
Carlos Zilio;Brazil;Federal University of Rio de Janeiro> Instituto de Belas Artes do Rio de Janeiro;-22.91111111111111;-43.20555555555556;Rio de Janeiro;;;male;Wikipédia;;identificado como artista> período aproximado;Wikidata;alta;MAC USP;Rio de Janeiro;c. 1960s;Wikipédia;media;-22.9014475;-43.1789159;100.0;;;;;;;fonte recente indica artista em atividade;
Carmela Gross;Brazil;Fundação Armando Alvares Penteado> Fundação Armando Álvares Penteado (FAAP);-23.5450155> -23.5450155;-46.6630802> -46.6630802;São Paulo;;;female;Wikipédia> Enciclopédia Itaú Cultural;;identificado como artista> data final de graduação localizada;Wikidata;alta;MAC USP;São Paulo;até 1969;Wikipédia;alta;-23.5486657;-46.6382522;100.0;;;;;;;fonte recente indica artista em atividade;
Carmen Gil Vrolijk;Colombia;Universidad de los Andes> Pontificia Universidad Javeriana;4.62894444;-74.06485;;;;female;CvLAC / Voltaje;alto;fontes localizadas informam atuação e residência em Bogotá, não nascimento;;;FILE;;;;;;;;;;;;;;fonte recente indica artista em atividade;
Carmélio Cruz;Brazil;formação com o mestre Jacinto de Souza;-4.358888888888889;-39.31194444444444;Canindé, CE, Brasil;;;male;https://enciclopedia.itaucultural.org.br/pessoas/3411-carmelio-cruz | https://www.escritoriodearte.com/artista/carmelio-cruz;;Fonte registra aprendizado com mestre, não instituição formal.;Acervos MARGS;alta;MAC USP;Canindé (CE);1935-1940;https://enciclopedia.itaucultural.org.br/pessoas/3411-carmelio-cruz;media;-10.769946429;-53.073466889;;;;;;;;fonte consultada sem local de morte explícito;
Carolus Duran;France;École des beaux-arts de Lille> Académie de Lille> ateliê de François Souchon> Académie Suisse;50.631944444444;3.0575;Lille;Fréjus;Paris;male;https://pt.wikipedia.org/wiki/Carolus-Duran> https://iamasf.org/art/artists/carolus-duran/;;formação combinando academia local, estudo em ateliê e frequência posterior à Académie Suisse;Wikidata;alta;Museu Casa da Hera;Lille, França> Lille, França> Paris, França;c. 1840s–1850s> c. 1850s> 1859–1861;https://pt.wikipedia.org/wiki/Carolus-Duran > https://iamasf.org/art/artists/carolus-duran/;media;50.6304582;3.071339915;100.0;48.8566666667;2.3522222222;100.0;Musée d’Orsay;Wikidata (Paris);Wikidata (Paris);normalizado de arrondissement para cidade;alta
CaRTe bLaNChe: Tanaami;Japan;Musashino Art University;35.72611111;139.4475;Tokyo, Japan;;;male;The National Art Center, Tokyo;alta;;The National Art Center, Tokyo;alto;FILE;;;;;35.68945633;139.69171609;100.0;;;;;;;"registro nominal não padronizado; não desambiguado";
Carybé;Brazil;Escola Nacional de Belas Artes;-22.8625055;-43.2256622;Lanús;;Salvador;male;Escritório de Arte> Wikipédia;;também completou estudos secundários no Rio de Janeiro;Wikidata;alta;MAC USP;Rio de Janeiro, Brasil;1927–1929;Wikipédia;media;-34.6955253;-58.4076546;100.0;-12.9641527;-38.5058208;100.0;Libraries Australia authority;Wikidata (Salvador);Wikidata (Salvador);;media
Castan C.;;;;;;;;;;;identificação incompleta> não foi possível desambiguar com segurança;;;Museu Casa da Hera;;;;;;;;;;;;;;registro nominal do acervo não desambiguado com segurança;
Cedric Yon;;Pratt Institute;40.691111;-73.963889;;;;male;Saatchi Art;médio;homônimos recorrentes em fontes abertas> local de nascimento não desambiguado com segurança;;;FILE;;;;;;;;;;;;;;fonte recente indica artista em atividade;
Celina Portella;Brazil;Pontifícia Universidade Católica do Rio de Janeiro> Université Paris VIII;-22.97868> 48.944722222222;-43.232819> 2.3633333333333;Rio de Janeiro, Rio de Janeiro, Brazil;;;female;FILE Festival;médio;;Itaú Cultural / Zipper Galeria;alto;FILE;;;;;-22.9014475;-43.1789159;100.0;;;;;;;fonte recente indica artista em atividade;
Chan Stéphie Peang;;Supinfocom Rubika School;50.357856469;3.524197715;;;;female;FILE Festival;médio;fontes localizadas informam formação e atuação, sem local de nascimento explícito;;;FILE;;;;;;;;;;;;;;fonte consultada sem local de morte explícito;
Charles Frederic Le Brun;Switzerland;ateliê de Simon Vouet> formação complementar com François Perrier;> ;> ;Colmar;;Veysonnaz;male;https://en.wikipedia.org/wiki/Charles_Le_Brun | https://www.britannica.com/biography/Charles-Le-Brun> https://en.wikipedia.org/wiki/Charles_Le_Brun | https://www.wikiart.org/en/charles-le-brun;;O creator parece corresponder a Charles Le Brun> mantida observação prudente sobre a variação do nome.;Wikidata;alta;Museu Regional São João Del Rey;Paris;desde cerca dos 11 anos> sem cronologia completa na fonte;https://en.wikipedia.org/wiki/Charles_Le_Brun;media;48.079343502;7.358139881;100.0;46.193356862;7.337602777;100.0;Deutsche Biographie;Wikidata (Veysonnaz);Wikidata (Veysonnaz);registro corresponde a Charles-Frédéric Brun;media
Charles Joseph Suares;;Victoria College> ateliês de Othon Friesz e André Lhote;> ;> ;;;Paris;male;https://fr.wikipedia.org/wiki/Charles_Suares;;formação artística principal em ateliês em Paris;;;MAC USP;Alexandria, Egito> Paris, França;até 1919> 1920s;https://fr.wikipedia.org/wiki/Charles_Suares;media;;;;48.8566666667;2.3522222222;100.0;AGORHA / INHA;Wikidata (Paris);Wikidata (Paris);registro corresponde a Joseph Charles Suarès [Carlo Suarès];media
Charles Landseer;United Kingdom;Royal Academy Schools> formação com Benjamin Robert Haydon;51.507222222222;-0.1275;London;;London;male;https://en.wikipedia.org/wiki/Charles_Landseer | https://www.britannica.com/biography/Charles-Landseer;;;Wikidata;alta;Pinacoteca de São Paulo;Londres;a partir de 1816;https://en.wikipedia.org/wiki/Charles_Landseer;alta;51.50740836;-0.127698693;100.0;51.50740836;-0.127698693;100.0;Enciclopédia Itaú Cultural;Wikidata (London);Wikidata (London);;alta
Charles Watson;United Kingdom;Bath Academy of Art / Bath University;51.3814;-2.3597;Norwich;;;male;https://enciclopedia.itaucultural.org.br/pessoas/2841-charles-watson | https://www.pipaprize.com/pag/charles-watson/;;;Wikidata;alta;MAC USP;Bath (Inglaterra);1970-1974;https://enciclopedia.itaucultural.org.br/pessoas/2841-charles-watson | https://www.pipaprize.com/pag/charles-watson/;alta;52.628893307;1.293330365;100.0;;;;;;;fonte recente indica artista em atividade;
Charlote Gross;;;;;Alemanha;;Brazil;;;;fonte institucional informa apenas país de nascimento | nome parcial e fonte aberta insuficiente para localizar formação com segurança;MAC USP;alta;MAC USP;;;;;51.110631049;10.392277932;;-10.769946429;-53.073466889;100.0;MASC;Wikidata (Brazil);Wikidata (Brazil);"nome do acervo varia entre Charlote e Charlotte; fonte institucional informa apenas o país";media
Charlotta Adlerová;Germany;Escola de Artes e Ofícios Berlim-Charlottenburg> Escola Reimann> Atelier-Abstração;52.516666666667;13.383333333333;Berlin;;São Paulo;female;Enciclopédia Itaú Cultural;;;Wikidata;alta;MAC USP;Berlim-Charlottenburg, Alemanha> Berlim, Alemanha> São Paulo, Brasil;1926> c. 1930> 1952;Enciclopédia Itaú Cultural;alta;52.517669999;13.405537999;100.0;-23.5486657;-46.6382522;100.0;MAC USP;Wikidata (São Paulo);Wikidata (São Paulo);;alta
Chen-kong Fang;Brazil;estudos de sumi-ê e aquarela com Chang-Zenshen> estudos de pintura com Yoshiya Takaoka;> ;> ;Tung Cheng, Anhui, China;;São Paulo;male;https://pt.wikipedia.org/wiki/Chen_Kong_Fang | https://almeidaedale.com.br/artistas/chen-kong-fang/;;A formação aparece por mestres, não por instituição formal única.> fonte de nascimento usa a grafia Chen Kong Fang;Instituto Tomie Ohtake;alta;MAC USP;China> São Paulo;1945> 1954-1956;https://pt.wikipedia.org/wiki/Chen_Kong_Fang | https://almeidaedale.com.br/artistas/chen-kong-fang/;alta;30.512;116.959;;-23.5486657;-46.6382522;100.0;MAC USP;Wikidata (São Paulo);Wikidata (São Paulo);;alta
Chi Po Hao;Taiwan;Goldsmiths, University of London;51.474269444444445;-0.03541111111111111;Taipei;;;male;;;;Wikidata;alta;FILE;;;;;25.0384125;121.5637046;100.0;;;;;;;fonte recente indica artista em atividade;
Chris Romero;United States;New York University;40.73;-73.995;New Brunswick, New Jersey, USA;;;male;AIR 3331 / Tokyo Arts and Space;médio;;site oficial do artista;alto;FILE;;;;;40.4959469;-74.4441187;100.0;;;;;;;fonte recente indica artista em atividade;
Chrischa Venus Oswald;Germany;University of Art and Design Linz;48.3066;14.2857;Germany;;;female;site oficial da artista;alta;;site oficial da artista / FILE Festival;médio;FILE;;;;;51.110631049;10.392277932;100.0;;;;;;;fonte recente indica artista em atividade;
Christian Larrave;United States;Rhode Island School of Design;41.825833333333;-71.407777777778;United States;;;male;FILE Festival (biografia do artista);médio;;FILE Festival (País de Origem);alto;FILE;;;;;39.398703156;-99.41461919;100.0;;;;;;;fonte consultada sem local de morte explícito;
Christian Merrill;United States;Bowling Green State University;41.38;-83.64;United States;;;male;FILE Festival;médio;;FILE Festival (País de Origem);alta;FILE;;;;alta;39.398703156;-99.41461919;100.0;;;;;;;fonte recente indica artista em atividade;
Christin Marczinzik;Germany;Magdeburg-Stendal University> International University of Fine Arts in Poznan> Burg Giebichenstein University of Art and Design;52.1315889> 52.40833333333333;11.6399609> 16.93361111111111;Magdeburg, Germany;;;female;Frankfurter Kunstverein;alta;;FILE Vitória;alto;FILE;;;;;52.126247999;11.632726;100.0;;;;;;;fonte recente indica artista em atividade;
Christina Radner;;University of Vienna;48.213055555555556;16.35972222222222;;;;female;FILE Festival (biografia da artista);médio;fontes localizadas informam atuação institucional e formação, sem local de nascimento explícito;;;FILE;;;;;;;;;;;;;;fonte recente indica artista em atividade;
Christo Guelov;Spain;Universidad Complutense de Madrid;40.44903888888889;-3.727030555555555;Veliko Tarnovo, Bulgaria;;;male;FILE Festival (biografia do artista);médio;;highlike / ARTEINFORMADO;media;FILE;;;;;43.0785562;25.6271574;100.0;;;;;;;fonte recente indica artista em atividade;
Cildo Meireles;Brazil;Fundação Cultural do Distrito Federal> Escola Nacional de Belas Artes;-15.793888888889;-47.882777777778;Rio de Janeiro;;;male;https://www.itaucultural.org.br/ocupacao/cildo-meireles/cildo/> https://www.ccta.ufpb.br/pinacoteca/contents/menu/institucional/biografia/cildo-meireles-1948;;também estudou com Félix Barrenechea> fontes convergem sobre 1963 em Brasília e estudo breve na ENBA em 1967;Wikidata;alta;MAC USP;Brasília, DF> Rio de Janeiro, RJ;1963> 1967;https://www.itaucultural.org.br/ocupacao/cildo-meireles/cildo/;alta;-22.9014475;-43.1789159;100.0;;;;;;;fonte recente indica artista em atividade;
Cimbelino Ramos de Freitas;Brazil;Escola Normal de São Paulo> aluno de Pietro Strina;-23.550394444444;-46.633947222222;São Paulo;;São Paulo;male;https://enciclopedia.itaucultural.org.br/pessoas/6698-cimbelino-de-freitas | https://www.academia.edu/64104524/O_Desenho_na_forma%C3%A7%C3%A3o_de_professores;;A formação recuperada combina escola normal e aprendizado com Pietro Strina.;Wikidata;alta;Museu Histórico Nacional;São Paulo;1903;https://enciclopedia.itaucultural.org.br/pessoas/6698-cimbelino-de-freitas;media;-23.5486657;-46.6382522;100.0;-23.5486657;-46.6382522;100.0;Enciclopédia Itaú Cultural;Wikidata (São Paulo);Wikidata (São Paulo);;alta
Cincinato Mavignier;France;Escola Nacional de Belas Artes> Académie de la Grande Chaumière> Hochschule für Gestaltung Ulm;48.3806;9.95278;;;;male;https://enciclopedia.itaucultural.org.br/pessoa8462/cincinato-mavignier | https://pt.wikipedia.org/wiki/Alu%C3%ADsio_Carv%C3%A3o> https://enciclopedia.itaucultural.org.br/pessoa8462/cincinato-mavignier;;A etapa em Ulm é especialmente bem documentada> nomeei as instituições com forma oficial.;;;Museu Histórico Nacional;Rio de Janeiro> Paris> Ulm;década de 1940> 1949-1951> 1953-1958;https://enciclopedia.itaucultural.org.br/pessoa8462/cincinato-mavignier;alta;;;;;;;;;;data de falecimento localizada, mas sem local de morte explícito em fonte aberta robusta;
Ciro Cozzolino;Brazil;Instituto de Artes e Decorações (Iadê);-23.550394444444;-46.633947222222;São Paulo;;;male;https://enciclopedia.itaucultural.org.br/pessoas/2217-ciro-cozzolino | https://www.catalogodasartes.com.br/artista/Ciro%20Cozzolino/;;;Wikidata;alta;MAC USP;São Paulo;1975-1979;https://enciclopedia.itaucultural.org.br/pessoas/2217-ciro-cozzolino | https://www.catalogodasartes.com.br/artista/Ciro%20Cozzolino/;alta;-23.5486657;-46.6382522;100.0;;;;;;;fonte recente indica artista em atividade;
Ciça Santos;;;;;;;;female;;;identificação parcial> não foi possível desambiguar com segurança;;;Museu Casa da Princesa;;;;;;;;;;;;;;homônima não desambiguada com segurança;
Claire Dejoie;France;RUBIKA;50.37418867266314;3.523292769496986;France;;;female;SIGGRAPH History Archives / créditos de produção;media;;FILE Festival (País de Origem);alta;FILE;;;;alta;46.559417044;2.550539953;100.0;;;;;;;fonte recente indica artista em atividade;
Claire Vandermeersh;France;Supinfocom – RUBIKA;50.35805555555555;3.523333333333333;France;;;female;FILE Festival;médio;FILE explicita “País de Origem: France”> preenchido em nível de país.;FILE Festival (País de Origem);alta;FILE;;;;alta;46.559417044;2.550539953;100.0;;;;;;;fonte consultada sem local de morte explícito;
Claire Villacorta;Philippines;University of the Philippines Diliman;14.654861111111;121.06446944444;Philippines;;;female;Department of Art Studies, UP Diliman;media;FILE explicita “País de Origem: Philippines”> preenchido em nível de país.;FILE Festival (País de Origem);alta;FILE;;;;alta;12.879721;121.774017;;;;;;;;fonte consultada sem local de morte explícito;
claRa apaRicio yoldi;Spain;Universidad Complutense de Madrid> London Metropolitan University> Goldsmiths, University of London;40.44903888888889;-3.727030555555555;Spain;;;female;dossiê da artista | Domestika;alto;;Wikidata;alta;FILE;;;;;40.22794966;-3.646063105;100.0;;;;;;;fonte recente indica artista em atividade;
Clara Heteny;Italy;School of Applied Arts> Tibor Galle School of Drawing> Strasser Atelier;> > ;> > ;Budapest;;Milan;female;https://www.hetenyfrancini.com/en/clara-heteny-biography/ | https://www.catalogodasartes.com.br/artista/Clara%20Heteny/;;A biografia consultada lista a formação inicial em Budapeste, mas sem datas precisas.;Wikidata;alta;MAC USP;Budapeste (Hungria);;;alta;47.4981441;19.0405528;100.0;45.4636183;9.1881156;100.0;MNAV;Wikidata (Milan);Wikidata (Milan);registro institucional usa Clara Heteny de Francini;media
Clara Reial;Brazil;Universidade de Fortaleza;-3.7687753;-38.478061;Brazil;;;female;FILE Festival;médio;;FILE Festival (País de Origem);alta;FILE;;;;alta;-10.769946429;-53.073466889;100.0;;;;;;;fonte recente indica artista em atividade;
Clarissa Ribeiro;Brazil;Escola de Comunicações e Artes da Universidade de São Paulo (ECA-USP);-23.55833333;-46.72694444;Visconde do Rio Branco, Minas Gerais, Brazil;;;female;FILE Festival (biografia da artista);médio;;Enciclopédia Itaú Cultural;alto;FILE;São Paulo;;;;-21.0104;-42.8401;;;;;;;;fonte recente indica artista em atividade;
Claude Monet;France;Beaux-Arts de Paris;48.85680555555555;2.333277777777778;Paris;Giverny Churchyard;Giverny;male;https://www.britannica.com/biography/Claude-Monet;;sem formação artística formal> estudou desenho com artista local e com Eugène Boudin;Wikidata;alta;MASP;Le Havre, França;c. 1850s;https://www.britannica.com/biography/Claude-Monet;media;48.856372814;2.352529617;100.0;49.0761111111;1.5291666667;100.0;Britannica;Wikidata (Giverny);Wikidata (Giverny);;alta
Claudio Cretti;Brazil;Instituto de Arte e Decoração (Iade)> Escola de Belas Artes;-23.550394444444;-46.633947222222;Belém, PA, Brasil;;;male;https://amgaleria.com.br/artista/claudio-cretti/> https://enciclopedia.itaucultural.org.br/pessoas/3685-claudio-cretti;;abandona o curso de artes plásticas no mesmo ano de ingresso;Enciclopédia Itaú Cultural;alta;MAC USP;São Paulo, Brasil> São Paulo, Brasil;1981–1983> 1984;https://amgaleria.com.br/artista/claudio-cretti/ > https://enciclopedia.itaucultural.org.br/pessoas/3685-claudio-cretti;alta;-1.4549817;-48.502273;;;;;;;;fonte recente indica artista em atividade;
Claudio Tozzi;Brazil;Faculty of Architecture and Urbanism of the University of São Paulo> Faculdade de Arquitetura e Urbanismo da Universidade de São Paulo (FAU/USP);-23.56012;-46.72985;São Paulo;;;male;Wikipédia;;identificado como artista> formação em arquitetura;Wikidata;alta;MAC USP;São Paulo;1963–1968;Wikipédia;alta;-23.5486657;-46.6382522;100.0;;;;;;;fonte recente indica artista em atividade;
Clayton Shonkwiler;United States;University of Pennsylvania;39.95388888888889;-75.19305555555556;United States;;;male;;;;FILE Festival (País de Origem);alto;FILE;;;;;39.398703156;-99.41461919;100.0;;;;;;;fonte recente indica artista em atividade;
Clemens Wirth;Austria;Salzburg University of Applied Sciences (FH Salzburg);47.7237;13.087;Austria;;;male;FILE Festival> FH Salzburg;médio;;FILE Festival (País de Origem);alta;FILE;;;;alta;47.585810005;14.137076948;100.0;;;;;;;fonte recente indica artista em atividade;
Clóvis Graciano;Brazil;estudos com Waldemar da Costa> Escola Paulista de Belas Artes (aluno ouvinte)> estudos de gravura e pintura mural;-23.550394444444;-46.633947222222;Araras;;São Paulo;male;Itaú Cultural> Guia das Artes> Escritório de Arte;;Também estudou gravura e pintura mural em Paris, mas a instituição não foi identificada com segurança nas fontes revisadas> Parte da formação ocorreu com mestre e como aluno ouvinte> estudos posteriores em Paris após prêmio de viagem.;Wikidata;alta;MAC USP;São Paulo, Brasil> São Paulo, Brasil> Paris, França;1935–1937> até 1938> 1949–1951;Guia das Artes> Wikipédia;media;-22.3864448;-47.3847424;100.0;-23.5503944444;-46.6339472222;100.0;Enciclopédia Itaú Cultural;Wikidata (São Paulo);Wikidata (São Paulo);;alta
Colin Potter;United Kingdom;;;;York, United Kingdom;;;male;;;biografias localizadas neste lote não informam formação;Musichearts / Last.fm;médio;FILE;;;;;53.962026649;-1.083683588;100.0;;;;;;;fonte recente indica artista em atividade;
Columbano Bordalo Pinheiro;Portugal;Academia de Belas-Artes de Lisboa> Academia Colarossi / ateliers em Paris;38.708042;-9.139016;Lisbon;Prazeres Cemetery;Lisbon;male;https://pt.wikipedia.org/wiki/Columbano_Bordalo_Pinheiro;;em Paris também estuda com Gustave Courtois e Raphael Collin;Wikidata;alta;MASP;Lisboa, Portugal> Paris, França;desde c. 1871> 1881–1883;https://pt.wikipedia.org/wiki/Columbano_Bordalo_Pinheiro;media;38.7070085;-9.1356407;100.0;38.7;-9.1833333333;100.0;ArqNet;Wikidata (Lisbon);Wikidata (Lisbon);;media
Constance Joliff;France;Beaux-Arts de Bordeaux> École de Cinéma d’Animation Georges Méliès;48.74245192283895;2.392101897752613;Vannes, France;;;female;FILE Festival (biografia da artista);médio;;KuB / FILE Festival;alto;FILE;;;;;47.65836516;-2.760916527;100.0;;;;;;;fonte consultada sem local de morte explícito;
Constant Permeke;Belgium;Royal Academy of Fine Arts of Gent> Academy of Bruges> Academy of Ghent;51.20888888888889> 51.05361111111111;3.224166666666666> 3.725277777777778;Antwerp;Jabbeke;Ostend;male;https://www.britannica.com/biography/Constant-Permeke;;Britannica informa formação em academias de arte em Bruges e Ghent com datas específicas.;Wikidata;alta;MAC USP;Bruges, Bélgica> Ghent, Bélgica;1903–1906> 1906–1908;https://www.britannica.com/biography/Constant-Permeke;alta;51.25942418;4.371799938;100.0;51.214075;2.9259333333;100.0;Britannica;Wikidata (Ostend);Wikidata (Ostend);;alta
Corentin Monnier;France;The Animation Workshop;56.4561;9.40611;Saint-Malo, France;;;male;CV do artista;médio;;CV oficial;alto;FILE;;;;;48.651516337;-2.022738492;100.0;;;;;;;fonte recente indica artista em atividade;
Corinto Brissac de Lucena;;Escola Nacional de Belas Artes;-22.8625055;-43.2256622;Dom Pedrito, RS, Brasil;;;male;https://www.culturaniteroi.com.br/blog/cultura-atividades-culturais-163 | https://pt.wikipedia.org/wiki/Corinto_Brissac_de_Lucena;;A formação aparece após a reforma do Exército> a fonte aberta não traz ano de ingresso com precisão.;Secretaria de Estado da Cultura/RS (Museu Paulo Firpo);alta;Museu Histórico Nacional;Rio de Janeiro;;;media;-10.769946429;-53.073466889;;;;;;;;local de morte não confirmado em fonte institucional aberta;
Cornelius Joksch;Germany;Weissensee School of Art Berlin> University of the West of England;52.5581;13.4393;Germany;;;male;site oficial do artista;alta;;FILE Festival (País de Origem);alta;FILE;;;;alta;51.110631049;10.392277932;100.0;;;;;;;fonte recente indica artista em atividade;
Corrado Cagli;Italy;Accademia di Belle Arti;45.47222222;9.18888889;Ancona;;Rome;male;https://it.wikipedia.org/wiki/Corrado_Cagli;;Fontes consultadas confirmam a academia, mas não trouxeram datas precisas nesta passada.;Wikidata;alta;MAC USP;Roma, Itália;s.d.;;baixa;43.6171493;13.51599;100.0;41.8930555556;12.4827777778;100.0;Treccani;Wikidata (Rome);Wikidata (Rome);;alta
Costa Miranda;Brazil;Academia Imperial de Belas Artes (Aiba)> aluno de Debret e Grandjean de Montigny;-22.91111111111111;-43.20555555555556;;;;male;https://pt.wikipedia.org/wiki/Costa_Miranda | https://www.escritoriodearte.com/artista/costa-miranda;;;;;Museu Histórico Nacional;Rio de Janeiro;;;alta;;;;;;;;;;local de morte não confirmado em fonte institucional aberta;
Costanza Savarese;Italy;Conservatorio di Musica Santa Cecilia;41.90679;12.47865;Italy;;;female;Viterbo Oggi;médio;;FILE Festival (País de Origem);alta;FILE;;;;alta;42.83333;12.83333;100.0;;;;;;;fonte recente indica artista em atividade;
Couto Filho;;Escola Nacional de Belas Artes (Enba);-22.90879805555556;-43.17573111111111;;;;;https://enciclopedia.itaucultural.org.br/;;Registro conservador baseado em fonte aberta secundária> faltam datas precisas.;;;Museu Histórico Nacional;Rio de Janeiro;;;baixa;;;;;;;;;;registro nominal do acervo não desambiguado com segurança;
Crisaldo Morais;Brazil;formação em economia> autodidata na pintura; > -8.0551894; > -34.871176;Recife, PE, Brasil;;Recife;male;https://ardies.com/collection/crisaldo-morais/;media;fontes indicam formação em economia e percurso autodidata na pintura> instituição não localizada;Enciclopédia Itaú Cultural;alta;MAC USP;;;;media;-8.0551894;-34.871176;;-8.0538888889;-34.8808333333;100.0;Enciclopédia Itaú Cultural;Wikidata (Recife);Wikidata (Recife);;alta
Cristiano Panepuccia;Italy;autodidata;41.8905568;12.4942679;Rome, Italy;;;male;https://archive.file.org.br/participantes/cristiano-panepuccia/;media;;APOTROPIA / FILE Festival;alto;FILE;;;;media;41.8905568;12.4942679;100.0;;;;;;;fonte recente indica artista em atividade;
Cuzco school;;;;;;;;;;;registro refere-se a uma escola/oficina artística, não a uma pessoa individual;;;Museu Histórico Nacional;;;;;;;;;;;;;;registro coletivo/escola, não pessoa;
Cybèle Varela;Brazil;École du Louvre> Museu de Arte Moderna do Rio de Janeiro> École des Hautes Études-Sorbonne;-22.91111111111111> 48.85666666666667;-43.20555555555556> 2.352222222222222;Petrópolis;;;female;https://cybelevarela.com/pt-br/biografia/> https://enciclopedia.itaucultural.org.br/pessoas/2209-cybele-varela;;as fontes tratam os períodos em Paris como bolsas de estudo em história da arte;Wikidata;alta;MAC USP;Rio de Janeiro, RJ> Paris, França;1962–1966> 1968> 1971;https://cybelevarela.com/pt-br/biografia/;alta;-22.5097992;-43.1753928;100.0;;;;;;;fonte recente indica artista em atividade;
Cyprien Eugène Boulet;France;École des Beaux-Arts;48.85666666666667;2.333611111111112;Toulouse;;Toulon;male;https://en.wikipedia.org/wiki/Cyprien_Eug%C3%A8ne_Boulet;;Cronologia formativa não explicitada na fonte consultada.;Wikidata;alta;Pinacoteca de São Paulo;Paris;;;baixa;43.604595206;1.444217454;100.0;43.125;5.9305555556;100.0;BnF;Wikidata (Toulon);Wikidata (Toulon);;alta
Célia Fernandes;Brazil;Faculty of Pharmacy, University of Lisbon;38.7525;-9.1588888888889;Lisbon, Portugal;;;female;;;;Portal do Município da Lourinhã;alto;FILE;;;;;38.7070085;-9.1356407;100.0;;;;;;;fonte recente indica artista em atividade;
Céline Trouillet;France;École des Beaux-Arts de Mulhouse> École supérieure des arts décoratifs de Strasbourg;47.748611111111;7.3391666666667;Colmar, France;;;female;https://in-sonora.org/ficha-artista/celine-trouillet/ | https://archive.file.org.br/participantes/celine-trouillet/;alto;;FILE Festival / In-Sonora;alto;FILE;;;;;48.079343502;7.358139881;100.0;;;;;;;fonte recente indica artista em atividade;
César Lacanna;Brazil;curso de Modelo Vivo da Sociedade Paulista de Belas Artes> Escola Profissional Masculina> Liceu de Artes e Ofícios;-23.550394444444;-46.633947222222;São Paulo;;São Paulo;male;https://pt.wikipedia.org/wiki/C%C3%A9sar_Lacanna | https://enciclopedia.itaucultural.org.br/pessoas/2887-cesar-lacanna;;;Wikidata;alta;MAC USP;São Paulo;1917> 1920> 1923-1924;https://pt.wikipedia.org/wiki/C%C3%A9sar_Lacanna | https://enciclopedia.itaucultural.org.br/pessoas/2887-cesar-lacanna;alta;-23.5486657;-46.6382522;100.0;-23.5503944444;-46.6339472222;100.0;Enciclopédia Itaú Cultural;Wikidata (São Paulo);Wikidata (São Paulo);;alta
César Rossi;Brazil;E.S.E.F. de São Paulo> Escola Circo Picadeiro> grupo Acrobático Fratelli> escola de teatro de Bolonha ('Noveau Cirque');-23.1937908> 44.493888888889;-46.8955573> 11.342777777778;Blumenau;;;male;https://cesarrossi.blogspot.com/p/curriculo.html | https://www.ciatempo.com/p/historia.html;;A grafia 'Noveau Cirque' foi preservada como aparece na fonte aberta consultada.;Wikidata;alta;Museu Victor Meirelles;São Paulo> Bolonha;dos 10 anos em diante> 1998;https://cesarrossi.blogspot.com/p/curriculo.html;alta;-26.9189417;-49.0660575;100.0;;;;;;;fonte recente indica artista em atividade;
Cícero Dias;Brazil;Escola de Belas Artes;-22.91111111111111;-43.20555555555556;Escada;Montparnasse Cemetery;Paris;male;Wikipédia;;abandonou a escola em 1928;Wikidata;alta;MAC USP;Rio de Janeiro;1925–1928;Wikipédia;media;-8.3584365;-35.2215761;100.0;48.8566666667;2.3522222222;100.0;site oficial Cícero Dias;Wikidata (Paris);Wikidata (Paris);auditoria: local ajustado para Paris com base em fonte oficial;alta
Daiana Ruiz;Argentina;;;;Mendoza, Argentina;;;female;;;"fonte localizada menciona cursos e workshops sem instituição formal claramente identificável; não preenchido";Stuttgart Ballet;alto;FILE;;;;;-32.89084;-68.82717;100.0;;;;;;;fonte recente indica artista em atividade;
Dalia Omran;Egypt;Cairo University Kasr Alainy  Faculty of Medicine;30.0276;31.21014;Egypt;;;female;;;;FILE Festival (autodescrição da artista);médio;FILE;;;;;26.820553;30.802498;;;;;;;;fonte recente indica artista em atividade;
Dalton Martins;Brazil;University of São Paulo;-23.5613991;-46.7307891;Brazil;;;male;;;;FAPESP (perfil de pesquisador);media;FILE;;;;;-10.769946429;-53.073466889;100.0;;;;;;;;
Damien Deschamps;;;;;;;;male;;;Lote 8 pesquisado> sem fonte auditável suficiente para local de nascimento. | pesquisa deste lote não localizou fonte auditável suficiente sobre formação;;;FILE;;;;;;;;;;;;;;fonte recente indica artista em atividade;
Danae Gosset;France;School of Visual Arts;40.73861111;-73.98222222;Paris, France;;;female;portfólio/site da artista;médio;fonte biográfica informa origem em Paris.;Domestika;médio;FILE;Nova York, EUA;;;;48.856372814;2.352529617;100.0;;;;;;;fonte recente indica artista em atividade;
Danae Io;Greece;Sandberg Institute> Goldsmiths, University of London;52.34138888888889> 51.474269444444445;4.860277777777777> -0.03541111111111111;Greece;;;female;FILE Festival;médio;;IFFR;media;FILE;;;;;39.0;22.0;100.0;;;;;;;fonte recente indica artista em atividade;
Daniel Barreto;Mexico;Imperial College London;51.498308;-0.176882;Guadalajara, Mexico;;;male;;;;site oficial do artista;alto;FILE;;;;;20.674161223;-103.336727247;100.0;;;;;;;fonte recente indica artista em atividade;
Daniel Bruson;Brazil;Universidade Estadual Paulista Júlio de Mesquita Filho (UNESP), Bauru;-22.314722222222;-49.060555555556;Sorocaba, São Paulo, Brazil;;;male;Jornal Cruzeiro do Sul;médio;;Bravo! / Portal Porque;médio;FILE;;;;;-23.5015;-47.4526;;;;;;;;fonte recente indica artista em atividade;
Daniel Dugas;Canada;Université de Moncton;46.105;-64.7819;Montreal;;;male;;;;Wikidata;alta;FILE;;;;;45.508867;-73.554242;100.0;;;;;;;fonte recente indica artista em atividade;
Daniel Gazana;Brazil;formação em Desenho Industrial;;;Veranópolis, Rio Grande do Sul, Brazil;;;male;https://archive.file.org.br/participantes/daniel-gazana/;media;a fonte identifica a área de formação, mas não nomeia a instituição;IEEE Xplore;media;FILE;;;;media;-28.9340063;-51.5430183;100.0;;;;;;;fonte recente indica artista em atividade;
Daniel Grizante;Brazil;Universidade Presbiteriana Mackenzie> Pontifícia Universidade Católica de São Paulo> Universidade Anhembi Morumbi;-23.547> -23.6005;-46.652> -46.6749;Brazil;;;male;https://repositorio-api.animaeducacao.com.br/server/api/core/bitstreams/03bc7d2e-fca1-4e54-90ba-3359a722f18c/content | https://masp.org.br/masp-escola/design-de-exposicoes-e-o-uso-de-novas-tecnologias;alto;FILE explicita “País de Origem: Brazil”> preenchido em nível de país.;FILE Festival (País de Origem);alta;FILE;;;;alta;-10.769946429;-53.073466889;100.0;;;;;;;fonte recente indica artista em atividade;
Daniel Rourke;United Kingdom;Goldsmiths, University of London;51.474269444444445;-0.03541111111111111;Huddersfield;;;male;;;;Wikidata;alta;FILE;;;;;53.644295875;-1.78220197;100.0;;;;;;;fonte recente indica artista em atividade;
Daniel Senise;Brazil;Escola de Artes Visuais do Parque Lage> Universidade Federal do Rio de Janeiro;-22.9606;-43.212;Rio de Janeiro;;;male;https://www.danielsenise.com/sobre/daniel-senise/> https://www.guiadasartes.com.br/daniel-senise/biografia;;formou-se em engenharia civil na UFRJ e depois cursou formação artística livre no Parque Lage;Wikidata;alta;MAC USP;Rio de Janeiro, RJ;até 1980> 1981–1983;https://www.danielsenise.com/sobre/daniel-senise/;alta;-22.9014475;-43.1789159;100.0;;;;;;;fonte recente indica artista em atividade;
Daniel Sousa;Portugal;Rhode Island School of Design;41.825833333333;-71.407777777778;Cape Verde;;;male;;;;Wikidata;alta;FILE;;;;;15.083629282;-23.624671988;100.0;;;;;;;fonte recente indica artista em atividade;
Daniel Suljic;Croatia;Academy of Fine Arts in Zagreb> University of Applied Arts Vienna;45.8121;15.9624;Zagreb, Croatia;;;male;Animafest;médio;;Animafest / IMDb;alto;FILE;;;;;45.815916177;15.980642745;100.0;;;;;;;fonte recente indica artista em atividade;
Daniela Krajčová;Slovakia;Vysoká škola výtvarných umení v Bratislave> Vysoká škola múzických umení v Bratislave;48.1416> 48.14388889;17.1072> 17.10972222;Žilina, Slovakia;;;female;https://www.oskarcepan.sk/cv/55.pdf | https://secondaryarchive.org/artists/daniela-krajcova/;alto;;portfólio oficial / Secondary Archive;alto;FILE;;;;;49.223728185;18.740108104;100.0;;;;;;;fonte recente indica artista em atividade;
Danilo Di Prete;Brazil;Accademia Albertina di Belle Arti;45.0675;7.68944444;Pisa;;São Paulo;male;biografia institucional do artista> fontes de referência;;datas aproximadas;Wikidata;alta;MAC USP;Turim, Itália;c. 1930s;biografia institucional do artista> fontes de referência;media;43.7161354;10.3965843;100.0;-23.5486657;-46.6382522;100.0;Enciclopédia Itaú Cultural;Wikidata (São Paulo);Wikidata (São Paulo);;alta
Danilo Dias;Brazil;Universidade Federal da Bahia> Universidade do Estado da Bahia;-12.951417;-38.4595;Sete Lagoas, Minas Gerais, Brazil;;;male;Mapa da Palavra (FUNCEB);alto;;Editora Draco;médio;FILE;;;;;-19.4583;-44.2472;;;;;;;;fonte recente indica artista em atividade;
Daphné Durocher;France;École Georges Méliès;48.74245192283895;2.392101897752613;France;;;female;FILE Festival;médio;FILE explicita “País de Origem: France”> preenchido em nível de país.;FILE Festival (País de Origem);alta;FILE;;;;alta;46.559417044;2.550539953;100.0;;;;;;;fonte consultada sem local de morte explícito;
Darcy Penteado;Brazil;Liceu de Artes e Ofícios de São Paulo;-23.5331446;-46.6267577;São Roque;;São Roque;male;fontes biográficas de referência;;instituição identificada em fontes sumárias;Wikidata;alta;MAC USP;São Paulo, Brasil;s.d.;fontes biográficas de referência;baixa;-23.5309003;-47.1352674;100.0;-23.5288888889;-47.135;100.0;Enciclopédia Itaú Cultural;Wikidata (São Roque);Wikidata (São Roque);auditoria: local ajustado para São Roque com base em fonte institucional;alta
Darcílio Lima;Brazil;;;;Cascavel, CE, Brasil;;;male;fontes biográficas de referência;;artista frequentemente descrito como autodidata> sem escola formal localizada;Wikipédia em português;media;MAC USP;Rio de Janeiro, Brasil;;;media;-10.769946429;-53.073466889;;;;;;;;fontes divergentes sobre local de morte;
Darel Valença Lins;Brazil;Escola de Belas Artes do Recife (atual UFPE)> Liceu de Artes e Ofícios;-8.0517328;-34.9507155;Palmares, PE, Brasil;;Rio de Janeiro;male;https://www.escritoriodearte.com/artista/darel-valenca-lins;;depois entra em contato com Oswaldo Goeldi> mantidos apenas dados formativos explicitados na fonte;Wikipédia em português;media;MAC USP;Recife, Brasil> Rio de Janeiro, Brasil;1941–1942> 1948;https://www.escritoriodearte.com/artista/darel-valenca-lins;alta;-10.769946429;-53.073466889;;-22.9111111111;-43.2055555556;100.0;Enciclopédia Itaú Cultural;Wikidata (Rio de Janeiro);Wikidata (Rio de Janeiro);;alta
Darren McClure;United Kingdom;;;;Northern Ireland, United Kingdom;;;male;;;Fonte usa formulação de origem (“originally from Northern Ireland”), sem afirmar nascimento.;Loop.cl;baixa;FILE;;;;;54.787714;-6.492314;;;;;;;;fonte recente indica artista em atividade;
Dave Prosser;England;Royal College of Art;51.501388888889;-0.17888888888889;England;;;male;FILE Festival;médio;FILE explicita “País de Origem: England”> preenchido em nível de país.;FILE Festival (País de Origem);alta;FILE;;;;alta;52.355518;-1.17432;;;;;;;;fonte recente indica artista em atividade;
David Carson;United Kingdom;San Diego State University;32.775277777778;-117.07222222222;Corpus Christi, Texas, USA;;;male;site oficial David Carson Design;alto;;Britannica / Wikipedia;alto;FILE;;;;;27.796416;-97.404131;100.0;;;;;;;fonte recente indica artista em atividade;
David de Tewenoir;;;;;;;;;;;formação não localizada com segurança;;;MAC USP;;;;;;;;;;;;;;registro nominal do acervo não desambiguado com segurança;
David Dell’Edera;Hungary;Budapest Metropolitan University;47.50638889;19.135;Hungary;;;male;https://archive.file.org.br/participantes/david-delledera/ | https://www.animafest.hr/en/2017/authors/read/david_dell_edera;alto;;FILE Festival / Animafest;alto;FILE;;;;;47.16708877;19.4245317;100.0;;;;;;;fonte recente indica artista em atividade;
David James Armsby;Scotland;autodidata;;;Scotland, United Kingdom;;;male;https://www.youtube.com/@DeadSound | https://www.favoree.io/channel/deadsound;médio;autodidata mantido sem coordenadas> fontes localizadas informam apenas Escócia, sem cidade auditável;canal oficial no YouTube;media;FILE;;;;;56.94663175941;-4.154528959318;100.0;;;;;;;fonte recente indica artista em atividade;
David Mussel;Brazil;Escola de Belas Artes da Universidade Federal de Minas Gerais> Pontifícia Universidade Católica do Rio de Janeiro;-19.8690878> -22.97868;-43.9663841> -43.232819;Brazil;;;male;PUC-Rio (dissertação) | FILE Festival;alto;FILE explicita “País de Origem: Brazil”> preenchido em nível de país.;FILE Festival (País de Origem);alta;FILE;;;;alta;-10.769946429;-53.073466889;100.0;;;;;;;fonte recente indica artista em atividade;
David O'Reilly;Ireland;Dublin Institute of Art, Design and Technology (DLIADT);53.280292;-6.152882;Kilkenny, Ireland;;;male;ZKM;médio;;YveYANG Gallery / Wikipedia;alto;FILE;;;;;52.6537443;-7.2479557;100.0;;;;;;;fonte recente indica artista em atividade;
David Teniers the Younger;Habsburg Netherlands;estudos com David Teniers the Elder (pai);51.2234;4.4069;Antwerp;;Brussels;male;https://en.wikipedia.org/wiki/David_Teniers_the_Younger | https://www.britannica.com/biography/David-Teniers-the-Younger;;;Wikidata;alta;Museu Nacional de Belas Artes;Antuérpia;a partir de 1626;https://en.wikipedia.org/wiki/David_Teniers_the_Younger;alta;51.25942418;4.371799938;100.0;50.89806471;4.406264339;100.0;Britannica;Wikidata (Brussels);Wikidata (Brussels);;alta
Davide Mastrangelo;Italy;Accademia di Belle Arti di Bologna;44.497811111111;11.353188888889;Eboli, Italy;;;male;https://davidemastrangelo.it/ | https://www.cinemaemiliaromagna.it/professionista/davide-mastrangelo/;alto;;site oficial do artista;alto;FILE;Bolonha, Itália;;;;40.6153333;15.0587592;100.0;;;;;;;fonte recente indica artista em atividade;
Davy Crosta;France;ARIES School of Graphic and Motion Design;48.85666666666667;2.352222222222222;;;;male;FILE Festival;médio;Lote 8 pesquisado> sem fonte auditável suficiente para local de nascimento.;;;FILE;;;;;;;;;;;;;;fonte recente indica artista em atividade;
Debashis Sinha;Canada;;;;Winnipeg, Manitoba, Canada;;;male;;;;Soulpepper Theatre;alto;FILE;;;;;49.899897;-97.138865;100.0;;;;;;;"artista em atividade em fonte recente; sem óbito identificado";
Deborah Paiva;Brazil;Universidade de São Paulo (USP);-23.5613991;-46.7307891;Campo Grande, MS, Brasil;;São Paulo;female;https://www.mac.usp.br/mac/conteudo/cursoseventos/mac_encontra/2013_1/deborahpaiva.asp | https://janainatorres.com.br/deborah-paiva-1950-2022-uma-antologia/> https://www.mac.usp.br/mac/conteudo/cursoseventos/mac_encontra/2013_1/deborahpaiva.asp;;A fonte recuperada informa que a artista era formada em História pela USP> não localizei datas de estudo em fonte aberta confiável.;Janaina Torres Galeria;media;MAC USP;São Paulo;;;alta;-20.4435311;-54.6477573;;-23.55;-46.633;100.0;MAC USP;Wikipedia: São Paulo;Wikipedia: São Paulo;Local de morte preenchido a partir de ficha institucional do MAC USP.;alta
Delfim da Câmara;Brazil;Academia Imperial de Belas Artes (Aiba)> estudos com Manuel Joaquim de Melo Corte Real, Costa Miranda e José Correia de Lima;-22.91111111111111;-43.20555555555556;Magé, RJ, Brasil;;;male;https://enciclopedia.itaucultural.org.br/pessoas/6719-delfim-da-camara | https://pt.wikipedia.org/wiki/Delfim_da_C%C3%A2mara;;;Enciclopédia Itaú Cultural;alta;Museu Histórico Nacional;Rio de Janeiro;1848-1854;https://enciclopedia.itaucultural.org.br/pessoas/6719-delfim-da-camara | https://pt.wikipedia.org/wiki/Delfim_da_C%C3%A2mara;alta;-10.769946429;-53.073466889;;;;;;;;"fonte institucional menciona morte em 1916 sem local; campo mantido em branco";
Demian Rudel Rey;Argentina;Universidad Nacional de las Artes (UNA)> Conservatoire national supérieur musique et danse de Lyon (CNSMD de Lyon)> Universität für Musik und darstellende Kunst Graz (KUG)> Haute école des arts du Rhin (HEAR);-34.59472222> 45.76915> 47.0725;-58.39944444> 4.81262> 15.4503;Buenos Aires, Argentina;;;male;https://demianrudelrey.com.ar/es/biografia/ | https://www.demianrudelrey.com.ar/biographie/;alto;;site oficial do artista;alto;FILE;;;;;-34.6090264;-58.3732215;100.0;;;;;;;"artista em atividade em fonte recente; sem óbito identificado";
Denys Voloshyn;Ukraine;;;;Ukraine;;;male;;;;FILE Festival (País de Origem);alto;FILE;;;;;49.026898375;31.374926053;100.0;;;;;;;;
Desconhecido;;;;;;;;;;;;;;Museu de Arte Religiosa e Tradicional;;;;;;;;;;;;;;registro sem identificação nominal suficiente para pesquisa biográfica;
Diana Reichenbach;United States;University of Florida> University of Southern California;29.6475> 34.021667;-82.345> -118.285278;United States;;;female;Letterboxd/TMDB | iotaCenter/YouTube;médio;FILE explicita “País de Origem: United States”> preenchido em nível de país.;FILE Festival (País de Origem);alta;FILE;;;;alta;39.398703156;-99.41461919;100.0;;;;;;;"artista em atividade em fonte recente; sem óbito identificado";
Diana Salcedo;Colombia;Pontificia Universidad Javeriana> The New School, Parsons School of Design;4.62894444;-74.06485;Bucaramanga, Colombia;;;female;Danza en la Ciudad;alto;;Danza en la Ciudad;alto;FILE;;;;;7.1311813;-73.1250327;100.0;;;;;;;"artista em atividade em fonte recente; sem óbito identificado";
Dianne Bellino;United States;University of Iowa> Brown University;41.66166666666667> 41.82611111111111;-91.5363888888889> -71.40305555555555;United States;;;female;https://www.diannebellino.com/about;alto;FILE explicita “País de Origem: United States”> preenchido em nível de país.;FILE Festival (País de Origem);alta;FILE;;;;alta;39.398703156;-99.41461919;100.0;;;;;;;"artista em atividade em fonte recente; sem óbito identificado";
Diego de los Campos Orefice;;Instituto Nacional de Bellas Artes, Universidad de la República;-34.90591666666667;-56.19131111111111;Montevidéu, Uruguai;;;male;MASC> Escavador;;;MASC (FCC/SC);alta;Museu Victor Meirelles;Montevidéu, Uruguai;1997;Escavador;alta;-34.9055557;-56.1852505;;;;;;;;"artista em atividade em fonte recente; sem óbito identificado";
Diego Velázquez;Spain;aprendizado com Francisco Herrera, o Velho> oficina de Francisco Pacheco;> ;> ;Seville;Madrid;Madrid;male;https://en.wikipedia.org/wiki/Diego_Vel%C3%A1zquez | https://www.britannica.com/biography/Diego-Velazquez | https://www.diego-velazquez.org/biography.jsp;;A passagem por Herrera é menos documentada> por isso mantida com observação conservadora.;Wikidata;alta;MASP;Sevilha;c.1610-1617;https://en.wikipedia.org/wiki/Diego_Vel%C3%A1zquez | https://www.diego-velazquez.org/biography.jsp;media;37.38264;-5.9962951;100.0;40.4169;-3.7033;100.0;Britannica;Wikipedia: Madrid;Wikipedia: Madrid;"fontes adicionadas em auditoria; coordenadas auditadas para a cidade";alta
Dimitri Ismailovitch;Brazil;Pavel Military School;;;Sataniv;;Rio de Janeiro;male;https://archive.metromod.net/viewer.p/69/2949/object/5138-10436644;media;formação localizada refere-se a escola militar> não localizei nesta rodada escola de artes.;https://www.wikidata.org/wiki/Q4198627;media;;São Petersburgo;1907–1909;https://archive.metromod.net/viewer.p/69/2949/object/5138-10436644;media;49.2567;26.2406;;-22.91111;-43.20556;100.0;MAC USP;Wikipedia: Rio de Janeiro;Wikipedia: Rio de Janeiro;"fontes adicionadas em auditoria; coordenadas auditadas para a cidade";alta
Dimitri Venkov;Russia;University of Oregon;44.044166666667;-123.07583333333;Moscow, Russia;;;male;;;;Triumph Gallery / Kandinsky Prize;alto;FILE;;;;;55.7565408;37.6149202;100.0;;;;;;;"artista em atividade em fonte recente; sem óbito identificado";
Dimitris Gkikas;Germany;Aristotle University of Thessaloniki> National Technical University of Athens;40.63> 37.987863888889;22.958055555556> 23.731613888889;Athens, Greece;;;male;biografia profissional (INNER PLAN Design Studio);média;;FILE Festival;alto;FILE;;;;;37.9753357;23.7361497;100.0;;;;;;;"atividade recente em fonte aberta; sem óbito identificado";
Dina Al Khatib;Jordan;American University of Sharjah;25.309722;55.490556;Jordan;;;female;https://hayyjameel.org/programmes/the-assembly/2020-2/;médio;FILE explicita “País de Origem”> preenchido em nível de país.;FILE Festival (País de Origem);alto;FILE;;;;;30.585164;36.238414;;;;;;;;;
Dina Velikovskaya;Russia;Moscow State Academic Art School in Memory of 1905> Gerasimov Institute of Cinematography (VGIK)> High Animation School-Studio SHAR;55.793269> 55.75055555555556;37.62698> 37.6175;Moscow, Russia;;;female;FILE Festival;médio;;site oficial da artista / FILE Festival;alto;FILE;;;;;55.7565408;37.6149202;100.0;;;;;;;"artista em atividade em fonte recente; sem óbito identificado";
Dirk Koy;Switzerland;Basel Academy of Art and Design FHNW (HGK Basel);47.533055555555556;7.611;Basel, Switzerland;;;male;https://www.fhnw.ch/en/art-design/about/portrait-organisation/people/dirk-koy | https://www.kurzfilmtage.ch/en/archive/films/film-archive?fid=185&id_film=1851540;alto;;muda.co / Vimeo;media;FILE;;;;;47.556959234;7.593086695;100.0;;;;;;;"artista em atividade em fonte recente; sem óbito identificado";
Djamel Afnai;;École du Passage> Théâtre National de Chaillot> FAI-AR;-38.9398;-68.0533;;;;male;FAI-AR;alta;Lote 8 pesquisado> sem fonte auditável suficiente para local de nascimento.;;;FILE;;;;;;;;;;;;;;;
Djanira;Brazil;;;;Avaré;;Rio de Janeiro;female;;;;https://www.wikidata.org/wiki/Q1791605;alta;;;;;alta;-23.0992;-48.9259;;-22.91111;-43.20556;100.0;Enciclopédia Itaú Cultural;Wikipedia: Rio de Janeiro;Wikipedia: Rio de Janeiro;"fontes adicionadas em auditoria; coordenadas auditadas para a cidade";alta
Djanira Volpi;;Liceu de Artes e Ofícios;-22.91375;-43.171805555556;Brasil;;;female;https://www.ebiografia.com/djanira/> https://www.guiadasartes.com.br/djanira-da-motta-e-silva/quem-foi;;também teve aulas com Emeric Marcier e Milton Dacosta, em contexto não institucional | fonte localizada informa apenas o país de nascimento;MAC USP;alta;MAC USP;Rio de Janeiro, RJ;1940;https://www.ebiografia.com/djanira/;media;-10.769946429;-53.073466889;;;;;;;;fonte recente e fonte institucional sem óbito identificado;
Domenico Failutti;Kingdom of Italy;Gallerie dell'Accademia> Escola de Design da Sociedade dos Trabalhadores de Udine> Academia de Belas Artes de Veneza;46.066666666667> 45.431078;13.233333333333> 12.328139;Zugliano;;;male;https://pt.wikipedia.org/wiki/Domenico_Failutti;;A fonte também indica estudos de escultura, arte decorativa e plástico em Florença.;Wikidata;alta;Museu Paulista;Udine> Veneza> Florença;antes de sua carreira itinerante> sem datas completas na fonte;;media;45.7307962;11.525;100.0;;;;;;;"fonte secundária converge para Udine; mantido em branco por ausência de fonte institucional direta";
Domingos Clementino;;formação artística brasileira> instituição não identificada na fonte aberta consultada;> ;> ;;;;male;https://www.catalogodasartes.com.br/;;Registro conservador por falta de evidência aberta suficiente.;;;Museu Histórico Nacional;Brasil;;;baixa;;;;;;;;;;;
Domingos Sequeira;Kingdom of Portugal;Casa Pia de Lisboa> Aula Régia de Desenho> Academia Portuguesa de Roma;38.708042> -22.91111111111111> 41.893055555556;-9.139016> -43.20555555555556> 12.482777777778;Freguesia de Santa Maria de Belém;;Rome;male;https://pt.wikipedia.org/wiki/Domingos_Sequeira | https://eviterbo.fcsh.unl.pt/wiki/Domingos_Sequeira;;As fontes também mencionam aulas com Antonio Cavallucci em Roma.;Wikidata;alta;MASP;Lisboa> Roma;1781-1786> 1788 em diante;https://pt.wikipedia.org/wiki/Domingos_Sequeira | https://eviterbo.fcsh.unl.pt/wiki/Domingos_Sequeira;alta;-1.256715173036;-48.562918526235;95.21;41.89333;12.48278;100.0;Museu Nacional Soares dos Reis;Wikipedia: Rome;Wikipedia: Rome;"fontes adicionadas em auditoria; coordenadas auditadas para a cidade";alta
Donald Abad;France;École Nationale Supérieure des Arts Décoratifs de Paris (ENSAD Paris);48.85666666666667;2.352222222222222;France;;;male;Paris College of Art — https://www.paris.edu/faculty/abad-donald/> CNAP — https://www.cnap.fr/donald-abad-0;alto;FILE explicita “País de Origem: France”> preenchido em nível de país.;FILE Festival (País de Origem);alta;FILE;;;;alta;46.559417044;2.550539953;100.0;;;;;;;"artista em atividade em fonte recente; sem óbito identificado";
Donald Urquhart;United Kingdom;Edinburgh College of Art> Royal Academy Study Course at the Prado Museum;40.41388888888889;-3.692222222222222;Dumfries, Escócia;;;male;https://www.royalscottishacademy.org/exhibitions/210-donald-urquhart-rsa/overview | https://pssauk.org/public-sculpture-of-britain/biography/urquhart-donald/ | https://www.royalscottishacademy.org/publications/118-donald-urquhart-sketchbook/> https://www.royalscottishacademy.org/exhibitions/210-donald-urquhart-rsa/overview | https://pssauk.org/public-sculpture-of-britain/biography/urquhart-donald/;;;MAC USP Acervo;alta;MAC USP;Edimburgo> Madri;1978-1982> 1982;https://pssauk.org/public-sculpture-of-britain/biography/urquhart-donald/ | https://www.royalscottishacademy.org/publications/118-donald-urquhart-sketchbook/;alta;55.069939;-3.605;;;;;;;;"artista em atividade em fonte recente; sem óbito identificado";
Dropbear;Australia;;;;Melbourne, Australia;;;male;;;;CCCB / Best Ads on TV;médio;FILE;;;;;-37.815051434;144.960255426;;;;;;;;"nome artístico/estúdio em atividade; local de morte não se aplica";
DRTHRDWR;Netherlands;Sandberg Institute> Gerrit Rietveld Academie;52.34138888888889> 52.3413;4.860277777777777> 4.86;Netherlands;;;female;Academia.edu CV;médio;;FILE Festival (País de Origem);alta;FILE;;;;alta;52.249375293;5.616126398;100.0;;;;;;;"nome artístico em atividade; local de morte não se aplica";
Drude Mangaard;Kingdom of Denmark;The Animation Workshop;56.4561;9.40611;Denmark;;;female;FILE Festival — https://archive.file.org.br/participantes/drude-mangaard/> perfil pessoal — https://drudemangaard.blogspot.com/p/bio.html;alto;;FILE Festival (País de Origem);alta;FILE;;;;alta;55.959300779;10.053934054;100.0;;;;;;;;
Décio Villares;Brazil;Academia Imperial de Belas Artes;-22.91111111111111;-43.20555555555556;Rio de Janeiro;;Rio de Janeiro;male;Itaú Cultural> Arqnet;;fontes citam estudos com Paul Cabanel e Pedro Américo na Europa, sem instituição única claramente nomeada;Wikidata;alta;Museu Casa de Benjamin Constant;Rio de Janeiro> França e Itália;até 1872> 1872–1881;Itaú Cultural> Arqnet;media;-22.9014475;-43.1789159;100.0;-22.91111;-43.20556;100.0;Enciclopédia Itaú Cultural;Wikipedia: Rio de Janeiro;Wikipedia: Rio de Janeiro;"fontes adicionadas em auditoria; coordenadas auditadas para a cidade";alta
Dénes Ruzsa;Hungary;;;;Hungary;;;male;;;FILE explicita “País de Origem: Hungary”> preenchido em nível de país.;FILE Festival (País de Origem);alta;FILE;;;;alta;47.16708877;19.4245317;100.0;;;;;;;;
Désiré François Laugée;France;Beaux-Arts de Paris> Collège des Bons-Enfants> École des Beaux-Arts de Saint-Quentin> ateliê de Louis Nicolas Lemasle> École des Beaux-Arts de Paris> ateliê de François-Édouard Picot;49.265277777778> 49.850038;4.0286111111111> 3.284348;Maromme;Passy Cemetery;Paris;male;https://en.wikipedia.org/wiki/D%C3%A9sir%C3%A9_Fran%C3%A7ois_Laug%C3%A9e;;A fonte permite reconstruir a sequência formativa, mas não fornece cronologia anual completa para cada etapa.;Wikidata;alta;Museu Nacional de Belas Artes;Saint-Quentin> Paris;antes de 1845> formação inicial em Saint-Quentin e posterior ida a Paris;https://en.wikipedia.org/wiki/D%C3%A9sir%C3%A9_Fran%C3%A7ois_Laug%C3%A9e;alta;49.4811839;1.039354602;100.0;48.856372814;2.352529617;100.0;Paris Musées;Wikidata (Paris);Wikidata (Paris);auditoria: local ajustado de 16th arrondissement of Paris para Paris com base em fonte institucional;alta
E. F. Schute;;;;;;;;male;;;identificação parcial e fontes divergentes sobre a autoria> formação não localizada;;;MASP;;;;;;;;;;;;;;"fonte institucional indica dados biográficos escassos; local de morte não localizado";
E. Muller;;;;;;;;;;;;;;;;;;;;;;;;;;;;"nome abreviado; homônimo não desambiguado com segurança";
E. Presty;;;;;;;;;;;;;;Museu Histórico Nacional;;;;;;;;;;;;;;"nome abreviado; homônimo não desambiguado com segurança";
E. Ribeiro;;;;;;;;;;;;;;Museu Histórico Nacional;;;;;;;;;;;;;;"nome abreviado; homônimo não desambiguado com segurança";
Eden Chan;Taiwan;Taipei National University of the Arts;25.13406;121.47038;Taichung, Taiwan;;;male;FILE Festival;médio;;FILE Festival;alto;FILE;;;;;24.1634888;120.6467399;100.0;;;;;;;fonte recente indica artista em atividade;
Edgar Degas;France;Beaux-Arts de Paris> École des Beaux-Arts;48.85666666666667;2.333611111111112;Paris;Montmartre Cemetery;Paris;male;https://www.britannica.com/biography/Edgar-Degas> https://pt.wikipedia.org/wiki/Edgar_Degas;;também estudou no ateliê de Louis Lamothe e passou longos períodos copiando mestres no Louvre;Wikidata;alta;MASP;Paris, França;desde 1855;https://www.britannica.com/biography/Edgar-Degas;alta;48.856372814;2.352529617;100.0;48.856372814;2.352529617;100.0;Britannica;Wikidata (Paris);Wikidata (Paris);"fontes adicionadas em auditoria; coordenadas auditadas para a cidade";alta
Edgard Cognat;Brazil;curso de Belas Artes dirigido por Carlos Chambelland;-22.91111111111111;-43.20555555555556;Rio de Janeiro;;Rio de Janeiro;male;https://en.wikipedia.org/wiki/Edgard_Cognat | https://editoradegustar.com.br/produto/gravura-em-metal-edgard-cognat/;;Em gravura, as fontes indicam percurso autodidata> registrei apenas a formação que aparece com suporte explícito.;Wikidata;alta;Museu Histórico Nacional;Rio de Janeiro;aos 17 anos> aproximadamente a partir de 1936;https://en.wikipedia.org/wiki/Edgard_Cognat | https://editoradegustar.com.br/produto/gravura-em-metal-edgard-cognat/;media;-22.9014475;-43.1789159;100.0;-22.9014475;-43.1789159;100.0;Museu Histórico Nacional;Wikidata (Rio de Janeiro);Wikidata (Rio de Janeiro);"fontes adicionadas em auditoria; coordenadas auditadas para a cidade";alta
Edgard Parreiras;Brazil;Escola Nacional de Belas Artes;-22.8625055;-43.2256622;Niterói;;Niterói;male;fontes biográficas de referência;;formação associada ao meio acadêmico carioca> datas aproximadas;Wikidata;alta;Museu Regional São João Del Rey;Rio de Janeiro, Brasil;1930s–1940s;fontes biográficas de referência;baixa;-22.8898227;-43.1220775;100.0;-22.8898227;-43.1220775;100.0;Enciclopédia Itaú Cultural;Wikidata (Niterói);Wikidata (Niterói);"fontes adicionadas em auditoria; coordenadas auditadas para a cidade";alta
Edmond Marie Petitjean;France;Faculty of Law at Nancy / estudos de direito> formação artística autodidata;> ;> ;Neufchâteau;;Paris;male;https://en.wikipedia.org/wiki/Edmond_Marie_Petitjean | https://www.fineartphotographyvideoart.com/2020/06/Edmond-Marie-Petitjean.html;;As fontes indicam estudos de direito e trajetória artística autodidata> sem escola formal de arte identificada.;Wikidata;alta;MASP;Nancy> Paris;sem datas exatas na fonte;;media;49.851030059;5.433381055;100.0;48.856372814;2.352529617;100.0;BnF;Wikidata (Paris);Wikidata (Paris);"fontes adicionadas em auditoria; coordenadas auditadas para a cidade";alta
Edmond Viancin;France;formação artística francesa> instituição não identificada na fonte aberta consultada;> ;> ;France;;;male;https://www.brasilianaiconografica.art.br/;;Dados abertos insuficientes para instituição específica.;Wikidata;alta;Museu Paulista;França;;;baixa;46.559417044;2.550539953;100.0;;;;;;;"fonte aberta consultada informa a data de morte, sem local explícito; campo mantido em branco";
Edouard Vienot;France;Beaux-Arts de Paris> École des Beaux-Arts> discípulo de Louis Hersent e Paulin Guérin;48.85666666666667;2.333611111111112;Fontainebleau;;Brussels;male;https://pt.wikipedia.org/wiki/%C3%89douard_Vi%C3%A9not | https://artsandculture.google.com/entity/%C3%89douard-vi%C3%A9not/m05c3q8;;;Wikidata;alta;Museu Paulista;Paris;ingresso em 4 out. 1822;https://pt.wikipedia.org/wiki/%C3%89douard_Vi%C3%A9not | https://artsandculture.google.com/entity/%C3%89douard-vi%C3%A9not/m05c3q8;alta;48.404740851;2.701648778;100.0;50.85045;4.34878;100.0;Wikipédia (fr);GeoDatos (Brussels);GeoDatos (Brussels);"auditoria: local ajustado de Brussels metropolitan area para Brussels; coordenadas corrigidas";media
Edouard Vienot | Morisset;;École des Beaux-Arts;48.85666666666667;2.333611111111112;;;;;Wikipedia> Itaú Cultural;;registro possivelmente composto com outro nome ('Morisset')> preencher com cautela;;;Museu Regional São João Del Rey;Paris, França;desde 1822;Wikipedia;baixa;;;;;;;;;;"registro composto/atelier; local de morte não atribuível com segurança";
Eduard Hildebrandt;Kingdom of Prussia;formação com o pintor marinho Wilhelm Krause;52.50916666666667;13.32694444444444;Gdańsk;;Berlin;male;https://en.wikipedia.org/wiki/Eduard_Hildebrandt | https://www.britannica.com/biography/Eduard-Hildebrandt;;Não foi localizada academia formal inequívoca nas fontes consultadas.;Wikidata;alta;Pinacoteca de São Paulo;Berlim;c.1826 em diante;https://en.wikipedia.org/wiki/Eduard_Hildebrandt;media;54.351887748;18.646338873;100.0;52.517669999;13.405537999;100.0;Kulturstiftung;Wikidata (Berlin);Wikidata (Berlin);"fontes adicionadas em auditoria; coordenadas auditadas para a cidade";alta
Eduardo Abrantes;Portugal;Escola António Arroio> Escola Superior de Belas-Artes de Lisboa> Universidade Aberta;38.73611111> 38.708042;-9.12722222> -9.139016;Lisbon, Portugal;;;male;currículo aberto — https://eapinturaedesenho.blogspot.com/p/curriculo.html> galeriadearte.pt — https://galeriadearte.pt/artista/eduardo-abrantes-artista-plastico/;médio;;site oficial / Academia.edu;alto;FILE;;;;;38.7070085;-9.1356407;100.0;;;;;;;fonte recente indica artista em atividade;
Eduardo De Martino;Kingdom of the Two Sicilies;Accademia di Belle Arti di Napoli> formação na marinha italiana> inicia pintura em Nápoles sob influência da School of Resina;40.8516> >;14.2512> >;Meta;St Mary's Catholic Cemetery, Kensal Green;London;male;https://en.wikipedia.org/wiki/Edoardo_De_Martino | https://ims.com.br/por-dentro-acervo/edoardo-de-martino-marinheiro-e-pintor-por-lucia-kluck-stumpf/;;Não foi localizada escola formal de arte em fonte aberta recuperada> mantido preenchimento conservador.;Wikidata;alta;Pinacoteca de São Paulo;Nápoles;por volta dos 30 anos> sem data exata na fonte;;baixa;3.348639371526;-72.955689048345;100.0;51.50740836;-0.127698693;100.0;Brasiliana Iconográfica;Wikidata (London);Wikidata (London);"fontes adicionadas em auditoria; coordenadas auditadas para a cidade";alta
Eduardo de Sá;Brazil;Academia Imperial de Belas Artes> Académie Julian> aulas particulares de escultura com Rodolfo Bernardelli;-22.91111111111111;-43.20555555555556;Rio de Janeiro;;Rio de Janeiro;male;https://pt.wikipedia.org/wiki/Eduardo_de_S%C3%A1 | https://www.catalogodasartes.com.br/artista/Eduardo%20de%20S%EF%BF%BD/;;As fontes também citam formação inicial particular com Vítor Meireles.;Wikidata;alta;Museu Histórico Nacional;Rio de Janeiro> Paris> Florença;matrícula em 1883> sem datas exatas para Paris e Florença na fonte;https://pt.wikipedia.org/wiki/Eduardo_de_S%C3%A1 | https://www.catalogodasartes.com.br/artista/Eduardo%20de%20S%EF%BF%BD/;alta;-22.9014475;-43.1789159;100.0;-22.9014475;-43.1789159;100.0;Enciclopédia Itaú Cultural;Wikidata (Rio de Janeiro);Wikidata (Rio de Janeiro);"fontes adicionadas em auditoria; coordenadas auditadas para a cidade";alta
Eduardo Eloy;Brazil;Escola de Artes Visuais do Parque Lage> Centro Educacional Municipal Calouste Gulbenkian> Museu de Arte Moderna do Rio de Janeiro;-22.9606> 38.736666666667> -22.91111111111111;-43.212> -9.1541666666667> -43.20555555555556;Fortaleza;;;male;https://www.cps.pt/pt/artistas/eduardo-eloy> https://mapacultural.secult.ce.gov.br/agente/36535/;;fontes convergem para formação em gravura e artes visuais no Rio;Wikidata;alta;MAC USP;Rio de Janeiro, Brasil> Rio de Janeiro, Brasil> Rio de Janeiro, Brasil;1976–1981> 1976–1981> 1976–1981;https://www.cps.pt/pt/artistas/eduardo-eloy > https://mapacultural.secult.ce.gov.br/agente/36535/;alta;-3.7184625;-38.5416698;100.0;;;;;;;fonte recente indica artista em atividade;
Eduardo Jonquières;Argentina;Academia Nacional de Bellas Artes> Escuela Normal del Profesorado Mariano Acosta;-34.599722222222;-58.381944444444;Buenos Aires;;Paris;male;https://artedelaargentina.com/disciplinas/artista/pintura/eduardo-jonquieres> https://www.ecured.cu/Eduardo_Jonqui%C3%A8res;;fontes sumárias convergem para formação em Buenos Aires> datas aproximadas;Wikidata;alta;MAC USP;Buenos Aires, Argentina;c. 1930s–1940s> c. 1940s;https://artedelaargentina.com/disciplinas/artista/pintura/eduardo-jonquieres > https://www.ecured.cu/Eduardo_Jonqui%C3%A8res;media;-34.6090264;-58.3732215;100.0;48.856372814;2.352529617;100.0;MAC USP;Wikidata (Paris);Wikidata (Paris);Local de morte preenchido a partir de ficha institucional do MAC USP.;alta
Eduardo Nespoli;Brazil;Universidade Estadual de Campinas;-22.817222222222;-47.069444444444;Brazil;;;male;FILE Festival;médio;;FILE Festival (País de Origem);alta;FILE;;;;alta;-10.769946429;-53.073466889;100.0;;;;;;;fonte recente indica artista em atividade;
Egon Schiele;Cisleithania;Academy of Fine Arts Vienna> Akademie der bildenden Künste Wien;48.201388888889;16.365277777778;Tulln an der Donau;Ober Sankt Veiter Friedhof;Vienna;male;fontes biográficas de referência;;;Wikidata;alta;MAC USP;Viena, Áustria;1906–1909;fontes biográficas de referência;alta;48.3310442;16.05207;100.0;48.2092062;16.3727778;100.0;Britannica;Wikidata (Vienna);Wikidata (Vienna);"fontes adicionadas em auditoria; coordenadas auditadas para a cidade";alta
Ekin Başaran;Turkey;New York University Abu Dhabi;24.5239;54.4346;Istanbul, Turkey;;;female;NYU Abu Dhabi — https://www.nyu.ae/en/news/latest-news/global-learning/2017/october/graphic-animations-light-up-brazilian-art-festival.html> FILE Festival — https://archive.file.org.br/participantes/ekin-basaran/;médio;;FILE Festival;alto;FILE;;;;;41.0129952;28.9747973;100.0;;;;;;;sem óbito identificado em fonte aberta consultada;
El Greco;Crown of Castile;Escola cretense (Cretan school);;;Heraklion;Monastery of Saint Dominic of Silos;Toledo;male;https://pt.wikipedia.org/wiki/El_Greco | https://www.el-greco-foundation.org/biography.html;;A formação inicial aparece como treinamento na tradição/Escola cretense, sem datas precisas.;Wikidata;alta;MASP;Creta;sem data exata na fonte;;media;35.3292189;25.1386597;100.0;39.8581;-4.02263;100.0;Britannica;GeoDatos (Toledo, Espanha);GeoDatos (Toledo, Espanha);auditoria: coordenadas corrigidas para Toledo, Espanha;alta
Elaine Hoey;Ireland;National College of Art and Design;53.34277778;-6.27888889;Ireland;;;female;National Sculpture Factory — https://nationalsculpturefactory.com/artists/elaine-hoey/> NCAD — https://www.ncad.ie/directory/view/elaine-hoey;alto;;IMMA;alto;FILE;;;;;53.175879846;-8.146006147;100.0;;;;;;;fonte recente indica artista em atividade;
Elena Negoiu;Romania;New York University Abu Dhabi;24.5239;54.4346;Romania;;;female;NYU Abu Dhabi — https://f5.publicprograms.nyuad.nyu.edu/en/academics/divisions/engineering/instructors/elena-negoiu.html;alto;;FILE Festival (País de Origem);alta;FILE;;;;alta;45.943161;24.96676;;;;;;;;"fonte recente indica atividade profissional em 2025; sem óbito identificado";
Eleonore Koch;Germany;aulas com Yolanda Mohalyi, Elisabeth Nobiling, Samson Flexor e Bruno Giorgi> ateliês de Árpád Szenes e Robert Coutin> ateliê de Alfredo Volpi;> > ;> > ;Berlin;;São Paulo;female;https://www.guiadasartes.com.br/eleonore-koch/obras-e-biografia;;trajetória formativa baseada em ateliês e estudo com artistas;Wikidata;alta;MAC USP;São Paulo, Brasil> Paris, França> São Paulo, Brasil;até 1949> 1949> 1953–1956;https://www.guiadasartes.com.br/eleonore-koch/obras-e-biografia;alta;52.517669999;13.405537999;100.0;-23.5486657;-46.6382522;100.0;Enciclopédia Itaú Cultural;Wikidata (São Paulo);Wikidata (São Paulo);"fontes adicionadas em auditoria; coordenadas auditadas para a cidade";alta
Eli Heil;Brazil;;;;Palhoça, SC, Brasil;;Florianópolis;female;fontes biográficas de referência;;artista autodidata> sem escola formal localizada;Wikipédia em português;media;MAC USP;Blumenau, Brasil;;;media;-10.769946429;-53.073466889;;-27.5969123;-48.5495751;100.0;Enciclopédia Itaú Cultural;Wikidata (Florianópolis);Wikidata (Florianópolis);Local de morte preenchido a partir de fonte institucional.;alta
Elisa;;Instituto de Artes da UFRGS> Programa de Pós-Graduação em Artes Visuais da UDESC;-30.0292> -27.60111111;-51.2233> -48.52;;;;;UFRGS Lume> repositório UDESC> Escavador;;dissertação de mestrado na UFRGS e doutorado em Artes Visuais na UDESC concluído em 2021> graduação não localizada com segurança;;;Museu Victor Meirelles;Porto Alegre, RS> Florianópolis, SC;;;media;;;;;;;;;;registro sem identificação nominal suficiente para pesquisa biográfica;
Elisa Kiyoko Gunz;;Instituto de Artes da UFRGS> Programa de Pós-Graduação em Artes Visuais da UDESC;-30.0292> -27.60111111;-51.2233> -48.52;;;;female;UFRGS Lume> repositório UDESC> Escavador;;dissertação de mestrado na UFRGS e doutorado em Artes Visuais na UDESC concluído em 2021> graduação não localizada com segurança;;;;Porto Alegre, RS> Florianópolis, SC;;;media;;;;;;;;;;identificada em exposição/acervo, sem dados biográficos suficientes para localizar óbito;
Elisa Martins da Silveira;Brazil;;;;Teresina;;Rio de Janeiro;female;fontes biográficas de referência;;artista descrita como autodidata ou de formação não institucional claramente localizada;Wikidata;alta;MAC USP;Porto Alegre, Brasil;s.d.;fontes biográficas de referência;baixa;-5.0879258;-42.8009765;100.0;-22.9014475;-43.1789159;100.0;MAC USP;Wikidata (Rio de Janeiro);Wikidata (Rio de Janeiro);"fontes adicionadas em auditoria; coordenadas auditadas para a cidade";alta
Elisa Turco;Italy;Università di Bologna (DAMS)> ERT - Emilia Romagna Teatro;44.493888888889> 44.64582;11.342777777778> 10.92572;Italy;;;female;Rome Art Week — https://romeartweek.com/en/artists/?code=NVMAXW;médio;;FILE Festival (País de Origem);alta;FILE> Museu Paulista;;;;alta;42.83333;12.83333;100.0;;;;;;;fonte recente indica artista em atividade;
Eliseu Visconti;Kingdom of Italy;Académie Julian> Liceu de Artes e Ofícios> Academia Imperial de Belas Artes> Atelier Livre;-22.91111111111111> -30.032777777778;-43.20555555555556> -51.23;Giffoni Valle Piana;;Rio de Janeiro;male;Projeto Eliseu Visconti;;mais tarde ganhou prêmio de viagem à Europa> datas europeias não consolidadas neste passe;Wikidata;alta;Museu Nacional de Belas Artes;Rio de Janeiro;1884–1885> desde 1885> c. 1890;Projeto Eliseu Visconti;alta;40.7190349;14.9437285;100.0;-22.9014475;-43.1789159;100.0;Enciclopédia Itaú Cultural;Wikidata (Rio de Janeiro);Wikidata (Rio de Janeiro);"fontes adicionadas em auditoria; coordenadas auditadas para a cidade";alta
Elke Hering Bell;Brazil;Escola de Belas Artes de Karlsruhe;49.016666666667;8.4;Blumenau;;Blumenau;female;fontes biográficas de referência;;formação artística mencionada em biografias sumárias;Wikidata;alta;Museu Victor Meirelles;Blumenau, Brasil> Karlsruhe, Alemanha;1950s;fontes biográficas de referência;baixa;-26.9189417;-49.0660575;100.0;-26.9189417;-49.0660575;100.0;Enciclopédia Itaú Cultural;Wikidata (Blumenau);Wikidata (Blumenau);"fontes adicionadas em auditoria; coordenadas auditadas para a cidade";alta
Elli Vuorinen;Finland;Turku Arts Academy;60.45166666666667;22.26694444444444;Finland;;;female;FILE Festival;médio;fonte identifica apenas o país de nascimento;IFFR;médio;FILE;;;;;61.92411;25.748151;;;;;;;;fonte recente indica artista em atividade;
Emanuele Kabu;Italy;autodidata;46.1398994;12.2176668;Belluno, Italy;;;male;It’s Nice That — https://www.itsnicethat.com/articles/emanuele-kabu-animation-100118> site oficial — https://www.emanuelekabu.org/about/ | site oficial / Raum Italic / FILE Festival;médio;autodidata> coordenadas atribuídas à cidade natal associada ao início da trajetória artística;site oficial / BilBOlbul;alto;FILE;Belluno;;;baixa;46.1398994;12.2176668;100.0;;;;;;;fonte recente indica artista em atividade;
Emeric Marcier;Brazil;Accademia di Belle Arti di Brera> École Nationale Supérieure des Beaux-Arts;45.47222222;9.18888889;Cluj-Napoca;;Paris;male;https://www.escritoriodearte.com/artista/emeric-marcier;;;Wikidata;alta;MAC USP;Milão, Itália> Paris, França;1935–1938> 1939;https://www.escritoriodearte.com/artista/emeric-marcier;alta;46.7709185;23.5899178;100.0;48.856372814;2.352529617;100.0;Enciclopédia Itaú Cultural;Wikidata (Paris);Wikidata (Paris);"fontes adicionadas em auditoria; coordenadas auditadas para a cidade";alta
Emerik Fejes;Yugoslavia;;;;Osijek;;Novi Sad;male;https://en.wikipedia.org/wiki/Emerik_Fejes;;artista autodidata> sem escola formal localizada;Wikidata;alta;MAC USP;Subotica, Sérvia;;;media;45.552721117;18.685303875;100.0;45.2545531;19.842576;100.0;Novi Sad Tourism Organisation;Wikidata (Novi Sad);Wikidata (Novi Sad);"fontes adicionadas em auditoria; coordenadas auditadas para a cidade";media
Emi Nakano;;;;;;;;;;;possível homônimo> formação não localizada com segurança;;;MAC USP;;;;;;;;;;;;;;homônimo/identificação nominal insuficiente para atribuir local de morte com segurança;
Emile Claus;Belgium;Royal Academy of Fine Arts> Academy of Waregem> Antwerp Academy of Fine Arts;50.88107833333333> 51.2234;3.400099444444444> 4.4069;Sint-Eloois-Vijve;Villa Zonneschijn;Astene;male;https://en.wikipedia.org/wiki/Emile_Claus;;A fonte também cita Jacob Jacobs e Nicaise de Keyser como mestres.;Wikidata;alta;MASP;Waregem> Antuérpia;infância> 1869-1874;https://en.wikipedia.org/wiki/Emile_Claus;alta;50.90911;3.41545;100.0;50.98512;3.56654;100.0;Ben Uri Research Unit;Wikidata (Astene);Wikidata (Astene);"fontes adicionadas em auditoria; coordenadas auditadas para a cidade";media
Emile Geissberger;;École d’Art de La Chaux-de-Fonds;47.099627777778;6.8295583333333;Zürich, Suíça;;;;fontes biográficas de referência;;instituição identificada em fontes secundárias;MAC USP;alta;MAC USP;La Chaux-de-Fonds, Suíça;s.d.;fontes biográficas de referência;baixa;47.38454096;8.529927493;;;;;;;;sem local de morte explícito em fonte robusta localizada;
Emiliano Di Cavalcanti;Brazil;Colégio Pio Americano> Faculdade de Direito do Largo de São Francisco;41.890166> -23.55;12.434586> -46.63722222;Rio de Janeiro;;Rio de Janeiro;male;Guia das Artes;;formação artística majoritariamente extraescolar no período inicial;Wikidata;alta;MAC USP;Rio de Janeiro> São Paulo;1916;Guia das Artes;media;-22.9014475;-43.1789159;100.0;-22.9014475;-43.1789159;100.0;MAC USP;Wikidata (Rio de Janeiro);Wikidata (Rio de Janeiro);"fontes adicionadas em auditoria; coordenadas auditadas para a cidade";alta
Emiliano Zucchini;Italy;;;;Frascati, Italy;;;male;;;;Homeostasis Lab;media;FILE;;;;;41.8062042;12.6804299;100.0;;;;;;;fonte recente indica artista em atividade;
Emilio Vedova;Italy;aulas noturnas de decoração no Carmini;45.4286;12.3305;Venice;Cemetery of San Michele;Venice;male;Peggy Guggenheim Collection> Wikipedia;;Principalmente autodidata> registro mantido por haver fonte explícita para aulas noturnas.;Wikidata;alta;MAC USP;Veneza, Itália;c. final dos anos 1930;Peggy Guggenheim Collection;media;45.434608;12.338913;100.0;45.434608;12.338913;100.0;Treccani;Wikidata (Venice);Wikidata (Venice);"fontes adicionadas em auditoria; coordenadas auditadas para a cidade";alta
Emma Vakarelova;Bulgaria;Ilia Petrov National High School of Fine Arts> Estienne School> Royal Academy of Fine Arts> European School of Higher Education in Image (EESI)> La Poudrière;42.68753> 48.83107122055735> 45.6526> 44.9475;23.32852> 2.351990735918997> 0.151541> 4.8952777777778;Sofia, Bulgaria;;;female;site oficial da artista;médio;;site oficial da artista / FILE Festival;alto;FILE;;;;;42.6964917;23.3260106;100.0;;;;;;;fonte recente indica artista em atividade;
Emmanuel Nassar;Brazil;Universidade Federal do Pará;-25.428888888889;-49.2675;Capanema;;;male;https://enciclopedia.itaucultural.org.br/pessoas/2814-emmanuel-nassar;;formação em arquitetura;Wikidata;alta;MAC USP;Belém, Brasil;1969–1974;https://enciclopedia.itaucultural.org.br/pessoas/2814-emmanuel-nassar;alta;-1.1991117;-47.1809146;100.0;;;;;;;fonte recente indica artista em atividade;
Emmanuelle Leleu;France;Supinfocom Arles (atual MoPA);43.67670;4.6278;France;;;female;Digital Production — https://digitalproduction.com/?p=99106> Cartoon Brew — https://www.cartoonbrew.com/cgi/a-la-francaise-by-julien-hazebroucq-emmanuelle-leleu-morrigane-boyer-william-lorton-ren-hsien-hsu-95939.html;médio;FILE explicita “País de Origem: France”> preenchido em nível de país.;FILE Festival (País de Origem);alta;FILE;;;;alta;46.559417044;2.550539953;100.0;;;;;;;fonte recente indica artista em atividade;
Emídio de Souza;Brazil;;;;Itanhaém, SP, Brasil;;;male;;;;Prefeitura de Itanhaém;media;;;;;;-24.1831686;-46.7895176;;;;;;;;fonte institucional localizada, mas sem local de morte explícito;
Emília Ceccarelli;;;;;São Paulo, SP, Brasil;;;female;;;biografia localizada> formação não localizada com segurança;MAC USP;alta;MAC USP;;;;;-23.5486657;-46.6382522;;;;;;;;sem local de morte explícito em fonte institucional localizada;
Eran Hilleli;Israel;Bezalel Academy of Arts and Design;31.781166666666667;35.22361111111111;Israel;;;male;FILE Festival;médio;FILE explicita “País de Origem: Israel”> preenchido em nível de país.;FILE Festival (País de Origem);alta;FILE;Jerusalém, Israel;;;alta;31.977711512;34.979217692;100.0;;;;;;;fonte recente indica artista em atividade;
Erdal İnci;Turkey;Hacettepe University;39.867222222222;32.734444444444;Ankara, Turkey;;;male;;;;portfólio oficial / Art On Istanbul;alto;FILE;;;;;39.8965202;32.8619738;100.0;;;;;;;fonte recente indica artista em atividade;
Eri Kassnel;Romania;Bern University of the Arts> Augsburg University of Applied Sciences;46.94666666666667> 48.355277777778;7.391388888888889> 10.905;Timișoara, Romania;;;female;site oficial — https://eri-kassnel.de/en-info/kassnel-henneberg-media-artist/> Numeridanse — https://numeridanse.com/en/profile/kassnel-eri/;alto;;Flee Immediately / Fuck you, next;media;FILE;;;;;45.7509747;21.2261973;100.0;;;;;;;fonte recente indica artista em atividade;
Eric Lefaure;France;;;;France;;;male;;;fonte biográfica identifica apenas o país> preenchimento mantido em nível de país.;FILE Festival / It’s Nice That;médio;FILE;;;;;46.559417044;2.550539953;100.0;;;;;;;fonte recente indica artista em atividade;
Erica Gualandi;United Kingdom;Bournemouth University;50.7432;-1.8969;United Kingdom;;;female;FILE Festival — https://archive.file.org.br/participantes/erica-gualandi/> Vimeo/NCCA Degree Show — https://vimeopro.com/nccaanimation/undergraduatedegreeshow2017/video/225838598;alto;FILE explicita “País de Origem: United Kingdom”> preenchido em nível de país.;FILE Festival (País de Origem);alta;FILE;;;;alta;53.408386605;-1.969559544;100.0;;;;;;;"atividade profissional recente localizada; sem óbito identificado";
Erica Kaminishi;;Faculdade de Artes do Paraná> Nihon University;-25.4096065;-49.2484327;Mato Grosso, Brasil;;;female;site da artista> Olhar InComum;;bacharela em Artes Plásticas e mestre em Artes Visuais> fontes também citam estudos de cerâmica e programa de doutorado no Japão, sem grau confirmado | fonte localizada informa apenas o estado de nascimento;site oficial da artista;alta;Museu Victor Meirelles;Curitiba, PR> Tóquio, Japão;;;media;-10.769946429;-53.073466889;;;;;;;;fonte recente indica artista em atividade;
Erich Brill;German Reich;escolas de arte em Hamburgo e Frankfurt;50.11055555555556;8.682222222222222;Lübeck;;Jungfernhof concentration camp;male;https://www.askart.com/bio/Erich_Arnold_Brill/11091033/Erich_Arnold_Brill;;A fonte recuperada usa o nome completo Erich Arnold Brill.;Wikidata;alta;MAC USP;Hamburgo> Frankfurt;após doutorado em economia> sem datas exatas na fonte;;media;53.866268999;10.683932;100.0;56.8923056;24.1981111;76.43;"Deutsche Biographie; Wikipédia (de)";Wikidata (Jungfernhof concentration camp);Wikidata (Jungfernhof concentration camp);auditoria: coordenadas corrigidas para Jungfernhof concentration camp, perto de Riga;media
Erin Gee;Canada;Concordia University;45.496944444444445;-73.57805555555555;Regina, Saskatchewan, Canada;;;female;;;;Toronto Biennial of Art;alto;FILE;;;;;50.448119;-104.615859;100.0;;;;;;;fonte recente indica artista em atividade;
Ernest Ange Duez;France;Beaux-Arts de Paris> École des Beaux-Arts de Paris;48.85680555555555> 48.85680555555555;2.333277777777778> 2.333277777777778;former 3rd arrondissement of Paris;Montmartre Cemetery;Saint-Germain-en-Laye;male;https://fr.wikipedia.org/wiki/Ernest_Ange_Duez;;aluno nos ateliês de Isidore Pils e Carolus-Duran;Wikidata;alta;Pinacoteca de São Paulo;Paris, França;s.d.;https://fr.wikipedia.org/wiki/Ernest_Ange_Duez;media;43.309522766634;5.370419622038;85.38;48.898970617;2.093804863;100.0;Museo Nacional Thyssen-Bornemisza;Wikidata (Saint-Germain-en-Laye);Wikidata (Saint-Germain-en-Laye);"fontes adicionadas em auditoria; coordenadas auditadas para a cidade";alta
Ernestina Sanná Karman;Brazil;ateliê de Samson Flexor;-23.5331446;-46.6267577;Santos;;São Paulo;female;fontes biográficas de referência;;formação em ateliê explicitada em fontes sumárias;Wikidata;alta;MAC USP;São Paulo, Brasil;s.d.;fontes biográficas de referência;baixa;-23.9562885;-46.3264601;100.0;-23.5486657;-46.6382522;100.0;Enciclopédia Itaú Cultural;Wikidata (São Paulo);Wikidata (São Paulo);Local de morte preenchido a partir de fonte institucional.;alta
Ernesto de Fiori;Austria;Königliche Akademie der Bildenden Künste;52.362906786;4.917817469;Rome;;São Paulo;male;https://enciclopedia.itaucultural.org.br/pessoas/3015-ernesto-de-fiori;;A Enciclopédia Itaú Cultural informa estudos de desenho em Munique com Gabriel von Hackl na Real Academia.;Wikidata;alta;MAC USP;Munique, Alemanha;1903–1905;https://enciclopedia.itaucultural.org.br/pessoas/3015-ernesto-de-fiori;alta;41.8905568;12.4942679;100.0;-23.5486657;-46.6382522;100.0;MAC USP;Wikidata (São Paulo);Wikidata (São Paulo);"fontes adicionadas em auditoria; coordenadas auditadas para a cidade";alta
Ernesto Meyer Filho;Brazil;;;;Itajaí;;Florianópolis;male;fontes biográficas de referência;;artista autodidata> sem escola formal localizada;Wikidata;alta;MAC USP;Florianópolis, Brasil;;;media;-26.9083405;-48.6626099;100.0;-27.5969123;-48.5495751;100.0;;;;;
Ernst Nowak;Cisleithania;Akademie der bildenden Künste Wien;48.201388888889;16.365277777778;Opava;;Vienna;male;https://www.biographien.ac.at/oebl/oebl_N/Novak_Ernst_1851_1919.xml;;A fonte aberta também informa os professores K. Mayer, Wurzinger e Eisenmenger.;Wikidata;alta;Museu Histórico Nacional;Viena;1871-1881;https://www.biographien.ac.at/oebl/oebl_N/Novak_Ernst_1851_1919.xml;alta;49.936506356;17.904929924;100.0;48.2092062;16.3727778;100.0;ÖBL / biographien.ac.at;Wikidata (Vienna);Wikidata (Vienna);"fontes adicionadas em auditoria; coordenadas auditadas para a cidade";alta
Erwin Günther;Germany;Kunstakademie Düsseldorf;51.23054;6.77365;Hamburg;;Düsseldorf;male;https://de.wikipedia.org/wiki/Erwin_G%C3%BCnther_%28Maler%29;;A fonte também informa Olof Jernberg como professor.;Wikidata;alta;MASP;Düsseldorf;sem data exata na fonte;https://de.wikipedia.org/wiki/Erwin_G%C3%BCnther_%28Maler%29;alta;53.550677999;9.99697;100.0;51.224219999;6.780068;100.0;"Wikipedia (de); Wikimedia Commons";Wikidata (Düsseldorf);Wikidata (Düsseldorf);"fontes abertas convergentes; coordenadas auditadas para a cidade";media
Estanislau Antônio de Miranda (?);;;;;;;;;;;identificação incerta> formação não localizada com segurança;;;Museu do Diamante;;;;;;;;;;;;;;homônimo/identificação nominal incerta para atribuir local de morte;
Estêvão Silva;Brazil;Academia Imperial de Belas Artes;-22.91111111111111;-43.20555555555556;Niterói;;Rio de Janeiro;male;https://pt.wikipedia.org/wiki/Est%C3%AAv%C3%A3o_Silva | https://projetoafro.com/artista/estevao-silva/;;As fontes recuperadas também identificam Victor Meirelles, Jules Le Chevrel e Agostinho José da Mota como mestres.;Wikidata;alta;Pinacoteca de São Paulo;Rio de Janeiro;ingressa em 1864;https://projetoafro.com/artista/estevao-silva/;alta;-22.8898227;-43.1220775;100.0;-22.9014475;-43.1789159;100.0;Enciclopédia Itaú Cultural;Wikidata (Rio de Janeiro);Wikidata (Rio de Janeiro);"fontes adicionadas em auditoria; coordenadas auditadas para a cidade";alta
Euclides Fonseca;Brazil;estudos de composição com Inocêncio Smolz;-8.0538888888889;-34.880833333333;;;Olinda;male;https://pt.wikipedia.org/wiki/Euclides_Fonseca | https://musicabrasilis.org.br/pt-br/compositores/euclides-fonseca/;;A formação aberta recuperável aparece por mestre, não por escola formal específica.;;;Museu Histórico Nacional;Recife;;;media;;;;-8.0088888889;-34.8552805556;100.0;Música Brasilis;Wikidata (Olinda);Wikidata (Olinda);auditoria: local corrigido de Rio de Janeiro para Olinda;alta
Eugenio Prati;Kingdom of Italy;Accademia di Belle Arti di Venezia> Academia de Belas Artes de Veneza> patronato operário Stimate de Verona;45.431078;12.328139;Caldonazzo;;Caldonazzo;male;https://prati.com.br/famiglia-prati/ilustresilustri/biografia-portugues | https://pt.wikiital.com/wiki/Eugenio_Prati_%28scultore%29;;Há divergência de datas entre fontes secundárias> mantido o que aparece de forma mais explícita nas fontes abertas recuperadas.;Wikidata;alta;MAC USP;Veneza> Verona;1854 em diante> 1907 e 1910 para os diplomas em Verona;https://prati.com.br/famiglia-prati/ilustresilustri/biografia-portugues | https://pt.wikiital.com/wiki/Eugenio_Prati_%28scultore%29;media;45.9959444;11.2657962;100.0;45.9959444;11.2657962;100.0;Beweb;Wikidata (Caldonazzo);Wikidata (Caldonazzo);"fontes adicionadas em auditoria; coordenadas auditadas para a cidade";alta
Eugène Delacroix;France;Beaux-Arts de Paris> Lycée Impérial> École des Beaux-Arts> ateliê de Pierre-Narcisse Guérin;49.17555556> 48.85666666666667;-0.3725> 2.333611111111112;Saint-Maurice;Grave of Delacroix;Paris;male;https://www.ebsco.com/research-starters/history/eugene-delacroix | https://www.guiadasartes.com.br/eugene-delacroix/biografia> https://www.guiadasartes.com.br/eugene-delacroix/biografia | https://www.ebsco.com/research-starters/history/eugene-delacroix;;;Wikidata;alta;MASP;Paris;1813 em diante;https://www.guiadasartes.com.br/eugene-delacroix/biografia;alta;46.171768235;7.019052987;100.0;48.856372814;2.352529617;100.0;Britannica;Wikidata (Paris);Wikidata (Paris);"fontes adicionadas em auditoria; coordenadas auditadas para a cidade";alta
Eugène Laermans;Belgium;Académie Royale des Beaux-Arts;50.844;4.3477;Molenbeek-Saint-Jean;Molenbeek-Saint-Jean Cemetery;Brussels;male;https://en.wikipedia.org/wiki/Eug%C3%A8ne_Laermans;;A fonte cita estudo com Jean-François Portaels.;Wikidata;alta;MASP;Bruxelas;desde 1887;https://en.wikipedia.org/wiki/Eug%C3%A8ne_Laermans;alta;50.855232451;4.318458105;100.0;50.85045;4.34878;100.0;"Wikipedia (en); Wikidata";Wikidata (Brussels);Wikidata (Brussels);auditoria: local regularizado para Brussels e coordenadas corrigidas;media
Eugène Louis Boudin;France;atelier de Eugène Isabey;48.85666666666667;2.333611111111112;Honfleur;Saint-Vincent Cemetery;Deauville;male;https://en.wikipedia.org/wiki/Eug%C3%A8ne_Boudin;;A fonte também menciona trabalho como copista no Louvre.;Wikidata;alta;Museu Nacional de Belas Artes;Paris;a partir de 1850;https://en.wikipedia.org/wiki/Eug%C3%A8ne_Boudin;alta;49.420241441;0.234543093;100.0;49.359249359;0.074676226;100.0;"Britannica; Musée d'Orsay";Wikidata (Deauville);Wikidata (Deauville);"fontes adicionadas em auditoria; coordenadas auditadas para a cidade";alta
Eugênio Teixeira;;formação artística brasileira> instituição não identificada na fonte aberta consultada;> ;> ;;;;;https://enciclopedia.itaucultural.org.br/;;Não localizei nesta rodada uma fonte aberta suficiente para nomear escola específica> registro conservador.;;;Museu Histórico Nacional;Brasil;;;baixa;;;;;;;;;;fonte institucional localizada, mas sem local de morte explícito;
Eulália Nascimento Silva;Brazil;formação artística brasileira> instituição não identificada na fonte aberta consultada;> ;> ;;;;female;https://www.catalogodasartes.com.br/;;Não localizei fonte aberta bastante robusta para nomear escola oficial nesta rodada.;;;Museu Histórico Nacional;Brasil;;;baixa;;;;;;;;;;fonte institucional localizada, mas sem local de morte explícito;
Eurico de Vio;Italy> Brazil;Academia de Belas Artes de Veneza;45.431078;12.328139;Veneza, Itália;;São Paulo;male;https://pt.wikipedia.org/wiki/Enrico_Vio | https://www.oexplorador.com.br/enrico-vio-pintor-participa-de-exposicoes-em-milao-turim-e-da-grande-mostra-de-artes-de-veneza/;;O creator está grafado como 'Eurico de Vio', mas as fontes abertas biográficas consultadas usam 'Enrico Vio'.;Enciclopédia Itaú Cultural;alta;Museu Paulista;Veneza;;;media;42.83333;12.83333;;-23.5486657;-46.6382522;100.0;Enciclopédia Itaú Cultural;Wikidata (São Paulo);Wikidata (São Paulo);"place of death preenchido a partir de fonte institucional; creator usa variante de Enrico Vio";alta
Evelyn Jane Ross;United States;Rhode Island School of Design;41.825833333333;-71.407777777778;;;;female;FILE Festival — https://file.org.br/anima_2018/evelyn-jane-ross/> Great Women Animators — https://greatwomenanimators.com/evelyn-jane-ross/;alto;Lote 8 pesquisado> sem fonte auditável suficiente para local de nascimento.;;;FILE;;;;;;;;;;;;;;fonte recente indica artista em atividade;
Everett Spruce;United States;Dallas Art Institute;32.779166666667;-96.808888888889;Conway;;Austin;male;fontes biográficas de referência;;instituição identificada em biografias do regionalismo texano;Wikidata;alta;MAC USP;Dallas, EUA;c. 1920s;fontes biográficas de referência;media;35.0917981;-92.4367002;100.0;30.264979;-97.746598;100.0;"Wikipedia (artista); Encyclopedia of Arkansas";Wikidata (Austin);Wikidata (Austin);"local mantido em auditoria; fonte institucional principal não explicita a cidade do óbito";media
Evert Lundquist;Sweden;Gerlesborg School of Fine Art> Carl Wilhelmson's painting school> Académie Julian> Konsthögskola;59.324444444444;18.083055555556;Stockholm;;Stockholm;male;https://en.wikipedia.org/wiki/Evert_Lundquist;;;Wikidata;alta;MAC USP;Estocolmo, Suécia> Paris, França> Estocolmo, Suécia;1924> 1924–1925> 1925–1931;https://en.wikipedia.org/wiki/Evert_Lundquist;media;59.3327881;18.0644881;100.0;59.3327881;18.0644881;100.0;"Moderna Museet; Wikidata";Wikidata (Stockholm);Wikidata (Stockholm);"fonte institucional explicita o óbito; cidade mantida por fonte aberta de autoridade";media
F. Falcão;;;;;;;;;;;;;;Museu Histórico Nacional;;;;;;;;;;;;;;nome abreviado não desambiguado com segurança;
F. Mallio;;;;;;;;male;;;;;;Museu Paulista;;;;;;;;;;;;;;nome abreviado não desambiguado com segurança;
F. Prata;;;;;;;;;;;;;;Museu Histórico Nacional;;;;;;;;;;;;;;nome abreviado não desambiguado com segurança;
F. Viriato;;;;;;;;;;;;;;Museu Histórico Nacional;;;;;;;;;;;;;;nome abreviado não desambiguado com segurança;
Fabiana de Barros;Switzerland;Fundação Armando Álvares Penteado (FAAP);-23.5450155;-46.6630802;São Paulo;;;female;https://acervo.macrs.rs.gov.br/artistas-macrs/fabiana-de-barros/;;formação em artes plásticas;Wikidata;alta;MAC USP;São Paulo, Brasil;1983;https://acervo.macrs.rs.gov.br/artistas-macrs/fabiana-de-barros/;alta;-23.5486657;-46.6382522;100.0;;;;;;;fonte recente indica artista em atividade;
Fabiano Rodrigues;Brazil;autodidata;-23.5486657;-46.6382522;Santos, Brazil;;;male;FILE Festival — https://archive.file.org.br/participantes/fabiano-rodrigues/> Fundação Vera Chaves Barcellos — https://fvcb.com.br/acervo/artista/fabiano-rodrigues/ | Arteref / Fundação Vera Chaves Barcellos;alto;autodidata> coordenadas atribuídas à cidade de atuação e residência explicitada em biografia;FILE Festival / Constance Galeria;alto;FILE;São Paulo;;;baixa;-23.9562885;-46.3264601;100.0;;;;;;;fonte recente indica artista em atividade;
Fabio Fabbi;Kingdom of Italy;Academy of Fine Arts, Florence> Accademia di Belle Arti di Bologna;44.497811111111;11.353188888889;Bologna;;Casalecchio di Reno;male;https://www.treccani.it/enciclopedia/fabio-fabbi_%28Dizionario-Biografico%29/;;depois transfere-se para Florença;Wikidata;alta;Museu Nacional de Belas Artes;Bolonha, Itália;s.d.;https://www.treccani.it/enciclopedia/fabio-fabbi_%28Dizionario-Biografico%29/;alta;44.4941903;11.3465185;100.0;44.476574;11.2770555;100.0;Treccani;Wikidata (Casalecchio di Reno);Wikidata (Casalecchio di Reno);"local auditado; Treccani e Musée d’Orsay convergem em Casalecchio di Reno; há divergência apenas no ano do óbito";alta
Fabricio Lima;Brazil;;;;Brazil;;;male;;;Perfil do artista descreve-o como “Brazilian-born”> preenchido em nível de país.;Behance;media;FILE;;;;;-10.769946429;-53.073466889;100.0;;;;;;;fonte recente indica artista em atividade;
Fabrizio Clerici;Italy;Scuola Superiore di Architettura;41.9075;12.4756;Milan;;Rome;male;Fabrizio Clerici official biography> European Parliament art collection;;;Wikidata;alta;MAC USP;Roma, Itália;até 1937;Fabrizio Clerici official biography> European Parliament art collection;alta;45.4636183;9.1881156;100.0;41.8905568;12.4942679;100.0;Peggy Guggenheim Collection;Wikidata (Rome);Wikidata (Rome);"fontes adicionadas em auditoria; coordenadas auditadas para a cidade";alta
Faith Holland;United States;Vassar College> School of Visual Arts;41.686866666667> 40.73861111;-73.895188888889> -73.98222222;New York, New York, USA;;;female;Pratt Institute;alto;;Microscope Gallery (CV da artista);médio;FILE;;;;;40.7130466;-74.0072301;100.0;;;;;;;fonte recente indica artista em atividade;
Faiyaz Jafri;Netherlands;Technical University of Delft;52.001666666667;4.3725;Netherlands;;;male;Parsons — https://www.newschool.edu/parsons/faculty/Faiyaz-Jafri/> Pratt Institute — https://www.pratt.edu/people/faiyaz-jafri/> FILE Festival — https://file.org.br/anima_2018/faiyaz-jafri/;alto;;site oficial do artista / Parsons;médio;FILE;;;;;52.249375293;5.616126398;100.0;;;;;;;fonte recente indica artista em atividade;
Fanny Lhotellier;;École des Beaux-Arts de Bourges> École Georges Méliès;47.085780555556;2.395;Courcouronnes, France;;;female;https://archive.file.org.br/participantes/fanny-lhotellier/ | https://filmfreeway.com/MielBleu;media;;CV da artista;alto;FILE;;;;;48.616271;2.407557;;;;;;;;fonte recente indica artista em atividade;
Fausto Pirandello;Italy;Scuola Libera del Nudo, Accademia di Belle Arti di Roma;41.9075;12.4756;Rome;;Rome;male;https://www.scuolaromana.it/artisti/pirandel.htm;;a fonte também registra acompanhamento de Felice Carena a partir de 1921;Wikidata;alta;MAC USP;Roma, Itália;1920;https://www.scuolaromana.it/artisti/pirandel.htm;alta;41.8905568;12.4942679;100.0;41.8905568;12.4942679;100.0;Fondazione Fausto Pirandello;Wikidata (Rome);Wikidata (Rome);"fonte institucional da fundação explicita o óbito em Roma; coordenadas auditadas para a cidade";alta
Fayga Ostrower;Brazil;Atelier 17> Fundação Getulio Vargas;-22.906908;-43.178427;Łódź;;Rio de Janeiro;female;https://pt.wikipedia.org/wiki/Fayga_Ostrower;;curso de Artes Gráficas> estudou xilogravura com Axl Leskoscheck e gravura em metal com Carlos Oswald;Wikidata;alta;MAC USP;Rio de Janeiro, Brasil;1947;https://pt.wikipedia.org/wiki/Fayga_Ostrower;alta;51.764444457;19.463055493;100.0;-22.9014475;-43.1789159;100.0;Instituto Fayga Ostrower;Wikidata (Rio de Janeiro);Wikidata (Rio de Janeiro);"fontes adicionadas em auditoria; coordenadas auditadas para a cidade";alta
Federico Bebber;Italy;;;;Udine, Italy;;;male;;;;site oficial do artista;alto;FILE;;;;;46.0649418;13.2307247;100.0;;;;;;;fonte recente indica artista em atividade;
Federico Tirone;;;;;;;;male;;;identificação localizada, mas formação não localizada com segurança;;;Museu Histórico Nacional;;;;;;;;;;;;;;creator não desambiguado com segurança nas fontes abertas consultadas;
Felice Carena;Italy;Accademia Albertina;45.0675;7.68944444;Cumiana;Cemetery of San Michele;Venice;male;https://en.wikipedia.org/wiki/Felice_Carena;;Fonte confirma estudos na Accademia Albertina em Turim, sem datas precisas localizadas nesta passada.;Wikidata;alta;MAC USP;Turim, Itália;;;media;44.9807962;7.3778148;100.0;45.434608;12.338913;100.0;Treccani;Wikidata (Venice);Wikidata (Venice);"fontes adicionadas em auditoria; coordenadas auditadas para a cidade";alta
Felice Casorati;Italy;University of Padua> Universidade de Pádua;45.42> 45.42;11.87> 11.87;Novara;;Turin;male;https://en.wikipedia.org/wiki/Felice_Casorati;;A formação localizada com segurança nesta passada é em Direito> estudos artísticos posteriores apareceram de forma menos estável entre fontes.;Wikidata;alta;MAC USP;Pádua, Itália;até 1906;https://en.wikipedia.org/wiki/Felice_Casorati;media;45.4451051;8.6183864;100.0;45.0791666667;7.6761111111;100.0;Treccani;Wikidata (Turin);Wikidata (Turin);"fontes adicionadas em auditoria; coordenadas auditadas para a cidade";alta
Feliks Tomasz Konczakowski;Poland;;;;Kraków, Poland;;;male;;;;FILE Festival;alto;FILE;;;;;50.061781198;19.937369714;100.0;;;;;;;fonte recente indica artista em atividade;
Felipe Cama;;Escola de Comunicações e Artes da Universidade de São Paulo (ECA-USP)> Fundação Armando Alvares Penteado (FAAP);-23.55833333> -23.5450155;-46.72694444> -46.6630802;Porto Alegre, RS, Brasil;;;male;https://www.premiopipa.com/pag/felipe-cama/;;A fonte consultada informa as instituições, mas não traz cronologia detalhada.;MAC USP;alta;MAC USP;São Paulo (SP);;;media;-30.027679;-51.2286404;;;;;;;;fonte recente indica artista em atividade;
Felix Bernardelli;Brazil;Academia Imperial de Belas Artes> estudos em Roma;-22.91111111111111> 41.893055555556;-43.20555555555556> 12.482777777778;Pelotas;;Guadalajara;male;https://www.escritoriodearte.com/artista/atiliano-felix-bernardelli;;fonte confirma ingresso na Aiba e viagem de estudos a Roma;Wikidata;alta;Pinacoteca de São Paulo;Rio de Janeiro, Brasil> Roma, Itália;1877> s.d.;https://www.escritoriodearte.com/artista/atiliano-felix-bernardelli;media;-31.7466131;-52.3353928;100.0;20.6763888889;-103.3422222222;100.0;Enciclopédia Itaú Cultural;Wikidata (Guadalajara);Wikidata (Guadalajara);"fontes adicionadas em auditoria; coordenadas auditadas para a cidade";alta
Felix Hardmood Beck;;Berlin University of the Arts;52.509166666666665;13.326944444444445;Düsseldorf, Germany;;;male;https://www.felix-beck.de/content/bio.html;media;;site pessoal / about.me;alto;FILE;;;;;51.224219999;6.780068;100.0;;;;;;;fonte recente indica artista em atividade;
Ferdinand Krumholz;;Akademie der bildenden Künste Wien;48.201388888889;16.365277777778;Dvorce;;Bern;male;https://www.biographien.ac.at/oebl/oebl_K/Krumholz_Ferdinand_1844_1890.xml;;Cronologia não localizada nesta rodada.;Wikidata;alta;Museu Histórico Nacional;Viena;;;media;45.884539991;15.613960656;100.0;46.9479805556;7.4474305556;100.0;Österreichisches Biographisches Lexikon;Wikidata (Bern);Wikidata (Bern);"fonte biográfica de autoridade explicita o óbito em Bern; coordenadas mantidas para a cidade";alta
Ferdinand Piereck;Austrian Empire;formação artística alemã> instituição não identificada na fonte aberta consultada;> ;> ;Vienna;;Recife;male;https://www.wikidata.org/wiki/Q42848766;;Registro conservador por ausência de cronologia formativa aberta suficiente.;Wikidata;alta;Museu Paulista;Alemanha;;;baixa;48.2092062;16.3727778;100.0;-8.0538888889;-34.8808333333;100.0;Wikipedia (pt);Wikidata (Recife);Wikidata (Recife);"local mantido em auditoria; fonte aberta explícita, sem confirmação institucional localizada";media
Fernand Léger;France;Académie Julian> École des Arts Décoratifs> École des Beaux-Arts;48.5825> 48.85666666666667;7.7591> 2.333611111111112;Argentan;Gif-sur-Yvette;Gif-sur-Yvette;male;https://www.tate.org.uk/whats-on/tate-britain/fernand-leger;;Formação anterior em arquitetura mencionada em outras biografias, mas sem instituição formal confirmada nesta passada.;Wikidata;alta;MAC USP;Paris, França> Paris, França> Paris, França;1903> 1903> c. 1903–1904;https://www.tate.org.uk/whats-on/tate-britain/fernand-leger;alta;48.743980475;-0.016452183;100.0;48.7013888889;2.1336111111;100.0;Musée national Fernand Léger;Wikidata (Gif-sur-Yvette);Wikidata (Gif-sur-Yvette);"fonte museológica oficial explicita o óbito em Gif-sur-Yvette; coordenadas auditadas para a cidade";alta
Fernanda Ramos;;Escola de Comunicações e Artes da Universidade de São Paulo;-23.55833333;-46.72694444;Brazil;;;female;FILE Festival;médio;FILE explicita “País de Origem: Brasil”> preenchido em nível de país.;FILE Festival (País de Origem);alta;FILE;;;;;-10.769946429;-53.073466889;100.0;;;;;;;fonte recente indica artista em atividade;
Fernanda Vogas;Brazil;Universidade Federal do Rio de Janeiro;-22.8625;-43.223888888889;;;;female;https://archive.file.org.br/participantes/fernanda-vogas/ | https://fernandavogas.wixsite.com/vogas/sobre;media;Lote 8 pesquisado> sem fonte auditável suficiente para local de nascimento.;;;FILE;;;;;;;;;;;;;;fonte recente indica artista em atividade;
Fernandes Machado;Brazil;National School of Fine Arts> Escola Nacional de Belas Artes (Enba)> Académie Julien;-22.90879805555556> 48.871111111111;-43.17573111111111> 2.3416666666667;Rio de Janeiro;;Rio de Janeiro;male;https://pt.wikipedia.org/wiki/Fernandes_Machado | https://enciclopedia.itaucultural.org.br/pessoas/6826-fernandes-machado> https://pt.wikipedia.org/wiki/Fernandes_Machado | https://www.escritoriodearte.com/artista/fernandes-machado;;As fontes abertas também nomeiam José Maria de Medeiros, Pedro Weingärtner, Modesto Broccos, Rodolfo Amoedo e Henrique Bernardelli como mestres.;Wikidata;alta;Museu Paulista;Rio de Janeiro> Paris;1889> após 1901;https://pt.wikipedia.org/wiki/Fernandes_Machado | https://enciclopedia.itaucultural.org.br/pessoas/6826-fernandes-machado;alta;-22.9014475;-43.1789159;100.0;-22.9111111111;-43.2055555556;100.0;Enciclopédia Itaú Cultural;Wikidata (Rio de Janeiro);Wikidata (Rio de Janeiro);"fonte institucional explicita o óbito em idem; coordenadas auditadas para a cidade";alta
Fernando Lemos;Brazil;Escola António Arroio> Escola de Belas-Artes de Lisboa;38.73611111> 38.708042;-9.12722222> -9.139016;Lisbon;;São Paulo;male;biografia institucional do artista> fontes de referência;;datas aproximadas;Wikidata;alta;;Lisboa, Portugal> Lisboa, Portugal;c. 1940s> c. 1940s;biografia institucional do artista> fontes de referência;media;38.7070085;-9.1356407;100.0;-23.5503944444;-46.6339472222;100.0;Instituto Moreira Salles;Wikidata (São Paulo);Wikidata (São Paulo);"place of death auditado em fonte institucional; coordenadas mantidas para a cidade";alta
Fernando Limberger;Brazil;Universidade Federal do Rio Grande do Sul (UFRGS)> especialização em Reabilitação em Paisagens Degradadas na ESALQ> Jardinagem no DEPAVE;-30.033611111111> -22.708333333333> -23.550394444444;-51.219166666667> -47.641666666667> -46.633947222222;Santa Cruz do Sul, RS, Brasil;;;male;https://fosseisurbanos.com.br/fosseis-urbanos-fernando-limberger | https://www.esalq.usp.br/acom/clipping_semanal/2012/3marco/25_a_02/files/assets/downloads/page0013.pdf;;Além da formação artística, a fonte registra formações complementares ligadas ao paisagismo.;MAC USP;alta;MAC USP;Porto Alegre> Piracicaba> São Paulo;Artes Plásticas concluídas em 1985> ESALQ 2003> DEPAVE 2004;https://fosseisurbanos.com.br/fosseis-urbanos-fernando-limberger | https://www.esalq.usp.br/acom/clipping_semanal/2012/3marco/25_a_02/files/assets/downloads/page0013.pdf;alta;-10.769946429;-53.073466889;;;;;;;;fonte recente indica artista em atividade;
Fernando Lindote;Brazil;Universidade do Estado de Santa Catarina;-27.60111111;-48.52;Santana do Livramento, RS, Brasil;;;male;fontes biográficas de referência;;datas aproximadas;Museu Victor Meirelles;alta;MAC USP;Florianópolis, Brasil;1980s;fontes biográficas de referência;media;-30.89083;-55.53278;;;;;;;;fonte institucional recente indica artista em atividade;
Fernando Lion;;;;;São Paulo, SP, Brasil;;;male;;;formação não localizada com segurança;MAC USP;alta;MAC USP;;;;;-23.5486657;-46.6382522;;;;;;;;fontes institucionais localizadas, sem local de morte explícito;
Fernando Odriozola;;Escuela Nacional de Bellas Artes;14.09871944444444;-87.20715833333334;Oviedo, Espanha;;São Paulo;male;fontes biográficas de referência;;;Enciclopédia Itaú Cultural;alta;MAC USP;Montevidéu, Uruguai;s.d.;fontes biográficas de referência;media;43.3602825;-5.8447919;;-23.5503944444;-46.6339472222;100.0;El País (necrológica, 1986);Wikidata (São Paulo);Wikidata (São Paulo);"necrológica explicita São Paulo como local de morte; coordenadas auditadas para a cidade";alta
Fernando Otávio Fuentes Lindote;Brazil;Universidade do Estado de Santa Catarina;-27.60111111;-48.52;Sant'Ana do Livramento, RS, Brasil;;;male;fontes biográficas de referência;;datas aproximadas;MACRS;alta;;Florianópolis, Brasil;1980s;fontes biográficas de referência;media;-10.769946429;-53.073466889;;;;;;;;fonte institucional recente indica artista em atividade;
Fernando Szyszlo;Peru;Escuela Nacional de Ingeniería> Facultad de Artes Plásticas da Pontificia Universidad Católica del Perú;19.33138889> -12.06944444444444;-99.18472222> -77.07944444444445;Lima, Peru;;San Isidro;male;Wikipedia> Portal Contemporâneo da América Latina e Caribe;;;IMMA;alta;;Lima, Peru> Lima, Peru;1943> c. 1940s;Wikipedia> Portal Contemporâneo da América Latina e Caribe;alta;-12.04318;-77.02824;;-12.0991666667;-77.0347222222;100.0;Agencia Andina;Wikidata (San Isidro);Wikidata (San Isidro);"fonte governamental explícita sobre o óbito em San Isidro; coordenadas auditadas para o distrito";alta
Filippo De Pisis;Italy;Università di Bologna;44.493888888889;11.342777777778;Ferrara;Certosa of Ferrara;Milan;male;https://en.wikipedia.org/wiki/Filippo_De_Pisis;;A biografia consultada menciona estudos de literatura e filosofia> a pintura se desenvolve depois em Roma.;Wikidata;alta;MAC USP;Bolonha, Itália;1914–1919;https://en.wikipedia.org/wiki/Filippo_De_Pisis;media;44.8378378;11.6203994;100.0;45.4636183;9.1881156;100.0;Treccani;Wikidata (Milan);Wikidata (Milan);"fontes adicionadas em auditoria; coordenadas auditadas para a cidade";alta
Firman Machda;Indonesia;University of South Wales;51.47946437141099;-3.1692761684562125;Bandung, Indonesia;;;male;https://file.org.br/led_sp_2019/firman-machda/ | https://about.me/machda;media;;about.me / FILE Festival;médio;FILE;;;;;-6.9021634;107.6191139;100.0;;;;;;;site oficial recente indica artista em atividade;
Florencia Levy;Argentina;Central Saint Martins College of Arts and Design> Universidad Nacional de las Artes;-34.59472222;-58.39944444;Buenos Aires, Argentina;;;female;https://www.arte-online.net/Artistas/Levy-Florencia/%28section%29/Biografia | https://proyector.info/en/profile/florencia-levy/;media;;PROYECTOR / Mapa del Arte;alto;FILE;;;;;-34.6090264;-58.3732215;100.0;;;;;;;fonte institucional recente indica artista em atividade;
Flávia Metzler;Brazil;Universidade Federal do Rio de Janeiro (Geologia> Pintura);-22.8625;-43.223888888889;Rio de Janeiro, RJ, Brasil;;;female;Escavador> site da artista;;retomou a UFRJ em 2004 para cursar Pintura> fontes biográficas também mencionam passagem inconclusa pelo curso, mas o Lattes/Escavador registra graduação em Pintura em 2007;Museu Victor Meirelles;alta;Museu Victor Meirelles;Rio de Janeiro;1997> 2004–2007;Escavador> site da artista;media;-22.9014475;-43.1789159;;;;;;;;site oficial recente indica artista em atividade;
Flávio;;;;;;;;;;;identificação incompleta> não foi possível desambiguar com segurança;;;MAC USP;;;;;;;;;;;;;;nome insuficiente/ambíguo para desambiguar com segurança;
Flávio de Carvalho;Brazil;Durham University> Armstrong College, Universidade de Durham> King Edward the Seventh School of Fine Arts;54.775> 54.5955;-1.575> -5.95451;Barra Mansa;;Valinhos;male;Enciclopédia Itaú Cultural;;há referência a estudos em Paris em 1911, mas a instituição não foi localizada com segurança nesta passada;Wikidata;alta;;Newcastle, Inglaterra> Newcastle, Inglaterra;1918–1922> desde 1918;Enciclopédia Itaú Cultural;alta;-22.545351;-44.169847;100.0;-22.9708333333;-46.9958333333;100.0;Enciclopédia Itaú Cultural;Wikidata (Valinhos);Wikidata (Valinhos);"auditoria: local corrigido de São Paulo para Valinhos; coordenadas auditadas para a cidade";alta
Flávio-Shiró;Japan;;;;Sapporo;;;male;;;;Wikidata;alta;;;;;;43.06203724;141.35436879;100.0;;;;;;;site oficial localizado, sem local de morte explícito;
Fokke Mars;Kingdom of the Netherlands;HKU University of the Arts Utrecht;52.09303055555556;5.121088888888889;Netherlands;;;male;https://archive.file.org.br/participantes/fokke-mars/ | https://file.org.br/anima_2018/fokke-mars-max-van-der-ree-bas-jansen/;media;FILE explicita “País de Origem: Netherlands”> preenchido em nível de país.;FILE Festival (País de Origem);alta;FILE;;;;alta;52.249375293;5.616126398;100.0;;;;;;;fonte recente indica artista em atividade;
Fran Orallo;Spain;Technical University of Valencia> City of Glasgow College;39.48088957948802> 55.863;-0.3411099306510339> -4.244;Badajoz, Spain;;;male;https://file.org.br/videoarte_2018/fran-orallo/ | https://www.idkf.org/archive/idkf-2025/artists-2025/fran-orallo;media;;FILE Festival;alto;FILE;;;;;38.8785497;-6.9701578;100.0;;;;;;;fonte recente indica artista em atividade;
Frances Manacher;;;;;Inglaterra;;;female;;;formação não localizada com segurança | fonte institucional informa nascimento apenas em nível de país;MAC USP;alta;MAC USP;;;;;52.355518;-1.17432;;;;;;;;fontes abertas localizadas, sem local de morte explícito;
Francesc Domingo;Brazil;Escola de Belos Ofícios da Mancomunidade de Barcelona;41.388053;2.149394;Barcelona;;São Paulo;male;https://www.catalogodasartes.com.br/artista/Francesc%20Domingo%20Segura%20/;;instituição identificada> datas não localizadas na fonte consultada;Wikidata;alta;MAC USP;Barcelona, Espanha;;;media;41.387917;2.1699187;100.0;-23.5503944444;-46.6339472222;100.0;Enciclopédia Itaú Cultural;Wikidata (São Paulo);Wikidata (São Paulo);;alta
Francesca Fini;Italy;IED European Institute> Istituto Quasar Design University;45.466944444444> 41.893055555556;9.19> 12.482777777778;Rome, Italy;;;female;entrevista VIP - VideoChannel Interview Project;baixo;;site oficial da artista;alto;FILE;;;;;41.8905568;12.4942679;100.0;;;;;;;site oficial recente indica artista em atividade;
Francesca Leoni;Italy;University of North Carolina Wilmington;34.225833333333334;-77.87333333333333;Italy;;;female;FILE Festival;médio;;FILE Festival / Celeste Network;alto;FILE;;;;;42.83333;12.83333;100.0;;;;;;;"atividade recente em fonte aberta; sem evidência de óbito";
Francesco Cozza;Italy;formação com Battistello Caracciolo> ateliê de Domenichino;> ;> ;Stilo;;Rome;male;https://en.wikipedia.org/wiki/Francesco_Cozza | https://www.britannica.com/biography/Francesco-Cozza;;;Wikidata;alta;Museu Nacional de Belas Artes;Nápoles> Roma;;;media;38.4780678;16.4693036;100.0;41.8930555556;12.4827777778;100.0;https://www.treccani.it/enciclopedia/francesco-cozza_%28Dizionario-Biografico%29/;Wikidata: Rome (Q220);Wikidata: Rome (Q220);;alta
Francesco Cristofanetti;Italy;Accademia Albertina;45.0675;7.68944444;Rome;;Rome;male;fontes biográficas de referência;;instituição identificada em fontes sumárias;Wikidata;alta;MAC USP;Turim, Itália;s.d.;fontes biográficas de referência;baixa;41.8905568;12.4942679;100.0;41.8930555556;12.4827777778;100.0;Saint Louis Art Museum;Wikidata (Rome);Wikidata (Rome);;alta
Francesco Menzio;Italy;Accademia Albertina> Accademia Albertina di Belle Arti;45.0675> 45.0675;7.68944444> 7.68944444;Tempio Pausania;;Turin;male;https://en.wikipedia.org/wiki/Francesco_Menzio;;Fonte informa matrícula por um ano na Accademia Albertina, depois da qual completou a formação de modo autônomo.;Wikidata;alta;MAC USP;Turim, Itália;c. 1910s;https://en.wikipedia.org/wiki/Francesco_Menzio;media;40.8984444;9.104537;100.0;45.0791666667;7.6761111111;100.0;https://www.treccani.it/enciclopedia/francesco-menzio_%28Dizionario-Biografico%29/;Wikidata (Turin);Wikidata (Turin);;alta
Francesco Zugno;Republic of Venice;ateliê de Giambattista Tiepolo;45.431078;12.328139;Venice;;Venice;male;https://en.wikipedia.org/wiki/Francesco_Zugno;;Formação descrita por oficina/atelier, não por academia formal.;Wikidata;alta;MASP;Veneza;;;media;45.434608;12.338913;100.0;45.434608;12.338913;100.0;https://www.treccani.it/enciclopedia/francesco-zugno/;Wikidata: Venice;Wikidata: Venice;;alta
Francis Picabia;France;;;;Paris, França;;Paris;male;;;;Britannica;alta;;;;;;48.856372814;2.352529617;;48.8566666667;2.3522222222;100.0;Comité Picabia;Wikidata (Paris);Wikidata (Paris);"biografia oficial explicita Paris como local de morte; coordenadas auditadas para a cidade";alta
Francisco Biojone;;início de estudos de pintura em Campinas;-22.9073702;-47.0628996;Campinas, SP, Brasil;;Campinas;male;https://www.iar.unicamp.br/vanguardasemcampinas/catalogos/downloads/individuais/biojone.pdf | https://acervo.margs.rs.gov.br/artistas/francisco-biojone/> https://www.iar.unicamp.br/vanguardasemcampinas/catalogos/downloads/individuais/biojone.pdf;;As fontes localizadas não identificam escola ou mestre específico> mantida formulação conservadora.;MAC USP;alta;MAC USP;Campinas;a partir de 1950;https://www.iar.unicamp.br/vanguardasemcampinas/catalogos/downloads/individuais/biojone.pdf | https://acervo.margs.rs.gov.br/artistas/francisco-biojone/;baixa;-22.9073702;-47.0628996;;-22.900833333;-47.057222222;100.0;Acervos MARGS;Wikidata (Campinas);Wikidata (Campinas);;alta
Francisco Brennand;Brazil;formação com Abelardo da Hora;-8.0517328;-34.9507155;Recife;;Recife;male;https://plone.ufpb.br/pinacoteca/contents/menu/institucional/biografia/francisco-brennand-1927-2019;;A fonte universitária confirma o início da formação com Abelardo da Hora em 1942> não localizei instituição formal inequívoca para esse início.;Wikidata;alta;MAC USP;Recife, Brasil;1942;https://plone.ufpb.br/pinacoteca/contents/menu/institucional/biografia/francisco-brennand-1927-2019;media;-8.0551894;-34.871176;100.0;-8.0538888889;-34.8808333333;100.0;Folha PE;Wikidata (Recife);Wikidata (Recife);"fonte jornalística local explícita sobre o óbito no Recife; coordenadas auditadas para a cidade";media
Francisco Cuoco;Brazil;Escola de Belas Artes de São Paulo> Museu de Arte de São Paulo (MASP);-23.56111111111111;-46.65583333333333;São Paulo;Consolação Cemetery;São Paulo;male;https://blombo.com/artistas/francisco-cuoco/artistas/francisco-cuoco;;entrada usada para o artista plástico homônimo, não o ator;Wikidata;alta;MAC USP;São Paulo, Brasil> São Paulo, Brasil;s.d.> 1951;https://blombo.com/artistas/francisco-cuoco/artistas/francisco-cuoco;baixa;-23.5486657;-46.6382522;100.0;-23.5503944444;-46.6339472222;100.0;Memória Globo;Wikidata: São Paulo (Q174);Wikidata: São Paulo (Q174);"biografia institucional explicita o óbito em São Paulo; coordenadas mantidas para a cidade";alta
Francisco de Sousa Lobo;Brazil;Academia Imperial de Belas Artes (Aiba)> aluno de Debret;-22.91111111111111;-43.20555555555556;Minas Gerais, Brasil;;Rio de Janeiro;male;https://pt.wikipedia.org/wiki/Francisco_de_Sousa_Lobo | https://www.catalogodasartes.com.br/artista/Francisco%20de%20Sousa%20Lobo/;;fonte localizada informa apenas a província/estado de nascimento;Wikipédia em português;media;Museu Histórico Nacional;Rio de Janeiro;c.1824;https://www.catalogodasartes.com.br/artista/Francisco%20de%20Sousa%20Lobo/;alta;-18.456295297924;-44.673412162104;;-22.9111111111;-43.2055555556;100.0;Enciclopédia Itaú Cultural;Wikidata: Rio de Janeiro (Q8678);Wikidata: Rio de Janeiro (Q8678);"fonte institucional explicita o óbito em Rio de Janeiro; coordenadas mantidas para a cidade";alta
Francisco de Sá;Brazil;Seminário Episcopal de Diamantina> Escola Politécnica do Rio de Janeiro> Escola de Minas de Ouro Preto;-18.248888888889> -22.8625> -20.385277777778;-43.6> -43.223888888889> -43.503611111111;Brejo de Santo André, MG, Brasil;;Rio de Janeiro;male;https://mapa.an.gov.br/index.php/mapa/centrais-de-conteudo/producao/biografias/901-francisco-sa | https://pt.wikipedia.org/wiki/Francisco_S%C3%A1;;Creator tratado como o político/engenheiro Francisco Sá, conforme a forma do nome na base.;Academia Nacional de Engenharia;alta;Museu Histórico Nacional;Diamantina> Rio de Janeiro> Ouro Preto;até 1880> 1880-1881> conclusão em 1884;https://mapa.an.gov.br/index.php/mapa/centrais-de-conteudo/producao/biografias/901-francisco-sa | https://pt.wikipedia.org/wiki/Francisco_S%C3%A1;alta;-10.769946429;-53.073466889;;-22.9111111111;-43.2055555556;100.0;Arquivo Nacional (MAPA);Wikidata: Rio de Janeiro (Q8678);Wikidata: Rio de Janeiro (Q8678);"creator desambiguado por nascimento e formação; fonte oficial explicita o óbito no Rio de Janeiro";alta
Francisco de Zurbarán;Spain;aprendiz com Pedro Díaz de Villanueva;37.3877;-5.99106;Fuente de Cantos;;Madrid;male;https://en.wikipedia.org/wiki/Francisco_de_Zurbar%C3%A1n | https://www.britannica.com/biography/Francisco-de-Zurbaran;;;Wikidata;alta;MASP;Sevilha;1614-1617;https://en.wikipedia.org/wiki/Francisco_de_Zurbar%C3%A1n;alta;38.246614;-6.3092314;100.0;40.4169;-3.7033;100.0;Britannica;Wikipedia: Madrid;Wikipedia: Madrid;;alta
Francisco Domingos da Silva;Brazil;;;;Alto Tejo, AC, Brasil;;Fortaleza;male;;;registro institucional informa ano aproximado de nascimento (c. 1922).;MAC USP;alta;;;;;;-10.769946429;-53.073466889;;-3.7275;-38.5275;100.0;Enciclopédia Itaú Cultural;Wikidata: Fortaleza (Q43463);Wikidata: Fortaleza (Q43463);;alta
Francisco Goya;Spain;School of St. Thomas Aquinas of the Piarist Schools of Zaragoza> ateliê de José Luzán> Real Academia de Bellas Artes de San Fernando;40.4178;-3.7007;Fuendetodos;Chartreuse Cemetery;Bordeaux;male;https://pt.wikipedia.org/wiki/Francisco_de_Goya;;;Wikidata;alta;MASP;Zaragoza, Espanha> Madrid, Espanha;1759–1763> 1774;https://pt.wikipedia.org/wiki/Francisco_de_Goya;media;41.3429064;-0.9598393;100.0;44.837898313;-0.579380299;100.0;Britannica;Wikidata: Bordeaux;Wikidata: Bordeaux;;alta
Francisco Joaquim Gomes Ribeiro;Brazil;Academia Imperial de Belas Artes (Aiba)> Grupo Grimm;-22.91111111111111;-43.20555555555556;Portugal;;Rio de Janeiro;male;https://pt.wikipedia.org/wiki/Francisco_Joaquim_Gomes_Ribeiro | https://enciclopedia.itaucultural.org.br/pessoas/6871-francisco-ribeiro;;;Wikidata;alta;Museu Histórico Nacional;Rio de Janeiro;1882-1884> 1884-1885;https://pt.wikipedia.org/wiki/Francisco_Joaquim_Gomes_Ribeiro | https://enciclopedia.itaucultural.org.br/pessoas/6871-francisco-ribeiro;alta;39.593139046;-8.51981299;100.0;-22.9111111111;-43.2055555556;100.0;Enciclopédia Itaú Cultural;Wikidata: Rio de Janeiro (Q8678);Wikidata: Rio de Janeiro (Q8678);;alta
Francisco Pedro do Amaral;Brazil;estudos com José Leandro de Carvalho e Manuel Dias de Oliveira, o Brasiliense> aula régia de desenho e pintura> primeiros alunos de Debret;> > ;> > ;Rio de Janeiro;;Rio de Janeiro;male;https://pt.wikipedia.org/wiki/Francisco_Pedro_do_Amaral | https://www.guiadasartes.com.br/francisco-pedro-do-amaral/biografia | https://enciclopedia.itaucultural.org.br/pessoas/6869-francisco-pedro-do-amaral;;;Wikidata;alta;Museu Histórico Nacional;Rio de Janeiro;1820> 1823;https://www.guiadasartes.com.br/francisco-pedro-do-amaral/biografia;alta;-22.9014475;-43.1789159;100.0;-22.9111111111;-43.2055555556;100.0;Enciclopédia Itaú Cultural;Wikidata: Rio de Janeiro (Q8678);Wikidata: Rio de Janeiro (Q8678);;alta
Francisco Rebolo Gonsales;Brazil;Escola Profissional Masculina do Brás;-23.54504;-46.61634;São Paulo;;São Paulo;male;Escritório de Arte> Guia das Artes;;Teve aulas de desenho com o professor Barquita.;Wikidata;alta;MAC USP;São Paulo, Brasil;1915–1917;Escritório de Arte> Guia das Artes;alta;-23.5486657;-46.6382522;100.0;-23.5503944444;-46.6339472222;100.0;Enciclopédia Itaú Cultural;Wikidata: São Paulo (Q174);Wikidata: São Paulo (Q174);;alta
Francisco Terêncio Vieira de Campos;;Escola Nacional de Belas Artes (Enba);-22.90879805555556;-43.17573111111111;;;;male;https://enciclopedia.itaucultural.org.br/;;Registro conservador, sem datas precisas localizadas nesta rodada.;;;Museu Histórico Nacional;Rio de Janeiro;;;baixa;;;;;;;;;;fonte museológica localizada, sem local de morte explícito;
Francisco Viriato de Freitas;;;;;;;;;;;formação não localizada com segurança;;;Museu da Inconfidência;;;;;;;;;;;;;;fonte institucional localizada, sem local de morte explícito;
Francisco Xavier Carneiro;Brazil;;;;Mariana, MG, Brasil;;Mariana;male;fontes biográficas de referência;;não localizei escola formal> formação colonial/oficinal;Enciclopédia Itaú Cultural;alta;Museu da Inconfidência;Minas Gerais, Brasil;século XVIII;fontes biográficas de referência;baixa;-10.769946429;-53.073466889;;-20.3783333333;-43.4163888889;100.0;Enciclopédia Itaú Cultural;Wikidata: Mariana (Q984567);Wikidata: Mariana (Q984567);;alta
Franck Dadure;France;;;;France;;;male;;;fonte biográfica identifica apenas o país> preenchimento mantido em nível de país.;FILE Festival;médio;FILE;;;;;46.559417044;2.550539953;100.0;;;;;;;"site oficial recente indica atividade; sem evidência de óbito";
Franck Weber;France;ATLA de Paris;48.85666666666667;2.352222222222222;France;;;male;https://www.reperes-numeriques.org/artiste/weber-franck/;media;fonte identifica apenas o país de nascimento;Repères numériques;médio;FILE;;;;;46.559417044;2.550539953;100.0;;;;;;;"site profissional recente indica atividade; sem evidência de óbito";
Franco Sá Boris;;Escola Guignard;-19.9552;-43.9202;;;;male;https://enciclopedia.itaucultural.org.br/;;Registro institucional prudente.;;;Museu Paulista;Belo Horizonte;;;baixa;;;;;;;;;;"identidade nominal ambígua; não desambiguado com segurança";
Franco Sá Luís;;Escola Guignard;-19.9552;-43.9202;;;;male;https://enciclopedia.itaucultural.org.br/;;Registro institucional prudente.;;;Museu Paulista;Belo Horizonte;;;baixa;;;;;;;;;;"identidade nominal ambígua; não desambiguado com segurança";
Frank Kolkman;Kingdom of the Netherlands;ArtEZ;51.98399613367563;5.8943865238974;Arnhem;;;male;;;;Wikidata;alta;FILE;;;;;51.974490103;5.905734847;100.0;;;;;;;"site oficial recente indica atividade; sem evidência de óbito";
Frank Yefeng Wang;People's Republic of China;Shanghai University> School of the Art Institute of Chicago;31.316666666666666> 41.879444444444;121.38888888888889> -87.623888888889;Shanghai, China;;;male;https://curatorsintl.org/collaborators/7388-wang-yefeng | https://www.maakemagazine.com/frank-wang-yefeng;media;;site oficial do artista / NARS Foundation;alto;FILE;;;;;31.22222;121.45806;100.0;;;;;;;"site oficial recente indica atividade; sem evidência de óbito";
Frans Hals;Dutch Republic;estudos com Karel van Mander;52.376609;4.633598;Antwerp;Grote Kerk;Haarlem;male;https://en.wikipedia.org/wiki/Frans_Hals | https://www.portalartes.com.br/hist%C3%B3ria/biografias/pintores-classicos/frans-hals.html;;O vínculo com Karel van Mander aparece em fontes secundárias> mantida confiança média.;Wikidata;alta;MASP;Haarlem;antes de 1610> sem data exata na fonte;;media;51.25942418;4.371799938;100.0;52.3802777778;4.6405555556;100.0;Britannica;Wikidata: Haarlem (Q9920);Wikidata: Haarlem (Q9920);;alta
Frans Krajcberg;Brazil;State Academy of Fine Arts Stuttgart> Universidade de Leningrado> Academia de Belas Artes de Stuttgart;48.7775> 59.94194444444445> 48.7775;9.18> 30.29888888888889> 9.18;Kozienice;;Rio de Janeiro;male;Enciclopédia Itaú Cultural> Jornal da USP;;datas de estudo não localizadas com precisão nesta passada;Wikidata;alta;MAC USP;Leningrado> Stuttgart, Alemanha;;;media;51.58420708;21.54907824;100.0;-22.9111111111;-43.2055555556;100.0;Enciclopédia Itaú Cultural;Wikidata: Rio de Janeiro (Q8678);Wikidata: Rio de Janeiro (Q8678);"fonte institucional explicita o óbito em Rio de Janeiro; coordenadas auditadas para a cidade";alta
Frans Post;Dutch Republic;formação com o pai Jan Janszoon Post> provável contato com Frans Hals;> ;> ;Haarlem;Grote Kerk;Haarlem;male;https://en.wikipedia.org/wiki/Frans_Post | https://www.britannica.com/biography/Frans-Post;;As fontes não sustentam academia formal identificável.;Wikidata;alta;MASP;Haarlem;;;baixa;52.381044553;4.642828229;100.0;52.381044553;4.642828229;100.0;Fundação Maria Luisa e Oscar Americano;Wikidata: Haarlem (Q9920);Wikidata: Haarlem (Q9920);"fonte institucional explicita Haarlem como local de morte; coordenadas mantidas para a cidade";alta
Franz Josef Frühbeck;Germany;Akademie der bildenden Künste Wien;48.201388888889;16.365277777778;Vienna;;Krieglach;male;https://www.wikidata.org/wiki/Q20956326;;Registro conservador com base em fonte aberta estruturada> cronologia não localizada nesta rodada.;Wikidata;alta;Coleção Brasiliana Itaú;Viena;;;baixa;48.2092062;16.3727778;100.0;47.545007;15.561329;100.0;Instituto Moreira Salles / Google Arts & Culture;Wikidata: Krieglach (Q671402);Wikidata: Krieglach (Q671402);"metadados museológicos explicitam Krieglach como local de morte; coordenadas mantidas para o município";media
Franz Keller-Leuzinger;German Empire;Lyceum de Karlsruhe> Polytechnische Schule de Karlsruhe;49.016666666667> 49.016666666667;8.4> 8.4;Mannheim;;Munich;male;https://www.deutsche-biographie.de/116125632.html?language=en;;A referência biográfica registra a mudança da família para Karlsruhe e o estudo posterior no liceu e na escola politécnica.;Wikidata;alta;Coleção Brasiliana Itaú;Karlsruhe;a partir de 1841> sem data final exata;https://www.deutsche-biographie.de/116125632.html?language=en;alta;49.487779999;8.466275001;100.0;48.143438999;11.573599;100.0;Deutsche Biographie;Wikidata: Munich (Q1726);Wikidata: Munich (Q1726);;alta
François Clouet;France;Formação com Jean Clouet (pai) / ateliê de Jean Clouet;;;Tours;;Paris;male;https://www.museothyssen.org/en/collection/artists/clouet-francois | https://en.wikipedia.org/wiki/Fran%C3%A7ois_Clouet;;A fonte informa treinamento com o pai> não há instituição formal nomeada.;Wikidata;alta;MASP;França;até c. 1540;https://www.museothyssen.org/en/collection/artists/clouet-francois;media;47.390847918;0.689480032;100.0;48.856372814;2.352529617;100.0;Britannica;Wikidata: Paris (Q90);Wikidata: Paris (Q90);;alta
François Heysen;France;Supinfocom;50.35805555555555;3.523333333333333;France;;;male;https://www.youtube.com/watch?v=4lHGJt2UlnQ | https://laughingsquid.com/bat-tutty-ry-an-animated-short-about-a-small-robot-battling-a-giant-robot-in-the-desert/;baixa;FILE explicita “País de Origem: France”> preenchido em nível de país.;FILE Festival (País de Origem);alta;FILE;;;;alta;46.559417044;2.550539953;100.0;;;;;;;"perfil profissional recente localizado; sem evidência de óbito";
François Quévillon;Canada;Université du Québec à Montréal;45.513888888889;-73.560277777778;Montreal, Canada;;;male;https://lesabord.qc.ca/biographie/francois-quevillon/;media;Fonte institucional usa formulação de origem (“artist from Montreal”), sem afirmar nascimento.;Harddiskmuseum;baixa;FILE;;;;;45.508867;-73.554242;100.0;;;;;;;"atividade recente em fonte aberta; sem evidência de óbito";
François René Moreaux;France;estudos com Jean-Baptiste Couvelet e Antoine-Jean Gros (Barão Gros);;;Rocroi;;Rio de Janeiro;male;https://pt.wikipedia.org/wiki/Fran%C3%A7ois-Ren%C3%A9_Moreaux | https://enciclopedia.itaucultural.org.br/pessoas/6880-francois-rene-moreaux | https://www.sabercultural.com.br/template/ArteBrasilEspeciais/Moreaux-Francois-Rene.html;;Mantida formulação por mestres, sem instituição formal nomeada.;Wikidata;alta;Museu Nacional de Belas Artes;França;antes de 1838;https://pt.wikipedia.org/wiki/Fran%C3%A7ois-Ren%C3%A9_Moreaux;alta;49.925149573;4.519878794;100.0;-22.9014475;-43.1789159;100.0;https://enciclopedia.itaucultural.org.br/pessoas/31-francois-rene-moreaux;https://www.wikidata.org/wiki/Q8678;https://www.wikidata.org/wiki/Q8678;;alta
François-Auguste Biard;France;École nationale supérieure des beaux-arts de Lyon> École des Beaux-Arts de Lyon;45.768055555556;4.8172222222222;Lyon;;;male;https://enciclopedia.itaucultural.org.br/pessoas/6639-francois-auguste-biard;;estuda com Pierre-Henri Révoil;Wikidata;alta;Pinacoteca de São Paulo;Lyon, França;s.d.;https://enciclopedia.itaucultural.org.br/pessoas/6639-francois-auguste-biard;alta;45.767634724;4.835037488;100.0;;;;;;;"fontes divergem entre Samois-sur-Seine, Les Plâteries e Fontainebleau; não preenchido";
François-Hubert Drouais;France;formação com o pai Hubert Drouais> estudos com Donat Nonotte, Charles-André van Loo e François Boucher;> ;> ;Paris;;Paris;male;https://en.wikipedia.org/wiki/Fran%C3%A7ois-Hubert_Drouais;;Sem cronologia consolidada nas fontes consultadas.;Wikidata;alta;MASP;Paris;;;media;48.856372814;2.352529617;100.0;48.856372814;2.352529617;100.0;https://data.bnf.fr/fr/ark:/12148/cb149580457 | https://collections.louvre.fr/en/ark:/53355/cl010066649;https://www.wikidata.org/wiki/Q90;https://www.wikidata.org/wiki/Q90;;alta
François-René Moreaux;France;estudos com Jean-Baptiste Couvelet e Antoine-Jean Gros (Barão Gros);;;Rocroi;;Rio de Janeiro;male;https://pt.wikipedia.org/wiki/Fran%C3%A7ois-Ren%C3%A9_Moreaux | https://enciclopedia.itaucultural.org.br/pessoas/6880-francois-rene-moreaux | https://www.sabercultural.com.br/template/ArteBrasilEspeciais/Moreaux-Francois-Rene.html;;Mantida formulação por mestres, sem instituição formal nomeada.;Wikidata;alta;Museu Nacional de Belas Artes;França;antes de 1838;https://pt.wikipedia.org/wiki/Fran%C3%A7ois-Ren%C3%A9_Moreaux;alta;49.925149573;4.519878794;100.0;-22.9014475;-43.1789159;100.0;https://enciclopedia.itaucultural.org.br/pessoas/31-francois-rene-moreaux;https://www.wikidata.org/wiki/Q8678;https://www.wikidata.org/wiki/Q8678;;alta
Frederik Duerinck;Netherlands;;;;Netherlands;;;male;;;;FILE Festival;médio;FILE;;;;;52.249375293;5.616126398;100.0;;;;;;;"atividade recente em fonte aberta; sem evidência de óbito";
Frederik Salling Troels-Smith;Kingdom of Denmark;The Animation Workshop;56.4561;9.40611;Denmark;;;male;Vimeo / The Animation Workshop — The Great Harlot and the Beast;médio;fonte biográfica identifica apenas o país> preenchimento mantido em nível de país.;site oficial do artista;médio;FILE;;;;;55.959300779;10.053934054;100.0;;;;;;;"atividade recente em fonte aberta; sem evidência de óbito";
Fredrik Lund-Hansen;Sweden;;;;Sweden;;;male;;;;FILE Festival;médio;FILE;;;;;64.712585547;17.260487956;100.0;;;;;;;"atividade recente em fonte aberta; sem evidência de óbito";
Frei Nazareno Confaloni;Italy;estudo com Felice Carena, Maria Bacci e Primo Conti;43.776907;11.258475;Grotte di Castro, Itália;;Goiânia;male;https://www.guiadasartes.com.br/nazareno-confaloni/biografia;;Fonte localizada menciona mestres e cidade, mas não uma instituição formal nem datas precisas.;Portal Frei Confaloni;media;Museu de Arte Sacra da Boa Morte;Florença, Itália;s.d.;;baixa;42.83333;12.83333;;-16.6805555556;-49.2563888889;100.0;https://enciclopedia.itaucultural.org.br/pessoas/12814-giuseppe-confaloni;https://www.wikidata.org/wiki/Q83189;https://www.wikidata.org/wiki/Q83189;;alta
Friderico Pusthow G.;;;;;;;;;;;identificação incompleta> não foi possível desambiguar com segurança;;;Museu da Inconfidência;;;;;;;;;;;;;;"identificação nominal incompleta; sem fonte auditável de óbito";
Friedrich Dürck;Kingdom of Saxony;Leipzig Art Academy> Munich Academy;51.33340583> 48.1531959202723;12.36783611> 11.5803123911292;Leipzig;;Munich;male;https://en.wikipedia.org/wiki/Friedrich_D%C3%BCrck;;A formação posterior em Munique ocorreu sob direção e apoio do tio Joseph Stieler.;Wikidata;alta;Pinacoteca de São Paulo;Leipzig> Munique;1822 em diante> ingresso na academia de Munique dois anos depois;https://en.wikipedia.org/wiki/Friedrich_D%C3%BCrck;alta;51.338287999;12.377931001;100.0;48.143438999;11.573599;100.0;https://www.lenbachhaus.de/en/discover/collection-online/person/friedrich-d%C3%BCrck-30004805;https://www.wikidata.org/wiki/Q1726;https://www.wikidata.org/wiki/Q1726;;alta
Friedrich Hagedorn;Brazil;Academy of Fine Arts, Munich> Academia de Belas Artes de Munique;48.1531959202723;11.5803123911292;Szczecin;;Rio de Janeiro;male;https://pt.wikipedia.org/wiki/Friedrich_Hagedorn;;A página recuperada informa a alma mater, mas não traz cronologia detalhada.;Wikidata;alta;Pinacoteca de São Paulo;Munique;;;media;53.425109842;14.550810974;100.0;-22.9014475;-43.1789159;100.0;https://enciclopedia.itaucultural.org.br/pessoas/2299-friedrich-hagedorn;https://www.wikidata.org/wiki/Q8678;https://www.wikidata.org/wiki/Q8678;;alta
Friedrich Salathé;Switzerland;formação em gravura suíça> aperfeiçoamento em Paris;48.85666666666667;2.352222222222222;Binningen;;Paris;male;https://de.wikipedia.org/wiki/Friedrich_Salath%C3%A9;;A fonte aberta não detalha com precisão instituições formais específicas.;Wikidata;alta;Coleção Brasiliana Itaú;Suíça> Paris;;;media;47.537550642;7.568164589;100.0;48.856372814;2.352529617;100.0;https://www.britishmuseum.org/collection/term/BIOG44799;https://www.wikidata.org/wiki/Q90;https://www.wikidata.org/wiki/Q90;;alta
Friedrich Vordemberg-Gildewart;Germany> Kingdom of the Netherlands;Kunstgewerbeschule Hannover;52.374444444444;9.7386111111111;Osnabrück, Alemanha;;Ulm;male;fontes biográficas de referência;;;Tate;alta;MAC USP;Hanover, Alemanha;s.d.;fontes biográficas de referência;media;51.110631049;10.392277932;;48.4333333333;10.0166666667;100.0;https://stiftung-vordemberge-gildewart.de/vita/ | https://sammlung.staedelmuseum.de/en/person/vordemberge-gildewart-friedrich;https://www.wikidata.org/wiki/Q3012;https://www.wikidata.org/wiki/Q3012;;alta
Fritz Winter;Germany;Bauhaus;50.9745;11.3291;Bönen;;Herrsching am Ammersee;male;biografia institucional do artista> fontes de referência;;;Wikidata;alta;MAC USP;Dessau, Alemanha;1927–1930;biografia institucional do artista> fontes de referência;alta;51.597951999;7.763346;100.0;47.99888;11.17679;100.0;https://fritzwinteratelier.de/en/fritz-winter;https://www.wikidata.org/wiki/Q170020;https://www.wikidata.org/wiki/Q170020;;alta
Frê Vidovix;Brazil;Faculdade de Artes do Paraná;-25.4096065;-49.2484327;Curitiba, Brazil;;;male;https://archive.file.org.br/participantes/fre-vidovix/ | https://www.behance.net/frevidovix/moodboards;media;;FilmFreeway;médio;FILE;;;;;-25.4283563;-49.2732515;100.0;;;;;;;"atividade recente em fonte aberta; sem evidência de óbito";
Fulvio Pennacchi;Brazil;Regio Istituto di Belle Arti / Academia Real de Belas Artes de Lucca;43.85;10.516666666667;Villa Collemandina;;São Paulo;male;Itaú Cultural> Fulvio Pennacchi Oficial;;Fontes convergem para formação em pintura mural em Lucca, com graduação em 1928.;Wikidata;alta;MAC USP;Lucca, Itália;até 1928;Itaú Cultural> Fulvio Pennacchi Oficial;alta;44.159537;10.3987777;100.0;-23.5486657;-46.6382522;100.0;https://acervo.mac.usp.br/acervo/index.php/Detail/entities/6012;https://www.wikidata.org/wiki/Q174;https://www.wikidata.org/wiki/Q174;;alta
Fábio Barbosa;Brazil;Universidade de Brasília (UnB)> Universidade de São Paulo (USP);-15.76138888888889> -23.5613991;-47.86638888888889> -46.7307891;São Paulo;;;male;https://www.escavador.com/sobre/974574/fabio-barbosa-de-oliveira;;Associado ao artista Fábio Baroli/Fábio Barbosa de Oliveira.;Wikidata;alta;MAC USP;Brasília> São Paulo;2009> sem data exata do mestrado na fonte recuperada;https://www.escavador.com/sobre/974574/fabio-barbosa-de-oliveira;media;-23.5486657;-46.6382522;100.0;;;;;;;"atividade recente em fonte aberta; sem evidência de óbito";
Fábio Yamaji;Brazil;Universidade Federal do Paraná;-25.428888888889;-49.2675;São Paulo, Brazil;;;male;https://www.ppgpur.ufscar.br/pt-br/programa/corpo-docente/fabio-minoru-yamaji;alta;;Mapa Cultural ES;médio;FILE;;;;;-23.5486657;-46.6382522;100.0;;;;;;;"atividade recente em fonte aberta; sem evidência de óbito";
Félix Brissot de Warville;France;Beaux-Arts de Paris> École des beaux-arts de Paris> aluno de Léon Cogniet;48.85680555555555> 48.85680555555555>;2.333277777777778> 2.333277777777778>;Véron;;Versailles;male;https://fr.wikipedia.org/wiki/F%C3%A9lix_Brissot_de_Warville;;;Wikidata;alta;Pinacoteca de São Paulo;Paris;sem datas exatas na fonte;;media;48.129243571;3.306620466;100.0;48.8047472;2.1205122;100.0;https://agorha.inha.fr/ark:/54721/c6f26169-bd6d-4ae1-9413-e95574553ad9;https://www.wikidata.org/wiki/Q621;https://www.wikidata.org/wiki/Q621;;alta
Félix Labisse;France;;;;Marchiennes;Douai Cemetery;Neuilly-sur-Seine;male;;;;https://www.wikidata.org/wiki/Q2012984;alta;;;;;alta;50.40757;3.28632;;48.884828024;2.269704778;100.0;https://www.centrepompidou.fr/en/ressources/personne/cr4e98;https://www.wikidata.org/wiki/Q48958;https://www.wikidata.org/wiki/Q48958;;alta
Félix Taunay, Baron of Taunay;Brazil;formação artística com Nicolas-Antoine Taunay (pai);> -22.91111111111111;> -43.20555555555556;Montmorency;;Rio de Janeiro;male;https://pt.wikipedia.org/wiki/F%C3%A9lix_%C3%89mile_Taunay;;O creator na planilha aparece em inglês> os dados de formação correspondem a Félix-Émile Taunay.;Wikidata;alta;Pinacoteca de São Paulo;França> Rio de Janeiro;antes de 1824> sem datas precisas na fonte;https://pt.wikipedia.org/wiki/F%C3%A9lix_%C3%89mile_Taunay;media;48.989498108;2.32076331;100.0;-22.9014475;-43.1789159;100.0;https://dibrarq.arquivonacional.gov.br/index.php/felix-taunay-barao-de-taunay;https://www.wikidata.org/wiki/Q8678;https://www.wikidata.org/wiki/Q8678;;alta
Félix Ziem;France;Beaux-Arts School of Dijon> École des Beaux-Arts de Dijon;47.321261> 47.321261;5.035364> 5.035364;Beaune;Père Lachaise Cemetery;Paris;male;https://en.wikipedia.org/wiki/F%C3%A9lix_Ziem | https://www.britannica.com/biography/Felix-Ziem;;;Wikidata;alta;MASP;Dijon;;;media;47.025956158;4.839746786;100.0;48.856372814;2.352529617;100.0;https://www.musee-orsay.fr/fr/ressources/repertoire-artistes-personnalites/felix-ziem-35885;https://www.wikidata.org/wiki/Q90;https://www.wikidata.org/wiki/Q90;;alta
G. Bruschetti;;;;;;;;;;;;;;;;;;;;;;;;;;;;"identidade nominal ambígua; não desambiguado com segurança";
G. KENT;;;;;;;;;;;assinatura abreviada> não foi possível desambiguar com segurança;;;Museu Casa da Hera;;;;;;;;;;;;;;"identidade nominal ambígua; não desambiguado com segurança";
G. Le Barbier;;;;;;;;male;;;assinatura abreviada> não foi possível desambiguar com segurança;;;Pinacoteca de São Paulo;;;;;;;;;;;;;;"verbete do Itaú usa prenome abreviado; sem identificação civil completa e sem fonte auditável de óbito";
G. Rovello;;;;;;;;;;;;;;Museu Histórico Nacional;;;;;;;;;;;;;;"assinatura abreviada em catálogos de leilão; sem identificação civil segura nem fonte auditável de óbito";
G3: Filipe Matos;Portugal;IADE Lisboa;38.708042;-9.139016;Portugal;;;male;https://g03.org/contact.html;media;FILE explicita “País de Origem: Portugal”> preenchido em nível de país.;FILE Festival (País de Origem);alta;FILE;;;;alta;39.593139046;-8.51981299;100.0;;;;;;;"site do artista e FILE indicam atividade recente em Lisboa; sem evidência de óbito";
Gabriel Camelo;Brazil;London College of Fashion> Universidad de los Andes;51.54161> -33.404007;-0.0129> -70.507468;Rio de Janeiro;;;male;University of the Arts London> site oficial do artista;alto;;Wikidata;alta;FILE;;;;;-22.9014475;-43.1789159;100.0;;;;;;;"site do artista e entrevista recente indicam atividade profissional; sem evidência de óbito";
Gabriel Caniglia;United States;Northwestern University;42.05645939999999;-87.67526699999999;United States;;;male;site oficial do artista> FILE Festival;alto;FILE explicita “País de Origem: United States”> preenchido em nível de país.;FILE Festival (País de Origem);alta;FILE;;;;alta;39.398703156;-99.41461919;100.0;;;;;;;"site pessoal e GitHub recentes indicam atividade profissional; sem evidência de óbito";
Gabriel Duperré;;École des Beaux-Arts de Paris;48.85680555555555;2.333277777777778;;;;male;https://data.bnf.fr/fr/14968232/gabriel_duperre/;;A identificação formativa foi mantida de forma prudente por escassez de cronologia aberta.;;;Pinacoteca de São Paulo;Paris;;;media;;;;;;;;;;fonte de autoridade localiza o artista, sem local de morte explícito;
Gabriel Menotti;Brazil;Goldsmiths, University of London> Pontifícia Universidade Católica de São Paulo> Universidade Federal do Espírito Santo;51.474269444444445> -23.537889> -20.2766256;-0.03541111111111111> -46.671122> -40.3036766;Vitória, Espírito Santo, Brazil;;;male;Queen’s University> Videobrasil;alto;;YouTube / Spotify (1 curadorx, 1 hora);médio;FILE;;;;;-20.3168388;-40.3099161;100.0;;;;;;;"Queen’s University e Ufes indicam atividade acadêmica recente; sem evidência de óbito";
Gabriela Albergaria;Portugal;Faculty of Fine Arts of the University of Porto> Faculdade de Belas-Artes da Universidade do Porto;41.14555;-8.60075;Vale de Cambra;;;female;https://pt.wikipedia.org/wiki/Gabriela_Albergaria;;licenciatura em pintura> datas não localizadas;Wikidata;alta;MAC USP;Porto, Portugal;;;media;40.833558795072;-8.336382233958;100.0;;;;;;;"galerias ativas e biografia recente indicam atividade contínua; sem evidência de óbito";
Gaspar Falco;France;formação italiana> instituição não identificada na fonte aberta consultada;> ;> ;Mostaganem;;;male;https://www.catalogodasartes.com.br/;;Dados abertos insuficientes para nomear escola.;Wikidata;alta;Museu Paulista;Itália;;;baixa;35.93115;0.08918;100.0;;;;;;;fontes biográficas abertas indicam trajetória, mas não explicitam local de morte;
Gaston Bertrand;Belgium;Académie Royale des Beaux-Arts de Bruxelles;50.844;4.3477;Bassenge;;Uccle;male;fontes biográficas de referência;;instituição identificada em biografias sumárias;Wikidata;alta;MAC USP;Bruxelas, Bélgica;s.d.;fontes biográficas de referência;media;50.765576031;5.61001854;100.0;50.80225;4.33943;100.0;Schaerbeek;Geodatos: Uccle;Geodatos: Uccle;auditoria: fonte institucional local confirma Uccle como local de morte;alta
Gastão Frazão;;Escola de Belas Artes do Pará;-25.429722222222;-49.271944444444;Santos, SP, Brasil;;;;fontes biográficas de referência;;instituição identificada em fontes sumárias;MAC USP;alta;MAC USP;Belém, Brasil;s.d.;fontes biográficas de referência;baixa;-23.9562885;-46.3264601;;;;;;;;identificação nominal não localizada com segurança em fonte aberta;
Gaëtan Borde;France;Supinfocom – RUBIKA;50.35805555555555;3.523333333333333;France;;;male;FILE Festival;médio;FILE explicita “País de Origem: França”> preenchido em nível de país.;FILE Festival (País de Origem);alta;FILE;;;;;46.559417044;2.550539953;100.0;;;;;;;"Unifrance e perfis profissionais indicam atividade; sem evidência de óbito";
Ged Sia;Lithuania;Vilniaus dizaino ir technologijų kolegija> Vilnius Academy of Arts;54.7061> 54.89547222;25.3108> 23.88705556;;;;male;Jaunojo dizainerio prizas> Vilnius Academy of Arts;alto;local de nascimento não localizado em fonte auditável;;;FILE;;;;;;;;;;;;;;"NOMINT e FILE indicam atividade recente; sem evidência de óbito";
Geert Nellen;Netherlands;Utrecht School of Arts;52.09303055555556;5.121088888888889;Netherlands;;;male;FILE Festival> Dutch Game Mentors;alto;FILE explicita “País de Origem: Netherlands”> preenchido em nível de país.;FILE Festival (País de Origem);alta;FILE;;;;alta;52.249375293;5.616126398;100.0;;;;;;;"site oficial e Dutch Game Mentors indicam atividade recente; sem evidência de óbito";
Genaro de Carvalho;Brazil;Escola de Belas Artes da Bahia;-12.990785;-38.524427;Salvador;;Salvador;male;fontes biográficas de referência;;;Wikidata;alta;MAC USP;Salvador, Brasil;c. 1940s;fontes biográficas de referência;media;-12.9641527;-38.5058208;100.0;-12.9641527;-38.5058208;100.0;Enciclopédia Itaú Cultural;Wikidata: Salvador;Wikidata: Salvador;;alta
Genesco Murta;Brazil;Académie de la Grande Chaumière> Académie Colarossi> estudos com Mauricet, Reynold, Charles Guérin e Bernard Naudin;48.842222222222;2.3308333333333;Minas Novas;;Belo Horizonte;male;https://pt.wikipedia.org/wiki/Genesco_Murta | https://www.catalogodasartes.com.br/artista/Genesco%20Murta%20-%20Genesco%20Lages%20Murta%20/> https://www.catalogodasartes.com.br/artista/Genesco%20Murta%20-%20Genesco%20Lages%20Murta%20/ | https://www.escritoriodearte.com/artista/genesco-murta;;;Wikidata;alta;Museu Histórico Nacional;Paris;1912-1915;https://pt.wikipedia.org/wiki/Genesco_Murta | https://www.catalogodasartes.com.br/artista/Genesco%20Murta%20-%20Genesco%20Lages%20Murta%20/;alta;-17.2173033;-42.5944656;100.0;-19.9181771;-43.9370534;100.0;Enciclopédia Itaú Cultural;Wikidata: Belo Horizonte;Wikidata: Belo Horizonte;;alta
Gennadiy Chernega;Ukraine;autodidata;50.45466;30.5238;Ukraine;;;male;FILE Festival;médio;autodidata> coordenadas atribuídas à cidade de residência explicitada em biografia;FILE Festival (biografia do artista);alto;FILE;Kyiv;;;media;49.026898375;31.374926053;100.0;;;;;;;"FILE e perfis profissionais indicam atividade recente; sem evidência de óbito";
Geoffrey Godet;France;Supinfocom;50.35805555555555;3.523333333333333;France;;;male;FILE Festival> Acme Filmworks;alto;FILE explicita “País de Origem: França”> preenchido em nível de país.;FILE Festival (País de Origem);alta;FILE;;;;;46.559417044;2.550539953;100.0;;;;;;;"perfis profissionais e FILE mantêm atividade autoral; sem evidência de óbito";
Georg Grimm;Kingdom of Bavaria;Academy of Fine Arts, Munich> Academia de Belas Artes de Munique;48.1531959202723;11.5803123911292;Immenstadt im Allgäu;;Palermo;male;https://pt.wikipedia.org/wiki/Georg_Grimm;;A fonte consultada também menciona viagens de estudo posteriores.;Wikidata;alta;Museu da Inconfidência;Munique, Alemanha;1868–1870;https://pt.wikipedia.org/wiki/Georg_Grimm;media;47.55996;10.21394;100.0;38.115664;13.3614707;100.0;Enciclopédia Itaú Cultural;Wikidata: Palermo;Wikidata: Palermo;;alta
George Chkheidze;Georgia;National Theatre and Film School Tbilisi;41.70500000000001;44.80083333333333;Tbilisi, Georgia;;;male;site pessoal do artista> FILE Festival;médio;;FILE Festival (biografia do artista);alto;FILE;;;;;41.6936283;44.8016185;100.0;;;;;;;IMDb e FILE indicam atividade autoral sem evidência de óbito;
Georges Braque;France;Beaux-Arts de Paris> École des Beaux-Arts du Havre> aprendizado de decorador> Académie Humbert;49.494166666667;0.10805555555556;Argenteuil;Varengeville-Sur-Mer Churchyard;Paris;male;Wikipedia> GeorgesBraque.org;;Formação combina escola de belas-artes e aprendizado profissional de decorador.;Wikidata;alta;MAC USP;Le Havre, França> Paris, França> Paris, França;c. 1897–1899> até 1902> 1903–1904;Wikipedia> GeorgesBraque.org;alta;48.947883958;2.24887315;100.0;48.856372814;2.352529617;100.0;Britannica;Wikidata: Paris;Wikidata: Paris;;alta
Georges Capgras;France;formação artística francesa> instituição não identificada na fonte aberta consultada;> ;> ;Joinville-le-Pont;;Paris;male;https://www.brasilianaiconografica.art.br/autores/19923/georges-capgras;;A fonte aberta identifica o autor, mas não detalha escola formal.;Wikidata;alta;Pinacoteca de São Paulo;França;;;baixa;48.81842918;2.466886376;100.0;48.856372814;2.352529617;100.0;Musée d’Orsay;Wikidata: Paris;Wikidata: Paris;;alta
Georges Corbisier;Brazil;formação artística belga> instituição não identificada na fonte aberta consultada;> ;> ;Courbevoie;;;male;https://www.brasilianaiconografica.art.br/;;Fonte aberta insuficiente para nomear escola formal.;Wikidata;alta;Museu Paulista;Bélgica;;;baixa;48.89539808;2.254992139;100.0;;;;;;;local de morte não localizado em fonte aberta;
Georgina de Albuquerque;Brazil;Académie Julian> Escola Nacional de Belas Artes> École Nationale Supérieure des Beaux-Arts;48.871111111111> -22.8625055> 45.768055555556;2.3416666666667> -43.2256622> 4.8172222222222;Taubaté;;Rio de Janeiro;female;https://pt.wikipedia.org/wiki/Georgina_de_Albuquerque;;;Wikidata;alta;Museu Histórico Nacional;Rio de Janeiro, Brasil> Paris, França> Paris, França;1904–1906> c. 1906–1907> c. 1906–1907;https://pt.wikipedia.org/wiki/Georgina_de_Albuquerque;alta;-23.030587;-45.5486046;100.0;-22.9014475;-43.1789159;100.0;Enciclopédia Itaú Cultural;Wikidata: Rio de Janeiro;Wikidata: Rio de Janeiro;;alta
Geraldo de Barros;Brazil;Escola Livre de Artes Plásticas do Museu de Arte de São Paulo;-23.561388888889;-46.656388888889;Chavantes;;São Paulo;male;Enciclopédia Itaú Cultural / fontes biográficas de referência;;também integra o Foto Cine Clube Bandeirante no período formativo;Wikidata;alta;MAC USP;São Paulo, Brasil;1948–1949;Enciclopédia Itaú Cultural / fontes biográficas de referência;alta;-23.0396851;-49.7082712;100.0;-23.5486657;-46.6382522;100.0;Enciclopédia Itaú Cultural;Wikidata: São Paulo;Wikidata: São Paulo;;alta
Geraldo Trindade Leal;Brazil;cursos livres no Instituto de Belas Artes de Porto Alegre> ateliê de Mário Cravo Júnior;-30.032777777778;-51.23;Santana do Livramento;;Porto Alegre;male;https://pt.wikipedia.org/wiki/Geraldo_Trindade_Leal | https://aplicacoes.fcc.sc.gov.br/wpmasc/artista/geraldo-trindade-leal/ | https://www.correiodopovo.com.br/arteagenda/um-olhar-sobre-o-modernista-trindade-leal-1.1594584> https://pt.wikipedia.org/wiki/Geraldo_Trindade_Leal | https://aplicacoes.fcc.sc.gov.br/wpmasc/artista/geraldo-trindade-leal/;;As fontes também caracterizam sua formação inicial como autodidata.;Wikidata;alta;MAC USP;Porto Alegre> Bahia;1947 em diante> sem datas completas na fonte;https://pt.wikipedia.org/wiki/Geraldo_Trindade_Leal;media;-30.89083;-55.53278;100.0;-30.0328305556;-51.2301888889;100.0;MASC;Wikidata: Porto Alegre;Wikidata: Porto Alegre;;alta
Gerda Brentani;Italy;Conservatorio Giuseppe Verdi de Trieste> estudos com Ernesto de Fiori;45.65027777777778;13.77027777777778;Trieste;;São Paulo;female;https://pt.wikipedia.org/wiki/Gerda_Brentani | https://www.escritoriodearte.com/artista/gerda-brentani;;As fontes indicam formação musical formal e formação artística posterior com Ernesto de Fiori.;Wikidata;alta;MAC USP;Trieste (Itália)> São Paulo (SP);antes de 1939> década de 1940;https://www.escritoriodearte.com/artista/gerda-brentani;alta;45.6535974;13.7785154;100.0;-23.5503944444;-46.6339472222;100.0;MAC USP;Wikidata: São Paulo;Wikidata: São Paulo;;alta
Gerhard Human;South Africa;Pretoria Technikon;-25.7322;28.1617;Bloemfontein, South Africa;;;male;Imago Mundi Collection> Dyman Gallery;médio;;Dyman Gallery / Latitudes;alto;FILE;;;;;-29.1181302;26.223091;100.0;;;;;;;"atividade recente em fonte aberta; sem evidência de óbito";
Gerhard Richter;Germany;Kunstakademie Düsseldorf> Dresden Academy of Fine Arts;51.23054> 51.05284167;6.77365> 13.74244444;Dresden;;;male;https://gerhard-richter-archiv.skd.museum/en/about-us/gerhard-richter/;;;Wikidata;alta;MAC USP;Dresden, Alemanha> Düsseldorf, Alemanha;1951–1956> 1961–1963;https://gerhard-richter-archiv.skd.museum/en/about-us/gerhard-richter/;alta;51.051696999;13.736883;100.0;;;;;;;"atividade recente em fonte aberta; sem evidência de óbito";
Germana Monte-Mór;Brazil;Instituto de Filosofia e Ciências Sociais da UFRJ> Fundação Armando Álvares Penteado (FAAP)> Escola de Comunicações e Artes da USP;-22.9054463135897> -23.55833333;-43.18148979169409> -46.72694444;Rio de Janeiro;;;female;https://galerialeme.com/artist/germana-monte-mor/> https://galeriaestacao.com.br/documents/portfolio_95_f22dd-portfolio-germana-monte-mor-%28portugues%29-.pdf;;fontes também registram estudo de gravura na Escolinha de Arte do Brasil;Wikidata;alta;MAC USP;Rio de Janeiro, Brasil> São Paulo, Brasil> São Paulo, Brasil;1982> 1989> 2002;https://galerialeme.com/artist/germana-monte-mor/ > https://galeriaestacao.com.br/documents/portfolio_95_f22dd-portfolio-germana-monte-mor-%28portugues%29-.pdf;alta;-22.9014475;-43.1789159;100.0;;;;;;;"atividade recente em fonte aberta; sem evidência de óbito";
Germano Wahnschaffe;Germany;formação alemã em história natural e desenho científico;;;Germany;;;male;https://pt.wikipedia.org/wiki/Germano_Wahnschaffe;;A fonte aberta biográfica enfatiza carreira científica> instituição específica não foi detalhada nesta rodada.;Wikidata;alta;Coleção Brasiliana Itaú;Alemanha;;;baixa;51.110631049;10.392277932;100.0;;;;;;;lugar de morte não localizado em fonte confiável;
Gerrit Benner;Kingdom of the Netherlands;;;;Leeuwarden;;Nijemirdum;male;fontes biográficas de referência;;artista autodidata> sem escola formal localizada;Wikidata;alta;MAC USP;Leeuwarden, Países Baixos;s.d.;fontes biográficas de referência;media;53.201134953;5.805000142;100.0;52.8569444444;5.57;100.0;Wikipedia NL;Wikidata: Nijemirdum;Wikidata: Nijemirdum;;media
Gerrit Willem van Blaaderen;Kingdom of the Netherlands;Escola de Arte Aplicada de Haarlem;52.376609;4.633598;Nieuwer-Amstel;;Bergen;male;https://app.fta.art/pt/creator/61218fe1d38742a9f1281c20f82c042bc10d1e5a | https://nl.wikipedia.org/wiki/Gerrit_van_Blaaderen> https://app.fta.art/pt/creator/61218fe1d38742a9f1281c20f82c042bc10d1e5a;;A fonte cita também formação com Hendrik Hulk e W.F.A.I. Vaarzon Morel.;Wikidata;alta;MASP;Haarlem;1894-1895;https://app.fta.art/pt/creator/61218fe1d38742a9f1281c20f82c042bc10d1e5a;alta;52.30083;4.86389;100.0;52.6691694444;4.7041694444;100.0;De Valk Lexicon;Wikidata: Bergen (North Holland);Wikidata: Bergen (North Holland);local de morte confirmado como Bergen (NH);media
Gerson Pompeu;Brazil;Escola Nacional de Belas Artes> Escola Nacional de Belas Artes (Enba)> Curso Especial de Arquitetura> Académie Julian;-22.90879805555556;-43.17573111111111;Campinas;;Rio de Janeiro;male;https://pt.wikipedia.org/wiki/Gerson_Pompeu | https://www.dezenovevinte.net/bios/bio_gpp.htm;;;Wikidata;alta;Museu Histórico Nacional;Rio de Janeiro> Paris;a partir de 1924> 1951;https://pt.wikipedia.org/wiki/Gerson_Pompeu | https://www.dezenovevinte.net/bios/bio_gpp.htm;alta;-22.9073702;-47.0628996;100.0;-22.9111111111;-43.2055555556;100.0;Enciclopédia Itaú Cultural;Wikidata: Rio de Janeiro;Wikidata: Rio de Janeiro;;alta
Gerson Tavares;;Escola Nacional de Belas Artes;-22.8625055;-43.2256622;São Gonçalo, RJ, Brasil;;Rio de Janeiro;male;Folha dos Lagos;;ingressou no curso de pintura em 1947> depois obteve bolsa para a Europa, mas a instituição europeia não foi identificada;Folha dos Lagos;media;Museu de Arte Religiosa e Tradicional;Rio de Janeiro> Europa;1947;Folha dos Lagos;media;-10.769946429;-53.073466889;;-22.9111111111;-43.2055555556;;IMDb;Wikidata: Rio de Janeiro;Wikidata: Rio de Janeiro;"óbito localizado em base filmográfica; local em nível municipal";media
Gervais Merryweather;;National Film and Television School;51.6054;-0.6374;;;;male;National Film and Television School> FILE Festival;alto;identidade não confirmada com segurança para local de nascimento;;;FILE;;;;;;;;;;;;;;"atividade recente em fonte aberta; sem evidência de óbito";
Gestucks;Austria;TU Graz> University of Applied Arts Vienna;47.068888888889;15.45;Austria;;;male;FILE Festival;alto;FILE explicita “País de Origem: Áustria”> preenchido em nível de país.;FILE Festival (País de Origem);alta;FILE;;;;;47.585810005;14.137076948;100.0;;;;;;;"atividade recente em fonte aberta; sem evidência de óbito";
Giambattista Pittoni;Republic of Venice;formação com o tio Francesco Pittoni;45.431078;12.328139;Venice;San Giacomo dell'Orio;Venice;male;https://en.wikipedia.org/wiki/Giambattista_Pittoni | https://www.britannica.com/biography/Giovanni-Battista-Pittoni;;As fontes consultadas descrevem uma formação familiar/atelier.;Wikidata;alta;MASP;Veneza;;;baixa;45.434608;12.338913;100.0;45.4397222222;12.3319444444;100.0;Treccani;Wikidata: Venice;Wikidata: Venice;;alta
Giampietrino;;formação na órbita/oficina de Leonardo da Vinci;45.47222222;9.18888889;Lombardy;;;male;https://en.wikipedia.org/wiki/Giampietrino | https://www.britannica.com/biography/Giampietrino;;A atribuição de mestre é clara, mas a cronologia detalhada é incerta.;Wikidata;alta;MASP;Milão;;;baixa;45.620700797975;9.769063043545;100.0;;;;;;;lugar de morte não localizado em fonte de autoridade;
Gian Cruz;Philippines;University of the Philippines Diliman> Kyung Hee University> De La Salle University-Manila;14.654861111111> 37.5967> 14.5646;121.06446944444> 127.052> 120.99303;Manila, Philippines;;;male;CV institucional em Visual AIDS;alto;;FILE Festival (biografia do artista);alto;FILE;;;;;14.5822592;120.9748038;100.0;;;;;;;"atividade recente em fonte aberta; sem evidência de óbito";
Giandomenico Paglia;Italy;;;;Teramo, Italy;;;male;;;;Teramo Rock (biografia);médio;FILE;;;;;42.661269;13.6985307;100.0;;;;;;;"atividade recente em fonte aberta; sem evidência de óbito";
Gianfilippo Usellini;Italy;Brera Academy> Liceo artistico di Brera> Accademia di belle arti di Brera;45.471955;9.187815;Milan;;Arona;male;https://www.treccani.it/enciclopedia/gianfilippo-usellini_(Dizionario-Biografico)/;;na Accademia di Brera estuda com Ambrogio Alciati;Wikidata;alta;MAC USP;Milão, Itália> Milão, Itália;início dos anos 1920> 1923–1927;https://it.wikipedia.org/wiki/Gianfilippo_Usellini;alta;45.4636183;9.1881156;100.0;45.7569444444;8.56;100.0;Treccani;Wikidata: Arona;Wikidata: Arona;coordenadas corrigidas para Arona, Piemonte;alta
Gilbert Stuart;United States;formação com Cosmo Alexander> estudos com Benjamin West;> ;> ;North Kingstown;Massachusetts;Boston;male;https://en.wikipedia.org/wiki/Gilbert_Stuart | https://www.britannica.com/biography/Gilbert-Stuart;;;Wikidata;alta;MASP;Newport> Escócia> Londres;c.1762-1765> 1775 em diante;https://en.wikipedia.org/wiki/Gilbert_Stuart;media;41.560378;-71.445041;100.0;42.3602777778;-71.0577777778;100.0;Gilbert Stuart Museum;Wikidata: Boston;Wikidata: Boston;;alta
Gilberto Jiménez;Mexico;;;;Mexico City;;;male;;;formação não localizada com segurança;Wikidata;alta;MAC USP;;;;;19.430457906;-99.141684761;100.0;;;;;;;dados insuficientes para localizar lugar de morte com segurança;
Gilda Vogt;Brazil;Museu de Arte Moderna do Rio de Janeiro (MAM/RJ)> Escola Brasil:;-22.91111111111111> -8.9791666666667;-43.20555555555556> -38.219444444444;Rio de Janeiro, RJ, Brasil;;;female;Itaú Cultural> Wikipédia;;também estudou com Misabel Pedrosa, Ivan Serpa, Anna Bella Geiger e Frederico Nasser;Wikipédia em português;media;MAC USP;Rio de Janeiro> São Paulo;1968> 1970–1973;Itaú Cultural> Wikipédia;alta;-22.9014475;-43.1789159;;;;;;;;"atividade recente em fonte aberta; sem evidência de óbito";
Gilda Vogt Maia Rosa;Brazil;Museu de Arte Moderna do Rio de Janeiro (MAM/RJ)> Escola Brasil:;-22.91111111111111> -8.9791666666667;-43.20555555555556> -38.219444444444;Rio de Janeiro, RJ, Brasil;;;female;Itaú Cultural> Wikipédia;;também estudou com Misabel Pedrosa, Ivan Serpa, Anna Bella Geiger e Frederico Nasser;Wikipédia em português;media;MAC USP;Rio de Janeiro> São Paulo;1968> 1970–1973;Itaú Cultural> Wikipédia;alta;-22.9014475;-43.1789159;;;;;;;;"atividade recente em fonte aberta; sem evidência de óbito";
Gilson Ramos Barbosa;;Escola de Teatro da Universidade da Bahia;-12.99216;-38.52195;Cachoeira, BA, Brasil;;Cachoeira;male;https://enciclopedia.itaucultural.org.br/pessoas/7019-gilson-barbosa;;;Enciclopédia Itaú Cultural;alta;MAC USP;Salvador (BA);1956;https://enciclopedia.itaucultural.org.br/pessoas/7019-gilson-barbosa;media;-10.769946429;-53.073466889;;-12.6177777778;-38.9558333333;;Enciclopédia Itaú Cultural;Wikidata: Cachoeira (BA);Wikidata: Cachoeira (BA);;alta
Gino Bruno;;Liceu de Artes e Ofícios> Escolinha de Artesanato;> ;> ;Adria, Itália;;São Paulo;male;https://enciclopedia.itaucultural.org.br/pessoas/7021-gino-bruno;;;Enciclopédia Itaú Cultural;alta;MAC USP;São Paulo, Brasil;1912;https://enciclopedia.itaucultural.org.br/pessoas/7021-gino-bruno;alta;42.83333;12.83333;;-23.5503944444;-46.6339472222;;MAC USP;Wikidata: São Paulo;Wikidata: São Paulo;;alta
Gino Severini;Italy;Free School for Nude Studies> academia privada / Villa Medici;41.908333333333;12.4825;Cortona;;Paris;male;Wikipedia> TheArtStory;;Sem formação escolar contínua anterior> estudos artísticos formais curtos em Roma.;Wikidata;alta;MAC USP;Roma, Itália> Roma, Itália;c. 1899–1901> c. 1899–1901;Wikipedia> TheArtStory;media;43.2741319;11.9877546;100.0;48.8566666667;2.3522222222;100.0;Britannica;Wikidata: Paris;Wikidata: Paris;;alta
Ginés Parra;Spain;Art Students League of New York> National Academy School of Fine Arts> École Nationale Supérieure des Beaux-Arts;40.766083333333> > 45.768055555556;-73.980861111111> > 4.8172222222222;Almería;;Paris;male;https://es.wikipedia.org/wiki/Gin%C3%A9s_Parra> https://galerialopeztorres.com/en/artists/gines-parra/;;;Wikidata;alta;MAC USP;Nova York, EUA> Nova York, EUA> Paris, França;c. 1910s> c. 1910s> c. 1920;https://es.wikipedia.org/wiki/Gin%C3%A9s_Parra > https://galerialopeztorres.com/en/artists/gines-parra/;media;36.8400939;-2.4679043;100.0;48.8566666667;2.3522222222;100.0;BnF;Wikidata: Paris;Wikidata: Paris;registro anterior em nível de país substituído por cidade em fonte de autoridade;alta
Giorgio De Chirico;Italy;Academy of Fine Arts, Munich> Athens School of Fine Arts;48.1531959202723> 37.9620098;11.5803123911292> 23.6881821;Volos;San Francesco a Ripa;Rome;male;https://www.onassis.org/people/giorgio-de-chirico;;Preenchimento com base em biografia institucional.;Wikidata;alta;MAC USP;Atenas, Grécia> Munique, Alemanha;1903–1906> 1906–1909;https://www.onassis.org/people/giorgio-de-chirico;alta;39.3605228;22.9453145;100.0;41.8905568;12.4942679;100.0;Fondazione Giorgio e Isa de Chirico;Wikidata: Rome;Wikidata: Rome;;alta
Giorgio Morandi;Italy;Academy of Fine Arts of Bologna> Accademia di Belle Arti di Bologna;44.497811111111;11.353188888889;Bologna;Certosa di Bologna;Bologna;male;Wikipedia> TheArtStory;;;Wikidata;alta;MAC USP;Bolonha, Itália;1907–1913;Wikipedia;alta;44.4941903;11.3465185;100.0;44.4941903;11.3465185;100.0;Treccani;Wikidata: Bologna;Wikidata: Bologna;;alta
Giovanni Battista Castagneto;Brazil;Accademia Ligustica di Belle Arti;44.40768333;8.934525;Genoa;;Rio de Janeiro;male;https://pt.wikipedia.org/wiki/Giovanni_Battista_Castagneto | https://enciclopedia.itaucultural.org.br/pessoas/2832-giovanni-battista-castagneto;;;Wikidata;alta;Pinacoteca de São Paulo;Gênova;;;media;44.4070624;8.9339889;100.0;-22.9014475;-43.1789159;100.0;Enciclopédia Itaú Cultural;Wikidata: Rio de Janeiro;Wikidata: Rio de Janeiro;;alta
Giovanni Bellini;Republic of Venice;formação com o pai Jacopo Bellini, em oficina familiar;45.431078;12.328139;Venice;Santi Giovanni e Paolo;Venice;male;https://en.wikipedia.org/wiki/Giovanni_Bellini | https://worldhistoryedu.com/who-was-giovanni-bellini/;;A formação recuperada é de oficina familiar, sem academia formal identificada.;Wikidata;alta;MASP;Veneza;;;media;45.434608;12.338913;100.0;45.434608;12.338913;100.0;Britannica;Wikidata: Venice;Wikidata: Venice;;alta
Giovanni Boldini;Kingdom of Italy;Accademia delle Arti del Disegno> Accademia di Belle Arti;45.47222222;9.18888889;Ferrara;Certosa of Ferrara;Paris;male;https://modjourn.org/biography/boldini-giovanni-1842-1931/;;;Wikidata;alta;MASP;Florença, Itália;a partir de 1862;https://modjourn.org/biography/boldini-giovanni-1842-1931/;alta;44.8378378;11.6203994;100.0;48.856372814;2.352529617;100.0;Treccani;Wikidata: Paris;Wikidata: Paris;;alta
Giovanni Sarracino;Italy;estudos de pintura e desenho na Itália> Liceu de Artes e Ofícios;> ;> ;Torre del Greco;;;male;https://pt.wikipedia.org/wiki/Giovanni_Sarracino | https://8g6grupodeestudos2011.blogspot.com/2011/03/;;As fontes consultadas não trazem cronologia detalhada para a etapa italiana.;Wikidata;alta;Museu Paulista;Itália> São Paulo;;;media;40.7872187;14.3680286;100.0;;;;;;;fontes localizadas descrevem atuação no Brasil, sem local de morte explícito;
Gisela Eichbaum;Brazil;estudos com Yolanda Mohalyi, Samson Flexor e Karl Plattner> School of Modern Art, New York;40.71277777777778;-74.00611111111111;Mannheim;;São Paulo;female;https://enciclopedia.itaucultural.org.br/pessoas/509-gisela-eichbaum | https://pt.wikipedia.org/wiki/Gisela_Eichbaum;;A formação aparece em parte por mestres e em parte por escola, sem cronologia completa para Nova York.;Wikidata;alta;MAC USP;São Paulo (SP)> Nova York (EUA);década de 1940;https://enciclopedia.itaucultural.org.br/pessoas/509-gisela-eichbaum;media;49.487779999;8.466275001;100.0;-23.5486657;-46.6382522;100.0;Enciclopédia Itaú Cultural;Wikidata: São Paulo;Wikidata: São Paulo;;alta
Gisela Nunes;Portugal;ESAP Guimarães> Escola das Artes, Universidade Católica Portuguesa> University of Minho;41.445> 41.533333333333;-8.2908333333333> -8.4166666666667;Portugal;;;female;YICCA> site da artista;médio;FILE explicita “País de Origem: Portugal”> preenchido em nível de país.;FILE Festival (País de Origem);alta;FILE;;;;;39.593139046;-8.51981299;100.0;;;;;;;"atividade recente em fonte aberta; sem evidência de óbito";
Giselda Leirner;Brazil;University of São Paulo> estudos com Yolanda Mohalyi> Art Students League> Parsons School of Design;-23.5613991> > 40.766083333333> 40.735277777778;-46.7307891> > -73.980861111111> -73.994166666667;São Paulo;;;female;https://www.escritoriodearte.com/artista/giselda-leirner;;combina formação com artistas e cursos em Nova York;Wikidata;alta;MAC USP;São Paulo, Brasil> Nova York, EUA> Nova York, EUA;1942–1945> 1946> s.d.;https://www.escritoriodearte.com/artista/giselda-leirner;alta;-23.5486657;-46.6382522;100.0;;;;;;;fonte institucional consultada não explicita óbito nem local de morte;
Giselle Beiguelman;Brazil;Faculty of Philosophy, Languages and Literature, and Human Sciences;-23.5613991;-46.7307891;São Paulo;;;female;;;;Wikidata;alta;FILE;;;;;-23.5486657;-46.6382522;100.0;;;;;;;"atividade recente em fonte institucional; sem evidência de óbito";
Giuliano Vangi;Italy;Istituto d'Arte di Firenze> Accademia di Belle Arti di Firenze;43.7599> 43.776907;11.24626> 11.258475;Barberino di Mugello;;Pesaro;male;Praemium Imperiale> Wikipedia;;instituições identificadas> datas não localizadas;Wikidata;alta;MAC USP;Florença, Itália> Florença, Itália;;;alta;44.001045;11.238543;100.0;43.912069;12.915744;100.0;Comune di Pesaro;Wikidata: Pesaro;Wikidata: Pesaro;;alta
Giulio Turcato;Italy;Accademia di Belle Arti di Venezia> Liceo Artistico> Scuola Libera del Nudo;45.4286> 43.7599>;12.3305> 11.24626>;Mantua;;Rome;male;https://www.turcato.org/biography/;;O arquivo do artista informa frequência ao Liceo Artistico e, depois, à Scuola Libera del Nudo em Veneza, sem datas exatas nesta passada.;Wikidata;alta;MAC USP;Veneza, Itália> Veneza, Itália;;;media;22.325912382819;-84.242471004414;100.0;41.8905568;12.4942679;100.0;Archivio Giulio Turcato;Wikidata: Rome;Wikidata: Rome;;alta
Giuseppe Amisani;Kingdom of Italy;Brera Academy> instituto técnico de Pavia> Accademia di Brera;45.18675> 45.47222222;9.15586> 9.18888889;Mede;;Portofino;male;https://en.wikipedia.org/wiki/Giuseppe_Amisani;;A fonte explicita estudos na Brera com Cesare Tallone e Vespasiano Bignami.;Wikidata;alta;MASP;Pavia> Milão;fim do séc. XIX> 1908 prêmio acadêmico;https://en.wikipedia.org/wiki/Giuseppe_Amisani;media;45.0989259;8.737037;100.0;44.3039609;9.2077723;100.0;Treccani;Wikidata: Portofino;Wikidata: Portofino;;alta
Giuseppe Capogrossi;Italy;Sapienza University of Rome> La Sapienza> Libera Scuola di Nudo de Felice Carena;41.903333333333;12.515833333333;Rome;;Rome;male;https://it.wikipedia.org/wiki/Giuseppe_Capogrossi> https://emporiumart.com/en-pt/pages/giuseppe-capogrossi-biography;;Há confirmação convergente entre fontes sobre Direito e estudo de pintura com Felice Carena.;Wikidata;alta;MAC USP;Roma, Itália> Roma, Itália;até 1922> 1923–1924;https://it.wikipedia.org/wiki/Giuseppe_Capogrossi > https://emporiumart.com/en-pt/pages/giuseppe-capogrossi-biography;media;41.8905568;12.4942679;100.0;41.8905568;12.4942679;100.0;Treccani;Wikidata: Rome;Wikidata: Rome;;alta
Giuseppe Cavatti;Brazil;Universidade Federal do Espírito Santo;-20.2766256;-40.3036766;Brasília;;;male;FILE Festival;médio;;Wikidata;alta;FILE;;;;;-15.7793842;-47.9257379;100.0;;;;;;;"atividade recente em fonte aberta; sem evidência de óbito";
Giuseppe Leone Righini;Brazil;Academia de Belas Artes de Turim;45.0675;7.68944444;Turin;;Belém;male;https://pt.wikipedia.org/wiki/Giuseppe_Leone_Righini | https://www.brasilianaiconografica.art.br/autores/22885/leone-righini | https://www.escritoriodearte.com/artista/giuseppe-leone-righini;;;Wikidata;alta;Pinacoteca de São Paulo;Turim;;;alta;45.0683751;7.6830662;100.0;-1.4549817;-48.502273;100.0;Enciclopédia Itaú Cultural;Wikidata: Belém;Wikidata: Belém;;alta
Giuseppe Morrocchi;;;;;San Casciano in Val di Pesa, Firenze, Itália;;Florence;male;;;biografia localizada> formação não localizada com segurança;SIUSA / Gabinetto Vieusseux;alta;MAC USP;;;;;42.83333;12.83333;;43.7686976;11.2569291;100.0;SIUSA;Wikidata: Florence;Wikidata: Florence;;alta
Giuseppe Santomaso;Italy;Accademia di Belle Arti di Venezia;45.4286;12.3305;Venice;;Venice;male;https://en.wikipedia.org/wiki/Giuseppe_Santomaso;;A fonte consultada informa início dos estudos na Academia de Belas Artes de Veneza em 1932.;Wikidata;alta;MAC USP;Veneza, Itália;1932;https://en.wikipedia.org/wiki/Giuseppe_Santomaso;media;45.434608;12.338913;100.0;45.434608;12.338913;100.0;Treccani;Wikidata: Venice;Wikidata: Venice;;alta
Giustino Di Gregorio;Italy;;;;Teramo, Italy;;;male;;;;MOT / Teramo Rock;médio;FILE;;;;;42.661269;13.6985307;100.0;;;;;;;"atividade recente em fonte aberta; sem evidência de óbito";
Gladis Reveilleau;;Fundação Armando Álvares Penteado (FAAP);-23.5450155;-46.6630802;Rio de Janeiro, RJ, Brasil;;;female;Galeria-Atelier Flory Menezes;;formada em Artes Plásticas na FAAP> fonte também a descreve como figurinista> datas não localizadas;Galeria-Atelier Flory Menezes;media;Museu de Arte Religiosa e Tradicional;São Paulo, SP;;;media;-22.9014475;-43.1789159;;;;;;;;"obras e atelier ativos em fonte aberta; sem evidência de óbito";
Glasz DeCuir;Spain;;;;Donostia/San Sebastián, Spain;;;female;;;;Meta-Morphosis Digital (biografia);médio;FILE;;;;;43.320905;-1.9845145;100.0;;;;;;;"atividade recente em fonte aberta; sem evidência de óbito";
Glyph;India;;;;India;;;male;;;FILE explicita “País de Origem: Índia”> preenchido em nível de país.;FILE Festival (País de Origem);alta;FILE;;;;;20.593684;78.96288;;;;;;;;"nome artístico em atividade recente; sem evidência de óbito";
Gonzalo Borondo;Spain;Universidad Complutense de Madrid> Accademia di Belle Arti di Roma;40.44903888888889> 41.9075;-3.727030555555555> 12.4756;Valladolid;;;male;entrevista Stampa Reggiana + fontes secundárias convergentes;media;;Wikidata;alta;FILE;;;;;41.6529421;-4.7283839;100.0;;;;;;;"atividade recente em site oficial; sem evidência de óbito";
Grace Mi;;University of Southern California;34.021667;-118.285278;Los Angeles, California, USA;;;female;FILE Festival;médio;fonte biográfica informa origem em Los Angeles.;site oficial da artista / FILE Festival;médio;FILE;;;;;34.053691;-118.242766;;;;;;;;"atividade recente em site oficial; sem evidência de óbito";
Graciliano Vicente Xavier;Brazil;Liceu de Artes e Ofícios de São Paulo> aperfeiçoamento com Almeida Júnior;-23.5331446;-46.6267577;São Paulo;;São Paulo;male;https://pt.wikipedia.org/wiki/Graciliano_Vicente_Xavier;;A fonte disponível informa que foi discípulo de Jules Martin no Liceu de Artes e Ofícios de São Paulo e que depois se aperfeiçoou com Almeida Júnior.;Wikidata;alta;Museu Paulista;São Paulo;sem datas exatas na fonte;https://pt.wikipedia.org/wiki/Graciliano_Vicente_Xavier;alta;-23.5486657;-46.6382522;100.0;-23.5486657;-46.6382522;100.0;Wikipedia PT;Wikidata: São Paulo;Wikidata: São Paulo;"local mantido com base em fonte aberta; não localizei fonte institucional direta do óbito";media
Graham Sutherland;United Kingdom;Goldsmiths, University of London> Goldsmiths' College;51.47426944444445;-0.0354111111111111;Streatham;;London;male;Tate> biografia institucional;;;Wikidata;alta;MAC USP;Londres, Reino Unido;1921–1926;Tate> biografia institucional;alta;51.42897;-0.13184;100.0;51.50740836;-0.127698693;100.0;Britannica;Wikidata: London;Wikidata: London;"ajustado de Streatham para London; Streatham aparece nas fontes como local de nascimento";alta
Grant Petrey;United Kingdom;Royal College of Art> Sir John Cass School of Art, Architecture & Design, London Metropolitan University> Institute of Education, University College London> Royal Central School of Speech & Drama, University of London> University of Wales, Trinity St David;51.501388888889> 51.551574> 51.52472222222222> 51.54416666666667> 51.85865;-0.17888888888889> -0.110687> -0.13361111111111112> -0.17416666666666666> -4.32798;United Kingdom;;;male;site oficial do artista> Royal College of Art;alto;FILE explicita “País de Origem: Reino Unido”> preenchido em nível de país.;FILE Festival (País de Origem);alta;FILE;;;;;53.408386605;-1.969559544;100.0;;;;;;;"atividade recente em site oficial e projetos em 2025; sem evidência de óbito";
Greg ‘Craola’ Simkins;United States;California State University, Long Beach;33.78219444444444;-118.122;Torrance, California, USA;;;male;site oficial do artista;alto;;site oficial do artista;alto;FILE;;;;;33.8363301;-118.3400381;100.0;;;;;;;"site oficial ativo e biografia atual; sem evidência de óbito";
Guilherme Marcondes;Brazil;Universidade de São Paulo;-23.5613991;-46.7307891;São Paulo;;;male;FILE Festival;médio;;Wikidata;alta;FILE;;;;;-23.5486657;-46.6382522;100.0;;;;;;;"site oficial indica que vive em NYC; sem evidência de óbito";
Guli Silberstein;Israel;Tel Aviv University> The New School University;32.1125> 40.73534;34.805> -73.99704;Israel;;;male;site oficial do artista | FILE Festival;alto;;FILE Festival (biografia do artista);alto;FILE;;;;;31.977711512;34.979217692;100.0;;;;;;;"site oficial ativo; sem evidência de óbito";
Gustave Courbet;France;Académie Suisse> Collège Royal de Besançon> estudos breves com Charles de Steuben;47.2372;6.02031;Ornans;Cimetière Communal d'Ornans;La Tour-de-Peilz;male;https://www.encyclopedia.com/people/literature-and-arts/european-art-1600-present-biographies/gustave-courbet | https://pt.wikipedia.org/wiki/Gustave_Courbet> https://www.encyclopedia.com/people/literature-and-arts/european-art-1600-present-biographies/gustave-courbet;;A trajetória inclui formação independente no Louvre após estudo breve em ateliê.;Wikidata;alta;MASP;Besançon> Paris;c.1837-1840;https://www.encyclopedia.com/people/literature-and-arts/european-art-1600-present-biographies/gustave-courbet;media;47.105945536;6.147111639;100.0;46.454252892;6.867656059;100.0;courbet.ch;Wikidata: La Tour-de-Peilz;Wikidata: La Tour-de-Peilz;;alta
Gustave James;;formação artística francesa> instituição não identificada na fonte aberta consultada;> ;> ;;;Rio de Janeiro;male;https://www.brasilianaiconografica.art.br/;;Registro prudente por ausência de instituição específica em fonte aberta.;;;Museu Histórico Nacional;França;;;baixa;;;;-22.9111111111;-43.2055555556;100.0;Enciclopédia Itaú Cultural;Wikidata: Rio de Janeiro;Wikidata: Rio de Janeiro;;alta
Gustave Singier;Belgium;École Boulle;48.8465;2.39097;Warneton;;Paris;male;Wikipedia> Annex Galleries;;;Wikidata;alta;MAC USP;Paris, França;1923–1926;Wikipedia> Annex Galleries;media;50.75158;2.94635;100.0;48.856372814;2.352529617;100.0;Centre Pompidou;Wikidata: Paris;Wikidata: Paris;"ajustado de 14th arrondissement of Paris para Paris; fonte consultada explicita apenas Paris";alta
Gustavo Dall'Ara;Brazil;Accademia di Belle Arti di Venezia / Academia de Belas Artes de Veneza;45.431078;12.328139;Rovigo;;Vargem Alegre;male;https://enciclopedia.itaucultural.org.br/pessoas/7053-gustavo-dall-ara | https://pt.wikipedia.org/wiki/Gustavo_Dall%27Ara;;Preferida a forma oficial da academia na Itália, com equivalência em português.;Wikidata;alta;Museu Nacional de Belas Artes;Veneza;1881-1883;https://enciclopedia.itaucultural.org.br/pessoas/7053-gustavo-dall-ara | https://pt.wikipedia.org/wiki/Gustavo_Dall%27Ara;alta;45.0707365;11.7897964;100.0;-22.5022;-43.9331;100.0;Enciclopédia Itaú Cultural;Mapcarta: Vargem Alegre (Barra do Piraí);Mapcarta: Vargem Alegre (Barra do Piraí);"Itaú Cultural explicita Vargem Alegre RJ; coordenadas atribuídas ao distrito homônimo em Barra do Piraí";media
Gustavo Von Ha;;Universidade do Oeste Paulista> grupo de pesquisa de Leda Catunda na Faculdade Santa Marcelina> PIESP;-22.125833333333> -23.550394444444> -23.550394444444;-51.388888888889> -46.633947222222> -46.633947222222;Presidente Prudente, SP, Brasil;;;male;https://pt.wikipedia.org/wiki/Gustavo_von_Ha | https://enciclopedia.itaucultural.org.br/pessoa365941/gustavo-von-ha;;;MAC USP;alta;MAC USP;Presidente Prudente> São Paulo;1998-2002> 2005> 2010;https://pt.wikipedia.org/wiki/Gustavo_von_Ha | https://enciclopedia.itaucultural.org.br/pessoa365941/gustavo-von-ha;alta;-10.769946429;-53.073466889;;;;;;;;"atividade recente em biografia oficial e Prêmio PIPA; sem evidência de óbito";
Hamza Kirbas;Turkey;Batman University Faculty of Fine Arts> Silesia University Faculty of Fine Arts, Graphic Design Department> Hacettepe University Institute of Fine Arts;38.08194444444445> 50.26075;41.40722222222222> 19.02830555555555;Batman, Turkey;;;male;site oficial do artista | FILE Festival;alto;;FILE Festival (biografia do artista);alto;FILE;;;;;37.899913;41.129208;100.0;;;;;;;"perfil recente indica atuação internacional e base em NYC; sem evidência de óbito";
Hana Al Ali;United Arab Emirates;American University of Sharjah;25.309722;55.490556;United Arab Emirates;;;female;American University of Sharjah | Behance;médio;FILE explicita “País de Origem: Emirados Árabes Unidos”> preenchido em nível de país.;FILE Festival (País de Origem);alta;FILE;;;;;23.424076;53.847818;;;;;;;;"site oficial ativo; sem evidência de óbito";
Hannah Doran;Wales;Wrexham Glyndwr University School of Creative Arts;53.054;-3.006;Wales, United Kingdom;;;female;FILE Festival;alto;FILE explicita “País de Origem: País de Gales”> preenchido no nível mais específico disponível.;FILE Festival (País de Origem);alta;FILE;;;;;52.130661;-3.783712;;;;;;;;fontes consultadas não trazem evidência de óbito nem local de morte;
Hannes Arvid Andersson;Netherlands;SAE Institute Barcelona> Middlesex University> Frank Mohr Institute, Hanze University of Applied Sciences;41.41219> 53.24051389;2.201316> 6.53270278;Sweden;;;male;Othernode | SoundCloud;baixo;;perfil acadêmico / Academia.edu;médio;FILE;;;;;64.712585547;17.260487956;100.0;;;;;;;"atividade recente em site oficial e projetos de 2024; sem evidência de óbito";
Hans Hartung;Germany;Universidade de Leipzig> escolas de arte em Leipzig> escolas de arte em Dresden> escolas de arte em Munique;51.3406321> 51.3406321> 51.0493286> 48.1375;12.3747329> 12.3747329> 13.7381437> 11.575;Leipzig;;Antibes;male;https://www.oexplorador.com.br/hans-hartung-foi-um-pioneiro-da-pintura-abstrata-europeia-uma-figura-proeminente-no-mundo-da-arte-parisiense-de-1945-em-diante-e-o-vencedor-em-1960-do-grande-premio-na-bienal-de-veneza-autodidata-c/;;fonte secundária> instituições específicas não detalhadas;Wikidata;alta;MAC USP;Leipzig, Alemanha> Leipzig, Alemanha> Dresden, Alemanha> Munique, Alemanha;s.d.> s.d.> s.d.> s.d.;https://www.oexplorador.com.br/hans-hartung-foi-um-pioneiro-da-pintura-abstrata-europeia-uma-figura-proeminente-no-mundo-da-arte-parisiense-de-1945-em-diante-e-o-vencedor-em-1960-do-grande-premio-na-bienal-de-veneza-autodidata-c/;baixa;51.338287999;12.377931001;100.0;43.581344179;7.12791404;100.0;Centre Pompidou;Wikidata: Antibes;Wikidata: Antibes;;alta
Hans Holbein the Younger;Holy Roman Empire;formação com o pai Hans Holbein the Elder, em oficina familiar;48.36889> 47.55472;10.89778> 7.59056;Augsburg;Church of St Katharine Cree, London;London;male;https://en.wikipedia.org/wiki/Hans_Holbein_the_Younger | https://www.britannica.com/biography/Hans-Holbein-the-Younger;;Não foi identificada academia formal> formação registrada como oficina familiar.;Wikidata;alta;MASP;Augsburgo> Basileia;;;media;48.369695999;10.892578;100.0;51.50740836;-0.127698693;100.0;Britannica;Wikidata: London;Wikidata: London;;alta
Hans Memling;Habsburg Netherlands;aprendizagem em Mainz ou Cologne> oficina de Rogier van der Weyden;50.942222222222;6.9577777777778;Seligenstadt;Sint-Gilliskerk Brugge;Bruges;male;https://en.wikipedia.org/wiki/Hans_Memling;;A própria fonte sinaliza incerteza entre Mainz e Colônia> mantida a incerteza.;Wikidata;alta;MASP;Mainz ou Colônia> Bruxelas;antes de 1465;https://en.wikipedia.org/wiki/Hans_Memling;media;50.044319999;8.972602999;100.0;51.266855502;3.220199559;100.0;Britannica;Wikidata: Bruges;Wikidata: Bruges;;alta
Hans Nöbauer;Austria;;;;Vienna;;Rio de Janeiro;male;https://www.salao31.com.br/hans-nobauer;;A fonte somente explicita que realizou seus estudos em Viena, sem indicar instituição.;Wikidata;alta;Museu Histórico Nacional;Viena;;;baixa;48.2092062;16.3727778;100.0;-22.9014475;-43.1789159;100.0;Museu Histórico Nacional / Google Arts & Culture;Wikidata: Rio de Janeiro;Wikidata: Rio de Janeiro;;alta
Hans Platschek;Germany;Hochschule für bildende Künste Hamburg;53.56757;10.03132;Berlin;;Hamburg;male;fontes biográficas de referência;;instituição identificada em biografias sumárias;Wikidata;alta;MAC USP;Hamburgo, Alemanha;s.d.;fontes biográficas de referência;baixa;52.517669999;13.405537999;100.0;53.550677999;9.99697;100.0;Hans Platschek Stiftung;Wikidata: Hamburg;Wikidata: Hamburg;;alta
Hans Uhlmann;Germany;Vereinigte Staatsschulen für freie und angewandte Kunst;52.5090564;13.3267886;Berlin;;Berlin;male;fontes biográficas de referência;;instituição identificada> datas não localizadas com precisão;Wikidata;alta;MAC USP;Berlim, Alemanha;s.d.;fontes biográficas de referência;baixa;52.517669999;13.405537999;100.0;52.517669999;13.405537999;100.0;Städel Museum;Wikidata: Berlin;Wikidata: Berlin;;alta
Hansi Raber;Austria;;;;Austria;;;male;;;FILE explicita “País de Origem: Áustria”> preenchido em nível de país.;FILE Festival (País de Origem);alta;FILE;;;;;47.585810005;14.137076948;100.0;;;;;;;"atividade recente em site institucional; sem evidência de óbito";
Harshini J. Karunaratne;Sri Lanka;New York University Abu Dhabi;24.5239;54.4346;Sri Lanka;;;non-binary;site oficial da artista | FILE Festival;alto;FILE explicita “País de Origem: Sri Lanka”> preenchido em nível de país.;FILE Festival (País de Origem);alta;FILE;;;;;7.873054;80.771797;;;;;;;;"site oficial ativo e circulação recente; sem evidência de óbito";
Heidi Hörsturz;Netherlands;ArtEZ University of the Arts;51.98399613367563;5.8943865238974;Netherlands;;;female;V2 / site oficial da artista;médio;FILE explicita “País de Origem: Países Baixos / Holanda”> preenchido em nível de país.;FILE Festival (País de Origem);alta;FILE;;;;;52.249375293;5.616126398;100.0;;;;;;;"site oficial ativo; sem evidência de óbito";
Heidy Cordero-Arias;United States;Pratt Institute;40.691111;-73.963889;;;;;Pratt Institute (Dean's List / Merit);alto;local de nascimento não localizado em fonte auditável;;;FILE;;;;;;;;;;;;;;registros acadêmicos e artísticos consultados não explicitam óbito nem local de morte;
Heiner Kielholz;Switzerland;Kunstgewerbeschule Zürich;47.38295;8.5358;Rheinfelden;;;male;https://de.wikipedia.org/wiki/Heiner_Kielholz;;;Wikidata;alta;MAC USP;Zurique;1962-1963;https://de.wikipedia.org/wiki/Heiner_Kielholz;alta;47.561127999;7.783650001;100.0;;;;;;;"exposição no Bündner Kunstmuseum em 2026 indica atividade recente; sem evidência de óbito";
Heinz Battke;Germany;Akademie der Bildenden Künste Dresden;51.05284167;13.74244444;Berlin;;Frankfurt;male;fontes biográficas de referência;;instituição identificada> datas não localizadas com precisão;Wikidata;alta;MAC USP;Dresden, Alemanha;s.d.;fontes biográficas de referência;baixa;52.517669999;13.405537999;100.0;50.110879999;8.682433;100.0;;;;;
Heinz Kühn;;formação artística em Berlim (instituição não especificada na fonte);52.516666666667;13.383333333333;Berlim, Alemanha;;São Paulo;male;https://galeriadearte.art.br/artista/heinz-kuhn/ | https://blombo.com/artistas/heinz-kuhn;;A fonte apenas informa que seu período de formação artística se deu em Berlim.;MAC USP;alta;MAC USP;Berlim, Alemanha;antes de 1950;;baixa;51.110631049;10.392277932;;-23.5486657;-46.6382522;100.0;Enciclopédia Itaú Cultural;Wikidata: São Paulo;Wikidata: São Paulo;;alta
Heitor;;;;;;;;;;;identificação incompleta> não foi possível desambiguar com segurança;;;;;;;;;;;;;;;;;"homônimo não desambiguado; local de morte não preenchido";
Heitor dos Prazeres;Brazil;;;;Rio de Janeiro;;Rio de Janeiro;male;;;identificação incompleta> não foi possível desambiguar com segurança;Wikidata;alta;MAC USP;;;;;-22.9014475;-43.1789159;100.0;-22.9014475;-43.1789159;100.0;Enciclopédia Itaú Cultural;Wikidata: Rio de Janeiro;Wikidata: Rio de Janeiro;;alta
Helen Faganello;;Faculdade de Ciências e Letras de Penápolis> formação continuada com Rodrigo Naves, Carlos Fajardo, Leda Catunda, Sérgio Romagnolo e Ana Tavares> grupo de estudos Ateliê Fidalga;-21.42;-50.077777777778;Araçatuba, SP, Brasil;;;female;https://www.catalogodasartes.com.br/artista/Helen%20Faganello/ | https://helenfaganello.blogspot.com/p/curriculo.html;;A formação listada é composta por graduação e formação continuada com artistas/professores.;MAC USP;alta;MAC USP;Penápolis> São Paulo;formação artística continuada a partir de 1997;https://www.catalogodasartes.com.br/artista/Helen%20Faganello/;media;-21.2109137;-50.4259918;;;;;;;;"currículo e circulação recente consultados; sem evidência de óbito";
Helios Seelinger;Brazil;Escola Nacional de Belas Artes (Enba)> ateliê dos irmãos Bernardelli> Academia Azbe> Academia de Munique> estudos com Jean-Paul Laurens;-22.90879805555556> 48.1375> 48.1531959202723;-43.17573111111111> 11.575> 11.5803123911292;Rio de Janeiro;;Rio de Janeiro;male;https://pt.wikipedia.org/wiki/Helios_Seelinger | https://www.guiadasartes.com.br/helios-seelinger/quem-foi> https://pt.wikipedia.org/wiki/Helios_Seelinger | https://www.ufrgs.br/acervopbsa/autor_/seelinger-helios/;;;Wikidata;alta;Museu Histórico Nacional;Rio de Janeiro> Munique> Paris;1891-1896> 1897-1900> depois de 1903 em Paris e Munique;https://pt.wikipedia.org/wiki/Helios_Seelinger | https://www.guiadasartes.com.br/helios-seelinger/quem-foi;alta;-22.9014475;-43.1789159;100.0;-22.9014475;-43.1789159;100.0;Enciclopédia Itaú Cultural;Wikidata: Rio de Janeiro;Wikidata: Rio de Janeiro;;alta
Helmut Breineder;Austria;;;;Austria;;;male;;;;FILE Festival (biografia do artista);alto;FILE;;;;;47.585810005;14.137076948;100.0;;;;;;;"site oficial e perfil institucional recentes; sem evidência de óbito";
Henning M. Lederer;Germany;FH Düsseldorf (University of Applied Sciences);51.24738888888889;6.791361111111112;Essen, Germany;;;male;FILE Festival;médio;;Domestika (biografia do artista);médio;FILE;;;;;51.455842999;7.012583;100.0;;;;;;;"site oficial ativo e atividade recente; sem evidência de óbito";
Henri de Toulouse-Lautrec;France;Lycée Condorcet> ateliês de Léon Bonnat e Fernand Cormon;;;Albi;Verdelais;Saint-André-du-Bois;male;https://www.wikidata.org/wiki/Q82445;media;;https://www.britannica.com/biography/Henri-de-Toulouse-Lautrec;alta;;Paris;;;alta;43.928889;2.146389;;44.605;-0.1830555556;100.0;Musée d'Orsay;Wikidata: Saint-André-du-Bois;Wikidata: Saint-André-du-Bois;;alta
Henri Matisse;France;Beaux-Arts de Paris> Académie Julian> École des Beaux-Arts;48.85666666666667;2.333611111111112;Le Cateau-Cambrésis;Cimetière de Cimiez;Nice;male;https://www.musee-matisse-nice.org/en/the-artist/biography/;;Dados educacionais confirmados em biografia do Musée Matisse.;Wikidata;alta;MAC USP;Paris, França> Paris, França;1891> 1892–1897;https://www.musee-matisse-nice.org/en/the-artist/biography/ > https://www.musee-matisse-nice.org/en/the-artist/biography/1892-1897-2/;alta;50.105603666;3.542665357;100.0;43.695978065;7.271454889;100.0;Britannica;Wikidata: Nice;Wikidata: Nice;;alta
Henri Nicolas Vinet;France;École des Beaux-Arts> ateliê de Paul Delaroche;48.85666666666667;2.333611111111112;Paris;;Niterói;male;https://pt.wikipedia.org/wiki/Henri_Nicolas_Vinet | https://enciclopedia.itaucultural.org.br/pessoas/7152-henri-nicolas-vinet;;;Wikidata;alta;Pinacoteca de São Paulo;Paris;;;media;48.856372814;2.352529617;100.0;-22.8898227;-43.1220775;100.0;Wikipedia;Wikidata: Niterói;Wikidata: Niterói;;media
Henrique Bernardelli;Brazil;Academia Imperial de Belas Artes> ateliê de Domenico Morelli;-22.91111111111111;-43.20555555555556;Valparaíso;;Rio de Janeiro;male;Portal Artes> Guia das Artes;;;Wikidata;alta;Pinacoteca de São Paulo;Rio de Janeiro> Roma, Itália;desde 1870> 1878–1886;Portal Artes> Guia das Artes;media;-33.045557;-71.619421;100.0;-22.9014475;-43.1789159;100.0;Enciclopédia Itaú Cultural;Wikidata: Rio de Janeiro;Wikidata: Rio de Janeiro;;alta
Henrique José da Silva;Kingdom of Portugal;Aula Régia de Desenho e Figura;38.708042;-9.139016;Lisbon;;Rio de Janeiro;male;https://pt.wikipedia.org/wiki/Henrique_Jos%C3%A9_da_Silva;;A formação aberta recuperável associa o pintor à Aula Régia em Lisboa.;Wikidata;alta;Museu Histórico Nacional;Lisboa;;;media;38.7070085;-9.1356407;100.0;-22.9014475;-43.1789159;100.0;eViterbo / Wikipedia;Wikidata: Rio de Janeiro;Wikidata: Rio de Janeiro;;media
Henrique Leo Fuhro;Brazil;;;;Rio Grande;;Porto Alegre;male;https://enciclopedia.itaucultural.org.br/pessoas/2904-henrique-leo-fuhro | https://www.escritoriodearte.com/artista/henrique-leo-fuhro;;As fontes indicam aprendizado inicial e prática autodidata, sem instituição formal identificada.;Wikidata;alta;MAC USP;Porto Alegre (RS);1954> final da década de 1950;https://enciclopedia.itaucultural.org.br/pessoas/2904-henrique-leo-fuhro | https://www.escritoriodearte.com/artista/henrique-leo-fuhro;media;25.95619;-97.14525;100.0;-30.0328305556;-51.2301888889;100.0;Wikipedia;Wikidata: Porto Alegre;Wikidata: Porto Alegre;;media
Henrique Manzo;Brazil;Liceu de Artes e Ofícios de São Paulo> aluno de Alfredo Norfini;-23.5331446;-46.6267577;São Bernardo do Campo;;São Paulo;male;https://pt.wikipedia.org/wiki/Henrique_Manzo | https://enciclopedia.itaucultural.org.br/pessoas/6944-henrique-manzo;;;Wikidata;alta;Museu Paulista;São Paulo;1913-1917;https://pt.wikipedia.org/wiki/Henrique_Manzo | https://enciclopedia.itaucultural.org.br/pessoas/6944-henrique-manzo;alta;-23.694445;-46.565796;100.0;-23.5486657;-46.6382522;100.0;Enciclopédia Itaú Cultural;Wikidata: São Paulo;Wikidata: São Paulo;;alta
Henrique Pinto;Portugal;Academia de Lisboa / Academia de Belas-Artes de Lisboa;38.708042;-9.139016;Cacilhas;;Figueiró dos Vinhos;male;https://pt.wikipedia.org/wiki/Henrique_Pinto | https://www.mcafigueirodosvinhos.pt/index.php/o-museu/selecao-de-imagens/13-biografias/47-biografia-de-manuel-henrique-pinto;;As fontes indicam discipulado com Joaquim Gregório Prieto, Tomás da Anunciação e Simões de Almeida Júnior.;Wikidata;alta;Museu Nacional de Belas Artes;Lisboa;;;media;-12.7847239;15.7662442;100.0;39.925211102631;-8.282068285049;100.0;Wikipedia;Wikidata: Figueiró dos Vinhos;Wikidata: Figueiró dos Vinhos;;media
Henrique Stabile;Brazil;Faculdade de Arquitetura e Urbanismo da Universidade de São Paulo> Universidade Estadual de Londrina;-23.56012> -23.3253;-46.72985> -51.2;São Paulo;;;male;FILE Festival | Escavador;médio;;Wikidata;alta;FILE;;;;;-23.5486657;-46.6382522;100.0;;;;;;;"site institucional recente consultado; sem evidência de óbito";
Henry Lieutenant Chamberlain;;Royal Military Academy, Woolwich;51.475;0.0575;Inglaterra;;Bermuda;male;https://en.wikipedia.org/wiki/Henry_Chamberlain_(artist);;fonte institucional informa nascimento apenas em nível de país;Enciclopédia Itaú Cultural;alta;Museu da Inconfidência;Londres, Reino Unido;até c. 1815;https://en.wikipedia.org/wiki/Henry_Chamberlain_(artist);media;52.355518;-1.17432;;32.32;-64.74;100.0;Wikipedia;Wikidata: Bermuda;Wikidata: Bermuda;;media
Henry Raeburn;United Kingdom of Great Britain and Ireland;George Heriot's School> aprendiz com o ourives James Gilliland> formação em pintura de modo amplamente autodidata;55.9459133800392> >;-3.19467430133454> >;Stockbridge;;Edinburgh;male;https://en.wikipedia.org/wiki/Henry_Raeburn | https://www.britannica.com/biography/Henry-Raeburn;;A formação formal em pintura é pouco estruturada nas fontes> registro conservador.;Wikidata;alta;MASP;Edimburgo;c.1778 em diante;https://en.wikipedia.org/wiki/Henry_Raeburn;baixa;33.544216;-84.231532;100.0;55.953339501;-3.189106896;100.0;Britannica;Wikidata: Edinburgh;Wikidata: Edinburgh;;alta
Hercules Araújo;;;;;;;;;;;formação não localizada com segurança;;;Museu de Arte Religiosa e Tradicional;;;;;;;;;;;;;;"homônimo não desambiguado; local de morte não preenchido";
Herman Tacasey;;Fundação Armando Alvares Penteado (FAAP)> Universidade Paulista (UNIP);-23.943277777778;-46.332055555556;São Paulo, SP, Brasil;;;male;https://www.escavador.com/sobre/8418747/herman-tacasey;;A fonte consultada explicita licenciatura em Artes Plásticas e mestrado em Comunicação.;MAC USP;alta;MAC USP;São Paulo (SP);1986> 2020;https://www.escavador.com/sobre/8418747/herman-tacasey;alta;-23.5486657;-46.6382522;;;;;;;;"perfil institucional recente indica atividade; sem evidência de óbito";
Hermann Petzet;Germany;Academy of Fine Arts, Munich> Kunstgewerbeschule em Nuremberg> Königliche Akademie der Künste in München> Großherzoglich-Badische Kunstschule in Karlsruhe;49.446028> 48.1531959202723> 49.0144;11.136472> 11.5803123911292> 8.38726;Bonnland;;Munich;male;https://de.wikipedia.org/wiki/Hermann_Petzet | https://www.askart.com/bio/artist/11061172/artist;;As fontes também indicam estudos com Karl Raupp, Ludwig von Löfftz e Gustav Schönleber.;Wikidata;alta;MASP;Nuremberg> Munique> Karlsruhe;1878-1881> 1881-1888;https://de.wikipedia.org/wiki/Hermann_Petzet | https://www.askart.com/bio/artist/11061172/artist;alta;50.04959;9.86521;100.0;48.143438999;11.573599;100.0;Deutsche Biographie;Wikidata: Munich;Wikidata: Munich;;alta
Hermelindo Fiaminghi;Brazil;Liceu de Artes e Ofícios de São Paulo> Associação Paulista de Belas Artes;-23.5331446> -23.550394444444;-46.6267577> -46.633947222222;São Paulo;;São Paulo;male;https://pt.wikipedia.org/wiki/Hermelindo_Fiaminghi;;também estuda publicidade na Associação Paulista de Propaganda;Wikidata;alta;MAC USP;São Paulo, Brasil> São Paulo, Brasil;1936–1941> 1942;https://pt.wikipedia.org/wiki/Hermelindo_Fiaminghi;alta;-23.5486657;-46.6382522;100.0;-23.5486657;-46.6382522;100.0;MAC USP / Enciclopédia Itaú Cultural;Wikidata: São Paulo;Wikidata: São Paulo;;alta
Hiba Ali;Pakistan;Queen's University;44.225;-76.495;Karachi, Pakistan;;;female;FILE Festival;médio;;Women & Their Work / Capture Photography Festival;alto;FILE;;;;;24.8608;67.0104;100.0;;;;;;;"site oficial e currículo recentes; sem evidência de óbito";
Hiedy de Assis Corrêa;;autodidata;-23.0825> -27.60111111;-52.461388888889> -48.52;Curitiba, PR, Brasil;;Florianópolis;male;MASC> DAC/UFSC;;;UFSC DAC (curriculum vitae de Hassis);alta;Museu Victor Meirelles;Curitiba, PR> Florianópolis, SC;;;media;-25.4283563;-49.2732515;;-27.5969123;-48.5495751;100.0;MASC / Wikipedia;Wikidata: Florianópolis;Wikidata: Florianópolis;registro tratado sob a forma artística Hassis;alta
Hieronymus Bosch;Northern Low Countries;formação em oficina familiar com o pai e irmãos pintores;51.702106954;5.302003137;’s-Hertogenbosch;’s-Hertogenbosch;’s-Hertogenbosch;male;https://www.thecollector.com/hieronymus-bosch-early-influences/ | https://en.wikipedia.org/wiki/Hieronymus_Bosch;;As fontes apontam aprendizado em dinastia/oficina familiar, sem academia formal documentada.;Wikidata;alta;MASP;’s-Hertogenbosch;;;media;51.702106954;5.302003137;100.0;51.702106954;5.302003137;100.0;Britannica;Wikidata: ’s-Hertogenbosch;Wikidata: ’s-Hertogenbosch;;alta
Hilde Weber;Brazil;Hochschule für bildende Künste Hamburg> Kunstgewerbeschule Berlin;52.4938276033478;13.33896535140567;Waldau;;São Paulo;female;fontes biográficas de referência;;instituição identificada> datas não localizadas com precisão;Wikidata;alta;MAC USP;Berlim, Alemanha;s.d.;fontes biográficas de referência;baixa;47.394254846;9.044672608;100.0;-23.5486657;-46.6382522;100.0;Instituto Moreira Salles (IMS);Wikidata: São Paulo;Wikidata: São Paulo;;alta
Hildebrando de Castro;;formação autodidata> estudos com tinta a óleo em Nova York;40.71277777777778;-74.00611111111111;Olinda, PE, Brasil;;;male;https://www.hildebrandodecastro.com.br/about-5 | https://www.zippergaleria.com.br/artistas/hildebrando-de-castro/sobre/ | https://paulodarzegaleria.com.br/artistas/hildebrando-de-castro/;;As fontes qualificam explicitamente o artista como autodidata> os estudos posteriores com óleo aparecem sem escola formal nomeada.;MAC USP;alta;MAC USP;Rio de Janeiro> Paris> Nova York;início artístico no fim dos anos 1970> dois anos em Paris> aperfeiçoamento em Nova York a partir de 1999;https://www.zippergaleria.com.br/artistas/hildebrando-de-castro/sobre/ | https://paulodarzegaleria.com.br/artistas/hildebrando-de-castro/;media;-10.769946429;-53.073466889;;;;;;;;"site oficial ativo; sem evidência de óbito";
Hippolyte Vanderburch;France;formação literária e teatral em Paris;48.85666666666667;2.352222222222222;Paris;;Paris;male;https://fr.wikipedia.org/wiki/Hippolyte_Vanderburch;;Não localizei instituição formal específica> mantida formulação conservadora.;Wikidata;alta;Pinacoteca de São Paulo;Paris;;;baixa;48.856372814;2.352529617;100.0;48.856372814;2.352529617;100.0;Wikipedia (fr);Wikidata: Paris;Wikidata: Paris;"ajustado de former 9th arrondissement of Paris para Paris; arrondissement histórico normalizado ao nível da cidade";media
Hiroya Sakura;Japan;University of Tsukuba> Musashino Art University;36.10367589575579> 35.72611111;140.1020979> 139.4475;Yokohama, Japan;;;male;site oficial do artista | PROYECTOR;alto;;site oficial do artista / FILE Festival;alto;FILE;;;;;35.45039772;139.63424714;100.0;;;;;;;"fontes recentes para nome próximo (Hiroya Sakurai) não bastam para confirmar a identidade; óbito não preenchido";
Hissao Sakakibara;;Tokyo School of Fine Arts;35.68944444444445;139.6916666666667;Yokohama, Kanagawa, Japão;;;male;fontes biográficas de referência;;;MAC USP Acervo;alta;MAC USP;Tóquio, Japão;s.d.;fontes biográficas de referência;baixa;35.444992;139.638026;;;;;;;;fontes abertas consultadas trazem nascimento e formação, sem local de morte verificável;
Holly Adams;United States;International Dell’Arte School;40.8809;-123.989;United States;;;female;Ithaca College | Shearwater Productions;médio;FILE explicita “País de Origem: Estados Unidos”> preenchido em nível de país.;FILE Festival (País de Origem);alta;FILE;;;;;39.398703156;-99.41461919;100.0;;;;;;;"site e atividades recentes consultados; sem evidência de óbito";
Honoré Marius Bérard;France;École des Beaux-Arts de Marseille> École des Beaux-Arts de Paris;43.2287> 48.85680555555555;5.43485> 2.333277777777778;Salindres;;Saint-Martin-de-Valgalgues;male;https://fr.wikipedia.org/wiki/Honor%C3%A9_Marius_B%C3%A9rard;;datas aproximadas;Wikidata;alta;MAC USP;Marselha, França> Paris, França;c. 1840s> c. 1850s;https://fr.wikipedia.org/wiki/Honor%C3%A9_Marius_B%C3%A9rard;media;44.167077487;4.160329655;100.0;44.162672374;4.082648632;100.0;Catálogo das Artes;Wikidata: Saint-Martin-de-Valgalgues;Wikidata: Saint-Martin-de-Valgalgues;;media
Honório Esteves;Brazil;escola de desenho de August Chenot> Liceu Mineiro> Academia Imperial de Belas Artes;-20.385277777778> -22.91111111111111;-43.503611111111> -43.20555555555556;Ouro Preto;;Mariana;male;Wikipédia> artigo UFMG;;iniciou aprendizado com August Chenot e como moedor de tintas de Cardoso Rezende> cursou desenho no Liceu Mineiro e depois a AIBA;Wikidata;alta;Museu da Inconfidência;Ouro Preto, MG> Rio de Janeiro;1873> desde agosto de 1883;Wikipédia;alta;-20.3855959;-43.5035423;100.0;-20.3783333333;-43.4163888889;100.0;Enciclopédia Itaú Cultural;Wikidata: Mariana (Q984567);Wikidata: Mariana (Q984567);;alta
Horácio Hora;Brazil;Escola de Belas Artes de Paris> Escola Municipal de Desenho de Paris;48.85666666666667> 48.86490694444444;2.333611111111112> 2.362000833333333;Laranjeiras;;Paris;male;https://pt.wikipedia.org/wiki/Hor%C3%A1cio_Hora | https://www.catalogodasartes.com.br/artista/Hor%EF%BF%BDcio%20Hora/;;As fontes citam orientação de Justin-Marie Lequien.;Wikidata;alta;Museu Histórico Nacional;Paris;c.1875-c.1881;https://pt.wikipedia.org/wiki/Hor%C3%A1cio_Hora | https://www.catalogodasartes.com.br/artista/Hor%EF%BF%BDcio%20Hora/;alta;-10.7986393;-37.1604367;100.0;48.856372814;2.352529617;100.0;Enciclopédia Itaú Cultural;Wikidata: Paris;Wikidata: Paris;;alta
Hugo Adami;Brazil;Escola Profissional Masculina do Brás> Liceu de Artes e Ofícios de São Paulo> Academia de Belas Artes de Florença;-23.54504> -23.5331446> 43.776907;-46.61634> -46.6267577> 11.258475;São Paulo;;São Paulo;male;https://www.guiadasartes.com.br/hugo-adami/biografia;;na fase paulista estuda com Giuseppe Barchitta, Alfredo Norfini, Enrico Vio, William Zadig e José Cuccé;Wikidata;alta;MAC USP;São Paulo, Brasil> São Paulo, Brasil> Florença, Itália;c. 1911> 1913–1916> 1922;https://www.guiadasartes.com.br/hugo-adami/biografia;alta;-23.5486657;-46.6382522;100.0;-23.5486657;-46.6382522;100.0;Enciclopédia Itaú Cultural;Wikidata: São Paulo;Wikidata: São Paulo;;alta
Hugo Calgan;Germany;formação artística francesa> instituição não identificada na fonte aberta consultada;> ;> ;Berlin;;;male;https://www.brasilianaiconografica.art.br/;;Insuficiência de fonte aberta detalhada.;Wikidata;alta;Museu Paulista;França;;;baixa;52.517669999;13.405537999;100.0;;;;;;;fonte aberta consultada não informa local de morte;
Hugo de Faucompret;France;Gobelins;48.836944444444;2.3536111111111;Normandy, France;;;male;;;;Transmettre le cinéma;alto;FILE;;;;;49.120004364;0.111079036;100.0;;;;;;;"biografia e atividade recente consultadas; sem evidência de óbito";
Hugo Ramirez;;ESAG Penninghen;48.85666666666667;2.352222222222222;;;;male;Vimeo (biografia do diretor);médio;homônimo não desambiguado com segurança;;;FILE;;;;;;;;;;;;;;"trajetória profissional recente consultada; sem evidência de óbito";
Humberto Espíndola;Brazil;Escola Nacional de Belas Artes;-22.8625055;-43.2256622;Campo Grande;;;male;fontes biográficas de referência;;instituição identificada em biografias sumárias;Wikidata;alta;MAC USP;Rio de Janeiro, Brasil;c. 1960s;fontes biográficas de referência;baixa;-20.4435311;-54.6477573;100.0;;;;;;;"fontes recentes e biografia consultadas; sem evidência de óbito";
Humberto Jaimess-Sanchez;;Escuela de Bellas Artes;4.71111;-74.07222;San Cristóbal, Venezuela;;Caracas;male;fontes biográficas de referência;;instituição identificada em fontes sumárias;site oficial do artista (cronologia);alta;MAC USP;Bogotá, Colômbia;s.d.;fontes biográficas de referência;baixa;7.76694;-72.224967;;10.5061111111;-66.9144444444;100.0;site oficial / Wikipedia;Wikidata: Caracas;Wikidata: Caracas;;alta
Hundertwasser;Austria;;;;Vienna;Hundertwasser Estate;Pacific Ocean;male;;;;https://www.wikidata.org/wiki/Q151836;alta;;;;;alta;48.2092062;16.3727778;100.0;;;;Hundertwasser official biography;;;"registro anterior 'Australia' substituído por morte em trânsito no Pacífico, a bordo do Queen Elizabeth 2; sem coordenadas precisas do ponto de óbito";alta
Hyunmin Lee;South Korea;Wesleyan University> California Institute of the Arts;41.55562> 34.393055555556;-72.655844> -118.56694444444;Seoul, South Korea;;;female;Pacific Arts Movement (Q&A biográfica);médio;;IMDb;médio;FILE;;;;;37.566;126.9784;100.0;;;;;;;"biografia profissional recente da Disney consultada; sem evidência de óbito";
Håkan Lidbo;Sweden;;;;Malmö, Sweden;;;male;;;;Wikipedia / Discogs;médio;FILE;;;;;55.6033166;13.0013362;100.0;;;;;;;"site e atividade profissional recentes consultados; sem evidência de óbito";
Hélio Basto;;Escola de Belas Artes da Bahia;-12.990785;-38.524427;Salvador, BA, Brasil;;Salvador;male;https://www.arrematearte.com.br/artistas/helio-basto-1931 | https://www.dicionario.belasartes.ufba.br/wp/verbete/helio-basto-helio-fonseca-basto/;;As fontes indicam formação inicial na Bahia e aprofundamento posterior em São Paulo, sem cronologia precisa.;Dicionário de Belas Artes da UFBA;alta;MAC USP;Salvador (BA)> São Paulo (SP);;;media;-12.9641527;-38.5058208;;-12.9641527;-38.5058208;100.0;Museu Afro Brasil / Dicionário UFBA;Wikidata: Salvador;Wikidata: Salvador;;alta
Hélio Oiticica;Brazil;Museum of Modern Art, Rio de Janeiro> Museu de Arte Moderna do Rio de Janeiro (curso com Ivan Serpa);-22.91111111111111;-43.20555555555556;Rio de Janeiro;;Rio de Janeiro;male;https://enciclopedia.itaucultural.org.br/pessoas/22-helio-oiticica;;;Wikidata;alta;MAC USP;Rio de Janeiro, Brasil;1954;https://enciclopedia.itaucultural.org.br/pessoas/22-helio-oiticica;alta;-22.9014475;-43.1789159;100.0;-22.9014475;-43.1789159;100.0;Enciclopédia Itaú Cultural;Wikidata: Rio de Janeiro;Wikidata: Rio de Janeiro;;alta
Hércules Barsotti;Brazil;Colégio Dante Alighieri> Liceu de Artes e Ofícios de São Paulo;-23.5331446;-46.6267577;São Paulo;;São Paulo;male;Enciclopédia Itaú Cultural / fontes biográficas de referência;;;Wikidata;alta;MAC USP;São Paulo, Brasil;1937–1948;Enciclopédia Itaú Cultural / fontes biográficas de referência;alta;-23.5486657;-46.6382522;100.0;-23.5486657;-46.6382522;100.0;Enciclopédia Itaú Cultural;Wikidata: São Paulo;Wikidata: São Paulo;;alta
Hércules Florence;Brazil;;;;Nice;;Campinas;male;https://heritage.bnf.fr/france-bresil/pt-br/hercule-florence-ou-o-genio-da-invencao | https://ihf19.org.br/pt-br/hercule-florence/inventos/fotografia;;As fontes destacam estudos autodidatas, inclusive em química> sem escola formal identificada.;Wikidata;alta;Instituto Hércules Florence;Formação autodidata;;;media;43.695978065;7.271454889;100.0;-22.9073702;-47.0628996;100.0;Enciclopédia Itaú Cultural;Wikidata: Campinas;Wikidata: Campinas;;alta
I. de Sampaio Mathissen;;;;;;;;male;;;;;;Museu Paulista;;;;;;;;;;;;;;autor identificado, mas sem dados biográficos suficientes para localizar óbito;
Iberê Camargo;Brazil;Escola de Artes e Ofícios de Santa Maria> Escola Nacional de Belas-Artes / curso livre de Alberto da Veiga Guignard> estudos com Giorgio de Chirico e Carlo Alberto Petrucci> Academia André Lhote;48.8422;2.3304;Restinga Sêca;Cemitério Antigo 01 Caxias do Sul.;Porto Alegre;male;https://enciclopedia.itaucultural.org.br/pessoas/543-ibere-camargo> https://pt.wikipedia.org/wiki/Iber%C3%AA_Camargo;;primeira formação em Santa Maria sem data precisa localizada;Wikidata;alta;MAC USP;Santa Maria, Brasil> Rio de Janeiro, Brasil> Roma, Itália> Paris, França;> 1942> 1948–1949> 1949–1950;https://pt.wikipedia.org/wiki/Iber%C3%AA_Camargo;media;-29.8261373;-53.3684319;100.0;-30.027679;-51.2286404;100.0;Enciclopédia Itaú Cultural;Wikidata: Porto Alegre;Wikidata: Porto Alegre;;alta
Ignacio Platas;Uruguay;;;;Montevideo, Uruguay;;;male;;;;site pessoal Once11;médio;FILE;;;;;-34.9055557;-56.1852505;100.0;;;;;;;"biografia profissional recente consultada; sem evidência de óbito";
Igor Bahia;Brazil;Escola de Tecnologia Spectaculu> Escola de Artes Visuais do Parque Lage;-22.91111111111111> -22.9606;-43.20555555555556> -43.212;Rio de Janeiro;;;male;FILE Festival;médio;;Wikidata;alta;FILE;;;;;-22.9014475;-43.1789159;100.0;;;;;;;"perfil FILE recente consultado; sem evidência de óbito";
Igor Imhoff;Italy;Accademia di Belle Arti di Foggia;41.46189;15.543579;Italy;;;male;animazioni.net — Igor Imhoff;alto;;Ignorarte (biografia);médio;FILE;;;;;42.83333;12.83333;100.0;;;;;;;"biografia e atividade docente recentes consultadas; sem evidência de óbito";
Igorъ V;Russia;;;;Rostov-on-Don, Russia;;;male;;;;FILE Festival (obra Death Day) + Wikidata;médio;FILE;;;;;47.2230368;39.7213763;100.0;;;;;;;"perfil FILE recente consultado; sem evidência de óbito";
Illestpreacha;Canada;;;;Canada;;;male;;;FILE explicita “País de Origem: Canadá”> preenchido em nível de país.;FILE Festival (País de Origem);alta;FILE;;;;;60.10867;-113.64258;100.0;;;;;;;"site e biografias recentes consultados; sem evidência de óbito";
Ion Oana Potecasu;;;;;Beceni, Buzău, Romênia;;;;;;formação não localizada com segurança;MAC USP;alta;MAC USP;;;;;45.3763;26.7877;;;;;;;;"fontes de acervo e bibliografia secundária consultadas; local de morte não localizado";
Iran do Espírito Santo;Brazil;Fundação Armando Alvares Penteado> Fundação Armando Álvares Penteado (FAAP);-23.5450155> -23.5450155;-46.6630802> -46.6630802;Mococa;;;male;https://www.escritoriodearte.com/artista/iran-do-espirito-santo;;licenciatura em artes plásticas;Wikidata;alta;MAC USP;São Paulo, Brasil;1986;https://www.escritoriodearte.com/artista/iran-do-espirito-santo;alta;-21.4961738;-47.0130645;100.0;;;;;;;"verbete Itaú Cultural recente indica artista em atividade; sem evidência de óbito";
Isabelle Arvers;France;Institute of Political Studies in Aix-en-Provence> Paris 8 University;48.85416666666666;2.328611111111111;Paris, France;;;female;biografia oficial / Wikipédia;médio;;site oficial da artista / Wikipédia;alto;FILE;;;;;48.856372814;2.352529617;100.0;;;;;;;"site oficial recente consultado; sem evidência de óbito";
Ismael Nery;Brazil;Académie Julian> Escola Nacional de Belas Artes;48.871111111111> -22.8625055;2.3416666666667> -43.2256622;Belém;;Rio de Janeiro;male;Wikipédia> eBiografia;;;Wikidata;alta;MAC USP;Rio de Janeiro, Brasil> Paris, França;1917> 1920;Wikipédia> eBiografia;media;-1.4549817;-48.502273;100.0;-22.9014475;-43.1789159;100.0;Enciclopédia Itaú Cultural;Wikidata: Rio de Janeiro;Wikidata: Rio de Janeiro;;alta
Ismênia Coaracy;Brazil;Escola de Artesanato do Museu de Arte Moderna de São Paulo (MAM/SP)> estudos com Wolfgang Pfeiffer, Paulo Duarte e André Osze;-23.588229;-46.655328;Sertãozinho;;São Paulo;female;https://enciclopedia.itaucultural.org.br/pessoas/2135-ismenia-coaracy | https://acervo.margs.rs.gov.br/artistas/ismenia-coaracy/;;A fonte também indica início autodidata por volta de 1946.;Wikidata;alta;MAC USP;São Paulo;1956-1958> 1956> c.1960;https://enciclopedia.itaucultural.org.br/pessoas/2135-ismenia-coaracy | https://acervo.margs.rs.gov.br/artistas/ismenia-coaracy/;alta;-21.1431103;-48.0069814;100.0;-23.5486657;-46.6382522;100.0;MAC USP;Wikidata: São Paulo;Wikidata: São Paulo;"MAC USP registra falecimento em São Paulo; verbete Itaú Cultural consultado sem atualização do óbito";alta
Issey Takahashi;Japan;Horikoshi High School;35.701111;139.6765;Tokyo;;;male;;;;Wikidata;alta;FILE;;;;;35.68945633;139.69171609;100.0;;;;;;;"biografia profissional recente consultada; sem evidência de óbito";
Ivald Granato;Brazil;estudos de pintura com Robert Newman> Escola de Belas Artes;> ;> ;Campos dos Goytacazes;;São Paulo;male;https://www.escritoriodearte.com/artista/ivald-granato;;;Wikidata;alta;MAC USP;Rio de Janeiro, Brasil> Rio de Janeiro, Brasil;1966> breve período após 1966;https://www.escritoriodearte.com/artista/ivald-granato;media;-21.75227;-41.33044;100.0;-23.5486657;-46.6382522;100.0;Enciclopédia Itaú Cultural;Wikidata: São Paulo;Wikidata: São Paulo;;alta
Ivan Dixon;United States;North Carolina Central University;35.97645;-78.90092;New York City;;Charlotte;male;;;;Wikidata;alta;FILE;;;;;40.7130466;-74.0072301;100.0;35.2237867;-80.8411413;100.0;Legacy/AP obituary;Wikidata: Charlotte;Wikidata: Charlotte;;alta
Ivan Serpa;Brazil;estudou pintura, gravura e desenho com Axl Leskoschek;;;Rio de Janeiro;;Rio de Janeiro;male;https://enciclopedia.itaucultural.org.br/pessoas/2334-ivan-serpa;alta;;https://enciclopedia.itaucultural.org.br/pessoas/2334-ivan-serpa;alta;;Rio de Janeiro;1946–1948;https://enciclopedia.itaucultural.org.br/pessoas/2334-ivan-serpa;alta;-22.9014475;-43.1789159;100.0;-22.9014475;-43.1789159;100.0;Enciclopédia Itaú Cultural;Wikidata: Rio de Janeiro;Wikidata: Rio de Janeiro;;alta
Ivar Veermäe;Estonia;Estonian Academy of Arts> Weissensee Kunsthochschule Berlin;59> 52.5581;26> 13.4393;Tallinn;;;male;site oficial do artista / weissensee kunsthochschule berlin;alto;;Wikidata;alta;FILE;;;;;59.43243767;24.744065678;100.0;;;;;;;"site institucional recente consultado; sem evidência de óbito";
Ivonaldo;;;;;;;São Paulo;;;;;;;;;;;;;;;-23.5486657;-46.6382522;100.0;Guia das Artes;Wikidata: São Paulo;Wikidata: São Paulo;;media
J. Janssens | Martinho (padre);;;;;;;;;;;autoria múltipla/ambígua> formação não localizada com segurança;;;Museu da Inconfidência;;;;;;;;;;;;;;"autoria composta/ambígua; local de morte não preenchido";
J. M. D'Avila;;;;;;;;;;;;;;Museu Histórico Nacional;;;;;;;;;;;;;;autor identificado no acervo, mas sem dados biográficos suficientes para localizar óbito;
J. M. W. Turner;Kingdom of Great Britain;Royal Academy of Arts> Royal Academy Schools> formação com o desenhista Thomas Malton;51.507222222222;-0.1275;Maiden Lane;St Paul's Cathedral;London;male;https://en.wikipedia.org/wiki/J._M._W._Turner | https://www.tate.org.uk/art/artists/joseph-mallord-william-turner-558;;;Wikidata;alta;MASP;Londres;a partir de 1789;https://en.wikipedia.org/wiki/J._M._W._Turner;alta;37.9082169;-122.3052102;100.0;51.50740836;-0.127698693;100.0;Tate / Britannica;Wikidata: London;Wikidata: London;"ajustado de Cheyne Walk para London; a fonte biográfica especifica Chelsea/Cheyne Walk";alta
J. Stewart;;;;;;;;;;;;;;;;;;;;;;;;;;;;"autor por iniciais não desambiguado com segurança; local de morte não preenchido";
Jacopo Tintoretto;Republic of Venice;brevíssimo aprendizado na oficina de Ticiano> estudos de anatomia por observação e desenho;> ;> ;Venice;Madonna dell'Orto;Venice;male;https://www.scuolagrandesanrocco.org/home-en/tintoretto/ | https://en.wikipedia.org/wiki/Tintoretto;;A formação documentada é parcialmente tradicional/atelier e parcialmente autodirigida.;Wikidata;alta;MASP;Veneza;sem datas exatas na fonte;;baixa;45.434608;12.338913;100.0;45.434608;12.338913;100.0;Britannica;Wikidata: Venice;Wikidata: Venice;;alta
Jagobo Pan;;Liceu de Barcelona;41.3825;2.1769444444444;Barcelona, Cataluña, Espanha;;Campos do Jordão;;Campos do Jordão Cultura;;instituição identificada, datas não localizadas;MAC USP;alta;MAC USP;Barcelona, Espanha;;;media;41.387917;2.1699187;;-22.6953694444;-45.5262194444;100.0;MAC USP;Wikidata: Campos do Jordão;Wikidata: Campos do Jordão;;alta
Jaime Prades;Brazil;Festival de Inverno de Ouro Preto> Ateliê 76> Escola Contemporânea de Artes;-20.385277777778> 38.708042;-43.503611111111> -9.139016;Madrid;;;male;https://jaimeprades.art.br/?area=5&item=59&lang=_en&sec=404 | https://zupi.space/acervo/artistas/jaime-prades/;;Inclui cursos livres e formação não universitária, como descritos pelo próprio artista.;Wikidata;alta;MAC USP;Ouro Preto> São Paulo;1973> 1975> 1977-1978;https://jaimeprades.art.br/?area=5&item=59&lang=_en&sec=404 | https://zupi.space/acervo/artistas/jaime-prades/;alta;40.4166909;-3.7003454;100.0;;;;;;;"site oficial e verbete recente consultados; sem evidência de óbito";
Jake Fried;United States;Rhode Island School of Design (summer classes)> Maryland Institute College of Art> Boston University;41.825833333333> 39.3056> 42.34888888888889;-71.407777777778> -76.6206> -71.10027777777778;United States;;;male;LBBOnline (entrevista com o artista);médio;;FILE Festival (País de Origem);alto;FILE;;;;;39.398703156;-99.41461919;100.0;;;;;;;"site oficial ativo e exposições recentes consultados; sem evidência de óbito";
Jambonbill;France;;;;;;;male;;;nome artístico não desambiguado com segurança;;;FILE;;;;;;;;;;;;;;"registro aparenta nome artístico ou coletivo; sem óbito verificável";
James Kudo;;Faculdade de Belas Artes de São Paulo> Art Students League;-23.583688;-46.633917;Pereira Barreto, SP, Brasil;;;male;https://jojoscope.net/2011/08/27/as-topofilias-de-james-kudo/ | https://olharincomum.webnode.page/artistas/james-kudo/;;;Enciclopédia Itaú Cultural;alta;MAC USP;São Paulo (SP)> Nova York (EUA);1990> 1992-1994;https://jojoscope.net/2011/08/27/as-topofilias-de-james-kudo/ | https://olharincomum.webnode.page/artistas/james-kudo/;alta;-10.769946429;-53.073466889;;;;;;;;"biografias e exposição recentes consultadas; sem evidência de óbito";
James Zanoni;;;;;;;;male;;;local de nascimento não localizado em fonte auditável;;;FILE;;;;;;;;;;;;;;"site profissional recente consultado; sem evidência de óbito";
Jamie Tucker;Canada;;;;;;;male;;;homônimo não desambiguado com segurança;;;FILE;;;;;;;;;;;;;;"site profissional recente consultado; sem evidência de óbito";
Jan de Baen;Dutch Republic;Haagsche Teekenacademie> lições com o tio Hinderk Pyman> aluno de Jacob Adriaensz Backer;52.16;4.49;Haarlem;;The Hague;male;https://en.wikipedia.org/wiki/Jan_de_Baen;;;Wikidata;alta;MASP;Emden> Amsterdam;1645-1648;https://en.wikipedia.org/wiki/Jan_de_Baen;alta;52.381044553;4.642828229;100.0;52.069248385;4.296715483;100.0;Wikipedia;Wikidata: The Hague;Wikidata: The Hague;;media
Jan Goldfuß;Germany;Bauhaus-University Weimar> Academy of Media Arts Cologne;50.9745> 50.93475582568144;11.3291> 6.962159950772375;Erlangen, Germany;;;male;FILE Festival | site do artista;médio;;site do artista / Frischzelle Festival;alto;FILE;;;;;49.595132999;11.00498;100.0;;;;;;;"biografia e atividade profissional recentes consultadas; sem evidência de óbito";
Jan Lebensztejn;Poland;;;;Brest;Powązki Cemetery;Kraków;male;;;fonte de autoridade usa a variante Jan Lebenstein> creator mantido como no CSV.;https://www.wikidata.org/wiki/Q321504;alta;;;;;alta;48.390528;-4.486008;;50.0613888889;19.9372222222;100.0;Culture.pl / Wikipedia (pl);Wikidata: Kraków;Wikidata: Kraków;registro tratado sob a forma variante Jan Lebenstein;media
Jan Rothuizen;Kingdom of the Netherlands;Gerrit Rietveld Academie> De Ateliers;52.3413>;4.86>;Amsterdam;;;male;site oficial do artista / Kunstinstituut Melly;alto;;Wikidata;alta;FILE;;;;;52.361524688;4.890870311;100.0;;;;;;;"biografia oficial recente consultada; vive e trabalha em Amsterdã; sem evidência de óbito";
Jan van Kessel the Elder;Habsburg Netherlands;estudos com Simon de Vos> formação complementar com o pai e com Jan Brueghel the Younger;> ;> ;Antwerp;;Antwerp;male;https://en.wikipedia.org/wiki/Jan_van_Kessel_the_Elder | https://www.nationalgallery.org.uk/artists/jan-van-kessel-the-elder> https://en.wikipedia.org/wiki/Jan_van_Kessel_the_Elder | https://www.nationalgalleries.org/art-and-artists/artists/jan-van-kessel;;A formação é descrita por mestres e parentes artistas, não por escola única.;Wikidata;alta;Museu Nacional de Belas Artes;Antuérpia;a partir dos 9 anos> sem datas completas na fonte;;media;51.25942418;4.371799938;100.0;51.25942418;4.371799938;100.0;Wikipedia / Städel Museum;Wikidata: Antwerp;Wikidata: Antwerp;;alta
Jandyra Waters;;Escola Nacional de Belas Artes;-22.8625055;-43.2256622;Sertãozinho, SP, Brasil;;São Paulo;female;fontes biográficas de referência;;instituição identificada em fontes sumárias;Enciclopédia Itaú Cultural;alta;MAC USP;Rio de Janeiro, Brasil;s.d.;fontes biográficas de referência;baixa;-21.1431103;-48.0069814;;-23.5503944444;-46.6339472222;100.0;Enciclopédia Itaú Cultural / Bel Galeria;Wikidata: São Paulo;Wikidata: São Paulo;;alta
Janice T. Searleman;United States;University of Massachusetts> State University of New York at Stony Brook;42.36027777777777> 40.9173205;-71.05777777777777> -73.1245537;United States;;;female;ISEA Symposium Archives;médio;FILE explicita “País de Origem: Estados Unidos”> preenchido em nível de país.;FILE Festival (País de Origem);alta;FILE;;;;;39.398703156;-99.41461919;100.0;;;;;;;"biografia institucional recente consultada; sem evidência de óbito";
Janusz Brudniewicz;Poland;;;;Poland;;;male;;;;camembertelectrique.com;media;FILE;;;;;52.123790154;19.398768986;100.0;;;;;;;"perfil de artista e atividade recente consultados; sem evidência de óbito";
Jarbas Juarez Antunes;;Instituto de Artes da UFRGS;-30.0292;-51.2233;Coqueiral, MG, Brasil;;;male;fontes biográficas de referência;;datas aproximadas;Enciclopédia Itaú Cultural;alta;Museu da Inconfidência;Porto Alegre, Brasil;1960s;fontes biográficas de referência;baixa;-10.769946429;-53.073466889;;;;;;;;"fontes biográficas recentes consultadas; sem evidência segura de óbito";
Jasmijn Lootens;Belgium;LUCA School of Arts> Conservatory of Amsterdam;52.375833;4.908056;Waregem, Belgium;;;female;docARTES;alto;;Japan Media Arts Festival;alta;FILE;;;;;50.880619097;3.40249726;100.0;;;;;;;"site oficial recente consultado; sem evidência de óbito";
Jayme Batista Paiva;;;;;São Paulo, SP, Brasil;;Santo André;;https://www.dgabc.com.br/Noticia/3706442/jayme-paiva-o-leonardo-do-curuca;;"perfil memorialístico local; dado biográfico explícito";Diário do Grande ABC (Memória);media;MAC USP;Formação autodidata;;;media;-23.5486657;-46.6382522;;-23.6667259;-46.5323593;100.0;Diário do Grande ABC;Wikidata: Santo André;Wikidata: Santo André;;media
Jean Dewasne;France;École des Beaux-Arts;48.85666666666667;2.333611111111112;Hellemmes;;Paris;male;https://jeandewasne.com/en/biography/;;A biografia informa estudo na seção de arquitetura e frequência aos ateliês de Montparnasse.;Wikidata;alta;MAC USP;Paris, França;1939–c. 1941;https://jeandewasne.com/en/biography/;media;50.62939;3.10981;100.0;48.856372814;2.352529617;100.0;Centre Pompidou;Wikidata: Paris;Wikidata: Paris;"registro anterior revisto; Centre Pompidou informa Paris, sem arrondissement específico";alta
Jean Deyrolle;France;;;;Nogent-sur-Marne;;Toulon;male;;;;Wikidata;alta;;;;;;48.839192987;2.491513008;100.0;43.12442;5.92836;100.0;Centre Pompidou;Wikidata: Toulon;Wikidata: Toulon;;alta
Jean Joseph Bilfeldt;France;formação militar francesa;;;Avignon;;former 2nd arrondissement of Paris;male;https://www.brasilianaiconografica.art.br/autores/19939/jean-joseph-bilfeldt;;Autor identificado sobretudo como militar e desenhista viajante> sem escola nomeada na fonte aberta consultada.;Wikidata;alta;Pinacoteca de São Paulo;França;;;baixa;43.949315226;4.805311547;100.0;48.8675087;2.3421607;91.56;Wikipedia (FR) / Archives de Paris citadas;Wikidata: former 2nd arrondissement of Paris;Wikidata: former 2nd arrondissement of Paris;"local refinado de Paris para antigo 2e arrondissement; distrito histórico";media
Jean Le Moal;France;École des Beaux-Arts de Lyon> École nationale supérieure des arts décoratifs> Académie Ranson;45.768055555556> 48.85666666666667> 48.85666666666667;4.8172222222222> 2.352222222222222> 2.352222222222222;Authon-du-Perche;;Chilly-Mazarin;male;https://en.wikipedia.org/wiki/Jean_Le_Moal;;A biografia consultada traz a sequência das três formações, com intervalo completo explicitado para a Académie Ranson.;Wikidata;alta;MAC USP;Lyon, França> Paris, França> Paris, França;1926> 1929> 1935–1936;https://en.wikipedia.org/wiki/Jean_Le_Moal;media;48.194954416;0.896784562;100.0;48.702512182;2.312513276;100.0;Centre Pompidou;Wikidata: Chilly-Mazarin;Wikidata: Chilly-Mazarin;;alta
Jean Metzinger;France;École des Beaux-Arts de Nantes;47.206475;-1.560904;Nantes;;Paris;male;Wikipedia;;Também estudou pintura com Hippolyte Touront antes da mudança para Paris.;Wikidata;alta;MAC USP;Nantes, França;c. 1900–1903;Wikipedia;media;47.21838348;-1.554317317;100.0;48.856372814;2.352529617;100.0;Centre Pompidou;Wikidata: Paris;Wikidata: Paris;;alta
Jean Rustin;France;Beaux-Arts de Paris> École des Beaux-Arts> ateliê de Nicolas Untersteller;48.85666666666667;2.333611111111112;Montigny-lès-Metz;;20th arrondissement of Paris;male;https://en.wikipedia.org/wiki/Jean_Rustin | https://www.jean-rustin.com/blank-2;;;Wikidata;alta;MAC USP;Paris;a partir de 1947;https://www.jean-rustin.com/blank-2 | https://en.wikipedia.org/wiki/Jean_Rustin;alta;49.099881109;6.153103866;100.0;48.8650998;2.3989541;100.0;Libra Memoria / INSEE;Wikidata: 20th arrondissement of Paris;Wikidata: 20th arrondissement of Paris;;alta
Jean-Auguste-Dominique Ingres;France;Beaux-Arts de Paris> Académie de Toulouse> ateliê de Jacques-Louis David> École des Beaux-Arts;43.60444444444445> 48.85666666666667;1.443333333333333> 2.333611111111112;Montauban;Père Lachaise Cemetery;Paris;male;https://pt.wikipedia.org/wiki/Jean-Auguste_Dominique_Ingres;;;Wikidata;alta;MASP;Toulouse> Paris;1791-1796> 1797-1799;https://pt.wikipedia.org/wiki/Jean-Auguste_Dominique_Ingres;alta;44.016121253;1.35265774;100.0;48.856372814;2.352529617;100.0;Wikipedia;Wikidata: Paris;Wikidata: Paris;;media
Jean-Baptiste Camille Corot;France;Lycée Pierre-Corneille> estudos com Achille-Etna Michallon e Jean-Victor Bertin> formação de paisagem na viagem de estudos à Itália;49.445311> >;1.100213> >;Paris;Père Lachaise Cemetery;Paris;male;https://www.nationalgallery.org.uk/artists/jean-baptiste-camille-corot | https://en.wikipedia.org/wiki/Jean-Baptiste-Camille_Corot;;Sem academia formal nomeada nas fontes abertas recuperadas> mantidos mestres e viagem formativa.;Wikidata;alta;MASP;Paris> Itália;1825-1828;https://www.nationalgallery.org.uk/artists/jean-baptiste-camille-corot | https://en.wikipedia.org/wiki/Jean-Baptiste-Camille_Corot;media;48.856372814;2.352529617;100.0;48.856372814;2.352529617;100.0;Wikipedia;Wikidata: Paris;Wikidata: Paris;;media
Jean-Baptiste Courtois;;École des Beaux-Arts de Paris;48.85680555555555;2.333277777777778;Saint-Hippolyte;;;male;https://data.bnf.fr/fr/14916564/jean-baptiste_courtois/;;A fonte aberta biográfica é sucinta> cronologia não identificada.;Wikidata;alta;Museu Histórico Nacional;Paris;;;media;45.92969;-74.025851;100.0;;;;;;;"identificação insegura / possível homônimo; local de morte não preenchido";
Jean-Baptiste Debret;France;Lycée Louis-le-Grand> École des Beaux-Arts / ateliê de Jacques-Louis David;48.85666666666667;2.333611111111112;Paris;Montmartre Cemetery;Paris;male;fontes biográficas de referência;;registro combinando escola e formação em ateliê;Wikidata;alta;Museu Nacional de Belas Artes;Paris, França;fim do século XVIII;fontes biográficas de referência;media;48.856372814;2.352529617;100.0;48.856372814;2.352529617;100.0;Museu Histórico Nacional;Wikidata: Paris;Wikidata: Paris;;alta
Jean-Baptiste Marie Pierre;France;Académie royale de peinture et de sculpture> aluno de Charles-Joseph Natoire> bolsa/estadia em Roma;41.893055555556;12.482777777778;Paris;;Paris;male;https://en.wikipedia.org/wiki/Jean-Baptiste_Marie_Pierre | https://sammlung.staedelmuseum.de/en/person/pierre-jean-baptiste-marie;;;Wikidata;alta;Museu Nacional de Belas Artes;Paris> Roma;1732> 1734-1740;https://en.wikipedia.org/wiki/Jean-Baptiste_Marie_Pierre | https://sammlung.staedelmuseum.de/en/person/pierre-jean-baptiste-marie;alta;48.856372814;2.352529617;100.0;48.856372814;2.352529617;100.0;Wikipedia / Google Arts & Culture;Wikidata: Paris;Wikidata: Paris;;media
Jean-Baptiste Olive;France;École des beaux-arts de Marseille;43.2287;5.43485;Marseille;Saint-Ouen Cemetery;9th arrondissement of Paris;male;https://en.wikipedia.org/wiki/Jean-Baptiste_Olive;;;Wikidata;alta;MASP;Marselha;;;media;43.296606916;5.369866968;100.0;48.8760189;2.3399619;100.0;Wikipedia;9th arrondissement of Paris;9th arrondissement of Paris;"local refinado para 9th arrondissement; coordenadas do arrondissement";media
Jean-Baptiste Pater;France;formação inicial com o pai Antoine Pater> aluno de Antoine Watteau;> ;> ;Valenciennes;;Paris;male;https://en.wikipedia.org/wiki/Jean-Baptiste_Pater | https://www.britannica.com/biography/Jean-Baptiste-Pater;;Não foi localizada escola formal nomeada além da formação em oficina.;Wikidata;alta;MASP;Valenciennes> Paris;;;media;50.357856469;3.524197715;100.0;48.856372814;2.352529617;100.0;Wikipedia (FR);Wikidata: Paris;Wikidata: Paris;fonte biográfica menciona rue Quincampoix, sem coordenada histórica exata padronizada;media
Jean-Baptiste-Siméon Chardin;France;Académie de Saint-Luc> aprendizagens com Pierre-Jacques Cazes e Noël-Nicolas Coypel;48.85666666666667;2.352222222222222;Paris;;Paris;male;https://en.wikipedia.org/wiki/Jean_Sim%C3%A9on_Chardin | https://www.britannica.com/biography/Jean-Baptiste-Simeon-Chardin;;;Wikidata;alta;MASP;Paris;até 1724;https://en.wikipedia.org/wiki/Jean_Sim%C3%A9on_Chardin;alta;48.856372814;2.352529617;100.0;48.856372814;2.352529617;100.0;Wikipedia (FR);Wikidata: Paris;Wikidata: Paris;;media
Jean-Frédéric Bosset de Luze;Switzerland;formação militar e de desenho técnico suíço;;;Neuchâtel;;Neuchâtel;male;https://www.brasilianaiconografica.art.br/autores/19859/jean-frederic-bosset-de-luze;;Autor identificado sobretudo por perfil militar-viajante> sem escola formal nomeada na fonte aberta consultada.;Wikidata;alta;Pinacoteca de São Paulo;Suíça;;;baixa;46.993851622;6.93104046;100.0;46.993851622;6.93104046;100.0;Enciclopédia Itaú Cultural;Wikidata: Neuchâtel;Wikidata: Neuchâtel;;media
Jean-Honoré Fragonard;France;École royale des élèves protégés> formação com Jean-Siméon Chardin e François Boucher> Académie de France à Rome;48.85666666666667> 41.908333333333;2.352222222222222> 12.4825;Grasse;Saint-Roch, Paris;former 2nd arrondissement of Paris;male;https://en.wikipedia.org/wiki/Jean-Honor%C3%A9_Fragonard | https://www.britannica.com/biography/Jean-Honore-Fragonard;;;Wikidata;alta;MASP;Paris> Roma;c.1747 em diante> 1756-1761;https://en.wikipedia.org/wiki/Jean-Honor%C3%A9_Fragonard;alta;43.658104821;6.924695789;100.0;48.8675087;2.3421607;91.56;Wikipedia / FranceArchives;Wikidata: former 2nd arrondissement of Paris;Wikidata: former 2nd arrondissement of Paris;distrito histórico padronizado;media
Jean-Jacques François Coindet;Switzerland;formação de desenho topográfico e prática militar;;;Geneva;;Clarens, Vaud;male;https://www.brasilianaiconografica.art.br/autores/19866/jean-jacques-francois-coindet;;A fonte aberta não traz nome de instituição formal específica.;Wikidata;alta;Pinacoteca de São Paulo;Suíça> França;;;baixa;46.212270935;6.126642752;100.0;46.442;6.894;100.0;DSI - Database of Scientific Illustrators;Wikidata: Clarens, Vaud;Wikidata: Clarens, Vaud;coordenadas anteriores corrigidas de Clarens (África do Sul) para Clarens, Vaud, Suíça;media
Jean-Marc Nattier;France;formação com Marc Nattier> orientação de Jean Jouvenet;> ;> ;Paris;Church of Saint Eustache;Paris;male;https://en.wikipedia.org/wiki/Jean-Marc_Nattier | https://www.britannica.com/biography/Jean-Marc-Nattier;;Não foi identificada instituição formal única nas fontes consultadas.;Wikidata;alta;MASP;Paris;;;media;48.856372814;2.352529617;100.0;48.856372814;2.352529617;100.0;FranceArchives;Wikidata: Paris;Wikidata: Paris;;alta
Jean-Michel Rolland;France;University Paris 3, Sorbonne Nouvelle;48.84488888888889;2.396988888888889;France;;;male;CV do artista / CYLAND;médio;fonte biográfica identifica apenas o país> preenchimento mantido em nível de país.;FILE Festival;médio;FILE;;;;;46.559417044;2.550539953;100.0;;;;;;;"site pessoal recente consultado; sem evidência de óbito";
Jeanette Nørgaard;Kingdom of Denmark;The Animation Workshop;56.4561;9.40611;Struer, Denmark;;;female;DAFilms;médio;;FILE Festival / Girls in Film;alto;FILE;;;;;56.545686523587;8.585619582004;100.0;;;;;;;"portfólio e biografia recentes consultados; sem evidência de óbito";
Jef Golyscheff;;;;;Kherson, Ucrânia;;Neuilly-sur-Seine;male;;;;MAC USP Acervo;alta;;;;;;46.635417;32.616867;;48.8846;2.26965;100.0;Wikipedia (FR) / registro civil citado;Neuilly-sur-Seine Geographic coordinates;Neuilly-sur-Seine Geographic coordinates;"Centre Pompidou indica Paris em nível de cidade; adotado Neuilly-sur-Seine por ser o local mais específico em registro civil citado";media
Jen Biddle;;Rutgers University> Pennsylvania State University;40.501666666667> 40.796111111111;-74.448055555556> -77.862777777778;;;;female;University of Delaware;alto;local de nascimento não localizado em fonte auditável;;;FILE;;;;;;;;;;;;;;"perfil institucional recente consultado; sem evidência de óbito";
Jenner Augusto;Brazil;;;;Aracaju;;Salvador;male;https://www.beirith.art.br/artista/Jenner-Augusto/130;;estuda pintura com Horácio Hora> instituição formal não localizada;Wikidata;alta;MAC USP;Laranjeiras, Sergipe, Brasil;c. 1940;https://www.beirith.art.br/artista/Jenner-Augusto/130;media;-10.9093538;-37.0743967;100.0;-12.9641527;-38.5058208;100.0;Wikipedia / Diário do Grande ABC;Wikidata: Salvador;Wikidata: Salvador;;media
Jennifer Zheng;England;Kingston University;51.4035;-0.3039;Northern Ireland, UK;;;female;site oficial da artista | It’s Nice That;alto;;Jennifer Zheng site oficial / FILE Festival;media;FILE;;;;;54.609495197321;-6.692871347191;100.0;;;;;;;"site e biografias recentes consultados; sem evidência de óbito";
Jenny Vogel;Germany;Hunter College (CUNY);40.768538;-73.964741;Germany;;;female;UMass Amherst / CV;alto;;The Sunview;media;FILE;;;;;51.110631049;10.392277932;100.0;;;;;;;"biografia institucional recente consultada; sem evidência de óbito";
Jenova Chen;People's Republic of China;University of Southern California;34.021667;-118.285278;Shanghai;;;male;;;;Wikidata;alta;FILE;;;;;31.231271;121.470015;;;;;;;;"site oficial e equipe atual consultados; sem evidência de óbito";
Jeroen Cluckers;Belgium;KASK School of Arts Ghent;51.045519;3.718608;Hasselt, Belgium;;;male;AP University College;alto;;AP Hogeschool;alta;FILE;;;;;50.914955632;5.332553947;100.0;;;;;;;"biografia recente consultada; vive e trabalha em Ghent; sem evidência de óbito";
Jerry Galle;Belgium;KASK School of Arts;51.045519;3.718608;Antwerp, Belgium;;;male;site oficial do artista;médio;;NW Aalst / KASK;alto;FILE;;;;;51.25942418;4.371799938;100.0;;;;;;;"site e agenda recentes consultados; sem evidência de óbito";
Jerónimo Veroa;Argentina;;;;Necochea;;;male;;;;Wikidata;alta;FILE;;;;;-38.5554187;-58.7258543;100.0;;;;;;;"biografia recente consultada; vive e trabalha em Buenos Aires; sem evidência de óbito";
Jesús Rafael Soto;Venezuela;Escuela de Artes Plásticas y Aplicadas;10.50611111111111;-66.91444444444444;Ciudad Bolívar;Montparnasse Cemetery;Paris;male;https://www.guiadasartes.com.br/jesus-rafael-soto/obras-e-biografia;;;Wikidata;alta;MAC USP;Caracas, Venezuela;1942–1947;https://www.guiadasartes.com.br/jesus-rafael-soto/obras-e-biografia;alta;8.1214634;-63.5769921;100.0;48.856372814;2.352529617;100.0;Soto official website / Fondation Louis Vuitton;Wikidata: Paris;Wikidata: Paris;"registro anterior em 3rd arrondissement of Paris tinha coordenadas incompatíveis; normalizado para Paris conforme biografias institucionais";alta
JF Malouin;Canada;École NAD-UQAC (Université du Québec à Chicoutimi);48.42;-71.0525;Canada;;;male;FILE Festival;médio;FILE explicita “País de Origem: Canadá”> preenchido em nível de país.;FILE Festival (País de Origem);alta;FILE;;;;;60.10867;-113.64258;100.0;;;;;;;"biografia recente consultada; sem evidência de óbito";
Jiahui Eva Gao;People's Republic of China;Academy of Fine Art in Guangzhou;23.09544444444445;113.2730277777778;China;;;female;BoardGameGeek;baixo;FILE explicita “País de Origem: China”> preenchido em nível de país.;FILE Festival (País de Origem);alta;FILE;;;;;36.567348398;103.930027033;100.0;;;;;;;"perfil profissional recente consultado; sem evidência de óbito";
Jim Leon;United Kingdom;Chouinard Art Institute;34.392919;-118.567812;Wolverhampton;;Lyon;male;fontes biográficas de referência;;instituição identificada em fontes sumárias;Wikidata;alta;MAC USP;Los Angeles, EUA;s.d.;fontes biográficas de referência;baixa;52.586220279;-2.129909246;100.0;45.763420;4.834277;100.0;https://fr.wikipedia.org/wiki/Jim_Leon;https://www.latlong.net/place/lyon-france-27234.html;https://www.latlong.net/place/lyon-france-27234.html;Registro anterior em 6th arrondissement of Lyon foi normalizado para Lyon por falta de fonte auditável para o arrondissement na biografia consultada.;media
Jinan Zughayar;Palestine;American University of Sharjah;25.309722;55.490556;Palestine;;;;FILE> Behance;médio;;Wikidata;alta;FILE;;;;;31.912719787;35.204684057;100.0;;;;;;;"Site autoral recente consultado; sem evidência de óbito.";
Jo-Ann Arosemena;Panama;Pratt Institute> GIA;37;-120;David;;;female;site oficial da artista;alto;;Wikidata;alta;FILE;;;;;8.416181394161;-82.387003546125;100.0;;;;;;;"Site oficial recente consultado; sem evidência de óbito.";
Joan Miró;Spain;Escola Superior d'Arts Industrials i Belles Arts (La Llotja)> Escola de Comerç de Barcelona;41.3822> 41.3825;2.1825> 2.1769444444444;Barcelona;Montjuïc Cemetery;Palma de Mallorca;male;https://www.fmirobcn.org/en/foundation/joan-miro/;;A formação artística em La Llotja é a principal referência para o campo educacional.;Wikidata;alta;MAC USP;Barcelona, Espanha> Barcelona, Espanha;até 1910> c. 1907–1910;https://www.fmirobcn.org/en/foundation/joan-miro/;alta;41.387917;2.1699187;100.0;39.5694515;2.6499457;100.0;https://www.fmirobcn.org/en/foundation/joan-miro/;https://en.wikipedia.org/wiki/Palma,_Majorca;https://en.wikipedia.org/wiki/Palma,_Majorca;Local de morte normalizado de Palma para Palma de Mallorca conforme fonte institucional.;alta
Joan Ponç;Spain;ateliê de Ramón Rogent> Academia de Artes Plásticas;> ;> ;Barcelona;;Saint-Paul-de-Vence;male;https://enciclopedia.itaucultural.org.br/pessoas/2127-joan-ponc;;A Enciclopédia Itaú Cultural explicita o início da formação artística em 1944 com Rogent e na Academia de Artes Plásticas.;Wikidata;alta;MAC USP;Barcelona, Espanha> Barcelona, Espanha;1944> 1944;https://enciclopedia.itaucultural.org.br/pessoas/2127-joan-ponc;alta;41.387917;2.1699187;100.0;43.696875101;7.122200368;100.0;https://www.fundacionmapfre.org/en/art-and-culture/collections/joan-ponc/;https://en.wikipedia.org/wiki/Saint-Paul-de-Vence;https://en.wikipedia.org/wiki/Saint-Paul-de-Vence;"Local de morte auditado; coordenadas mantidas para o município.";alta
Joaquim Cândido Guilhobel;Kingdom of Portugal;Academia Imperial de Belas Artes;-22.91111111111111;-43.20555555555556;Lisbon;;Rio de Janeiro;male;https://pt.wikipedia.org/wiki/Joaquim_C%C3%A2ndido_Guilhobel | https://eviterbo.fcsh.unl.pt/wiki/Joaquim_C%C3%A2ndido_Guilhobel> https://pt.wikipedia.org/wiki/Joaquim_C%C3%A2ndido_Guilhobel;;Na Academia, fez o curso de arquitetura com Grandjean de Montigny.;Wikidata;alta;Pinacoteca de São Paulo;Rio de Janeiro;matrícula em 1827;https://pt.wikipedia.org/wiki/Joaquim_C%C3%A2ndido_Guilhobel;alta;38.7070085;-9.1356407;100.0;-22.9111111111;-43.2055555556;100.0;https://pt.wikipedia.org/wiki/Joaquim_C%C3%A2ndido_Guilhobel | https://eviterbo.fcsh.unl.pt/wiki/Joaquim_C%C3%A2ndido_Guilhobel;https://latitude.to/map/br/brazil/cities/rio-de-janeiro;https://latitude.to/map/br/brazil/cities/rio-de-janeiro;Local de morte preenchido a partir de fontes biográficas convergentes.;alta
Joaquim da Rocha Ferreira;Brazil;São Paulo School of Arts and Crafts> Liceu de Artes e Ofícios> Escola Nacional de Belas Artes> curso de aperfeiçoamento em mosaico, em Ravena;-23.5331446> > -22.8625055>;-46.6267577> > -43.2256622>;São Paulo;;São Paulo;male;https://pt.wikipedia.org/wiki/Joaquim_da_Rocha_Ferreira | https://www.catalogodasartes.com.br/artista/Joaquim%20da%20Rocha%20Ferreira/;;As fontes convergem em Liceu de Artes e Ofícios e Enba> o Catálogo das Artes acrescenta curso de aperfeiçoamento em mosaico em Ravena.;Wikidata;alta;Museu Paulista;São Paulo> Rio de Janeiro> Ravena;sem datas exatas na fonte> curso de aperfeiçoamento posterior;https://www.catalogodasartes.com.br/artista/Joaquim%20da%20Rocha%20Ferreira/;alta;-23.5486657;-46.6382522;100.0;-23.5486657;-46.6382522;100.0;https://pt.wikipedia.org/wiki/Joaquim_da_Rocha_Ferreira | https://enciclopedia.itaucultural.org.br/pessoas/18244-joaquim-da-rocha-ferreira;https://en.wikipedia.org/wiki/S%C3%A3o_Paulo;https://en.wikipedia.org/wiki/S%C3%A3o_Paulo;"Local de morte auditado; coordenadas mantidas para o município.";media
Joaquim da Rocha Fragoso;Brazil;Academia Imperial de Belas Artes (Aiba)> estudos com Debret, Félix Taunay, Manuel de Araújo Porto-Alegre e August Müller;-22.91111111111111;-43.20555555555556;Rio de Janeiro;;Rome;male;https://enciclopedia.itaucultural.org.br/pessoas/6849-joaquim-da-rocha-fragoso | https://catalogodasartes.com.br/artista/Joaquim%20da%20Rocha%20Fragoso/> https://catalogodasartes.com.br/artista/Joaquim%20da%20Rocha%20Fragoso/ | https://enciclopedia.itaucultural.org.br/pessoas/6849-joaquim-da-rocha-fragoso;;;Wikidata;alta;Museu Histórico Nacional;Rio de Janeiro;décadas de 1840-1850;https://enciclopedia.itaucultural.org.br/pessoas/6849-joaquim-da-rocha-fragoso | https://catalogodasartes.com.br/artista/Joaquim%20da%20Rocha%20Fragoso/;alta;-22.9014475;-43.1789159;100.0;41.8905568;12.4942679;100.0;https://enciclopedia.itaucultural.org.br/pessoas/6849-joaquim-da-rocha-fragoso;https://en.wikipedia.org/wiki/Rome;https://en.wikipedia.org/wiki/Rome;"Local de morte auditado; coordenadas mantidas para a cidade.";alta
Joaquim José da Natividade;Brazil;;;;;;;male;fontes biográficas de referência;;não localizei escola formal> formação colonial/oficinal;;;Museu Regional São João Del Rey;Minas Gerais, Brasil;século XVIII;fontes biográficas de referência;baixa;;;;;;;;;;Fontes historiográficas consultadas não permitiram confirmar local de morte com segurança nesta rodada.;
Joaquim Lopes Figueira;;Liceu de Artes e Ofícios de São Paulo> ateliê de Waldemar Belisário;-23.5331446;-46.6267577;São Paulo, SP, Brasil;;Ribeirão Preto;male;https://enciclopedia.itaucultural.org.br/pessoas/6301-joaquim-figueira | https://front.master.enciclopedia-ic.org/pessoa21875/joaquim-figueira;;;Enciclopédia Itaú Cultural;alta;MAC USP;São Paulo (SP);1919-1922;https://enciclopedia.itaucultural.org.br/pessoas/6301-joaquim-figueira | https://front.master.enciclopedia-ic.org/pessoa21875/joaquim-figueira;alta;-23.5486657;-46.6382522;;-21.1775;-47.81028;100.0;https://aplicacoes.fcc.sc.gov.br/wpmasc/artista/joaquim-lopes-figueira-junior/ | https://enciclopedia.itaucultural.org.br/pessoas/6301-joaquim-figueira;https://latitude.to/map/br/brazil/cities/ribeirao-preto;https://latitude.to/map/br/brazil/cities/ribeirao-preto;Local de morte preenchido a partir de verbetes biográficos convergentes.;alta
Joaquim Manuel da Rocha;Kingdom of Portugal;Casa Pia / formação com João Glama;38.708042;-9.139016;Lisbon;;Lisbon;male;fontes biográficas de referência;;formação pouco documentada> registro mantido em nível conservador;Wikidata;alta;Museu Nacional de Belas Artes;Lisboa, Portugal;s.d.;fontes biográficas de referência;baixa;38.7070085;-9.1356407;100.0;38.7070085;-9.1356407;100.0;https://commons.wikimedia.org/wiki/Category:Joaquim_Manuel_da_Rocha;https://en.wikipedia.org/wiki/Lisbon;https://en.wikipedia.org/wiki/Lisbon;"Local de morte auditado; cidade mantida conforme fontes de referência.";media
Joaquín Agrasot y Juan;Spain;Reial Acadèmia de Belles Arts de Sant Carles de València> Real Academia de Bellas Artes de San Carlos de Valencia;39.445;-0.389444;Orihuela;General Cemetery of Valencia;Valencia;male;https://en.wikipedia.org/wiki/Joaqu%C3%ADn_Agrasot | https://www.museodelprado.es/coleccion/artista/agrasot-y-juan-joaquin/0f951cb3-68a8-4c8e-848f-6ace0a6a548f;;As fontes mencionam estudo com Francisco Martínez Yago.;Wikidata;alta;Museu Histórico Nacional;Orihuela> Valência> Roma;1856 em diante> bolsa para Roma a partir de 1861;https://en.wikipedia.org/wiki/Joaqu%C3%ADn_Agrasot | https://www.museodelprado.es/coleccion/artista/agrasot-y-juan-joaquin/0f951cb3-68a8-4c8e-848f-6ace0a6a548f;alta;38.084044;-0.945009;100.0;39.4702393;-0.3768049;100.0;https://es.wikipedia.org/wiki/Joaqu%C3%ADn_Agrasot;https://en.wikipedia.org/wiki/Valencia;https://en.wikipedia.org/wiki/Valencia;"Local de morte auditado; coordenadas mantidas para a cidade.";media
Jody Deming;United States;Smith College;42.3175;-72.6375;Houston;;;female;;;;Wikidata;alta;FILE;;;;;29.7608026;-95.3695062;100.0;;;;;;;"Perfil institucional recente consultado; sem evidência de óbito.";
Jody Ghani;United Kingdom;The Animation Workshop / VIA University College;56.4561;9.40611;United Kingdom;;;female;site oficial da artista> SciVi;alto;;site oficial do artista;alta;FILE;;;;;53.408386605;-1.969559544;100.0;;;;;;;"Site autoral recente consultado; sem evidência de óbito.";
Johanan Simon;Israel;Beaux-Arts de Paris> Bezalel School of Arts and Crafts;31.78116666666667;35.22361111111111;Berlin;Kfar Shmaryahu Cemetery;Tel-Aviv;male;fontes biográficas de referência;;instituição identificada em biografias sumárias;Wikidata;alta;MAC USP;Jerusalém, Israel;s.d.;fontes biográficas de referência;media;52.517669999;13.405537999;100.0;32.0735802;34.7880511;100.0;https://en.wikipedia.org/wiki/Yohanan_Simon;https://en.wikipedia.org/wiki/Tel_Aviv;https://en.wikipedia.org/wiki/Tel_Aviv;"Local de morte auditado; a fonte biográfica usa a grafia Yohanan Simon.";media
Johann Gutlich;Kingdom of the Netherlands;Academia de Arte de Roterdã> estudos com Henk Chabot;51.9188;4.4885;Rotterdam;;;male;https://enciclopedia.itaucultural.org.br/pessoas/3646-johann-gutlich | https://pt.wikipedia.org/wiki/Johann_Gutlich;;;Wikidata;alta;MAC USP;Roterdã (Países Baixos);1935-1940;https://enciclopedia.itaucultural.org.br/pessoas/3646-johann-gutlich | https://pt.wikipedia.org/wiki/Johann_Gutlich;alta;51.918323034;4.493749988;100.0;;;;;;;Não localizei fonte auditável suficiente sobre local de morte nesta rodada.;
Johann Moritz Rugendas;Kingdom of Bavaria;desenho e gravura com o pai Johann Lorenz Rugendas II> estudos com Albrecht Adam> Academia de Belas Artes de Munique;48.1531959202723;11.5803123911292;Augsburg;;Weilheim an der Teck;male;https://en.wikipedia.org/wiki/Johann_Moritz_Rugendas | https://www.infoescola.com/biografias/johann-moritz-rugendas/ | https://saibahistoria.blogspot.com/2020/05/joahnn-moritz-rugendas.html;;;Wikidata;alta;Museu Histórico Nacional;Augsburgo> Munique;1815-1817> depois de 1817;https://en.wikipedia.org/wiki/Johann_Moritz_Rugendas | https://saibahistoria.blogspot.com/2020/05/joahnn-moritz-rugendas.html;alta;48.369695999;10.892578;100.0;48.615688999;9.537361999;100.0;https://de.wikipedia.org/wiki/Moritz_Rugendas;https://en.wikipedia.org/wiki/Weilheim_an_der_Teck;https://en.wikipedia.org/wiki/Weilheim_an_der_Teck;"Local de morte auditado; coordenadas mantidas para o município.";media
John Barber;United States;Indiana University of Pennsylvania> University of Alabama at Birmingham;40.617> 33.5;-79.16> -86.8075;Galati, Romania;;Philadelphia;male;CV/website oficial de John F. Barber;média;;Centre Pompidou / askART;alto;FILE;;;;;45.43532;28.00799;;39.9527237;-75.1635262;100.0;https://americanart.si.edu/artist/john-barber-230;https://en.wikipedia.org/wiki/Philadelphia;https://en.wikipedia.org/wiki/Philadelphia;Local de morte preenchido a partir de verbete institucional do Smithsonian.;alta
John Butler;;Duncan of Jordanstone College of Art, Dundee;56.4566;-2.9828;Dublin, Ireland;;;male;site oficial> FILE;alto;;FILE Festival;alta;FILE;;;;;53.3440956;-6.2674862;100.0;;;;;;;"Nome homônimo/ambíguo; identidade não desambiguada com segurança nesta rodada.";
John Constable;Kingdom of Great Britain;Royal Academy of Arts> Royal Academy Schools;51.507222222222;-0.1275;East Bergholt;St John-at-Hampstead;Charlotte Street, London;male;https://en.wikipedia.org/wiki/John_Constable | https://www.wikiart.org/pt/john-constable/;;;Wikidata;alta;MASP;Londres;a partir de 1799;https://en.wikipedia.org/wiki/John_Constable | https://www.wikiart.org/pt/john-constable/;alta;51.972413206;1.012312908;100.0;51.5178;-0.1361;100.0;https://www.flatfordandconstable.org.uk/chronology-john-constable/final-days/;https://latitude.to/articles-by-country/gb/united-kingdom/53027/charlotte-street;https://latitude.to/articles-by-country/gb/united-kingdom/53027/charlotte-street;"Coordenadas anteriores remetiam a Charlotte, North Carolina; ajustadas para Charlotte Street, London.";media
Jonas Brandão;Brazil;UFSCar;21.98525;47.87996;Brazil;;;male;entrevista Split Filmes / 3DArtsBrasil;médio;FILE explicita “País de Origem: Brasil”> preenchido em nível de país.;FILE Festival (País de Origem);alta;FILE;;;;;-10.769946429;-53.073466889;100.0;;;;;;;Não localizei fonte auditável suficiente sobre local de morte nesta rodada.;
Jonas de Barros;Brazil;Academia de Belas Artes> estudos com Almeida Júnior;> ;> ;Itu;;São Paulo;male;https://pt.wikipedia.org/wiki/Jonas_de_Barros | https://artsandculture.google.com/entity/jonas-de-barros/m07k7zzr;;A fonte aberta disponível não detalha cronologia fina.;Wikidata;alta;Museu Paulista;São Paulo;;;media;-23.265697;-47.299124;100.0;-23.5486657;-46.6382522;100.0;https://pt.wikipedia.org/wiki/Jonas_de_Barros | https://artsandculture.google.com/entity/g11fj062gz5;https://en.wikipedia.org/wiki/S%C3%A3o_Paulo;https://en.wikipedia.org/wiki/S%C3%A3o_Paulo;"Local de morte preenchido a partir de verbetes convergentes; mês do óbito indicado, sem endereço mais específico.";media
Jonathan Berger;United States;Stanford University;37.4275;-122.17;New York City;;;male;;;;Wikidata;alta;FILE;;;;;40.7130466;-74.0072301;100.0;;;;;;;"Perfil institucional recente consultado; sem evidência de óbito.";
Jonathan Monaghan;United States;New York Institute of Technology> University of Maryland;40.8080625> 38.988055555555555;-73.6033125> -76.9425;Rockaway Beach, Queens, New York, USA;;;male;bitforms gallery;médio;;Wikipedia / IMDb;médio;FILE;;;;;40.576981;-73.851544;100.0;;;;;;;"Site autoral recente consultado; sem evidência de óbito.";
Jone Vizcaino;Spain;;;;Spain;;;female;;;FILE explicita “País de Origem: Espanha”> preenchido em nível de país.;FILE Festival (País de Origem);alta;FILE;;;;;40.22794966;-3.646063105;100.0;;;;;;;"Perfil profissional recente consultado; sem evidência de óbito.";
Joost Jordens;Netherlands;Utrecht University of the Arts;52.085277777777776;5.175;Netherlands;;;male;Wonderspaces — Mike von Rotz & Joost Jordens;médio;FILE explicita “País de Origem: Países Baixos / Holanda”> preenchido em nível de país.;FILE Festival (País de Origem);alta;FILE;;;;;52.249375293;5.616126398;100.0;;;;;;;Não localizei fonte auditável suficiente sobre local de morte nesta rodada.;
Jordão de Oliveira;Brazil;primeiros estudos de desenho com Quintino Marques;-10.9093538;-37.0743967;Aracaju;;Rio de Janeiro;male;https://www.guiadasartes.com.br/jordao-de-oliveira/biografia | https://ihgse.org.br/wordpress/jordao-eduardo-de-oliveira-nunes/;;As fontes abertas disponíveis sustentam os estudos iniciais com Quintino Marques> não localizei nesta rodada fonte aberta robusta para a etapa posterior no Rio.;Wikidata;alta;Museu Histórico Nacional;Aracaju;;;media;-10.9093538;-37.0743967;100.0;-22.9111111111;-43.2055555556;100.0;https://pge.se.gov.br/artista-do-mes-de-abril-jordao-de-oliveira/;https://latitude.to/map/br/brazil/cities/rio-de-janeiro;https://latitude.to/map/br/brazil/cities/rio-de-janeiro;Local de morte refinado de nível de país para cidade com base em fonte biográfica.;alta
Jorge David Ortiz Trejo;Mexico;;;;Mexico;;;male;;;FILE explicita “País de Origem: México”> preenchido em nível de país.;FILE Festival (País de Origem);alta;FILE;;;;;23.634501;-102.552784;;;;;;;;Não localizei fonte auditável suficiente sobre local de morte nesta rodada.;
Jorge F.;Brazil;Universidade Anhembi Morumbi;-23.6005;-46.6749;São Paulo, Brazil;;;male;FILE;alto;;FilmFreeway;media;FILE;;;;;-23.5486657;-46.6382522;100.0;;;;;;;"Nome abreviado; identidade não desambiguada com segurança.";
Jorge Manuel Theocupulus;Spain;oficina/ateliê de El Greco;41.655298;-83.535717;Toledo;;Toledo, Spain;male;https://en.wikipedia.org/wiki/Jorge_Manuel_Theotoc%C3%B3puli | https://www.museodelprado.es/en/coleccion/autores?search=Theotoc%C3%B3puli%2C+Jorge+Manuel;;O creator está grafado como 'Theocupulus'> as fontes biográficas abertas usam 'Theotocópuli'.;Wikidata;alta;MASP;Toledo;até 1614;https://en.wikipedia.org/wiki/Jorge_Manuel_Theotoc%C3%B3puli;media;41.655298;-83.535717;100.0;39.8581;-4.02263;100.0;https://en.wikipedia.org/wiki/Jorge_Manuel_Theotoc%C3%B3puli | https://www.museodelprado.es/aprende/enciclopedia/voz/theotocopuli-jorge-manuel/8e0c14be-6af0-4927-b11c-1c9541d59952;https://www.geodatos.net/en/coordinates/spain/toledo-castille-la-mancha;https://www.geodatos.net/en/coordinates/spain/toledo-castille-la-mancha;"Coordenadas anteriores remetiam a Toledo, Ohio; ajustadas para Toledo, Espanha, conforme as fontes sobre Jorge Manuel Theotocópuli.";alta
Jorge Paez Vilaró;Uruguay;formação autodidata;;;Montevideo;;Punta del Este;male;https://en.wikipedia.org/wiki/Jorge_P%C3%A1ez_Vilar%C3%B3 | https://arteenloprofundo.blogspot.com/p/jorge-paez-vilaro.html;;A fonte indica ausência de formação artística formal e aperfeiçoamento por viagens e contatos artísticos.;Wikidata;alta;MAC USP;Montevidéu e América Latina;sem data exata na fonte;;media;-34.9055557;-56.1852505;100.0;-34.9475;-54.9338;100.0;https://en.wikipedia.org/wiki/Jorge_P%C3%A1ez_Vilar%C3%B3;https://latitude.to/map/uy/uruguay/cities/punta-del-este;https://latitude.to/map/uy/uruguay/cities/punta-del-este;Registro anterior em Montevideo foi corrigido para Punta del Este conforme biografia consultada.;media
Jose Gallardo A;Colombia;Universidad Nacional de Colombia;4.6355555555556;-74.082777777778;Medellín, Colombia;;;male;Pueblo Nuevo Netlabel> Elektramusic;médio;;CMMAS;media;FILE;;;;;6.2482172;-75.5800345;100.0;;;;;;;"Nome abreviado; identidade não desambiguada com segurança.";
Jose Rueda;;Escuela Nacional de Bellas Artes Manuel Belgrano> Escuela Nacional de Bellas Artes Prilidiano Pueyrredón> Escuela Superior de Bellas Artes Ernesto de la Cárcova;-34.63486827098634> -34.59472222> -34.61744771945473;-58.37169270382104> -58.39944444> -58.3564444;Málaga, Espanha;;;male;https://www.hcdn.gob.ar/secgralpres/dcultura/museo/obras/artistas/Rueda-Jose/ | https://artedelaargentina.com/disciplinas/artista/grabado/jose-luis-rueda;;A formação aparece em três escolas nacionais de belas-artes, sem datas precisas nas fontes consultadas.;Artabus;media;MAC USP;Buenos Aires (Argentina);;;media;36.7196292;-4.4200007;;;;;;;;"Biografia recente consultada; sem evidência de óbito.";
Josef Albers;Germany;Academy of Fine Arts, Munich> Königliche Kunstschule> Kunstgewerbschule> Royal Academy of Fine Arts, Munich> Bauhaus;52.49066493> 51.315777777778> 50.9745;13.35889673> 9.4979166666667> 11.3291;Bottrop;Orange Center Cemetery;New Haven;male;https://bauhauskooperation.com/wissen/das-bauhaus/koepfe/biografien/biografie-detail/person-12;;formação artística e de professor antes da entrada no Bauhaus;Wikidata;alta;MAC USP;Berlim, Alemanha> Essen, Alemanha> Munique, Alemanha> Weimar, Alemanha;1913–1915> 1916–1919> 1919–1920> 1920;https://bauhauskooperation.com/wissen/das-bauhaus/koepfe/biografien/biografie-detail/person-12;alta;51.523693999;6.929939;100.0;41.3082517;-72.9241605;100.0;https://en.wikipedia.org/wiki/Josef_Albers;https://en.wikipedia.org/wiki/New_Haven,_Connecticut;https://en.wikipedia.org/wiki/New_Haven,_Connecticut;"Local de morte auditado; coordenadas mantidas para a cidade.";media
Joseph Tully;;formação militar e prática de desenho topográfico;;;;;;;https://www.brasilianaiconografica.art.br/autores/20161/joseph-tully;;Sem escola formal identificada na fonte aberta consultada.;;;Pinacoteca de São Paulo;Irlanda> Inglaterra;;;baixa;;;;;;;;;;Não localizei fonte auditável suficiente sobre local de morte nesta rodada.;
Josh Mitchell;United States;Indiana University of Pennsylvania> Design Institute of San Diego> Edinboro University of Pennsylvania;40.617> 32.880696> 39.95388888888889;-79.16> -117.167367> -75.19305555555556;Pittsburgh, Pennsylvania, USA;;;male;StopWatch Gallery;médio;;StopWatch Gallery & Studio;alta;FILE;;;;;40.4421676;-79.9949573;100.0;;;;;;;"Site autoral recente consultado; sem evidência de óbito.";
Joshua Reynolds;Kingdom of Great Britain;Hele's School> aprendiz com Thomas Hudson> estudos de aperfeiçoamento em Roma;41.893055555556;12.482777777778;Plympton;St Paul's Cathedral;London;male;https://en.wikipedia.org/wiki/Joshua_Reynolds | https://www.britannica.com/biography/Joshua-Reynolds;;;Wikidata;alta;MASP;Londres> Roma;1740-1743> 1749-1752;https://en.wikipedia.org/wiki/Joshua_Reynolds;alta;-34.961875705;138.557026373;100.0;51.50740836;-0.127698693;100.0;https://en.wikipedia.org/wiki/Joshua_Reynolds;https://en.wikipedia.org/wiki/London;https://en.wikipedia.org/wiki/London;"A fonte biográfica especifica Leicester Fields; mantido o nível de cidade para compatibilização do topônimo.";media
José Agostinho da Motta;;;;;Rio de Janeiro, RJ, Brasil;;Rio de Janeiro;male;;;;Enciclopédia Itaú Cultural;alta;;;;;;-22.9014475;-43.1789159;;-22.9111111111;-43.2055555556;100.0;https://enciclopedia.itaucultural.org.br/pessoas/6420-agostinho-da-motta | https://pt.wikipedia.org/wiki/Agostinho_Jos%C3%A9_da_Mota;https://latitude.to/map/br/brazil/cities/rio-de-janeiro;https://latitude.to/map/br/brazil/cities/rio-de-janeiro;"Registro do criador aparece invertido em relação à forma consagrada Agostinho José da Motta; local de morte é o Rio de Janeiro.";alta
José Antônio da Silva;Brazil;;;;Sales Oliveira;;São Paulo;male;Enciclopédia Itaú Cultural / fontes biográficas;;artista autodidata> sem escola formal localizada;Wikidata;alta;MAC USP;São José do Rio Preto, Brasil;c. 1940s;Enciclopédia Itaú Cultural / fontes biográficas;media;-20.7700793;-47.8407277;100.0;-23.5486657;-46.6382522;100.0;https://pt.wikipedia.org/wiki/Jos%C3%A9_Ant%C3%B4nio_da_Silva | https://www.portalartes.com.br/hist%C3%B3ria/biografias/pintores-modernos/jos%C3%A9-ant%C3%B4nio-da-silva.html;https://en.wikipedia.org/wiki/S%C3%A3o_Paulo;https://en.wikipedia.org/wiki/S%C3%A3o_Paulo;"Local de morte auditado; coordenadas mantidas para o município.";media
José Barreto de Menezes;;formação artística brasileira> instituição não identificada na fonte aberta consultada;> ;> ;;;;male;https://www.catalogodasartes.com.br/;;Sem base aberta robusta para nomear instituição com segurança.;;;Museu Histórico Nacional;Brasil;;;baixa;;;;;;;;;;Não localizei fonte auditável suficiente sobre local de morte nesta rodada.;
José Canella Filho;Brazil;;;;São Manuel;;São Paulo;male;https://pt.wikipedia.org/wiki/Jos%C3%A9_Canella_Filho;;A fonte informa que iniciou o estudo da pintura como autodidata e que nunca teve aulas.;Wikidata;alta;Museu Paulista;Formação autodidata;;;alta;-22.7478056;-48.5834111;100.0;-23.5503944444;-46.6339472222;100.0;Enciclopédia Itaú Cultural;Wikidata: São Paulo (Q174);Wikidata: São Paulo (Q174);;alta
José Carlos Martinat;Peru;Pontificia Universidad Católica del Perú;-12.06944444444444;-77.07944444444445;Lima, Peru;;;male;fontes biográficas de referência;;;Galeria Leme;media;MAC USP;Lima, Peru;1990s;fontes biográficas de referência;media;-12.04318;-77.02824;;;;;;;;"atividade recente documentada; sem evidência de óbito";
José Cláudio da Silva;Brazil;Escola de Belas Artes da Universidade Federal de Pernambuco;-8.0517328;-34.9507155;Ipojuca, PE, Brasil;;Recife;male;fontes biográficas de referência;;instituição identificada em biografias do artista;Arremate Arte;media;MAC USP;Recife, Brasil;c. 1960s;fontes biográficas de referência;media;-10.769946429;-53.073466889;;-8.0538888889;-34.8808333333;100.0;"Diario de Pernambuco; Prefeitura do Recife";Wikidata (Recife);Wikidata (Recife);"nota oficial sem local exato; jornal informa falecimento em Recife";media
José Constantino Benedito de Faria Barros;;;;;;;;;;;formação não localizada com segurança;;;Museu Regional São João Del Rey;;;;;;;;;;;;;;sem evidência biográfica suficiente para localizar óbito com segurança;
José Correia de Lima;Brazil;Academia Imperial de Belas Artes (Aiba)> estudos com Debret e Grandjean de Montigny;-22.91111111111111;-43.20555555555556;Rio de Janeiro;;Rio de Janeiro;male;https://pt.wikipedia.org/wiki/Jos%C3%A9_Correia_de_Lima | https://enciclopedia.itaucultural.org.br/pessoas/6718-correia-de-lima;;;Wikidata;alta;Museu Nacional de Belas Artes;Rio de Janeiro;1826-1827;https://pt.wikipedia.org/wiki/Jos%C3%A9_Correia_de_Lima | https://enciclopedia.itaucultural.org.br/pessoas/6718-correia-de-lima;alta;-22.9014475;-43.1789159;100.0;-22.9111111111;-43.2055555556;100.0;"Escritório de Arte; Catálogo das Artes";Wikidata: Rio de Janeiro (Q8678);Wikidata: Rio de Janeiro (Q8678);fontes secundárias convergentes sobre o local de morte;media
José de Paula Barros;;aperfeiçoamento artístico em Paris (instituição não identificada na fonte);48.85666666666667;2.352222222222222;Fortaleza, CE, Brasil;;;male;https://agendamaranhao.com.br/2024/10/13/pintor-jose-de-paula-barros-paris-1907/;;A fonte aberta confirma estudos em Paris, mas não identifica a instituição.;Academia Maranhense de Letras;media;Museu Histórico Nacional;Paris;1907;https://agendamaranhao.com.br/2024/10/13/pintor-jose-de-paula-barros-paris-1907/;media;-3.7184625;-38.5416698;;;;;;;;sem evidência biográfica suficiente para localizar óbito com segurança;
José Ferraz de Almeida Júnior;Brazil;Academia Imperial de Belas Artes> École Nationale Supérieure des Beaux-Arts;-22.91111111111111;-43.20555555555556;Itu;;Piracicaba;male;https://pt.wikipedia.org/wiki/Almeida_J%C3%BAnior;;;Wikidata;alta;Pinacoteca de São Paulo;Rio de Janeiro, Brasil> Paris, França;1869–1874> 1876–1882;https://pt.wikipedia.org/wiki/Almeida_J%C3%BAnior;alta;-23.265697;-47.299124;100.0;-22.724976;-47.6476;100.0;Enciclopédia Itaú Cultural;Wikidata: Piracicaba;Wikidata: Piracicaba;;alta
José Gamarra;Uruguay;School of Fine Arts of Montevideo> Museum of Modern Art in Rio de Janeiro> Institute of Fine Arts in Praia Vermelha;-34.90591666666667> -22.8625;-56.19131111111111> -43.223888888889;Tacuarembó;;;male;https://www.josegamarra.org/en/biography/;;em 1959 realiza estudos de gravura no Rio com bolsa Itamarati;Wikidata;alta;MAC USP;Montevidéu, Uruguai> Rio de Janeiro, Brasil> Rio de Janeiro, Brasil;s.d.> 1959> 1959;https://www.josegamarra.org/en/biography/;alta;-31.7305323;-55.9741865;100.0;;;;;;;"atividade recente documentada; sem evidência de óbito";
José Hertzer;;formação artística brasileira> instituição não identificada na fonte aberta consultada;> ;> ;;;;male;https://www.catalogodasartes.com.br/;;Não localizei nesta rodada fonte aberta robusta com nome oficial de escola.;;;Museu Paulista;Brasil;;;baixa;;;;;;;;;;sem evidência biográfica suficiente para localizar óbito com segurança;
José Jardim de Araújo;;formação artística brasileira> instituição não identificada na fonte aberta consultada;> ;> ;;;;male;https://www.catalogodasartes.com.br/;;Dados abertos insuficientes para nomear escola.;;;Museu Histórico Nacional;Brasil;;;baixa;;;;;;;;;;sem evidência biográfica suficiente para localizar óbito com segurança;
José Joaquim Monteiro França;Brazil;Academia Imperial de Belas Artes (Aiba);-22.91111111111111;-43.20555555555556;Pindamonhangaba;;São Paulo;male;https://enciclopedia.itaucultural.org.br/;;Sem cronologia detalhada na fonte aberta localizada.;Wikidata;alta;Museu Paulista;Rio de Janeiro;;;baixa;-22.923487;-45.459842;100.0;-23.5503944444;-46.6339472222;100.0;Enciclopédia Itaú Cultural;Wikidata: São Paulo (Q174);Wikidata: São Paulo (Q174);;alta
José Júlio de Sousa Pinto;Portugal;Escola Superior de Belas-Artes do Porto> Academia Portuense de Belas Artes> École des Beaux-Arts;41.15> 41.15> 48.85666666666667;-8.610833333333334> -8.610833333333334> 2.333611111111112;Angra do Heroísmo;;Pont-Scorff;male;fontes biográficas de referência;;;Wikidata;alta;Museu Nacional de Belas Artes;Porto, Portugal> Paris, França;1870s> 1880–1883;fontes biográficas de referência;media;38.708207269709;-27.248750050772;100.0;47.835447703;-3.399192664;100.0;"Wikipedia; e-cultura";Wikidata: Pont-Scorff;Wikidata: Pont-Scorff;local de morte confirmado por fontes secundárias convergentes;media
José Leandro de Carvalho;Kingdom of Portugal;estudos com Leandro Joaquim e Raimundo da Costa e Silva;-22.91111111111111;-43.20555555555556;São João de Itaboraí, RJ, Brasil;;Campos dos Goytacazes;male;https://enciclopedia.itaucultural.org.br/pessoas/7180-jose-leandro-de-carvalho | https://www.escritoriodearte.com/artista/jose-leandro-de-carvalho;;A formação recuperada é por mestres, não por academia formal.;Enciclopédia Itaú Cultural;alta;Museu Histórico Nacional;Rio de Janeiro;;;alta;-10.769946429;-53.073466889;;-21.75227;-41.33044;100.0;Enciclopédia Itaú Cultural;https://www.wikidata.org/wiki/Q689868;https://www.wikidata.org/wiki/Q689868;corrigido de Rio de Janeiro para Campos dos Goytacazes após auditoria da fonte biográfica;alta
José Luis Cuevas;Mexico;Escuela Nacional de Pintura, Escultura y Grabado La Esmeralda> Institución de Enseñanza Universitaria;19.35655>;-99.14015>;Mexico City;;Mexico City;male;https://en.wikipedia.org/wiki/Jos%C3%A9_Luis_Cuevas> https://www.annexgalleries.com/artists/biography/482;;Estudos interrompidos por doença> data exata da segunda instituição não foi localizada nesta passada.;Wikidata;alta;MAC USP;Cidade do México, México> Cidade do México, México;c. 1944–1946> s.d.;https://en.wikipedia.org/wiki/Jos%C3%A9_Luis_Cuevas;media;19.430457906;-99.141684761;100.0;19.430457906;-99.141684761;100.0;Gobierno de México;Wikidata (Mexico City);Wikidata (Mexico City);;alta
José Malhoa;Portugal;Academia Real de Belas-Artes de Lisboa;38.708042;-9.139016;Caldas da Rainha;Prazeres Cemetery;Figueiró dos Vinhos;male;fontes biográficas de referência;;datas aproximadas;Wikidata;alta;MASP;Lisboa, Portugal;1870s;fontes biográficas de referência;media;39.40752523853;-9.088115679114;100.0;39.925211102631;-8.282068285049;100.0;VisitPortugal;Wikidata: Figueiró dos Vinhos;Wikidata: Figueiró dos Vinhos;;alta
José Maria da Silva Paranhos;;Academia Real dos Guardas Marinhas> Real Academia de Artilharia, Fortificação e Desenho> Escola Militar;38.68027778> -22.91111111111111;-9.15833333> -43.20555555555556;Salvador, BA, Brasil;;Rio de Janeiro;male;https://pt.wikipedia.org/wiki/Jos%C3%A9_Maria_da_Silva_Paranhos;;;FUNAG;alta;Museu Paulista;Rio de Janeiro;1841> formatura em 1843;https://pt.wikipedia.org/wiki/Jos%C3%A9_Maria_da_Silva_Paranhos;alta;-12.9641527;-38.5058208;;-22.9111111111;-43.2055555556;100.0;FUNAG;Wikidata: Rio de Janeiro (Q8678);Wikidata: Rio de Janeiro (Q8678);;alta
José Maria de Medeiros;Brazil;Liceu de Artes e Ofícios> Academia Imperial de Belas Artes;-22.91111111111111;-43.20555555555556;Açores, Portugal;;Rio de Janeiro;male;https://pt.wikipedia.org/wiki/Jos%C3%A9_Maria_de_Medeiros;;A Enciclopédia Itaú Cultural também registra Antônio de Souza Lobo como mestre.;Enciclopédia Itaú Cultural;alta;Museu Nacional de Belas Artes;Rio de Janeiro;1867> 1868;https://pt.wikipedia.org/wiki/Jos%C3%A9_Maria_de_Medeiros;alta;37.7412488;-25.6755944;;-22.9111111111;-43.2055555556;100.0;Enciclopédia Itaú Cultural;Wikidata: Rio de Janeiro (Q8678);Wikidata: Rio de Janeiro (Q8678);;alta
José Maria dos Reis Júnior;Brazil;Escola Nacional de Belas Artes (Enba);-22.90879805555556;-43.17573111111111;Uberaba, MG, Brasil;;Rio de Janeiro;male;https://enciclopedia.itaucultural.org.br/pessoas/7497-reis-junior;;O verbete também informa estudos de desenho com Modesto Brocos e pintura com Rodolfo Amoedo.;Enciclopédia Itaú Cultural;alta;Museu Histórico Nacional;Rio de Janeiro;1920-1923;https://enciclopedia.itaucultural.org.br/pessoas/7497-reis-junior;alta;-10.769946429;-53.073466889;;-22.9111111111;-43.2055555556;100.0;Enciclopédia Itaú Cultural;Wikidata: Rio de Janeiro (Q8678);Wikidata: Rio de Janeiro (Q8678);;alta
José Mauro de Vasconcelos;Brazil;Faculdade de Medicina da capital potiguar> bolsa de estudos na Espanha (instituição não identificada na fonte);-5.795;-35.208888888889;Rio de Janeiro;;São Paulo;male;https://pt.wikipedia.org/wiki/Jos%C3%A9_Mauro_de_Vasconcelos | https://aordemnaturaldascoisas.blogs.sapo.pt/biografia-jose-mauro-vasconcelos-5513334;;A fonte não nomeia a faculdade de medicina nem a instituição espanhola> deixado como descrição verificável.;Wikidata;alta;MAC USP;Natal (RN)> Espanha;sem data precisa> permanência de cerca de 1 semana na Espanha;https://aordemnaturaldascoisas.blogs.sapo.pt/biografia-jose-mauro-vasconcelos-5513334;baixa;-22.9014475;-43.1789159;100.0;-23.5503944444;-46.6339472222;100.0;"Prefeitura de São Paulo; Wikipedia";Wikidata: São Paulo (Q174);Wikidata: São Paulo (Q174);fonte institucional confirma falecimento em São Paulo, sem detalhamento intramunicipal;media
José Pancetti;Brazil;Núcleo Bernardelli;-22.8625055;-43.2256622;Campinas;;Rio de Janeiro;male;Itaú Cultural> MAM Rio;;Aprendizado inicial autodidata> em 1933 ingressa no Núcleo Bernardelli e recebe orientação de Bruno Lechowski.;Wikidata;alta;MAC USP;Rio de Janeiro, Brasil;1933;Itaú Cultural;alta;-22.9073702;-47.0628996;100.0;-22.9111111111;-43.2055555556;100.0;Enciclopédia Itaú Cultural;Wikidata: Rio de Janeiro (Q8678);Wikidata: Rio de Janeiro (Q8678);;alta
José Pedro Costigliolo;Uruguay;;;;Montevideo;;Montevideo;male;;;;https://www.wikidata.org/wiki/Q20431755;alta;;;;;alta;-34.9055557;-56.1852505;100.0;-34.9058333333;-56.1913888889;100.0;Museo Nacional de Artes Visuales;Wikidata: Montevideo;Wikidata: Montevideo;;alta
José Pinelo Llull;Spain;Escuela de Bellas Artes de Sevilla> estudos com Eduardo Cano> estudos com Villegas em Roma;37.3877> 41.893055555556;-5.99106> 12.482777777778;Cádiz Province;;Seville;male;https://es.wikipedia.org/wiki/Jos%C3%A9_Pinelo_Llull | https://es.hispanopedia.com/wiki/Jos%C3%A9_Pinelo_Llull;;;Wikidata;alta;Museu Histórico Nacional;Sevilha> Roma;até 1879> depois de 1879;https://es.wikipedia.org/wiki/Jos%C3%A9_Pinelo_Llull | https://es.hispanopedia.com/wiki/Jos%C3%A9_Pinelo_Llull;alta;11.4;122.56667;84.82;37.38264;-5.9962951;100.0;"Wikipedia; Wikidata";Wikidata: Seville;Wikidata: Seville;;media
José Roberto Aguilar;Brazil;;;;São Paulo;;;male;https://enciclopedia.itaucultural.org.br/pessoas/1119-jose-roberto-aguilar;;artista autodidata> sem escola formal localizada;Wikidata;alta;MAC USP;São Paulo, Brasil;;;alta;-23.5486657;-46.6382522;100.0;;;;;;;"atividade recente documentada; sem evidência de óbito";
José Rodrigues;Kingdom of Portugal;Escola Superior de Belas-Artes do Porto;41.15;-8.610833333333334;Lisbon;;;male;fontes biográficas de referência;;instituição identificada em biografias sumárias;Wikidata;alta;Museu Paulista;Porto, Portugal;s.d.;fontes biográficas de referência;media;38.7070085;-9.1356407;100.0;;;;;;;"homônimo não desambiguado; dado prévio de óbito removido por conflito com a identificação biográfica do registro";
José Simeão de Oliveira;Brazil;Escola Militar da Praia Vermelha;-22.9560798;-43.1662774;Rio Grande;;Nova Iorque;male;https://pt.wikipedia.org/wiki/Jos%C3%A9_Sime%C3%A3o_de_Oliveira;;A fonte documenta formação militar e em ciências físicas e matemáticas.;Wikidata;alta;Museu Paulista;Rio de Janeiro;ingresso em 1855;https://pt.wikipedia.org/wiki/Jos%C3%A9_Sime%C3%A3o_de_Oliveira;alta;25.95619;-97.14525;100.0;40.71427;-74.00597;100.0;"MAPA; Wikipedia";Wikidata: New York City;Wikidata: New York City;;media
José Spaniol;Brazil;European Ceramics Work Center> Fundação Armando Álvares Penteado (FAAP)> Academia de Artes de Düsseldorf;51.5833> 51.23054;5.2> 6.77365;São Luiz Gonzaga;;;male;https://enciclopedia.itaucultural.org.br/pessoas/2833-jose-spaniol;;;Wikidata;alta;MAC USP;São Paulo, Brasil> Düsseldorf, Alemanha;1978–1983> 1990–1993;https://enciclopedia.itaucultural.org.br/pessoas/2833-jose-spaniol;alta;-28.4078903;-54.9614629;100.0;;;;;;;"atividade recente documentada; sem evidência de óbito";
José Wasth Rodrigues;Brazil;Académie Julian> Escola Superior de Belas-Artes do Porto;41.15;-8.610833333333334;São Paulo;;Rio de Janeiro;male;fontes biográficas de referência;;instituição identificada em biografias sumárias;Wikidata;alta;;Porto, Portugal;s.d.;fontes biográficas de referência;media;-23.5486657;-46.6382522;100.0;-22.9111111111;-43.2055555556;100.0;Enciclopédia Itaú Cultural;Wikidata: Rio de Janeiro (Q8678);Wikidata: Rio de Janeiro (Q8678);;alta
João Abel Manta;Portugal;University of Lisbon> Escola Superior de Belas-Artes de Lisboa;38.708042;-9.139016;Lisbon;;Lisbon;male;biografia institucional do artista> fontes de referência;;datas aproximadas;Wikidata;alta;MAC USP;Lisboa, Portugal;c. 1940s–1950s;biografia institucional do artista> fontes de referência;media;38.7070085;-9.1356407;100.0;38.7070085;-9.1356407;100.0;"Lusa; Jornal de Notícias";Wikidata: Lisbon;Wikidata: Lisbon;"falecimento noticiado em maio de 2026; cidade confirmada por fontes de imprensa portuguesas";media
João Ayres;;Escola de Belas Artes de Lisboa> Escola de Belas Artes do Porto;38.708042> 41.15;-9.139016> -8.610833333333334;Lisboa, Portugal;;Sintra;male;https://www.cps.pt/pt/artistas/joao-ayres;;A fonte fala em estudos de arquitetura nas duas escolas.;Artistas CPS;media;MAC USP;Lisboa> Porto;antes de 1946;https://www.cps.pt/pt/artistas/joao-ayres;alta;38.7070085;-9.1356407;;38.7984769444;-9.3880861111;100.0;"Artistas CPS; Assembleia Municipal de Lisboa";https://www.wikidata.org/wiki/Q33716124;https://www.wikidata.org/wiki/Q33716124;"fontes indicam permanência em Sintra até a morte em 2001; topônimo normalizado para a sede municipal";media
João Batista Bordon;Brazil;Escola Nacional de Belas Artes (Enba);-22.90879805555556;-43.17573111111111;Rio de Janeiro, RJ, Brasil;;Madrid;male;https://enciclopedia.itaucultural.org.br/pessoas/6646-joao-batista-bordon;;A fonte indica condição de aluno livre e mestres Baptista da Costa e Zeferino da Costa.;Enciclopédia Itaú Cultural;alta;Museu Histórico Nacional;Rio de Janeiro;meados de 1900> prêmio de viagem em 1915;https://enciclopedia.itaucultural.org.br/pessoas/6646-joao-batista-bordon;alta;-22.9014475;-43.1789159;;40.4166909;-3.7003454;100.0;Enciclopédia Itaú Cultural;https://www.wikidata.org/wiki/Q2807;https://www.wikidata.org/wiki/Q2807;;alta
João Batista da Costa;Brazil;Académie Julian> Asilo dos Meninos Desvalidos> Academia Imperial de Belas Artes> Academia Julian;-22.91111111111111> -22.91111111111111;-43.20555555555556> -43.20555555555556;Itaguaí;;Rio de Janeiro;male;https://pt.wikipedia.org/wiki/Jo%C3%A3o_Batista_da_Costa | https://www.guiadasartes.com.br/baptista-da-costa/obras-e-biografia;;;Wikidata;alta;Pinacoteca de São Paulo;Rio de Janeiro> Paris;1877> 1885> 1896;https://pt.wikipedia.org/wiki/Jo%C3%A3o_Batista_da_Costa | https://www.guiadasartes.com.br/baptista-da-costa/obras-e-biografia;alta;-22.866538;-43.777224;100.0;-22.9111111111;-43.2055555556;100.0;Enciclopédia Itaú Cultural;Wikidata: Rio de Janeiro (Q8678);Wikidata: Rio de Janeiro (Q8678);;alta
João Calixto;Brazil;Escola de Belas Artes de São Paulo> curso de história da estética no Museu de Arte de São Paulo> curso de serigrafia no Sesi;;;São Paulo;;São Paulo;male;https://enciclopedia.itaucultural.org.br/pessoas/2001-joao-calixto;alta;;https://enciclopedia.itaucultural.org.br/pessoas/2001-joao-calixto;alta;;São Paulo;1947–1952> 1961> 1969;https://enciclopedia.itaucultural.org.br/pessoas/2001-joao-calixto;alta;-23.5486657;-46.6382522;100.0;-23.5503944444;-46.6339472222;100.0;"MAC USP; Enciclopédia Itaú Cultural";Wikidata: São Paulo (Q174);Wikidata: São Paulo (Q174);;alta
João Câmara Filho;Brazil;Federal University of Pernambuco> curso livre da Escola de Belas Artes da Universidade Federal de Pernambuco;-8.0517328;-34.9507155;João Pessoa;;;male;https://acervo.macrs.rs.gov.br/artistas-macrs/joao-camara/;;;Wikidata;alta;MAC USP;Recife, Brasil;1960–1963;https://acervo.macrs.rs.gov.br/artistas-macrs/joao-camara/;alta;-7.1152478;-34.8610531;100.0;;;;;;;"atividade recente documentada; sem evidência de óbito";
João Francisco Lopes Rodrigues;Brazil;Aula Pública de Desenho da Bahia> estudos com José Rodrigues Nunes> assistência a Teófilo de Jesus;-12.98305555555556;-38.49277777777777;Salvador;;Salvador;male;https://pt.wikipedia.org/wiki/Jo%C3%A3o_Francisco_Lopes_Rodrigues | https://enciclopedia.itaucultural.org.br/pessoas/7099-joao-francisco-lopes-rodrigues;;A formação aparece pela Aula Pública e por mestres, sem cronologia fechada na fonte aberta.;Wikidata;alta;Museu Histórico Nacional;Salvador;;;alta;-12.9641527;-38.5058208;100.0;-12.9641527;-38.5058208;100.0;Galeria Brasiliana;Wikidata: Salvador;Wikidata: Salvador;;media
João Garboggni Quaglia;;Liceu de Artes e Ofícios de São Paulo;-23.5331446;-46.6267577;Salvador, BA, Brasil;;São João del-Rei;male;fontes biográficas de referência;;instituição identificada> datas aproximadas;Enciclopédia Itaú Cultural;alta;MAC USP;São Paulo, Brasil;c. 1920s;fontes biográficas de referência;media;-12.9641527;-38.5058208;;-21.1358333333;-44.2619444444;100.0;Arremate Arte;https://www.wikidata.org/wiki/Q740965;https://www.wikidata.org/wiki/Q740965;local de morte sustentado por fonte secundária especializada em mercado de arte;media
João Lopes Maciel (atribuição);;;;;;;;;;;autoria atribuída/incerta> formação não localizada com segurança;;;Museu da Inconfidência;;;;;;;;;;;;;;"registro de atribuição; local de morte não preenchido sem autoria seguramente estabelecida";
João Marcos Maciel;Brazil;Universidade de Cuiabá (UNIC);-15.624294;-56.087167;Belo Horizonte, Minas Gerais, Brazil;;;male;ArtStation (resume);médio;;FILE Festival;alta;FILE;;;;;-19.9181771;-43.9370534;100.0;;;;;;;sem evidência biográfica suficiente para localizar óbito com segurança;
João Nepomuceno Correia e Castro (atribuição);;;;;;;;;;;autoria atribuída/incerta> formação não localizada com segurança;;;Museu da Inconfidência;;;;;;;;;;;;;;"registro de atribuição; local de morte não preenchido sem autoria seguramente estabelecida";
João Timóteo da Costa;Brazil;Escola Nacional de Belas Artes (Enba);-22.90879805555556;-43.17573111111111;Rio de Janeiro;;Rio de Janeiro;male;https://pt.wikipedia.org/wiki/Jo%C3%A3o_Tim%C3%B3teo_da_Costa | https://enciclopedia.itaucultural.org.br/pessoas/7117-joao-timotheo-da-costa;;A fonte cita estudos com Daniel Bérard, Zeferino da Costa e Rodolfo Amoedo.;Wikidata;alta;Museu Histórico Nacional;Rio de Janeiro;por volta de 1894 em diante;https://pt.wikipedia.org/wiki/Jo%C3%A3o_Tim%C3%B3teo_da_Costa;alta;-22.9014475;-43.1789159;100.0;-22.9111111111;-43.2055555556;100.0;Enciclopédia Itaú Cultural;Wikidata: Rio de Janeiro (Q8678);Wikidata: Rio de Janeiro (Q8678);;alta
João Zeferino da Costa;Brazil;Federal University of Rio de Janeiro> Academia Imperial de Belas Artes> Accademia di San Luca;-22.91111111111111> 41.90166;-43.20555555555556> 12.483586;Rio de Janeiro;;Rio de Janeiro;male;https://pt.wikipedia.org/wiki/Zeferino_da_Costa;;;Wikidata;alta;Museu Nacional de Belas Artes;Rio de Janeiro, Brasil> Roma, Itália;1857–1868> 1869–1877;https://pt.wikipedia.org/wiki/Zeferino_da_Costa;alta;-22.9014475;-43.1789159;100.0;-22.9111111111;-43.2055555556;100.0;Enciclopédia Itaú Cultural;Wikidata: Rio de Janeiro (Q8678);Wikidata: Rio de Janeiro (Q8678);;alta
Joãozinho;;;;;;;;;;;identificação incompleta> não foi possível desambiguar com segurança;;;MAC USP;;;;;;;;;;;;;;"identificação incompleta; não foi possível desambiguar o artista com segurança";
Joéser Alvarez;Brazil;UNIR – Universidade Federal de Rondônia> UNINTES – Faculdade Interamericana de Porto Velho> SENAC, Polo Cuiabá;-8.8356> -8.7619444444444> -15.595833333333;-63.9389> -63.903888888889> -56.096944444444;Rio de Janeiro, Rio de Janeiro, Brazil;;;male;PAVIC;médio;;FILE Festival;alta;FILE;;;;;-22.9014475;-43.1789159;100.0;;;;;;;"atividade recente documentada; sem evidência de óbito";
jtwine;Germany;Siemens Business School> Kunstschule Rödel in Mannheim> Universität der Künste Berlin;49.48777777777778> 52.50916666666667;8.466111111111111> 13.32694444444444;Germany;;;male;galeria do artista | FILE Festival;médio;Biografia do FILE explicita que o artista nasceu na Alemanha.;FILE Festival (biografia do artista);alta;FILE;;;;alta;51.110631049;10.392277932;100.0;;;;;;;"atividade recente documentada; sem evidência de óbito";
Juan Carlos Vasquez;Colombia;Sibelius Academy> Aalto University> University of Virginia;60.17166666666667> 60.186111> 38.035555555555554;24.9325> 24.828611> -78.50333333333333;Santiago de Cali, Colombia;;;male;site oficial do artista;alto;;Wikipedia;médio;FILE;;;;;3.4529814;-76.5187809;100.0;;;;;;;"atividade recente documentada; sem evidência de óbito";
Juan José Balzi;Argentina;Brera Academy> Academia Nacional de Bellas Artes de Buenos Aires;-34.58260085251006;-58.40162870493147;Buenos Aires;Araçá Cemetery;São Paulo;male;https://enciclopedia.itaucultural.org.br/pessoas/9391-balzi | https://pt.wikipedia.org/wiki/Juan_Jos%C3%A9_Balzi;;As fontes indicam formação em desenho, pintura e publicidade artística.;Wikidata;alta;MAC USP;Buenos Aires (Argentina);1948-1956;https://pt.wikipedia.org/wiki/Juan_Jos%C3%A9_Balzi;alta;-34.6090264;-58.3732215;100.0;-23.5503944444;-46.6339472222;100.0;"MAC USP; Wikipedia";Wikidata: São Paulo (Q174);Wikidata: São Paulo (Q174);;alta
Juan Langlois;Chile;Pontifical Catholic University of Valparaíso> Escuela de Bellas Artes de la Universidad de Chile;-33.44454888888889;-70.65095388888889;Santiago;Parque del Recuerdo Cemetery;Santiago;male;fontes biográficas de referência;;instituição identificada em biografias sumárias;Wikidata;alta;MAC USP;Santiago, Chile;s.d.;fontes biográficas de referência;baixa;-33.4459946;-70.6670569;100.0;-33.4459946;-70.6670569;100.0;Museo Nacional de Bellas Artes (Chile);Wikidata: Santiago;Wikidata: Santiago;"registro corresponde a Juan Pablo Langlois Vicuña; nome abreviado no CSV";media
Juan León Pallière;Brazil;Escola de Picot, em Paris> Imperial Academia de Belas Artes do Rio de Janeiro> Academia Francesa, em Roma;48.85666666666667> -22.91111111111111> 41.90827;2.352222222222222> -43.20555555555556> 12.48252;Rio de Janeiro;;Lorris;male;https://pt.wikipedia.org/wiki/Jean_Leon_Palli%C3%A8re | https://pt.wiki34.com/wiki/Juan_Le%C3%B3n_Palli%C3%A8re;;;Wikidata;alta;Museu Nacional de Belas Artes;Paris> Rio de Janeiro> Roma;até 1855> viagem/continuação de estudos a partir de 1850;https://pt.wiki34.com/wiki/Juan_Le%C3%B3n_Palli%C3%A8re;media;-22.9014475;-43.1789159;100.0;47.883331;2.51667;100.0;Wikipedia;Wikidata: Lorris;Wikidata: Lorris;;media
Juan Pablo Machado;France;Émile Cohl School;45.7569;4.8658;Cali, Colombia;;;male;;;;FILE Festival;alta;FILE;;;;;3.4529814;-76.5187809;100.0;;;;;;;"atividade recente documentada; sem evidência de óbito";
Juan Ventayol;Uruguay;Círculo Fomento de Bellas Artes> estudos com Guillermo Laborde;> ;> ;Montevideo;;Montevideo;male;https://www.museos.gub.uy/arteactivo/artistas/item/ventayol-juan.html | https://www.catalogodasartes.com.br/artista/Juan%20Ventayol/;;;Wikidata;alta;MAC USP;Montevidéu (Uruguai);1933-1938;https://www.catalogodasartes.com.br/artista/Juan%20Ventayol/;alta;-34.9055557;-56.1852505;100.0;-34.9058333333;-56.1913888889;100.0;"Museo Nacional de Artes Visuales; Wikipedia";Wikidata: Montevideo;Wikidata: Montevideo;;media
Juarez Silveira;;Faculdade de Arquitetura e Urbanismo da Universidade de São Paulo (FAU-USP);-23.56012;-46.72985;;;;male;https://enciclopedia.itaucultural.org.br/pessoa24332/juarez-silveira;;A formação acadêmica aberta consultada é em arquitetura.;;;Museu Paulista;São Paulo;;;media;;;;;;;;;;"homônimo não desambiguado com segurança; sem preenchimento de óbito";
Judith Lauand;Brazil;Escola de Belas-Artes de Araraquara> estudos de gravura com Lívio Abramo;-21.793895;-48.179486;Pontal;;São Paulo;female;https://www.escritoriodearte.com/artista/judith-lauand;;na escola de Araraquara aprende pintura com Mario Ybarra de Almeida e Domenico Lazzarini;Wikidata;alta;MAC USP;Araraquara, Brasil> São Paulo, Brasil;até 1950> 1952;https://www.escritoriodearte.com/artista/judith-lauand;alta;-21.0227393;-48.0379355;100.0;-23.5503944444;-46.6339472222;100.0;"Fundação Vera Chaves Barcellos; Bienal de São Paulo";Wikidata: São Paulo (Q174);Wikidata: São Paulo (Q174);;alta
Jules Ballá;France;Beaux-Arts de Paris> ateliê e prática artística francesa> instituição não identificada com clareza em fonte aberta;48.85680555555555> >;2.333277777777778> >;Rio de Janeiro;;;male;https://www.brasilianaiconografica.art.br/;;Mantido em formulação prudente por falta de detalhe aberto.;Wikidata;alta;Museu Paulista;Paris;;;baixa;-22.9014475;-43.1789159;100.0;;;;;;;"local de óbito removido na auditoria; não localizei fonte aberta suficientemente robusta para manter o preenchimento";
Jules Le Chevrel;France;École des Beaux-Arts de Paris;48.85680555555555;2.333277777777778;France;;Rio de Janeiro;male;https://pt.wikipedia.org/wiki/Jules_Le_Chevrel;;A fonte aberta consultada identifica a escola, mas não detalha cronologia fina.;Wikidata;alta;Museu Histórico Nacional;Paris;;;alta;46.559417044;2.550539953;100.0;-22.9111111111;-43.2055555556;100.0;Enciclopédia Itaú Cultural;Wikidata: Rio de Janeiro;Wikidata: Rio de Janeiro;;alta
Jules Marie Vincent de Sinety;France;escola da Marinha de Angoulême;45.64888888888889;0.16083333333333333;Aix-en-Provence;;Avignon;male;https://www.brasilianaiconografica.art.br/artigos/23686/0;;A fonte ressalta que se trata de oficial da Marinha e artista amador> registrei apenas a formação documentada.;Wikidata;alta;Pinacoteca de São Paulo;Angoulême, França;1827;https://www.brasilianaiconografica.art.br/artigos/23686/0;alta;43.529850239;5.447376271;100.0;43.949315226;4.805311547;100.0;Ecole Navale / Espace tradition;Wikidata: Avignon;Wikidata: Avignon;;alta
Jules Victor Génisson;Belgium;Royal Academy of Fine Arts of Antwerp;51.2234;4.4069;Saint-Omer;;Bruges;male;https://en.wikipedia.org/wiki/Jules_Victor_G%C3%A9nisson | https://www.niceartgallery.com/artist/jules-victor-genisson.html;;As fontes citam estudo com Mattheus Ignatius van Bree.;Wikidata;alta;Pinacoteca de São Paulo;Antuérpia;;;alta;50.7519062;2.25360383;100.0;51.2089;3.2242;100.0;Wikipedia (fr);Wikidata: Bruges;Wikidata: Bruges;coordenadas ajustadas para o centro urbano de Bruges após auditoria;media
Jules-Victor-André Martin;France;École des Beaux-Arts de Marseille> ateliê de pintura em Paris;48.85666666666667;2.352222222222222;Montiers;Consolação Cemetery;São Paulo;male;https://pt.wikipedia.org/wiki/Jules_Martin | https://jundpedia.com.br/martin-jules-victor-andre/ | https://www.brasilianaiconografica.art.br/autores/20121/jules-martin;;As fontes indicam formação em desenho na escola de Marselha e trabalho/aperfeiçoamento em ateliê parisiense.;Wikidata;alta;Museu Paulista;Marselha> Paris;1844> 1852-1855;https://pt.wikipedia.org/wiki/Jules_Martin | https://jundpedia.com.br/martin-jules-victor-andre/;alta;49.50056;2.57806;100.0;-23.5503944444;-46.6339472222;100.0;Wikipedia;Wikidata: São Paulo (Q174);Wikidata: São Paulo (Q174);;media
Julien Hazebroucq;France;Supinfocom Arles (atual MOPA);43.67670;4.6278;France;;;male;Digital Production;médio;FILE explicita “País de Origem: França”> preenchido em nível de país.;FILE Festival (País de Origem);alta;FILE;;;;;46.559417044;2.550539953;100.0;;;;;;;"atividade recente documentada; sem evidência de óbito";
Julien Regnard;Belgium;La Cambre Art School;50.818888888889;4.3741666666667;Versailles, France;;;male;FILE;alto;;Message to Man;media;FILE;;;;;48.8047472;2.1205122;100.0;;;;;;;"atividade recente documentada; sem evidência de óbito";
Juliette Viger;France;The Animation Workshop;56.4561;9.40611;France;;;female;FILE> site oficial;alto;Biografia do FILE explicita que a artista nasceu na França> preenchido em nível de país.;FILE Festival (biografia do artista);alta;FILE;;;;;46.559417044;2.550539953;100.0;;;;;;;"atividade recente documentada; sem evidência de óbito";
Julius Bissier;Germany;University of Freiburg> Academy of Fine Art Karlsruhe;47.994166666667;7.8469444444444;Freiburg im Breisgau;;Ascona;male;https://www.bissier.org/en/biography;;As fontes confirmam estudos de história da arte em Freiburg e breve passagem pela academia de Karlsruhe.;Wikidata;alta;MAC USP;Freiburg, Alemanha> Karlsruhe, Alemanha;c. 1913–1918> c. 1913–1914;https://lorenzelliarte.com/en/artists/33-julius-bissier/biography/;media;47.994785999;7.849876999;100.0;46.15451;8.77327;100.0;Archivio Bissier;Wikidata: Ascona;Wikidata: Ascona;;alta
Julius Horsthuis;Netherlands;Open Studio, Amsterdam;52.36666666666667;4.883333333333333;Amsterdam, Netherlands;;;male;Playgrounds> Open Studio;baixo;;site oficial do artista;médio;FILE;;;;;52.361524688;4.890870311;;;;;;;;"atividade recente documentada; sem evidência de óbito";
Julius L. Stewart;United States of America;;;;Philadelphia, Pennsylvania, Estados Unidos;;Paris;male;;;;Smithsonian American Art Museum;alta;;;;;;39.9510605;-75.1656204;;48.856372814;2.352529617;100.0;"Smithsonian American Art Museum; Wikipedia";Wikidata: Paris;Wikidata: Paris;"variante abreviada do nome; tratado como duplicata segura de Julius LeBlanc Stewart";media
Julius Leblanc Stewart;United States;Beaux-Arts de Paris> École des Beaux-Arts;48.85666666666667;2.333611111111112;Philadelphia;;Paris;male;Wikipedia> Google Arts & Culture;;também estudou com Eduardo Zamacois e Jean-Léon Gérôme;Wikidata;alta;Museu Paulista;Paris, França;;;media;39.9510605;-75.1656204;100.0;48.856372814;2.352529617;100.0;"Smithsonian American Art Museum; Wikipedia";Wikidata: Paris;Wikidata: Paris;;media
Julián Angarita;Colombia;Universidad de los Andes;-33.404007;-70.507468;Colombia;;;male;FILE> CV pessoal;alto;FILE explicita “País de Origem: Colômbia”> preenchido em nível de país.;FILE Festival (País de Origem);alta;FILE;;;;;3.901115804;-73.075754924;100.0;;;;;;;"atividade recente documentada; sem evidência de óbito";
Jurgen Trautwein;Germany;University of the Arts Berlin;52.50916666666667;13.32694444444444;Bruchsal, Germany;;;male;Project Space Byi;médio;;site oficial do artista / Galerie Marek Kralewski;alto;FILE;;;;;49.125784999;8.5977;100.0;;;;;;;"atividade recente documentada; sem evidência de óbito";
Juuke Schoorl;Netherlands;Royal Academy of Art, The Hague (KABK);52.08161111111111;4.319166666666667;Netherlands;;;female;KABK alumni> FILE;médio;FILE explicita “País de Origem: Países Baixos / Holanda”> preenchido em nível de país.;FILE Festival (País de Origem);alta;FILE;;;;;52.249375293;5.616126398;100.0;;;;;;;"atividade recente documentada; sem evidência de óbito";
Jérémy Oury;France;ENSATT;45.7533;4.81142;France;;;male;diplomatie.gouv.fr> Videomapping Resources;médio;FILE explicita “País de Origem: França”> preenchido em nível de país.;FILE Festival (País de Origem);alta;FILE;;;;;46.559417044;2.550539953;100.0;;;;;;;"atividade recente documentada; sem evidência de óbito";
Júlio de Resende;;Escola Superior de Belas-Artes do Porto> Académie de la Grande Chaumière;41.15;-8.610833333333334;Porto, Portugal;;Valbom;male;biografia institucional do artista> fontes de referência;;aperfeiçoamento posterior em Paris;Fundação Júlio Resende;alta;MAC USP;Porto, Portugal> Paris, França;1937–1945> c. 1947;biografia institucional do artista> fontes de referência;media;41.1501526;-8.610318;;41.13247;-8.56414;100.0;"RTP; Wikipedia";Wikidata: Valbom;Wikidata: Valbom;topônimo normalizado para Valbom (Gondomar);media
Júnior Suci;;Universidade Estadual Paulista Júlio de Mesquita Filho (UNESP)> Instituto de Artes da Universidade Estadual de Campinas (UNICAMP);-22.8172> -22.817222222222;-47.0694> -47.069444444444;Americana, SP, Brasil;;;male;Memorial da América Latina> Casa Museu Ema Klabin;;instituições identificadas> datas dos estudos não localizadas com precisão;MAC USP;alta;MAC USP;;;;alta;-10.769946429;-53.073466889;;;;;;;;"atividade recente documentada; sem evidência de óbito";
Kai Welf Hoyme;Germany;Academy of Media Arts Cologne (KHM)> Ruhr-University of Bochum;50.93475582568144> 51.443888888889;6.962159950772375> 7.2616666666667;Mönchengladbach, Germany;;;male;site oficial do artista;alto;;site oficial do artista / FILE Festival;alto;FILE;;;;;51.194472999;6.43161;100.0;;;;;;;"atividade recente documentada; sem evidência de óbito";
Kang Hyeun;South Korea;;;;South Korea;;;;;;FILE explicita “País de Origem: Coreia do Sul”> preenchido em nível de país.;FILE Festival (País de Origem);alta;FILE;;;;;35.907757;127.766922;;;;;;;;"atividade recente documentada; sem evidência de óbito";
Kara Gut;United States;Cranbrook Academy of Art;42.567788874683096;-83.25154634187616;Cleveland, Ohio, USA;;;female;FILE Festival> United States Artists;média;;Pioneer Works;alto;FILE;;;;;41.5051414;-81.6914575;100.0;;;;;;;"atividade recente documentada; sem evidência de óbito";
Karel Appel;Kingdom of the Netherlands;Royal Academy of Fine Arts> Rijksakademie van beeldende kunsten;52.36222222222222;4.917777777777777;Amsterdam;Père Lachaise Cemetery;Zurich;male;https://karelappelfoundation.com/karel-appel/chronology;;A cronologia da fundação confirma ingresso na Rijksakademie em 1942 e proteção estudantil encerrada cerca de dois anos depois.;Wikidata;alta;MAC USP;Amsterdã, Países Baixos;1942–1944;https://karelappelfoundation.com/karel-appel/chronology;alta;52.361524688;4.890870311;100.0;47.3667;8.55;100.0;"Wikipedia; Karel Appel Foundation";Wikidata: Zürich;Wikidata: Zürich;coordenadas urbanas padronizadas para Zürich;media
Karina Smigla-Bobinski;Poland;Academy of Fine Arts in Kraków> Academy of Fine Arts in Munich;50.066389> 48.1531959202723;19.941667> 11.5803123911292;Szczecin;;;female;FILE Festival;médio;;Wikidata;alta;FILE;;;;;53.425109842;14.550810974;100.0;;;;;;;"atividade recente documentada; sem evidência de óbito";
Karl Baumann;United States;University of Southern California (USC);34.021667;-118.285278;Leipzig;;San Francisco;male;FILE Festival;média;;Wikidata;alta;FILE;;;;;51.338287999;12.377931001;100.0;37.7800771;-122.4201615;100.0;Wikipedia;Wikidata: San Francisco;Wikidata: San Francisco;;media
Karl Ernst Papf;Brazil;Academy of Fine Arts Dresden;51.05284167;13.74244444;Dresden;;São Paulo;male;https://en.wikipedia.org/wiki/Karl_Ernst_Papf;;Registro mantido de forma prudente por escassez de cronologia detalhada.;Wikidata;alta;Pinacoteca de São Paulo;Dresden;;;baixa;51.051696999;13.736883;100.0;-23.5503944444;-46.6339472222;100.0;"Pinacoteca de São Paulo / Google Arts & Culture; Brasiliana Iconográfica";Wikidata: São Paulo (Q174);Wikidata: São Paulo (Q174);"fonte institucional usa São Paulo; fonte secundária recente situa a residência final em Fazenda das Palmeiras, Mogi das Cruzes";media
Karl Munstedt;United States;Pratt Institute;40.691111;-73.963889;Boston, Massachusetts, USA;;;male;site oficial do artista | Currents New Media;alto;;CURRENTS New Media;alto;FILE;;;;;42.3589942;-71.0586293;;;;;;;;"atividade recente documentada; sem evidência de óbito";
Karl Plattner;Italy;Brera Academy> Accademia di Belle Arti di Venezia;45.47222222> 45.4286;9.18888889> 12.3305;Mals;;Milan;male;https://de.wikipedia.org/wiki/Karl_Plattner;;;Wikidata;alta;MAC USP;Veneza, Itália;1937–1941;https://de.wikipedia.org/wiki/Karl_Plattner;media;46.6889259;10.5476666;100.0;45.46427;9.18951;100.0;"Wikipedia; Karl Plattner Archivio";Wikidata: Milan;Wikidata: Milan;;media
Karl Robert von Planitz;;Akademie der Bildenden Künste Dresden;51.05284167;13.74244444;Eilenburg;;Rio de Janeiro;male;https://de.wikipedia.org/wiki/Karl_Robert_Planitz;;datas aproximadas;Wikidata;alta;Pinacoteca de São Paulo;Dresden, Alemanha;1920s;https://de.wikipedia.org/wiki/Karl_Robert_Planitz;media;51.459845;12.632788;100.0;-22.9111111111;-43.2055555556;100.0;"Wikipedia; Fundação Casa de Rui Barbosa";Wikidata: Rio de Janeiro;Wikidata: Rio de Janeiro;registro biográfico também aparece como Carl Robert von der Planitz;media
Karni;Israel;Bezalel Academy of Art and Design;31.781166666666667;35.22361111111111;Israel;;;female;FILE Festival — biografia de Karni;médio;FILE explicita “País de Origem: Israel”> preenchido em nível de país.;FILE Festival (País de Origem);alta;FILE;;;;;31.977711512;34.979217692;100.0;;;;;;;"atividade recente documentada; sem evidência de óbito";
Karoline Georges;Canada;Université du Québec à Montréal;45.513888888889;-73.560277777778;Montreal, Quebec, Canada;;;female;;;;FILE Festival / Wikipedia;alto;FILE;;;;;45.508867;-73.554242;100.0;;;;;;;;
Karsten Hoof;Kingdom of Denmark;The Animation Workshop;56.4561;9.40611;Denmark;;;male;Ox and Bird — Our team;alto;FILE explicita “País de Origem: Dinamarca”> preenchido em nível de país.;FILE Festival (País de Origem);alta;FILE;;;;;55.959300779;10.053934054;100.0;;;;;;;;
Kassiani Kappelos;Greece;University of the Arts London;51.5178;-0.116389;Greece;;;female;FILE Festival;médio;FILE explicita “País de Origem: Grécia”> preenchido em nível de país.;FILE Festival (País de Origem);alta;FILE;;;;;39.0;22.0;100.0;;;;;;;;
Katarina Lundquist;Norway;The Animation Workshop;56.4561;9.40611;Norway;;;female;;;;Animafest / FILE Festival;alto;FILE;;;;;62.0;10.0;100.0;;;;;;;;
Katherina Tsirakis;Brazil;Pontifícia Universidade Católica de São Paulo (PUC-SP)> Fundação Armando Alvares Penteado (FAAP)> Limón Foundation;40.829304;-73.943767;São Paulo, Brazil;;;female;site oficial da artista;média;;FilmFreeway (perfil da artista);médio;FILE;;;;;-23.5486657;-46.6382522;100.0;;;;;;;;
Kazuhiro Goshima;Japan;Kyoto Institute of Technology;35.049389;135.781853;Shizuoka Prefecture, Japan;;;male;transmediale;médio;;site oficial do artista / FILE Festival;alto;FILE;;;;;34.97515624;138.3832445;100.0;;;;;;;;
Kazuo Wakabayashi;Japan;Escola Técnica de Hikone> Escola de Belas Artes> Academia Niki;35.27436111111111;136.2597222222222;Kobe;;;male;https://enciclopedia.itaucultural.org.br/pessoas/1011-wakabayashi;;também frequenta aulas de desenho e pintura de Kanosuke Tamura;Wikidata;alta;MAC USP;Hikone, Shiga, Japão> Tóquio, Japão> Tóquio, Japão;1944> 1947–1950> 1947–1950;https://enciclopedia.itaucultural.org.br/pessoas/1011-wakabayashi;alta;34.68942768;135.19575707;100.0;;;;;;;óbito confirmado, mas não localizei local de morte explícito em fonte auditável nesta rodada.;
Keigo Matsumoto;Japan;University of Tokyo;35.71339;139.76232;Kumamoto, Japan;;;male;;;;Universidade de Tóquio (página do projeto Unlimited Corridor);alto;FILE;;;;;32.8031;130.7079;;;;;;;;;
Keiya Sugano;;Tokyo University of the Arts;35.7195782;139.7726862;Tóquio, Japão;;;male;fontes biográficas de referência;;instituição identificada em fontes sumárias;Enciclopédia Itaú Cultural;alta;MAC USP;Tóquio, Japão;s.d.;fontes biográficas de referência;baixa;35.67686;139.763895;;;;;;;;;
Kelley Bell;United States;University of Maryland, Baltimore County> Pratt Institute;39.25555555555555> 40.691111;-76.71138888888889> -73.963889;United States;;;female;FILE Festival;médio;FILE explicita “País de Origem: Estados Unidos”> preenchido em nível de país.;FILE Festival (País de Origem);alta;FILE;;;;;39.398703156;-99.41461919;100.0;;;;;;;;
Kenny Scharf;United States;School of Visual Arts;40.73861111;-73.98222222;Hollywood;;;male;fontes biográficas de referência;;;Wikidata;alta;MAC USP;Nova York, EUA;1978–1980;fontes biográficas de referência;alta;26.0117574;-80.1390551;100.0;;;;;;;"atividade recente documentada; sem evidência de óbito.";
Kevin Lesur;France;;;;France;;;male;;;FILE explicita “País de Origem: França”> preenchido em nível de país.;FILE Festival (País de Origem);alta;FILE;;;;;46.559417044;2.550539953;100.0;;;;;;;;
Kevin Welsh;United States;Savannah College of Art and Design;32.073;-81.0961;United States;;;male;FILE Festival;médio;FILE explicita “País de Origem: United States”> preenchido em nível de país.;FILE Festival (País de Origem);alta;FILE;;;;alta;39.398703156;-99.41461919;100.0;;;;;;;;
Khalil Charif;Brazil;Parsons School> New York University> Escola de Artes Visuais do Parque Lage> Pontifícia Universidade Católica do Rio de Janeiro;-22.9606> -22.97868;-43.212> -43.232819;Rio de Janeiro;;;male;FILE Festival;médio;;Wikidata;alta;FILE;;;;;-22.9014475;-43.1789159;100.0;;;;;;;"atividade recente documentada; sem evidência de óbito.";
Kian Hossein;Iran;Qazvin Islamic Azad University (QIAU);36.3212;50.036;Tehran, Iran;;;male;FILE Festival> site oficial do artista;média;Biografia do FILE explicita nascimento em Teerã.;FILE Festival (biografia do artista);alta;FILE;;;;;35.6863968;51.4328575;;;;;;;;;
Kim Laughton;People's Republic of China;;;;China;;;male;;;FILE explicita “País de Origem: China”> preenchido em nível de país.;FILE Festival (País de Origem);alta;FILE;;;;;36.567348398;103.930027033;100.0;;;;;;;;
Kim Strandli;Norway;The Animation Workshop;56.4561;9.40611;Norway;;;male;FILE Festival> site oficial do artista;média;FILE explicita “País de Origem: Noruega”> preenchido em nível de país.;FILE Festival (País de Origem);alta;FILE;;;;;62.0;10.0;100.0;;;;;;;;
Kirokaze;Peru;;;;Lima;;;male;;;;Wikidata;alta;FILE;;;;;-12.04318;-77.02824;100.0;;;;;;;;
Klasien Van De Zandschulp;Netherlands;Hogeschool Arnhem en Nijmegen> Hogeschool van Utrecht;51.989> 52.09083333333334;5.9493> 5.121666666666667;Netherlands;;;female;CV (Mediamatic) — Klasien van de Zandschulp;alto;FILE explicita “País de Origem: Países Baixos / Holanda”> preenchido em nível de país.;FILE Festival (País de Origem);alta;FILE;;;;;52.249375293;5.616126398;100.0;;;;;;;"atividade recente documentada; sem evidência de óbito.";
Koos Hooykaas;Kingdom of the Netherlands;Royal Academy of Art, The Hague;52.08161111111111;4.319166666666667;Rotterdam;;'s-Graveland;male;biografia institucional do artista> fontes de referência;;datas aproximadas;Wikidata;alta;MAC USP;Haia, Países Baixos;c. 1920s;biografia institucional do artista> fontes de referência;media;51.918323034;4.493749988;100.0;52.240957026;5.123342649;100.0;"De Valk Lexicon; Van Abbemuseum";Wikidata: 's-Graveland (Q1615351);Wikidata: 's-Graveland (Q1615351);"local de morte auditado; coordenadas mantidas para a localidade.";alta
Kozo Mio;Japan;;;;Nagoya, Aichi, Japão;;;male;;;;MAC USP;alta;;;;;;35.18145;136.90641;;;;;;;;;
Kristin McWharter;United States;Maryland Institute College of Art> University of California, Los Angeles (UCLA);34.07222222222222;-118.4427777777778;United States;;;female;School of the Art Institute of Chicago> UCLA Design Media Arts;alta;FILE explicita “País de Origem: Estados Unidos”> preenchido em nível de país.;FILE Festival (País de Origem);alta;FILE;;;;;39.398703156;-99.41461919;100.0;;;;;;;;
Krsto Hegedušić;Hungary;Academy of Fine Arts, Zagreb;45.8121;15.9624;Petrinja;Mirogoj Cemetery;Zagreb;male;biografia institucional do artista> fontes de referência;;;Wikidata;alta;MAC USP;Zagreb, Croácia;1926–1930;biografia institucional do artista> fontes de referência;alta;45.436257443;16.285364178;100.0;45.815916177;15.980642745;100.0;Hrvatski biografski leksikon;Wikidata: Zagreb (Q1435);Wikidata: Zagreb (Q1435);"local de morte auditado; coordenadas mantidas para o município.";alta
Krystal Li;United States;Pratt Institute;40.691111;-73.963889;New York, USA;;;female;Pratt Shows 2020;alto;Fonte institucional usa formulação de origem (“Sou de Nova York”), sem afirmar nascimento.;FILE Festival (biografia do artista);baixa;FILE;;;;;40.7130466;-74.0072301;100.0;;;;;;;;
Kuesti Fraun;Germany;;;;Germany;;;male;;;;FilmFreeway / IMDb;médio;FILE;;;;;51.110631049;10.392277932;100.0;;;;;;;;
L. Masson;;;;;;;;;;;;;;Museu Histórico Nacional;;;;;;;;;;;;;;;
Lair Gago;;Instituto de Artes da UFRGS;-30.0292;-51.2233;;;;;fontes biográficas de referência;;datas aproximadas;;;Museu de Arte Religiosa e Tradicional;Porto Alegre, Brasil;1960s;fontes biográficas de referência;baixa;;;;;;;;;;;
Lama Kadri;Lebanon;American University of Sharjah;25.309722;55.490556;Lebanon;;;female;;;FILE explicita “País de Origem: Líbano”> preenchido em nível de país.;FILE Festival (País de Origem);alta;FILE;;;;;33.854721;35.862285;;;;;;;;;
Lara Genovese;Italy;;;;Italy;;;female;;;FILE explicita “País de Origem: Itália”> preenchido em nível de país.;FILE Festival (País de Origem);alta;FILE;;;;;42.83333;12.83333;100.0;;;;;;;;
Lasar Segall;Brazil;Prussian Academy of Arts> Escola de Artes Aplicadas> Academia Imperial de Belas Artes;52.516666666667> -22.91111111111111;13.383333333333> -43.20555555555556;Vilnius;;São Paulo;male;Enciclopédia Itaú Cultural;;inicia estudos de arte na Lituânia em 1905> instituição não identificada;Wikidata;alta;MAC USP;Berlim, Alemanha> Berlim, Alemanha;1906> 1906;Enciclopédia Itaú Cultural;media;54.701609712;25.266350902;100.0;-23.5486657;-46.6382522;100.0;Museu Lasar Segall / Ibram;Wikidata: São Paulo (Q174);Wikidata: São Paulo (Q174);"local de morte auditado; fonte institucional do museu.";alta
Laura Cesana;;Temple University (Roma)> Art Students League de New York> Universidade de Roma> Escola Superior de Educação pela Arte de Lisboa> Boston University;41.893055555556> 41.903333333333> 38.7525;12.482777777778> 12.515833333333> -9.1588888888889;Roma, Lazio, Itália;;;female;https://www.cps.pt/pt/artistas/laura-cesana | https://www.lauracesana.com/backgroundpt.html> https://www.cps.pt/pt/artistas/laura-cesana | https://www.lauracesana.com/backgroundpt.html | https://www.serigrafiaseafins.pt/post/arteemdestaque-laura-cesana;;A fonte lista várias etapas formativas, mas sem cronologia detalhada de cada curso livre.;MAC USP;alta;MAC USP;Brasil> Roma> Nova York> Lisboa> Boston;sem datas exatas na fonte;;media;41.8905568;12.4942679;;;;;;;;;
Laura Højberg Kunov;Kingdom of Denmark;The Animation Workshop;56.4561;9.40611;Frederiksberg, Denmark;;;female;CV da artista;média;Biografia do FILE explicita nascimento em Frederiksberg, na Dinamarca.;FILE Festival (biografia do artista);alta;FILE;;;;;55.677104;12.535147;;;;;;;;;
Laura Leppert;Germany;Academy of Fine Arts Munich;48.1531959202723;11.5803123911292;Germany;;;female;FILE Festival> Urbane Künste Ruhr;média;FILE explicita “País de Origem: Alemanha”> preenchido em nível de país.;FILE Festival (País de Origem);alta;FILE;;;;;51.110631049;10.392277932;100.0;;;;;;;;
Laura Schneider;United States;New York University (NYU)> City College of New York;40.8194;-73.95;United States;;;female;site oficial da artista> Research Kitchens NYU Abu Dhabi;alta;FILE explicita “País de Origem: Estados Unidos”> preenchido em nível de país.;FILE Festival (País de Origem);alta;FILE;;;;;39.398703156;-99.41461919;100.0;;;;;;;;
Laura Tack;Belgium;Royal Academy of Fine Arts, Ghent;51.05361111111111;3.725277777777778;Belgium;;;female;Q-O2;alto;fonte identifica apenas o país de nascimento;FILE Festival;médio;FILE;;;;;50.833333;4.0;;;;;;;;;
Laurel Beckman;United States;California Institute of the Arts;34.393055555556;-118.56694444444;United States;;;male;AD&A Museum / UC Santa Barbara;alto;FILE explicita “País de Origem: United States”> preenchido em nível de país.;FILE Festival (País de Origem);alta;FILE;;;;alta;39.398703156;-99.41461919;100.0;;;;;;;;
Lauren Dimaya;United States;Pratt Institute;40.691111;-73.963889;United States;;;female;FILE Festival;alto;FILE explicita “País de Origem: United States”> preenchido em nível de país.;FILE Festival (País de Origem);alta;FILE;;;;alta;39.398703156;-99.41461919;100.0;;;;;;;;
Lauren Fenton;United States;University of Southern California (USC)> Swarthmore College;39.905435;-75.353475;United States;;;female;USC World Building Media Lab> CV público;alta;FILE explicita “País de Origem: United States”> preenchido em nível de país.;FILE Festival (País de Origem);alta;FILE;;;;alta;39.398703156;-99.41461919;100.0;;;;;;;;
Lawrence Malstaf;Belgium;Henry van de Velde Institute, Antwerp;51.22111111111112;4.399722222222223;Bruges;;;male;Frankfurter Kunstverein> FILE Festival;média;;Wikidata;alta;FILE;;;;;51.266855502;3.220199559;100.0;;;;;;;"atividade recente documentada; sem evidência de óbito.";
Leandro Angare;Brazil;Seneca College> Universidade Estadual de Campinas (UNICAMP);43.79395> -22.817222222222;-79.349047222222> -47.069444444444;Brazil;;;male;https://archive.file.org.br/participantes/leandro-angare/;alta;FILE explicita “País de Origem: Brasil”> preenchido em nível de país.;FILE Festival (País de Origem);alta;FILE;;;;;-10.769946429;-53.073466889;100.0;;;;;;;;
Leandro Joaquim;Brazil;aluno do pintor João de Sousa;-22.91111111111111;-43.20555555555556;Rio de Janeiro;;Rio de Janeiro;male;https://www.catalogodasartes.com.br/artista/Leandro%20Joaquim/ | https://enciclopedia.itaucultural.org.br/pessoas/7084-leandro-joaquim;;Não há instituição formal recuperada, apenas mestre identificado.;Wikidata;alta;Museu Histórico Nacional;Rio de Janeiro;sem data exata na fonte;;media;-22.9014475;-43.1789159;100.0;-22.9111111111;-43.2055555556;100.0;Enciclopédia Itaú Cultural;Wikidata: Rio de Janeiro (Q8678);Wikidata: Rio de Janeiro (Q8678);coordenadas padronizadas para o centro urbano do Rio de Janeiro na auditoria.;alta
Leda Catunda;Brazil;Fundação Armando Alvares Penteado> Fundação Armando Álvares Penteado (FAAP);-23.5450155> -23.5450155;-46.6630802> -46.6630802;São Paulo;;;female;https://pt.wikipedia.org/wiki/Leda_Catunda;;teve como mestres Regina Silveira, Julio Plaza, Nelson Leirner e Walter Zanini;Wikidata;alta;MAC USP;São Paulo, Brasil;1980–1984;https://pt.wikipedia.org/wiki/Leda_Catunda;alta;-23.5486657;-46.6382522;100.0;;;;;;;"atividade recente documentada; sem evidência de óbito.";
Lee Dror;Israel;Bezalel Academy of Arts and Design;31.781166666666667;35.22361111111111;Israel;;;female;https://archive.file.org.br/participantes/lee-dror/> https://leedror.com/about;alta;FILE explicita “País de Origem: Israel”> preenchido em nível de país.;FILE Festival (País de Origem);alta;FILE;Jerusalém, Israel;;;alta;31.977711512;34.979217692;100.0;;;;;;;"atividade recente documentada; sem evidência de óbito.";
Lei Han;;Shenzhen University> Memphis College of Art;22.539256> 35.1459;113.933684> -89.9937;China;;;female;CURRENTS New Media;médio;FILE explicita “País de Origem: China”> preenchido em nível de país.;FILE Festival (País de Origem);alta;FILE;;;;;36.567348398;103.930027033;100.0;;;;;;;"atividade recente documentada; sem evidência de óbito.";
Leila Santiago;Brazil;Universidade de São Paulo (USP)> School of Visual Arts;-23.5613991;-46.7307891;Rio de Janeiro;;;female;https://archive.file.org.br/participantes/leila-santiago/;alta;;Wikidata;alta;FILE;;;;;-22.9014475;-43.1789159;100.0;;;;;;;"atividade profissional documentada; sem evidência de óbito.";
Leno Veras;Brazil;Universidade de Brasília> Universidad de Salamanca> Universidad Nacional de las Artes> Universidade Federal do Rio de Janeiro> University of London (Warburg Institute);40.96138888888889> -34.59472222> 51.52333333333333;-5.666666666666667> -58.39944444> -0.13;Brazil;;;male;https://www.escavador.com/sobre/4984006/leno-veras-de-carvalho> https://www.premiopipa.com/leno-veras/;média;FILE explicita “País de Origem: Brasil”> preenchido em nível de país.;FILE Festival (País de Origem);alta;FILE;;;;;-10.769946429;-53.073466889;100.0;;;;;;;"atividade recente documentada; sem evidência de óbito.";
Leon Gischia;France;École des Arts Décoratifs;48.5825;7.7591;Dax;Cemetery of San Michele;Venice;male;fontes biográficas de referência;;instituição identificada em biografias sumárias;Wikidata;alta;MAC USP;Paris, França;c. 1920s;fontes biográficas de referência;media;43.708616207;-1.051795028;100.0;45.434608;12.338913;100.0;Centre Pompidou;Wikidata: Venice;Wikidata: Venice;;alta
Leonardo Crescenti;Brazil;Faculdade de Arquitetura e Urbanismo da Universidade de São Paulo;-23.56012;-46.72985;São Paulo;;São Paulo;male;Itaú Cultural | Videobrasil;alto;;Wikidata;alta;FILE;São Paulo, Brasil;;;;-23.5486657;-46.6382522;100.0;-23.5503944444;-46.6339472222;100.0;Enciclopédia Itaú Cultural;Wikidata: São Paulo (Q174);Wikidata: São Paulo (Q174);;alta
Leonel Brayner;;;;;Maceió, Alagoas, Brasil;;;male;https://atarde.com.br/muito/leonel-brayner-conteudo-x-essencia-1288951 | https://millarch.org/artigo/leonel-o-pintor;;Fontes encontradas não indicam escola> preenchimento conservador apenas para registrar ausência de formação formal identificada.;MAC USP;alta;MAC USP;sem formação formal identificada;pesquisa técnica em pintura ao longo de mais de 60 anos;https://atarde.com.br/muito/leonel-brayner-conteudo-x-essencia-1288951;baixa;-9.6652281;-35.7357217;;;;;;;;"atividade recente documentada; sem evidência de óbito.";
Leonello Berti;;Academia de Belas Artes de Florença;43.776907;11.258475;Florença, Itália;;Ribeirão Preto;male;https://plataformaverri.com.br/?bib=1&idBook=1540&idCategory=8&idCity=24&letter=R&local=book | https://museudigital.odillamestriner.com.br/wp-content/uploads/tainacan-items/6750/9273/p26-m1.pdf;;As fontes citam trabalho prolongado com Ottone Rosai como mestre.;Plataforma Verri;media;MAC USP;Florença;desde cedo> sem ano exato inicial/final;;media;42.83333;12.83333;;-21.1775;-47.81028;100.0;Plataforma Verri;latitude.to (Ribeirão Preto);latitude.to (Ribeirão Preto);"local de óbito sustentado por plataforma cultural; não localizei fonte institucional primária aberta nesta rodada.";media
Leonilson;Brazil;Fundação Armando Alvares Penteado> Fundação Armando Álvares Penteado (FAAP)> Escola de Artes Aster;-23.550394444444;-46.633947222222;Fortaleza;;São Paulo;male;https://museuvictormeirelles.museus.gov.br/um-ponto-e-outro/n-1-leonilson/n-1-leonilson-biografia/;;aulas com Nelson Leirner, Júlio Plaza e Regina Silveira na FAAP;Wikidata;alta;MAC USP;São Paulo, Brasil> São Paulo, Brasil;1977–1980> 1978–1981;https://museuvictormeirelles.museus.gov.br/um-ponto-e-outro/n-1-leonilson/n-1-leonilson-biografia/;alta;-3.7184625;-38.5416698;100.0;-23.5503944444;-46.6339472222;100.0;Enciclopédia Itaú Cultural;Wikidata: São Paulo (Q174);Wikidata: São Paulo (Q174);;alta
Leonor de Almeida Portugal, 4th Marquise of Alorna;Kingdom of Portugal;educação conventual em Chelas> orientação literária de Filinto Elísio;38.748982;-9.117437;Lisbon;Freguesia dos Prazeres;Lisbon;female;https://pt.wikipedia.org/wiki/Leonor_de_Almeida_Portugal | https://livro.dglab.gov.pt/sites/DGLB/Portugues/autores/Paginas/PesquisaAutores1.aspx?AutorId=6636> https://pt.wikipedia.org/wiki/Leonor_de_Almeida_Portugal | https://www.arqnet.pt/dicionario/alorna4.html;;A formação aparece como educação conventual e cultivo intensivo de letras, música e pintura.;Wikidata;alta;MASP;Convento de São Félix em Chelas, Lisboa;1758-1777;https://pt.wikipedia.org/wiki/Leonor_de_Almeida_Portugal | https://livro.dglab.gov.pt/sites/DGLB/Portugues/autores/Paginas/PesquisaAutores1.aspx?AutorId=6636;media;38.7070085;-9.1356407;100.0;38.7070085;-9.1356407;100.0;Portal da Literatura;Wikidata: Lisbon;Wikidata: Lisbon;;media
Leopoldino Faria;Brazil;Academia Imperial de Belas Artes (Aiba)> desenho com Jules Le Chevrel> pintura com Victor Meirelles;-22.91111111111111;-43.20555555555556;Campos dos Goytacazes, RJ, Brasil;;Rio de Janeiro;male;https://enciclopedia.itaucultural.org.br/pessoas/7156-leopoldino-de-faria | https://pt.wikipedia.org/wiki/Leopoldino_Faria;;A formação acadêmica aparece com clareza, mas a fonte não traz intervalo cronológico preciso.;Wikipédia em português;media;Museu Histórico Nacional;Rio de Janeiro;sem data exata na fonte;https://enciclopedia.itaucultural.org.br/pessoas/7156-leopoldino-de-faria;alta;-21.75227;-41.33044;;-22.9111111111;-43.2055555556;100.0;Enciclopédia Itaú Cultural;Wikidata: Rio de Janeiro (Q8678);Wikidata: Rio de Janeiro (Q8678);coordenadas padronizadas para o centro urbano do Rio de Janeiro na auditoria.;alta
Letícia Burgos;;Universidad Nacional de Cuyo> Arizona State University;-32.88043333333334> 33.42361111111111;-68.87773333333334> -111.9355555555556;Buenos Aires, Argentina;;;female;https://yicca.org/es/view/info/leticia-burgos;;fonte galerística com descrição biográfica explícita;YICCA / biografia pública;médio;MAC USP;Mendoza, Argentina> Tempe, EUA;s.d.> s.d.;https://yicca.org/es/view/info/leticia-burgos;media;-34.6090264;-58.3732215;100.0;;;;;;;;
Letícia Guimarães;Brazil;Escola Guignard;-19.9552;-43.9202;Nova Iguaçu;;;female;fontes biográficas de referência;;datas aproximadas;Wikidata;alta;Museu Casa da Hera;Belo Horizonte, Brasil;1990s;fontes biográficas de referência;baixa;-22.7597835;-43.45151;100.0;;;;;;;;
Levi Madeira;;Universidade Federal do Ceará (Medicina);-3.7418917;-38.5411983;;;;male;https://www.recantodasletras.com.br/cordel/3507377 | https://www.recantodasletras.com.br/cordel/3507376> https://www.recantodasletras.com.br/cordel/3507376;;As fontes autobiográficas indicam aprovação em 1982 e formatura em 17/07/1988.;;;Museu de Arte Religiosa e Tradicional;Fortaleza, CE;1982-1988;https://www.recantodasletras.com.br/cordel/3507377 | https://www.recantodasletras.com.br/cordel/3507376;alta;;;;;;;;;;;
Levino Fânzeres;Brazil;Liceu de Artes e Ofícios> Escola Nacional de Belas Artes (Enba);-22.90879805555556;-43.17573111111111;Cachoeiro de Itapemirim;;Rio de Janeiro;male;https://pt.wikipedia.org/wiki/Levino_F%C3%A2nzeres | https://www.arrematearte.com.br/artistas/levino-fanzeres-1884;;A fonte menciona professores Artur Machado, Evêncio Nunes, João Zeferino da Costa e Baptista da Costa.;Wikidata;alta;Museu Histórico Nacional;Rio de Janeiro> Paris;1902> 1910 em diante;https://pt.wikipedia.org/wiki/Levino_F%C3%A2nzeres | https://www.arrematearte.com.br/artistas/levino-fanzeres-1884;alta;-20.8488716;-41.1132515;100.0;-22.9111111111;-43.2055555556;100.0;Enciclopédia Itaú Cultural;Wikidata: Rio de Janeiro (Q8678);Wikidata: Rio de Janeiro (Q8678);coordenadas padronizadas para o centro urbano do Rio de Janeiro na auditoria.;alta
Leyla Mattoso;;Escola Nacional de Belas Artes;-22.8625055;-43.2256622;São José do Rio Preto, São Paulo, Brazil;;;female;fontes biográficas de referência;;;MAC USP;alto;MAC USP;Rio de Janeiro, Brasil;s.d.;fontes biográficas de referência;baixa;-20.8113;-49.3758;;;;;;;;;
León Ferrari;Marocain;University of Buenos Aires> Universidad de Buenos Aires;-34.599722222222;-58.373055555556;Buenos Aires;Denaro;Buenos Aires;male;https://cultura.gob.ar/cien-anos-de-leon-ferrari-9425/;;engenheiro de formação> artista autodidata em artes plásticas;Wikidata;alta;MAC USP;Buenos Aires, Argentina;1947;https://cultura.gob.ar/cien-anos-de-leon-ferrari-9425/;alta;-34.6090264;-58.3732215;100.0;-34.6090264;-58.3732215;100.0;"TN; Argentina.gob.ar";Wikidata: Buenos Aires;Wikidata: Buenos Aires;;media
Lilian Döring;Brazil;Centro Federal de Educação Tecnológica do Paraná> Escola de Belas Artes do Paraná;-25.43925> -25.429722222222;-49.268833> -49.271944444444;Curitiba, Paraná, Brasil;;;female;FILE Festival;médio;;FILE Festival;alto;FILE;;;;;-25.4283563;-49.2732515;;;;;;;;"atividade documentada em fonte institucional; sem evidência de óbito.";
Liliana Farber;Uruguay;Parsons School of Design> Hamidrasha School of Art, Beit Berl College> O.R.T. University;32.200699> 19.42063;34.918464> -99.15591;Montevideo, Uruguay;;;female;NYU The Latinx Project;alto;;FILE Festival / site oficial da artista;alto;FILE;;;;;-34.9055557;-56.1852505;100.0;;;;;;;"atividade recente documentada; sem evidência de óbito.";
Lilly Michael;;School of Painting and Sculpture at Columbia University;40.8075;-73.961944444444;Nova York, Nova York, Estados Unidos;;;female;https://www.ripleyauctions.com/auction-lot/lily-michael-american-1912-1999-abstract-195_9C44095860;;A fonte usa a grafia Lily Michael> mantido o creator original Lilly Michael.;MAC USP;alta;MAC USP;Nova York, EUA;sem data exata na fonte;;media;40.7130466;-74.0072301;;;;;;;;;
Lindsay Grace;United States;Northwestern University School of Engineering> Northwestern University> Boston Security Analysts Society;42.36027777777777;-71.05777777777777;United States;;;male;CV oficial de Lindsay Grace;médio;FILE explicita “País de Origem: United States”> preenchido em nível de país.;FILE Festival (País de Origem);alta;FILE;;;;alta;39.398703156;-99.41461919;100.0;;;;;;;"atividade recente documentada; sem evidência de óbito.";
Lisa Ficker Hoffmann;;;;;Leipzig, Sachsen, Alemanha;;Joinville;female;;;formação não localizada com segurança;MAC USP;alta;MAC USP;;;;;51.338287999;12.377931001;;-26.3038888889;-48.8458333333;100.0;MAC USP;Wikidata: Joinville (Q156819);Wikidata: Joinville (Q156819);;alta
Liu Chang;;New York University Tisch School of the Arts (ITP)> Pratt Institute;40.72922222> 40.691111;-73.99377778> -73.963889;Beijing, China;;;female;https://liuchang.work/about;alta;;ArtFacts / The Artling;médio;FILE;;;;;39.906217;116.391276;;;;;;;;;
Liu Sha;People's Republic of China;;;;;;;female;;;homônimo não desambiguado com segurança;;;FILE;;;;;;;;;;;;;;;
Liz Miller;;Rhode Island School of Design> University of Minnesota;44.975;-93.23527777777778;Minnesota, United States;;;female;https://hss.mnsu.edu/academic-programs/art/art-faculty-staff/liz-miller/ | https://mccollcenter.org/artists-in-residence/artist/liz-miller;;fonte descreve a artista como 'from Minnesota'> usado como local com baixa confiança.;https://en.wikipedia.org/wiki/Liz_Miller_(artist);baixa;MAC USP;Providence (EUA)> Minnesota (EUA);;;baixa;46.729553;-94.6859;;;;;;;;"atividade recente documentada; sem evidência de óbito.";
Lluís Graner;Spain;Escola de la Llotja> estudo de cópia no Museo del Prado> Académie des Beaux-Arts;41.62> 40.41388888888889;0.63833333> -3.692222222222222;Barcelona;;Barcelona;male;https://en.wikipedia.org/wiki/Llu%C3%ADs_Graner | https://www.guiadasartes.com.br/luiz-graner-y-arrufi/biografia | https://www.escritoriodearte.com/artista/luis-graner;;;Wikidata;alta;Museu Histórico Nacional;Barcelona> Madri> Paris;1883 em diante> 1886-1891 em Paris;https://en.wikipedia.org/wiki/Llu%C3%ADs_Graner | https://www.escritoriodearte.com/artista/luis-graner;alta;41.387917;2.1699187;100.0;41.387917;2.1699187;100.0;Wikipedia;Wikidata: Barcelona;Wikidata: Barcelona;;media
Lorenzo Indrimi;Italy;Accademia di Belle Arti di Bologna;44.497811111111;11.353188888889;Roma, Lazio, Itália;;;male;https://it.wikipedia.org/wiki/Lorenzo_Indrimi;;instituição identificada> datas não localizadas com precisão;MAC USP;alta;MAC USP;Bolonha, Itália;;;media;41.8905568;12.4942679;;;;;;;;;
Lorenzo Romagnoli;Italy;Delft University of Technology (TU Delft);52.001666666667;4.3725;Italy;;;male;https://www.ciid.dk/community/lorenzo-romagnoli;alta;FILE explicita “País de Origem: Italy”> preenchido em nível de país.;FILE Festival (País de Origem);alta;FILE;;;;alta;42.83333;12.83333;100.0;;;;;;;"atividade recente documentada; sem evidência de óbito.";
Lorenzo Viani;Kingdom of Italy;Istituto di Belle Arti di Lucca;43.85;10.516666666667;Viareggio;;Lido di Ostia;male;fontes biográficas de referência;;instituição identificada> datas não localizadas com precisão;Wikidata;alta;MAC USP;Lucca, Itália;s.d.;fontes biográficas de referência;media;43.874537;10.2568888;100.0;41.73212;12.27654;100.0;Wikipedia;Wikipedia (Lido di Ostia);Wikipedia (Lido di Ostia);;media
Lori Malépart-Traversy;Canada;Concordia University;45.496944444444445;-73.57805555555555;Montreal, Canada;;;female;FILE Festival;médio;;FILE Festival / Coalition ÉduSex;alto;FILE;;;;;45.508867;-73.554242;100.0;;;;;;;;
Lothar Charoux;Brazil;estudos com Siegfried Charoux> Liceu de Artes e Ofícios> aulas com Waldemar da Costa;> > ;> > ;Vienna;;São Paulo;male;Enciclopédia Itaú Cultural> Academia de Curadoria> Wikipedia;;;Wikidata;alta;MAC USP;Viena, Áustria> São Paulo, Brasil> São Paulo, Brasil;c. anos 1920> c. anos 1930> c. anos 1930–1940;Enciclopédia Itaú Cultural> Academia de Curadoria> Wikipedia;media;48.2092062;16.3727778;100.0;-23.5503944444;-46.6339472222;100.0;Enciclopédia Itaú Cultural;Wikidata: São Paulo (Q174);Wikidata: São Paulo (Q174);;alta
Louis Buvelot;Australia;Escola de Desenho de Lausanne> estudos com Marc Louis Arlaud;46.533333333333;6.6333333333333;Morges;Boroondara General Cemetery;Melbourne;male;https://enciclopedia.itaucultural.org.br/pessoas/7222-louis-buvelot;;Fonte de Itaú Cultural explicita escola e professor.;Wikidata;alta;Museu Nacional de Belas Artes;Lausanne (Suíça);antes de 1835;https://enciclopedia.itaucultural.org.br/pessoas/7222-louis-buvelot;alta;46.513243136;6.494946024;100.0;-37.815051434;144.960255426;100.0;Wikipedia;Wikipedia (Melbourne);Wikipedia (Melbourne);;media
Louis Guédy;France;École des Beaux-Arts de Paris;48.85680555555555;2.333277777777778;Grenoble;;;male;https://pt.wikipedia.org/wiki/Louis_Gu%C3%A9dy | https://www.musee-orsay.fr/en/ressources/artists-personalities-catalog/louis-guedy-14357> https://pt.wikipedia.org/wiki/Louis_Gu%C3%A9dy;;A fonte aberta também informa que foi aluno de Adolphe Yvon.;Wikidata;alta;Museu Paulista;Paris;antes de 1877;https://pt.wikipedia.org/wiki/Louis_Gu%C3%A9dy;alta;45.186447778;5.736442084;100.0;;;;;;;;
Louis Van Lint;Belgium;Académie des beaux-arts de Saint-Josse-ten-Noode;50.85444;4.37028;Saint-Josse-ten-Noode;;Kraainem;male;MAC_consolidado_normalized.csv / nationality_applied_dataset.csv;;dados recuperados de base auxiliar> datas não localizadas;Wikidata;alta;MAC USP;Saint-Josse-ten-Noode, Bélgica;;;alta;50.85170248;4.376851826;100.0;50.8619888889;4.4717805556;100.0;louisvanlint.org;Wikidata: Kraainem (Q31824063);Wikidata: Kraainem (Q31824063);"topônimo e coordenadas corrigidos na auditoria; fonte oficial indica Kraainem, e não Brussels metropolitan area.";alta
Louis-Auguste Moreaux;France;ateliê de escultura francês> instituição não identificada na fonte aberta consultada;> ;> ;Rocroi;;Rio de Janeiro;male;https://data.bnf.fr/fr/14967958/louis-auguste_moreaux/;;Sem escola formal explicitada na fonte aberta recuperada.;Wikidata;alta;Museu Histórico Nacional;Paris;;;baixa;49.925149573;4.519878794;100.0;-22.9111111111;-43.2055555556;100.0;Enciclopédia Itaú Cultural;Wikidata: Rio de Janeiro (Q8678);Wikidata: Rio de Janeiro (Q8678);coordenadas padronizadas para o centro urbano do Rio de Janeiro na auditoria.;alta
Lucas Cranach the Elder;Holy Roman Empire;formação com o pai Hans Maler;50.327841515;11.37204329;Kronach;Weimar;Weimar;male;https://en.wikipedia.org/wiki/Lucas_Cranach_the_Elder | https://www.britannica.com/biography/Lucas-Cranach-the-Elder;;A formação é descrita nas fontes como familiar/oficina.;Wikidata;alta;MASP;Kronach;;;media;50.327841515;11.37204329;100.0;50.980760999;11.329741001;100.0;Britannica;Wikipedia (Weimar);Wikipedia (Weimar);;alta
Lucas Durkheim;France;Gobelins, l'école de l'image> California Institute of the Arts (CalArts);48.836944444444;2.3536111111111;France;;;male;https://lucasdurkheim.com/index.php/contacts/> https://vimeo.com/201274584;alta;FILE explicita “País de Origem: França”> preenchido em nível de país.;FILE Festival (País de Origem);alta;FILE;;;;;46.559417044;2.550539953;100.0;;;;;;;;
Lucas Morais;Brazil;;;;;;;male;;;homônimo não desambiguado com segurança;;;FILE;;;;;;;;;;;;;;;
Lucia Casas de Pilla;;;;;;;;;;;formação não localizada com segurança;;;Museu da Inconfidência;;;;;;;;;;;;;;;
Luciano Gregory;;formação teatral com Sérgio Cardoso, Augusto Boal e Abílio Pereira de Almeida;;;Italy;;;male;https://www.tvsaudades.com.br/item/2596/luciano-gregory-anos/details?pageType=search | https://www.museudatv.com.br/biografia/luciano-gregory/;;fonte biográfica identifica apenas o país> preenchimento mantido em nível de país.;Museu Brasileiro da TV;médio;MAC USP;Brasil;;;baixa;42.83333;12.83333;100.0;;;;;;;fonte secundária indica morte em São Paulo na década de 1970, sem precisão suficiente para preencher o campo.;
Lucie Prigent;France;École Georges Méliès;48.74245192283895;2.392101897752613;France;;;female;https://archive.file.org.br/participantes/lucie-prigent/> https://vimeo.com/lucieprigent;média;FILE explicita “País de Origem: França”> preenchido em nível de país.;FILE Festival (País de Origem);alta;FILE;;;;;46.559417044;2.550539953;100.0;;;;;;;"atividade profissional recente documentada; sem evidência de óbito.";
Lucila Mayol;Argentina;KMD/UiB (University of Bergen)> Universidad Nacional de las Artes (UNA)> ENERC;-34.59472222> -34.599722222222;-58.39944444> -58.381944444444;Argentina;;;female;https://www.hiap.fi/resident/lucila-mayol/;alta;FILE explicita “País de Origem: Argentina”> preenchido em nível de país.;FILE Festival (País de Origem);alta;FILE;;;;alta;-38.416097;-63.616672;;;;;;;;"atividade recente documentada; sem evidência de óbito.";
Lucio Fontana;Italy;Brera Academy;45.47222222;9.18888889;Rosario;;Comabbio;male;MAC_consolidado_normalized.csv / nationality_progress_update.csv;;dados recuperados de base auxiliar> datas não localizadas;Wikidata;alta;MAC USP;Milão, Itália;;;alta;-32.959243;-60.683476;100.0;45.7721016;8.6753295;100.0;"Fondazione Lucio Fontana; Comune di Comabbio";"Fondazione Lucio Fontana; Comune di Comabbio";"Fondazione Lucio Fontana; Comune di Comabbio";"local de morte auditado; fundação informa Varese e fonte municipal especifica Comabbio.";media
Lucy Citti Ferreira;Brazil;Escola de Belas Artes do Havre> École des Beaux-Arts de Paris> estudos com Lasar Segall;49.494166666667;0.10805555555556;São Paulo;;Paris;female;https://pt.wikipedia.org/wiki/Lucy_Citti_Ferreira | https://www.escritoriodearte.com/artista/lucy-citti-ferreira;;;Wikidata;alta;MAC USP;Le Havre> Paris> São Paulo;1930> 1932-1934> 1935-1946;https://pt.wikipedia.org/wiki/Lucy_Citti_Ferreira | https://www.escritoriodearte.com/artista/lucy-citti-ferreira;alta;-23.5486657;-46.6382522;100.0;48.8566666667;2.3522222222;100.0;MAC USP;MAC USP;MAC USP;"local de morte auditado; fonte institucional registra Paris, sem arrondissement.";alta
Lucílio de Albuquerque;Brazil;Law School, University of São Paulo> Faculdade de Direito de São Paulo> Escola Nacional de Belas Artes;-23.55;-46.63722222;Barras;;Rio de Janeiro;male;https://enciclopedia.itaucultural.org.br/pessoas/6103-lucilio-de-albuquerque;;abandona o direito para estudar pintura;Wikidata;alta;Museu Nacional de Belas Artes;São Paulo, Brasil> Rio de Janeiro, Brasil;1895> 1896–1906;https://enciclopedia.itaucultural.org.br/pessoas/6103-lucilio-de-albuquerque;alta;-4.2447811;-42.2955275;100.0;-22.9014475;-43.1789159;100.0;"Museu Afro Brasil; Enciclopédia Itaú Cultural";"Museu Afro Brasil; Enciclopédia Itaú Cultural";"Museu Afro Brasil; Enciclopédia Itaú Cultural";"local de morte auditado; coordenadas mantidas para o município.";alta
Ludmila Rodrigues;Brazil;Universidade Federal do Rio de Janeiro> Royal Academy of Art, The Hague (KABK)> PXL-MAD School of Arts;50.930480555556;5.3384972222222;Rio de Janeiro;;;female;FILE Festival;alto;;Wikidata;alta;FILE;;;;;-22.9014475;-43.1789159;100.0;;;;;;;"atividade recente documentada; sem evidência de óbito.";
Ludolf Bakhuizen;Dutch Republic;estudos com Allart van Everdingen e Hendrik Dubbels;52.361524688;4.890870311;Emden;;Amsterdam;male;https://en.wikipedia.org/wiki/Ludolf_Bakhuizen;;;Wikidata;alta;MASP;Amsterdam;;;alta;53.370557999;7.205946;100.0;52.361524688;4.890870311;100.0;RKD Research;RKD Research;RKD Research;"local de morte auditado; coordenadas mantidas para a cidade.";alta
Luigi Benfatto;Republic of Venice;formação com Paolo Veronese (tio e mestre);45.43479753250506> 45.431078;10.9929983708197> 12.328139;Verona;;Venice;male;https://en.wikipedia.org/wiki/Luigi_Benfatto;;A formação registrada é em oficina familiar, não em academia formal.;Wikidata;alta;Museu Nacional de Belas Artes;Verona> Veneza;;;media;45.4383527;10.9917125;100.0;45.434608;12.338913;100.0;National Gallery of Slovenia;National Gallery of Slovenia;National Gallery of Slovenia;"local de morte auditado; coordenadas mantidas para a cidade.";alta
Luigi Stalloni;Brazil;Academia de Belas Artes de Nápoles;40.8516;14.2512;;;Rio de Janeiro;male;https://pt.wikipedia.org/wiki/Luigi_Stallone;;O creator está grafado como 'Stalloni', mas a fonte biográfica aberta consultada usa 'Luigi Stallone'.;;;Museu Histórico Nacional;Nápoles;;;media;;;;-22.9111111111;-43.2055555556;100.0;"Wikipedia (pt); Enciclopédia Itaú Cultural";"Wikipedia (pt); Enciclopédia Itaú Cultural";"Wikipedia (pt); Enciclopédia Itaú Cultural";"local de morte identificado em fontes secundárias; data de morte permanece divergente nas fontes localizadas.";media
Luis Camnitzer;Uruguay;University of the Republic;-34.90591666666667;-56.19131111111111;Lübeck;;;male;MAC_consolidado_normalized.csv / nationality_progress_update.csv;;dados recuperados de base auxiliar> datas não localizadas;Wikidata;alta;MAC USP;Montevidéu, Uruguai;;;alta;53.866268999;10.683932;100.0;;;;;;;"atividade recente documentada; sem evidência de óbito.";
Luis Enrique Silvestre Guerra;;Instituto Superior de Diseño Industrial> Instituto Superior de Arte (ISA);-34.599722222222;-58.381944444444;Havana, Cuba;;;male;https://luisenriquesilvestre.wixsite.com/artist/about | https://www.zapatagallery.com/artists/luis-enrique-silvestre-guerra> https://luisenriquesilvestre.wixsite.com/artist/about;;local de nascimento não localizado em fonte auditável na pesquisa deste lote.;MAC USP;alta;MAC USP;Havana;1984-1986> 1988-1993;https://luisenriquesilvestre.wixsite.com/artist/about;alta;23.1281371;-82.3897195;;;;;;;;;
Luis Martinez Pedro;Cuba;Academia de San Alejandro;23.087472;-82.426917;La Habana, Cuba;;Havana;male;fontes biográficas de referência;;;https://www.arteinformado.com/guia/f/luis-martinez-pedro-32679;media;MAC USP;Havana, Cuba;c. 1920s–1930s;fontes biográficas de referência;media;23.135305;-82.358963;;23.1281371;-82.3897195;100.0;MAC USP;MAC USP;MAC USP;"local de morte auditado; fonte institucional registra Havana.";alta
Luis Valdivia;Argentina;Folkwang Hochschule> Universität Salzburg> Universität Mozarteum Salzburg> Conservatorio Gilardo Gilardi;51.3875> 47.79722222222222> 47.80388889> -34.899;7.00444> 13.04805555555556> 13.04341667> -57.984;La Plata, Argentina;;;male;FILE Festival | ISEA Symposium Archives;alto;Biografia do FILE explicita nascimento em La Plata, Argentina.;FILE Festival (biografia do artista);alta;FILE;;;;;-34.9019125;-57.9511252;;;;;;;;;
Luiz Alphonsus;Brazil;Escola de Belas Artes da Universidade Federal do Rio de Janeiro;-22.8625055;-43.2256622;Belo Horizonte;;;male;fontes biográficas de referência;;instituição identificada em biografias sumárias;Wikidata;alta;MAC USP;Rio de Janeiro, Brasil;c. 1960s;fontes biográficas de referência;baixa;-19.9181771;-43.9370534;100.0;;;;;;;"atividade recente documentada; sem evidência de óbito.";
Luiz Hermano;Brazil;Universidade Estadual do Ceará> Escola de Artes Visuais do Parque Lage;-3.7275> -22.9606;-38.5275> -43.212;Fortaleza;;;male;https://pt.wikipedia.org/wiki/Luiz_Hermano;;na universidade estuda filosofia> no Parque Lage frequenta aulas de gravura;Wikidata;alta;MAC USP;Fortaleza, Brasil> Rio de Janeiro, Brasil;início dos anos 1970> 1979;https://pt.wikipedia.org/wiki/Luiz_Hermano;media;-3.7184625;-38.5416698;100.0;;;;;;;"atividade recente documentada; sem evidência de óbito.";
Luiz Martins;;Faculdade Belas Artes de São Paulo;-23.583688;-46.633917;Machacalis, Minas Gerais, Brasil;;;male;https://www.galeriabase.com.br/luiz-martins | https://artbluumbrazil.com/luiz-martins/;;As fontes confirmam graduação em artes visuais, sem ano de conclusão.;MAC USP;alta;MAC USP;São Paulo;;;alta;-10.769946429;-53.073466889;;;;;;;;;
Luiz Paulo Baravelli;Brazil;Fundação Armando Alvares Penteado;-23.5450155;-46.6630802;São Paulo, São Paulo, Brazil;;;male;MAC_consolidado_normalized.csv / nationality_progress_update.csv;;dados recuperados de base auxiliar> datas não localizadas;https://www.sescsp.org.br/editorial/acervo-em-foco-luiz-paulo-baravelli/;alta;MAC USP;São Paulo, Brasil;;;alta;-23.5486657;-46.6382522;;;;;;;;"atividade recente documentada; sem evidência de óbito.";
Luiz Rodolfo Annes;;Escola de Música e Belas Artes do Paraná (EMBAP)> Universidade Estadual do Paraná (Unespar);-23.0825;-52.461388888889;Ponta Grossa, PR, Brasil;;;male;Escavador> Humana Sebo> Revista Valise;;bacharel em Pintura pela EMBAP e mestre em Cinema e Artes do Vídeo pela Unespar> datas de início e conclusão não localizadas com segurança;Prefeitura de Curitiba;alta;Museu Victor Meirelles;Curitiba, PR;;;media;-10.769946429;-53.073466889;;;;;;;;;
Luiz Sacilotto;Brazil;Escola Profissional Masculina do Brás> Associação Brasileira de Belas Artes;-23.54504> -22.91111111111111;-46.61634> -43.20555555555556;Santo André;;São Bernardo do Campo;male;Enciclopédia Itaú Cultural;;;Wikidata;alta;MAC USP;São Paulo, Brasil> São Paulo, Brasil;1938–1943> 1944–1947;Enciclopédia Itaú Cultural;alta;-23.6667259;-46.5323593;100.0;-23.694445;-46.565796;100.0;Enciclopédia Itaú Cultural;Enciclopédia Itaú Cultural;Enciclopédia Itaú Cultural;"local de morte auditado; coordenadas mantidas para o município.";alta
Luiza da Fonseca;;Escola Nacional de Belas Artes;-22.8625055;-43.2256622;;;;;fontes biográficas de referência;;datas aproximadas;;;Museu da Inconfidência;Rio de Janeiro, Brasil;1940s;fontes biográficas de referência;baixa;;;;;;;;;;;
Lula Cardoso Ayres;Brazil;Escola Nacional de Belas Artes;-22.8625055;-43.2256622;Rio Formoso, Pernambuco, Brazil;;Recife;male;https://enciclopedia.itaucultural.org.br/pessoas/3400-lula-cardoso-ayres;;frequenta informalmente a Enba> também tem aulas de modelo vivo com Rodolfo Amoedo e estuda no ateliê de Carlos Chambelland;https://www.recifeartepublica.com.br/obras/obra/Da-srie-Ciclos-Econmicos-Dcada-de-60-/71;media;MAC USP;Rio de Janeiro, Brasil;1926;https://enciclopedia.itaucultural.org.br/pessoas/3400-lula-cardoso-ayres;media;-8.6636;-35.1628;;-8.0538888889;-34.8808333333;100.0;"Enciclopédia Itaú Cultural; Portal Cultura PE";"Enciclopédia Itaú Cultural; Portal Cultura PE";"Enciclopédia Itaú Cultural; Portal Cultura PE";"local de morte auditado; fonte institucional indica “idem/Recife”.";alta
Lustre;;;;;;;;male;;;nome artístico não desambiguado com segurança;;;FILE;;;;;;;;;;;;;;;
Luís Camargo;;Faculdade de Arquitetura e Urbanismo da USP;-23.56012;-46.72985;São Paulo, São Paulo, Brazil;;;;fontes biográficas de referência;;formação em arquitetura associada à prática escultórica;https://acervo.mac.usp.br/acervo/index.php/Detail/entities/5188;alta;MAC USP;São Paulo, Brasil;s.d.;fontes biográficas de referência;alta;-23.5486657;-46.6382522;;;;;;;;;
Luís Maristany de Trias;Brazil;Escola de Belas Artes de Barcelona> estudos com Pedro Borel;41.38302778;2.11397222;Barcelona;;Porto Alegre;male;https://pt.wikipedia.org/wiki/Lu%C3%ADs_Maristany_de_Trias | https://www.ateliermaristany.com/biografia-de-luiz-maristany-de-trias;;As fontes abertas também mencionam estudos em Madrid e Paris após a formação inicial em Barcelona.;Wikidata;alta;Museu Histórico Nacional;Barcelona> França> Madrid> Paris;a partir dos 14 anos> prêmio aos 17 anos;https://pt.wikipedia.org/wiki/Lu%C3%ADs_Maristany_de_Trias | https://www.ateliermaristany.com/biografia-de-luiz-maristany-de-trias;alta;41.387917;2.1699187;100.0;-30.027679;-51.2286404;100.0;Pinacoteca Barão de Santo Ângelo/UFRGS;Pinacoteca Barão de Santo Ângelo/UFRGS;Pinacoteca Barão de Santo Ângelo/UFRGS;"local de morte auditado; coordenadas mantidas para o município.";alta
Luís Teixeira;Kingdom of Portugal;formação artística brasileira> instituição não identificada na fonte aberta consultada;> ;> ;;;;male;https://enciclopedia.itaucultural.org.br/;;Nome muito amplo> mantido registro conservador sem suposição de escola.;;;Museu Histórico Nacional;Brasil;;;baixa;;;;;;;;;;;
Luísa Ulhoa;United States;School of Visual Arts;40.73861111;-73.98222222;United States;;;female;FILE Festival | SVA MFA Visual Narrative;alto;FILE explicita “País de Origem: Estados Unidos”> preenchido em nível de país.;FILE Festival (País de Origem);alta;FILE;Nova York, EUA;;;;39.398703156;-99.41461919;100.0;;;;;;;"atividade recente documentada; sem evidência de óbito.";
Lydia Okumura;Brazil;Fundação Armando Alvares Penteado> Pratt Graphic Art Center;40.65083333333333;-73.94972222222222;Osvaldo Cruz;;;female;MAC_consolidado_normalized.csv / nationality_progress_update.csv;;dados recuperados de base auxiliar> datas não localizadas;Wikidata;alta;MAC USP;São Paulo, Brasil> Nova York, EUA;;;alta;-21.7938474;-50.8853292;100.0;;;;;;;"atividade recente documentada; sem evidência de óbito.";
Lygia Clark;Brazil;aprendizado artístico com Roberto Burle Marx> estudos com Fernand Léger, Arpad Szenes e Isaac Dobrinsky;> ;> ;Belo Horizonte;;Rio de Janeiro;female;https://enciclopedia.itaucultural.org.br/pessoas/538-lygia-clark;;;Wikidata;alta;MAC USP;Rio de Janeiro, Brasil> Paris, França;1947> 1950–1952;https://enciclopedia.itaucultural.org.br/pessoas/538-lygia-clark;alta;-19.9181771;-43.9370534;100.0;-22.9014475;-43.1789159;100.0;MAC USP;MAC USP;MAC USP;"local de morte auditado; coordenadas mantidas para o município.";alta
Lynn Bianchi;United States;;;;Pittsburgh, Pennsylvania, USA;;;female;;;;Dayton Art Institute / Wikipedia;alto;FILE;;;;;40.4421676;-79.9949573;100.0;;;;;;;;
Lúcia Suanê;;;;;Pernambuco, Brazil;;São Paulo;female;https://galeriaestacao.com.br/documents/portfolio_110_153c0-%28pt%29-suane---%5Blucia-suane-carvalho-nobrega%5D-%281%29.pdf> https://institutosuane.com/vida;;inicia trajetória artística em ateliê compartilhado com Nelson Nóbrega> escola formal não localizada | fontes divergem entre Água Preta e Águas Belas> preenchimento mantido em nível de estado.;Jornal da USP / Catálogo das Artes;médio;MAC USP;São Paulo, Brasil;a partir de 1945;https://galeriaestacao.com.br/documents/portfolio_110_153c0-%28pt%29-suane---%5Blucia-suane-carvalho-nobrega%5D-%281%29.pdf > https://institutosuane.com/vida;media;-8.813717;-36.954107;;-23.5503944444;-46.6339472222;100.0;MAC USP;MAC USP;MAC USP;"local de morte auditado; fonte institucional registra São Paulo.";alta
M. Braçal;;;;;;;;;;;assinatura abreviada> não foi possível desambiguar com segurança;;;Museu do Diamante;;;;;;;;;;;;;;;
M. Jacques;;;;;;;;;;;;;;Museu Histórico Nacional;;;;;;;;;;;;;;;
M. Sá;;;;;;;;;;;assinatura abreviada> não foi possível desambiguar com segurança;;;Museu Paulista;;;;;;;;;;;;;;;
M.D.;;;;;;;;;;;assinatura abreviada> não foi possível desambiguar com segurança;;;Museu Casa de Benjamin Constant;;;;;;;;;;;;;;;
Mac Cauley;United States;New York University> American Film Institute;34.05223;-118.24368;;;;male;https://archive.file.org.br/participantes/mac-cauley/;alta;local de nascimento não localizado em fonte auditável;;;FILE;;;;;;;;;;;;;;;
Mac Dougall;;;;;;;;male;;;;;;Museu Paulista;;;;;;;;;;;;;;;
Macaparana;;;;;;;;male;;;;;;;;;;;;;;;;;;;;"atividade recente documentada; sem evidência de óbito.";
Macline;;;;;Geneva, Switzerland;;;;;;;Catálogo das Artes;médio;MAC USP;;;;;46.212270935;6.126642752;;;;;;;;;
Mads Weidner;Kingdom of Denmark;The Animation Workshop;56.4561;9.40611;Denmark;;;male;https://archive.file.org.br/participantes/mads-weidner/;alta;FILE explicita “País de Origem: Dinamarca”> preenchido em nível de país.;FILE Festival (País de Origem);alta;FILE;;;;;55.959300779;10.053934054;100.0;;;;;;;"site profissional recente indica atividade; sem evidência de óbito.";
Magali Melleu Sehn;Brazil;Universidade de São Paulo (ECA-USP);-23.5576158;-46.7240896;;;;female;https://orcid.org/0000-0002-9215-7747> https://www.escavador.com/sobre/355862/magali-melleu-sehn;alta;local de nascimento não localizado em fonte auditável;;;FILE;;;;;;;;;;;;;;"atividade acadêmica recente em fonte institucional; sem evidência de óbito.";
Mahmoud Alkhateeb;Palestine;;;;Palestine;;;;;;;Wikidata;alta;FILE;;;;;31.912719787;35.204684057;100.0;;;;;;;;
Manabu Mabe;Brazil;;;;Kumamoto Prefecture;;São Paulo;male;Enciclopédia Itaú Cultural / fontes biográficas de referência;;artista autodidata> sem escola formal localizada;Wikidata;alta;MAC USP;São Paulo, Brasil;;;alta;32.80320492;130.70802355;100.0;-23.5486657;-46.6382522;100.0;Enciclopédia Itaú Cultural;Enciclopédia Itaú Cultural;Enciclopédia Itaú Cultural;"local de morte auditado; fonte institucional registra São Paulo.";alta
Mane-Katz;France;Beaux-Arts de Paris> Escola de Belas-Artes de Kiev> estudos em Vilnius> École des Beaux-Arts (atelier de Cormon);50.45> 54.68722222222223> 48.85680555555555;30.523611111111> 25.28> 2.333277777777778;Kremenchuk;Hof HaCarmel Cemetery;Tel-Aviv;male;https://www.artmajeur.com/mane-katz/pt;;a trajetória inicial passa por Kiev e Vilnius antes da ida a Paris;Wikidata;alta;MAC USP;Kiev, Ucrânia> Vilnius, Lituânia> Paris, França;s.d.> s.d.> 1913–1914;https://www.artmajeur.com/mane-katz/pt;media;49.06253;33.40484;100.0;32.0735802;34.7880511;100.0;Ben Uri;Ben Uri;Ben Uri;"local de morte auditado; fonte biográfica institucional registra Tel-Aviv.";alta
Manesha Ramesh;India;New York University Abu Dhabi;24.5239;54.4346;India;;;female;https://nyuad.io/en/people/manesha-ramesh> https://hackathon.nyuad.nyu.edu/person/manesha-ramesh/;média;FILE explicita “País de Origem: Índia”> preenchido em nível de país.;FILE Festival (País de Origem);alta;FILE;;;;;20.593684;78.96288;;;;;;;;"atividade recente em fonte aberta; sem evidência de óbito.";
Manfredo de Souzanetto;Brazil;Escola Guignard> Universidade Federal de Minas Gerais;-19.9552;-43.9202;Jacinto, Minas Gerais, Brazil;;;male;https://www.martir.org/artistas/manfredo-de-souzanetto/> https://www.guiadasartes.com.br/manfredo-de-souzanetto/biografia;;na UFMG estuda arquitetura;https://acervo.macrs.rs.gov.br/artistas-macrs/manfredo-de-souzanetto/;alta;MAC USP;Belo Horizonte, Brasil> Belo Horizonte, Brasil;1969> 1972–1975;https://www.martir.org/artistas/manfredo-de-souzanetto/ > https://www.guiadasartes.com.br/manfredo-de-souzanetto/biografia;alta;-16.1415;-40.2954;;;;;;;;"site oficial recente indica atividade; sem evidência de óbito.";
Manoel da Costa Ataíde (atribuição);;;;;;;;;;;autoria atribuída/incerta> formação não localizada com segurança;;;Museu da Inconfidência;;;;;;;;;;;;;;"registro por atribuição; campo mantido em branco para evitar inferência sobre autoria.";
Manoel de Oliveira Pastana;Brazil;estudos com Theodoro Braga e Francisco Estrada;-1.4549817;-48.502273;Castanhal;;Rio de Janeiro;male;https://pt.wikipedia.org/wiki/Manoel_Pastana;;A fonte aberta registra formação por artistas-mestres em Belém.;Wikidata;alta;Museu Histórico Nacional;Belém;;;media;-1.2971579;-47.9211778;100.0;-22.9014475;-43.1789159;100.0;Enciclopédia Itaú Cultural;Enciclopédia Itaú Cultural;Enciclopédia Itaú Cultural;"local de morte auditado; fonte institucional registra Rio de Janeiro.";alta
Manoel Teixeira da Rocha;;;;;;;Rio de Janeiro;;fontes biográficas de referência;;não localizei escola formal> mantido apenas contexto geográfico da formação colonial;;;Museu Casa da Hera;Bahia, Brasil;;;baixa;;;;-22.9014475;-43.1789159;100.0;Enciclopédia Itaú Cultural;Enciclopédia Itaú Cultural;Enciclopédia Itaú Cultural;grafia variante auditada a partir do verbete de Manuel Teixeira da Rocha.;alta
Manoel Veiga;;Escolinha de Arte do Recife> Escola Nacional Superior de Belas-Artes> Escola do Louvre> workshop em Nova York;-8.0538888888889> 48.85680555555555> 40.71277777777778;-34.880833333333> 2.333277777777778> -74.00611111111111;Recife, Pernambuco, Brazil;;;male;https://www.sp.senac.br/sites/artenosenac/Manoel-Veiga_.html | https://www.catalogodasartes.com.br/artista/Manoel%20Veiga/;;As fontes também mencionam orientação de Gil Vicente entre 1995 e 1997.;site oficial do artista;alto;MAC USP;Recife> Paris> Nova York;1994-1995> 1997> 1998;https://www.sp.senac.br/sites/artenosenac/Manoel-Veiga_.html;alta;-8.0551894;-34.871176;;;;;;;;"site do artista e reportagem recente indicam atividade profissional; sem evidência de óbito.";
Manuel Alvarez;Spain;Royal Academy of Fine Arts of San Fernando;40.4178;-3.7007;Salamanca;;Madrid;male;;;nome muito genérico> não foi possível desambiguar com segurança;Wikidata;alta;MAC USP;;;;;20.56965284;-101.199866927;100.0;40.4166909;-3.7003454;100.0;Museo Nacional del Prado;Museo Nacional del Prado;Museo Nacional del Prado;identificado como Manuel Álvarez de la Peña a partir do local de nascimento e da formação.;media
Manuel Calvo;Spain;Círculo de Bellas Artes;40.418307;-3.696575;Oviedo;;Madrid;male;fontes biográficas de referência;;instituição identificada em fontes secundárias;Wikidata;alta;MAC USP;Montevidéu, Uruguai;s.d.;fontes biográficas de referência;baixa;43.3602825;-5.8447919;100.0;40.4166909;-3.7003454;100.0;"Geometricae; Wikipedia (es)";"Geometricae; Wikipedia (es)";"Geometricae; Wikipedia (es)";"local de morte auditado; fontes secundárias convergem em Madrid.";media
Manuel de Araújo Porto-Alegre;Brazil;Escola Nacional de Belas Artes> Academia Imperial de Belas Artes> École des Beaux-Arts;-22.91111111111111> 48.85666666666667;-43.20555555555556> 2.333611111111112;Rio Pardo;;Lisbon;male;https://pt.wikipedia.org/wiki/Manuel_de_Ara%C3%BAjo_Porto-Alegre | https://enciclopedia.itaucultural.org.br/pessoas/5436-manuel-de-araujo-porto-alegre;;As fontes também indicam formação com Jean-Baptiste Debret.;Wikidata;alta;Pinacoteca de São Paulo;Rio de Janeiro> Paris;1827 em diante> 1831-1837;https://pt.wikipedia.org/wiki/Manuel_de_Ara%C3%BAjo_Porto-Alegre;alta;-29.9833171;-52.3713228;100.0;38.7070085;-9.1356407;100.0;Academia Brasileira de Letras;Academia Brasileira de Letras;Academia Brasileira de Letras;"local de morte auditado; fonte institucional registra Lisboa.";alta
Manuel Dias de Oliveira;Brazil;formação inicial como ourives> estudos de pintura no Porto> Real Casa Pia;41.15> -23.550394444444;-8.610833333333334> -46.633947222222;Cachoeiras de Macacu;;Campos dos Goytacazes;male;https://pt.wikipedia.org/wiki/Manuel_Dias_de_Oliveira | https://academiabrasileiradeartes.org.br/especial/patrono/manuel-dias-de-oliveira-brasiliense/;;As fontes mencionam contato com Domingos Antônio de Sequeira em Lisboa.;Wikidata;alta;Museu Histórico Nacional;Rio de Janeiro> Porto> Lisboa;;;media;-22.4619411;-42.6535734;100.0;-21.75227;-41.33044;100.0;Enciclopédia Itaú Cultural;Enciclopédia Itaú Cultural;Enciclopédia Itaú Cultural;"local de morte auditado; fonte institucional registra Campos dos Goytacazes.";alta
Manuel Faria Guimarães;Brazil;Liceu de Artes e Ofícios> Escola Nacional de Belas Artes;> -22.8625055;> -43.2256622;Rio de Janeiro;;Rio de Janeiro;male;https://pt.wikipedia.org/wiki/Manuel_Faria_Guimar%C3%A3es | https://www.arrematearte.com.br/artistas/manuel-faria-guimaraes-1895;;A fonte também nomeia Eurico Alves, João Batista da Costa, Lucílio de Albuquerque e Rodolfo Chambelland como mestres.;Wikidata;alta;Museu Histórico Nacional;Rio de Janeiro;1909> 1913 em diante;https://pt.wikipedia.org/wiki/Manuel_Faria_Guimar%C3%A3es | https://www.arrematearte.com.br/artistas/manuel-faria-guimaraes-1895;alta;-22.9014475;-43.1789159;100.0;-22.9014475;-43.1789159;100.0;"Wikipedia (pt); Arremate Arte";"Wikipedia (pt); Arremate Arte";"Wikipedia (pt); Arremate Arte";local de morte auditado em fontes secundárias convergentes.;media
Manuel Lopes Rodrigues;Brazil;Liceu de Artes e Ofícios da Bahia> Academia de Belas Artes da Bahia> pedido de ingresso na Academia Imperial de Belas Artes;-12.98305555555556> -12.990785;-38.49277777777777> -38.524427;Salvador;;Salvador;male;https://pt.wikipedia.org/wiki/Manuel_Lopes_Rodrigues | https://www.catalogodasartes.com.br/artista/Manuel%20Lopes%20Rodrigues/;;As fontes indicam primeiras lições com o pai João Francisco Lopes Rodrigues e com Miguel Navarro Cañizares.;Wikidata;alta;Museu Histórico Nacional;Salvador> Rio de Janeiro;até 1882> mudança para o Rio em 1882;https://pt.wikipedia.org/wiki/Manuel_Lopes_Rodrigues | https://www.catalogodasartes.com.br/artista/Manuel%20Lopes%20Rodrigues/;alta;-12.9641527;-38.5058208;100.0;-12.9641527;-38.5058208;100.0;Enciclopédia Itaú Cultural;Enciclopédia Itaú Cultural;Enciclopédia Itaú Cultural;"local de morte auditado; fonte institucional registra Salvador.";alta
Manuel Poluceno Pereira da Silva;;Academia Imperial de Belas Artes;-22.91111111111111;-43.20555555555556;;;;male;https://repositorio.ufsc.br/handle/123456789/179976 | https://repositorioslatinoamericanos.uchile.cl/handle/2250/1783781;;As fontes abertas identificam que estudou na Academia Imperial de Belas-Artes, especializando-se em retrato e pintura de história, mas não trazem cronologia detalhada.;;;Museu Histórico Nacional;Rio de Janeiro;;;media;;;;;;;;;;;
Manuel Teixeira da Rocha;Brazil;Liceu Imperial de Artes e Ofícios> Academia Imperial de Belas Artes;-22.91111111111111;-43.20555555555556;São Miguel dos Campos;;Rio de Janeiro;male;https://www.arrematearte.com.br/artistas/teixeira-da-rocha-1863 | https://enciclopedia.itaucultural.org.br/pessoas/7402-teixeira-da-rocha;;;Wikidata;alta;Museu Histórico Nacional;Rio de Janeiro;c.1878> c.1881;https://www.arrematearte.com.br/artistas/teixeira-da-rocha-1863 | https://enciclopedia.itaucultural.org.br/pessoas/7402-teixeira-da-rocha;alta;-9.7815759;-36.0935689;100.0;-22.9014475;-43.1789159;100.0;Enciclopédia Itaú Cultural;Enciclopédia Itaú Cultural;Enciclopédia Itaú Cultural;"local de morte auditado; fonte institucional registra Rio de Janeiro.";alta
Manuela Cappucci;Italy;;;;Italy;;;female;;;FILE explicita “País de Origem: Itália”> preenchido em nível de país.;FILE Festival (País de Origem);alta;FILE;;;;;42.83333;12.83333;100.0;;;;;;;"coletivo Minus.log e FILE indicam atividade recente; sem evidência de óbito.";
Manuela Naveau;Austria;University of Art and Design Linz;48.3066;14.2857;Linz, Austria;;;female;CV oficial da artista / University of Art and Design Linz;alto;;Kunstuniversität Linz / site oficial;alto;FILE;;;;;48.306089;14.2864367;100.0;;;;;;;"site oficial e universidade indicam atividade acadêmica recente; sem evidência de óbito.";
Maranhense Mello;;;;;;;;;;;;;;Museu Histórico Nacional;;;;;;;;;;;;;;"identificação biográfica insuficiente em fonte aberta; local de morte não localizado.";
Marc Chagall;France;School Yehuda Pen in Vitebsk> escola de Iouri Pen> Zvantseva School of Drawing and Painting;55.183333333333> 59.95;30.166666666667> 30.316666666667;Liozna;Cimetière de Saint-Paul-de-Vence;Saint-Paul-de-Vence;male;https://www.marcchagall.com/en/biography> https://www.marcchagall.com/fr/biographie;;Educação religiosa inicial (heder) e ensino geral não foram priorizados aqui> foco na formação artística.;Wikidata;alta;MAC USP;Vitebsk, Belarus> São Petersburgo, Rússia;1906> 1908–1910;https://www.marcchagall.com/en/biography > https://www.marcchagall.com/fr/biographie;alta;55.03097;30.7991779;100.0;43.696875101;7.122200368;100.0;Musée national Marc Chagall;Musée national Marc Chagall;Musée national Marc Chagall;"local de morte auditado; fonte biográfica oficial indica Saint-Paul-de-Vence.";alta
Marc Lee;Switzerland;Zurich University of the Arts;47.38295;8.5358;Knutwil;;;male;;;;Wikidata;alta;FILE;;;;;47.199360181;8.072418274;100.0;;;;;;;"site oficial recente indica atividade; sem evidência de óbito.";
Marcel Van Brakel;Netherlands;St. Joost School of Art & Design;51.58888888888889;4.775833333333333;Netherlands;;;male;St. Joost Graduation Show — Marcel van Brakel;alto;fonte biográfica identifica apenas o país> preenchimento mantido em nível de país.;VML / FILE Festival;médio;FILE;;;;;52.249375293;5.616126398;100.0;;;;;;;"entrevista e FILE indicam atividade recente; sem evidência de óbito.";
Marcell Andristyak;Hungary;Moholy-Nagy University of Art and Design> Budapest Metropolitan University;47.5171> 47.50638889;18.9898> 19.135;Hungary;;;male;FILE Festival;médio;FILE explicita “País de Origem: Hungria”> preenchido em nível de país.;FILE Festival (País de Origem);alta;FILE;;;;;47.16708877;19.4245317;100.0;;;;;;;"site profissional recente indica atividade; sem evidência de óbito.";
Marcello Nitsche;Brazil;Fundação Armando Alvares Penteado> Escola Profissional Getúlio Vargas> Fundação Armando Álvares Penteado (FAAP);-1.4558333333333;-48.503888888889;São Paulo;;São Paulo;male;https://www.escritoriodearte.com/artista/marcello-nitsche;;na Getúlio Vargas tem formação preparatória> conclui licenciatura em desenho na FAAP;Wikidata;alta;MAC USP;São Paulo, Brasil> São Paulo, Brasil;s.d.> 1966–1969;https://www.escritoriodearte.com/artista/marcello-nitsche;alta;-23.5486657;-46.6382522;100.0;-23.5486657;-46.6382522;100.0;"FUNARTE; Enciclopédia Itaú Cultural";"FUNARTE; Enciclopédia Itaú Cultural";"FUNARTE; Enciclopédia Itaú Cultural";"local de morte auditado; fontes convergem em São Paulo.";alta
Marcelo Bonevardi;Argentina;Escuela Nacional de Bellas Artes Prilidiano Pueyrredón;-34.59472222;-58.39944444;Buenos Aires;;Córdoba;male;fontes biográficas de referência;;instituição identificada em fontes sumárias;Wikidata;alta;MAC USP;Buenos Aires, Argentina;s.d.;fontes biográficas de referência;baixa;-34.6090264;-58.3732215;100.0;-31.40648;-64.18853;100.0;"Leon Tovar Gallery; Museo Nacional de Bellas Artes (AR)";"Leon Tovar Gallery; Museo Nacional de Bellas Artes (AR)";"Leon Tovar Gallery; Museo Nacional de Bellas Artes (AR)";"local de morte auditado; fontes institucionais convergem em Córdoba.";alta
Marcelo Castro;Brazil;;;;Brasil;;;male;;;Ficha FILE explicita País de Origem.;FILE Archive — ficha de participante;alta;FILE> Museu Casa da Hera;;;;alta;-10.769946429;-53.073466889;;;;;;;;"FILE e biografia profissional indicam atividade recente; sem evidência de óbito.";
Marcelo Grassmann;Brazil;Escola Profissional Masculina do Brás;-23.54504;-46.61634;São Simão;;São Paulo;male;Núcleo Marcello Grassmann> Escritório de Arte;;Estuda fundição, mecânica e entalhe em madeira.;Wikidata;alta;MAC USP;São Paulo, Brasil;1939–1942;Escritório de Arte;alta;-18.9942825;-50.5471599;100.0;-23.5486657;-46.6382522;100.0;Enciclopédia Itaú Cultural;Enciclopédia Itaú Cultural;Enciclopédia Itaú Cultural;"local de morte auditado; fonte institucional registra São Paulo.";alta
Marcia Schvartz;Argentina;Escuela Nacional de Bellas Artes Manuel Belgrano> ateliês de Ricardo Carreira, Aída Carballo, Luis Falcini e Luis Felipe Noé;-34.63486827098634;-58.37169270382104;Buenos Aires;;;female;https://www.marciaschvartz.com/biografia;;estudos inconclusos na Manuel Belgrano e formação complementar em ateliês;Wikidata;alta;MAC USP;Buenos Aires, Argentina> Buenos Aires, Argentina;1970> 1970s;https://www.marciaschvartz.com/biografia;alta;-34.6090264;-58.3732215;100.0;;;;;;;"site oficial recente indica atividade; sem evidência de óbito.";
Marcin Giżycki;Poland;University of Warsaw;52.240280555556;21.019169444444;Warsaw, Poland;;Warsaw;male;;;;Wikipedia / IMDb;médio;FILE;;;;;52.229827082;21.011731518;100.0;52.229827082;21.011731518;100.0;"nekrologi.wyborcza.pl; PJAIT";"nekrologi.wyborcza.pl; PJAIT";"nekrologi.wyborcza.pl; PJAIT";"local de morte auditado; obituário e instituição vinculam o falecimento a Varsóvia.";media
Marco B. Fontichiari;United States;Academy of Fine Arts of Bologna> Cineteca Bologna> University of California San Diego;44.4988658> 32.88111111111111;11.3368279> -117.2380555555556;Deer Park, USA;;;male;https://file.org.br/videoarte_2018/marco-b-fontichiari/> https://sites.google.com/view/marcofontichiari/cv;alta;fonte não especifica o estado;Collection of Collections;médio;FILE;;;;;40.761765;-73.329286;;;;;;;;"site profissional recente indica atividade; sem evidência de óbito.";
Marco Ferrazza;Italy;Sapienza Università di Roma> conservatory in Cagliari> conservatory in Naples;41.903333333333> 39.216666666667> 40.83583333333333;12.515833333333> 9.1166666666667> 14.24861111111111;Italy;;;male;https://conservatoriomantova.com/it/elenco_docenti/ferrazza_marco;média;FILE explicita “País de Origem: Itália”> preenchido em nível de país.;FILE Festival (País de Origem);alta;FILE;;;;;42.83333;12.83333;100.0;;;;;;;"site oficial recente indica atividade; sem evidência de óbito.";
Marco Giannotti;Brazil;University of São Paulo> Faculdade de Filosofia, Letras e Ciências Humanas da USP> curso de desenho e gravura em metal com Sérgio Fingermann;-23.5613991;-46.7307891;São Paulo, São Paulo, Brazil;;;male;https://www.escritoriodearte.com/artista/marco-giannotti;;formação combina filosofia na USP e estudo artístico com Sérgio Fingermann;https://bv.fapesp.br/pt/pesquisador/54773/marco-garaude-giannotti;alta;MAC USP;São Paulo, Brasil> São Paulo, Brasil;1988> a partir de 1980;https://bv.fapesp.br/pt/pesquisador/54773/marco-garaude-giannotti;alta;-23.5486657;-46.6382522;;;;;;;;"site oficial e universidade indicam atividade profissional recente; sem evidência de óbito.";
Marco Wey;Brazil;;;;Brazil;;;male;;;FILE explicita “País de Origem: Brasil”> preenchido em nível de país.;FILE Festival (País de Origem);alta;FILE;;;;;-10.769946429;-53.073466889;100.0;;;;;;;;
Marharita Tsikhanovich;Belarus;Minsk State Fine Art College> University of West Bohemia> Ladislav Sutnar Faculty of Design and Art;53.922383;27.595274;Minsk, Belarus;;;female;FILE Festival;médio;Fonte institucional usa formulação de origem (“artista de Minsk, Bielorrússia”), sem afirmar nascimento.;FILE Festival (biografia do artista);baixa;FILE;;;;;53.902472;27.561822;;;;;;;;"perfil profissional recente indica atividade; sem evidência de óbito.";
Maria Augusta da Costa Carvalho;Brazil;estudo de desenho com Presciliano Silva> pintura com Osvaldo Teixeira, Emídio Magalhães, João Medeiros e Paulo Marinho;> ;> ;Piracicaba;;;female;https://www.catalogodasartes.com.br/artista/M.%20Augusta/ | https://www.catalogodasartes.com.br/artista/Maria%20Augusta%20-%20M.Augusta-%20M.%20Augusta%20-%20M%20Augusta/;;A formação recuperada é por mestres, não por instituição formal nomeada.;Wikidata;alta;Museu Paulista;Rio de Janeiro;sem data precisa na fonte;https://www.catalogodasartes.com.br/artista/M.%20Augusta/;media;-22.724976;-47.6476;100.0;;;;;;;óbito não localizado em fonte aberta auditável.;
Maria Carmen;;estudos de escultura com Humberto Cozzo> curso de desenho com Abelardo da Hora;> ;> ;Recife, Pernambuco, Brazil;;Recife;female;https://enciclopedia.itaucultural.org.br/pessoas/3427-maria-carmen | https://sites.google.com/recife.pe.gov.br/elaspintam-7/as-artistas/1%C2%AA-temporada/maria-carmen;;A formação documentada aparece por mestres e cursos livres, não por instituição única.;Revista Continente / RGA;médio;MAC USP;Rio de Janeiro (RJ)> Recife (PE);1959-1961> 1962;https://enciclopedia.itaucultural.org.br/pessoas/3427-maria-carmen | https://sites.google.com/recife.pe.gov.br/elaspintam-7/as-artistas/1%C2%AA-temporada/maria-carmen;media;-8.0551894;-34.871176;;-8.0538888889;-34.8808333333;100.0;"Jornal do Commercio; Rodrigues Galeria";"Jornal do Commercio; Rodrigues Galeria";"Jornal do Commercio; Rodrigues Galeria";local de morte adotado a partir de fontes secundárias convergentes sobre o falecimento em Recife.;media
Maria Emília Campos;Brazil;Escola Guignard;-19.9552;-43.9202;;;;female;https://acervoghm.blogspot.com/2015/03/maria-emilia-campos-1980.html;;;;;Museu Histórico Nacional;Belo Horizonte;;;alta;;;;;;;;;;óbito não localizado em fonte aberta auditável.;
Maria Hsu;Brazil;;;;Brazil;;;female;;;FILE explicita “País de Origem: Brasil”> preenchido em nível de país.;FILE Festival (País de Origem);alta;FILE;;;;;-10.769946429;-53.073466889;100.0;;;;;;;"atividade recente em fonte aberta; sem evidência de óbito.";
Maria Leontina;Brazil;aulas de desenho com Antônio Covello> estudos de pintura com Waldemar da Costa> ateliê de Bruno Giorgi> Museu Histórico Nacional;-22.90590833;-43.16952222;São Paulo;;Rio de Janeiro;female;Enciclopédia Itaú Cultural> Galeria Ipanema;;;Wikidata;alta;MAC USP;São Paulo, Brasil> São Paulo, Brasil> Rio de Janeiro, Brasil> Rio de Janeiro, Brasil;1938> c. 1940s> 1946> 1946–1948;Galeria Ipanema;media;-23.5486657;-46.6382522;100.0;-22.9014475;-43.1789159;100.0;Enciclopédia Itaú Cultural;Enciclopédia Itaú Cultural;Enciclopédia Itaú Cultural;"local de morte auditado; fonte institucional registra Rio de Janeiro.";alta
Maria Luisa Pacheco;Bolivia;Academia de Bellas Artes> Real Academia de Bellas Artes de San Fernando;40.4178;-3.7007;La Paz;;New York City;female;https://www.oas.org/artsoftheamericas/maria-luisa-pacheco;;inicia formação artística em La Paz e continua estudos de pós-graduação em Madri;Wikidata;alta;MAC USP;La Paz, Bolívia> Madrid, Espanha;1934> 1951–1952;https://en.wikipedia.org/wiki/Mar%C3%ADa_Luisa_Pacheco;alta;-16.4977871;-68.1258403;100.0;40.7130466;-74.0072301;100.0;UPI Archives;UPI Archives;UPI Archives;"local de morte auditado; obituário registra New York.";media
Maria Luiza Pompeu;Brazil;estudos com Alfredo Norfini;-22.9073702;-47.0628996;Campinas;;Campinas;female;https://pt.wikipedia.org/wiki/Maria_Luiza_Pompeu;;A fonte recuperada registra o mestre, não uma escola formal.;Wikidata;alta;Museu Paulista;Campinas;;;media;-22.9073702;-47.0628996;100.0;-22.9073702;-47.0628996;100.0;Wikipedia (pt);Wikipedia (pt);Wikipedia (pt);"fontes abertas divergem sobre datas vitais; local de morte converge em Campinas.";media
Maria Lídia Magliani;Brazil;Federal University of Rio Grande do Sul;-30.033611111111;-51.219166666667;Pelotas;;Rio de Janeiro;female;MAC_consolidado_normalized.csv / nationality_applied_dataset.csv;;dados recuperados de base auxiliar> datas não localizadas;Wikidata;alta;MAC USP;Porto Alegre, Brasil;;;alta;-31.7466131;-52.3353928;100.0;-22.9014475;-43.1789159;100.0;Museu Afro Brasil;Museu Afro Brasil;Museu Afro Brasil;"local de morte auditado; fonte institucional registra Rio de Janeiro.";alta
Maria Polo;;University of Cordoba;37.8847;-4.78833;Venice, Italy;;Rio de Janeiro;female;;;grafia abreviada no CSV> preenchimento baseado no verbete de Maria Polo.;Enciclopédia Itaú Cultural;médio;;;;;;45.434608;12.338913;;-22.9014475;-43.1789159;100.0;Enciclopédia Itaú Cultural;Enciclopédia Itaú Cultural;Enciclopédia Itaú Cultural;"local de morte auditado; fonte institucional registra Rio de Janeiro.";alta
Maria Salomé;;formação artística brasileira> instituição não identificada na fonte aberta consultada;> ;> ;;;;female;https://www.catalogodasartes.com.br/;;Nome amplo e fontes abertas insuficientes nesta rodada.;;;Museu Histórico Nacional;Brasil;;;baixa;;;;;;;;;;"identificação biográfica insuficiente em fonte aberta; local de morte não localizado.";
Maria Tereza Louro;Brazil;Fundação Armando Alvares Penteado (FAAP)> Escola de Comunicações e Artes da Universidade de São Paulo (ECA-USP);-23.5450155> -23.55833333;-46.6630802> -46.72694444;São Paulo, São Paulo, Brazil;;;female;https://www.escavador.com/sobre/2433848/maria-tereza-figueiredo-das-neves-louro | https://arteref.com/artista-da-semana/conheca-a-arte-de-maria-tereza-louro/;;A fonte acadêmica recuperada lista graduação, especializações e mestrado.;Enciclopédia Itaú Cultural;alto;MAC USP;São Paulo (SP);1984> 1985> 1991> 2000;https://www.escavador.com/sobre/2433848/maria-tereza-figueiredo-das-neves-louro;alta;-23.5486657;-46.6382522;;;;;;;;"fonte institucional recente registra artista nascida em 1963; sem evidência de óbito.";
Mariam Akbar;Bahrain;;;;Bahrain;;;;;;FILE explicita “País de Origem: Barém”> preenchido em nível de país.;FILE Festival (País de Origem);alta;FILE;;;;;26.0667;50.5577;;;;;;;;"atividade recente em FILE e plataforma autoral; sem evidência de óbito.";
Mariana Manhães;Brazil;Universidade Federal Fluminense (UFF)> Escola de Artes Visuais do Parque Lage> Universidade Federal do Rio de Janeiro (UFRJ);-22.9032307> -22.9606> -22.8625;-43.1165843> -43.212> -43.223888888889;Niterói;;;female;https://eavparquelage.rj.gov.br/professor/mariana-manhaes | https://www.catalogodasartes.com.br/artista/Mariana%20Manhaes%20%20-%20Mariana%20Manh%EF%BF%BDes%20/;;A cronologia da formação artística e acadêmica aparece com clareza nas fontes.;Wikidata;alta;MAC USP;Niterói> Rio de Janeiro;Psicologia concluída em 2001> formação artística 1997-2005> mestrado concluído em 2012;https://eavparquelage.rj.gov.br/professor/mariana-manhaes | https://www.catalogodasartes.com.br/artista/Mariana%20Manhaes%20%20-%20Mariana%20Manh%EF%BF%BDes%20/;alta;-22.8898227;-43.1220775;100.0;;;;;;;"site oficial recente indica atividade e docência; sem evidência de óbito.";
Mariana Palma;Brazil;Fundação Armando Álvares Penteado (FAAP);-23.5450155;-46.6630802;São Paulo;;;female;currículo da artista> Guia das Artes;;bacharelado em Artes Plásticas;Wikidata;alta;Museu Victor Meirelles;São Paulo, SP;1998–2001;currículo da artista> Guia das Artes;alta;-23.5486657;-46.6382522;100.0;;;;;;;"site oficial recente e exposição em 2025 indicam atividade; sem evidência de óbito.";
Mariana Silva da Silva;Brazil;Instituto de Artes da UFRGS> Faculté des Arts, Université de Picardie Jules Verne;-30.0292> 49.8768;-51.2233> 2.2646;Porto Alegre, RS, Brasil;;;female;MACRS> Escavador;;bacharel, mestre e doutora em Artes Visuais pela UFRGS> estágio na Université de Picardie Jules Verne> datas não localizadas com segurança;MACRS;alta;Museu Victor Meirelles;Porto Alegre, RS> Amiens, França;;;media;-30.027679;-51.2286404;;;;;;;;"fonte institucional recente indica atividade docente; sem evidência de óbito.";
Marianne Peretti;Brazil;Académie de la Grande Chaumière> École nationale supérieure des arts décoratifs;48.85666666666667;2.352222222222222;Paris;;Recife;female;https://mauc.ufc.br/pt/marianne-peretti/;;Fonte institucional confirma as duas escolas em Paris, mas não traz datas precisas do período de estudos.;Wikidata;alta;MAC USP;Paris, França> Paris, França;;;alta;48.856372814;2.352529617;100.0;-8.0538888889;-34.8808333333;100.0;TRF5;TRF5;TRF5;"local de morte auditado; fonte institucional registra Recife.";alta
Marie Ciesielski;France;Supinfocom Rubika School;50.357856469;3.524197715;;;;female;FILE Festival;médio;local de nascimento não localizado em fonte auditável;;;FILE;;;;;;;;;;;;;;participação recente em FILE e circulação autoral sem evidência de óbito.;
Marija Avramovic;France;Faculty of Fine Arts, Belgrade> École nationale supérieure des beaux-arts, Paris> École nationale supérieure d'art et de design de Nancy;44.81777777777778> 48.85680555555555> 48.692777777778;20.45694444444445> 2.333277777777778> 6.1836111111111;Belgrade, Serbia;;;female;https://maravramovic.wixsite.com/marijaavramovic/cv> https://novembargallery.com/en/artists/marija-avramovic-3/;alta;;CV da artista;alto;FILE;;;;;44.817813;20.456897;;;;;;;;"CV autoral indica nascimento em 1989 e atividade recente; sem evidência de óbito.";
Marilyn Diggs;;;;;Tulsa, Oklahoma, USA;;;female;;;biografia localizada> formação não localizada com segurança;MAC USP;alto;MAC USP;;;;;36.156312;-95.992752;;;;;;;;"MAC USP registra apenas nascimento; local de morte não localizado em fonte auditável.";
Marina Saleme;Brazil;curso de desenho em Montreaux> Fundação Armando Álvares Penteado (FAAP)> curso de desenho e pintura com Carlos Fajardo;46.435;6.9125;São Paulo, São Paulo, Brazil;;;female;https://www.luisastrina.com.br/artists/84-marina-saleme/biography/> https://www.escritoriodearte.com/artista/marina-saleme;;combina curso livre, licenciatura e formação complementar;https://marinasaleme.com/cv/;alta;MAC USP;Montreaux, Suíça> São Paulo, Brasil> São Paulo, Brasil;1976> 1977–1982> 1981;https://www.luisastrina.com.br/artists/84-marina-saleme/biography/ > https://www.escritoriodearte.com/artista/marina-saleme;alta;-23.5486657;-46.6382522;;;;;;;;"CV recente indica atividade profissional; sem evidência de óbito.";
Marine Varguy;France;Gobelins;48.836944444444;2.3536111111111;France;;;female;https://www.stashmedia.tv/tag/marine-varguy/;média;FILE explicita “País de Origem: França”> preenchido em nível de país.;FILE Festival (País de Origem);alta;FILE;;;;;46.559417044;2.550539953;100.0;;;;;;;"portfólio autoral e FILE indicam atividade recente; sem evidência de óbito.";
Mario Ballocco;Italy;Brera Academy;45.47222222;9.18888889;Milan;;Milan;male;MAC_consolidado_normalized.csv / nationality_applied_dataset.csv;;dados recuperados de base auxiliar> datas não localizadas;Wikidata;alta;MAC USP;Milão, Itália;;;alta;45.4636183;9.1881156;100.0;45.4636183;9.1881156;100.0;Fondazione Fiera Milano;Fondazione Fiera Milano;Fondazione Fiera Milano;"local de morte auditado; fonte institucional registra Milano.";alta
Mario Faustinelli;Italy;;;;Venice;;Milan;male;;;formação não localizada com segurança;Wikidata;alta;MAC USP;;;;;45.434608;12.338913;100.0;45.4636183;9.1881156;100.0;"Wikipedia (it); IMDb";"Wikipedia (it); IMDb";"Wikipedia (it); IMDb";local de morte auditado em fontes secundárias convergentes.;media
Mario Mafai;Italy;Scuola Libera del Nudo, Accademia di Belle Arti di Roma;41.9075;12.4756;Rome;;Rome;male;https://pt.wikipedia.org/wiki/Mario_Mafai;;Biografia consultada confirma a frequência à Scuola Libera del Nudo, sem datas precisas nesta passada.;Wikidata;alta;MAC USP;Roma, Itália;;;media;41.8905568;12.4942679;100.0;41.8905568;12.4942679;100.0;MAC USP;MAC USP;MAC USP;"local de morte auditado; fonte museológica registra Roma.";alta
Mario Sironi;Italy;University of Rome> Scuola Libera del Nudo, Accademia di Belle Arti di Roma;41.9075;12.4756;Sassari;;Milan;male;https://en.wikipedia.org/wiki/Mario_Sironi;;A biografia consultada informa estudos de engenharia em Roma e, depois, formação artística na Scuola Libera del Nudo.;Wikidata;alta;MAC USP;Roma, Itália> Roma, Itália;até 1903> c. 1903–1905;https://en.wikipedia.org/wiki/Mario_Sironi;media;40.7273106;8.5586705;100.0;45.4636183;9.1881156;100.0;Fondazione Fiera Milano;Fondazione Fiera Milano;Fondazione Fiera Milano;"local de morte auditado; fonte institucional registra Milano.";alta
Mario Toral;Chile;Beaux-Arts de Paris;48.85680555555555;2.333277777777778;Santiago;;;male;MAC_consolidado_normalized.csv / nationality_applied_dataset.csv;;dados recuperados de base auxiliar> datas não localizadas;Wikidata;alta;MAC USP;Paris, França;;;alta;-33.4459946;-70.6670569;100.0;;;;;;;"fontes recentes e institucionais indicam atividade; sem evidência de óbito.";
Mark Lotterman;Kingdom of the Netherlands;;;;Rotterdam;;;male;;;;Wikidata;alta;FILE;;;;;51.918323034;4.493749988;100.0;;;;;;;"homônimos em fontes abertas; identidade do participante não desambiguada com segurança.";
Mark Regester;Scotland;;;;Scotland;;;male;;;fonte identifica apenas o país de nascimento;FILE Festival;médio;FILE;;;;;56.490671;-4.202646;;;;;;;;"FILE e exposição recente indicam atividade; sem evidência de óbito.";
Mark Tholander;Kingdom of Denmark;Jutland Art Academy> Imperial Academy of Arts, St. Petersburg;59.95;30.316666666667;Denmark;;;male;https://currentsnewmedia.org/artist/mark-tholander/> https://archive.simultan.org/authors/mark-tholander/;média;FILE explicita “País de Origem: Dinamarca”> preenchido em nível de país.;FILE Festival (País de Origem);alta;FILE;;;;;55.959300779;10.053934054;100.0;;;;;;;"site oficial recente indica atividade; sem evidência de óbito.";
Markus Magnusson;Sweden;;;;Sweden;;;male;;;FILE explicita “País de Origem: Suécia”> preenchido em nível de país.;FILE Festival (País de Origem);alta;FILE;;;;;64.712585547;17.260487956;100.0;;;;;;;"perfil recente do artista indica atividade; sem evidência de óbito.";
Marleine van der Werf;Kingdom of the Netherlands;St. Joost School of Art & Design> Dutch Film Academy;51.58888888888889> 52.368333333333;4.775833333333333> 4.9047222222222;Groningen;;;female;https://filmforward.nl/en/participant/marleine-van-der-werf/> https://www.marleinevdwerf.com/bio-c3jm;alta;;Wikidata;alta;FILE;;;;;53.219956308;6.564955801;100.0;;;;;;;"site oficial recente indica atividade; sem evidência de óbito.";
Marta Di Francesco;;;;;;;;female;;;local de nascimento não localizado em fonte auditável;;;FILE;;;;;;;;;;;;;;"site oficial recente indica atividade docente e artística; sem evidência de óbito.";
Marta Peluffo;Argentina;Escuela Nacional de Bellas Artes Prilidiano Pueyrredón;-34.59472222;-58.39944444;La Plata;;Buenos Aires;female;fontes biográficas de referência;;instituição identificada> datas aproximadas;Wikidata;alta;MAC USP;Buenos Aires, Argentina;c. 1940s;fontes biográficas de referência;media;-34.9019125;-57.9511252;100.0;-34.6090264;-58.3732215;100.0;MAC USP;MAC USP;MAC USP;"local de morte auditado; fonte museológica registra Buenos Aires.";alta
Martin Calvino;United States;Universidad de la República> University of Tsukuba> Rutgers University;-34.90591666666667;-56.19131111111111;Uruguay;;;male;FILE Festival;médio;fonte identifica apenas o país de nascimento;Seton Hall University exhibition;médio;FILE;;;;;-32.522779;-55.765835;;;;;;;;"FILE e perfil recente indicam atividade; sem evidência de óbito.";
Martina Menegon;Italy;IUAV University of Venice;45.4331;12.3149;Italy;;;female;;;fonte identifica apenas o país de nascimento;Vienna Design Week;médio;FILE;;;;;42.83333;12.83333;100.0;;;;;;;"site oficial recente indica atividade acadêmica e artística; sem evidência de óbito.";
Martina Scarpelli;Italy;Academy of Brera in Milan> Experimental Center of Cinematography in Turin;45.47222222> 41.851021;9.18888889> 12.499566;Rome, Lazio, Italy;;;female;https://martinascarpelli.com/about> https://www.animazioni.net/martina-scarpelli/;alta;;Animaphix;médio;FILE;;;;;41.8905568;12.4942679;;;;;;;;"site oficial recente indica atividade; sem evidência de óbito.";
Mary de Souza;;formação artística brasileira> instituição não identificada na fonte aberta consultada;> ;> ;;;;female;https://www.catalogodasartes.com.br/;;Registro mantido prudente por insuficiência de fonte aberta detalhada.;;;Museu Histórico Nacional;Brasil;;;baixa;;;;;;;;;;"identificação biográfica insuficiente em fonte aberta; local de morte não localizado.";
María Bilbao-Herrera;;The Art Institute of Fort Lauderdale;26.1;-80.122;Caracas;;;female;;;;Wikidata;alta;FILE;;;;;10.48801;-66.87919;100.0;;;;;;;"fontes recentes indicam atividade artística e educacional; sem evidência de óbito.";
María Papi;Argentina;Universidad Nacional de las Artes (UNA);-34.59472222;-58.39944444;Argentina;;;female;https://www.curatedbygirls.com/maria-papi/> https://filmfreeway.com/mariapapi;média;fonte biográfica identifica apenas o país> preenchimento mantido em nível de país.;FilmFreeway / FILE Festival;médio;FILE;;;;;-38.416097;-63.616672;;;;;;;;"fonte recente de 2026 indica atividade; sem evidência de óbito.";
Masahiko Satō;Japan;Keio University;35.649166666667;139.74277777778;Tokyo;;;male;;;;Wikidata;alta;FILE;;;;;35.68945633;139.69171609;100.0;;;;;;;"site oficial vigente e FILE registram atividade; sem evidência de óbito.";
Masao Kodama;;;;;Wakayama, Japão;;;;;;formação não localizada com segurança;https://acervo.mac.usp.br/acervo/index.php/Detail/entities/5546;alta;MAC USP;;;;alta;34.233459;135.167509;;;;;;;;"MAC USP registra nascimento; local de morte não localizado em fonte auditável.";
Massimo Campigli;Italy;Universidade de Florença;43.77777;11.25951;Berlin;;Saint-Tropez;male;fontes biográficas de referência;;formação universitária anterior à carreira artística;Wikidata;alta;MAC USP;Florença, Itália;s.d.;fontes biográficas de referência;baixa;52.517669999;13.405537999;100.0;43.273286531;6.639795945;100.0;Peggy Guggenheim Collection;Peggy Guggenheim Collection;Peggy Guggenheim Collection;"local de morte auditado; fonte institucional registra St. Tropez.";alta
Massimo Saverio Maida;Italy;Scuola del Libro, Urbino> School of Cinema Television and New Media Luchino Visconti, Milan;43.7273274> 45.466944444444;12.6353072> 9.19;Naples, Italy;;;male;https://en.almanimatori.com/team/massimo-saverio-maida;média;;site oficial do artista;alto;FILE;;;;;40.8399833;14.2525421;;;;;;;;"site oficial recente indica atividade profissional; sem evidência de óbito.";
Massimo Vito Avantaggiato;Italy;Università Cattolica> SDA Bocconi> Conservatorio Giuseppe Verdi di Milano> Conservatorio Arrigo Boito di Parma;45.466944444444> 45.44742222222222> 45.465> 44.79975;9.19> 9.18754722222222> 9.203611111111112> 10.32475;Italy;;;male;https://autori.poetipoesia.com/minisiti-massimo-vito-avantaggiato/> https://www.massimoavantaggiato.com/;média;FILE explicita “País de Origem: Itália”> preenchido em nível de país.;FILE Festival (País de Origem);alta;FILE;;;;;42.83333;12.83333;100.0;;;;;;;"biografia oficial recente indica atuação docente e artística; sem evidência de óbito.";
Master of the Bigallo Crucifixion;;;;;;;;male;;;mestre anônimo/identidade incerta> formação não documentada;;;MASP;;;;;;;;;;;;;;"artista anônimo medieval; identidade não individualizada, sem local de morte verificável.";
Matt Hammill;Canada;Sheridan College;43.46888888888889;-79.7;Ontario, Canada;;;male;https://matthammill.com/about/;alta;Fonte institucional usa formulação de origem (“desenvolvedor de jogos e artista de Ontário, Canadá”), sem afirmar nascimento.;FILE Festival (biografia do artista);baixa;FILE;;;;;50.000678;-86.000977;;;;;;;;"site oficial recente indica atividade profissional; sem evidência de óbito.";
Matthew Schoen;Canada;Montreal Music Conservatory;45.5033426;-73.5868411;Montreal, Canada;;;male;https://avnode.net/matthew-schoen/;média;Fonte institucional usa formulação de origem (“Sou motion designer e artista 3D de Montreal, Canadá”), sem afirmar nascimento.;FILE Festival (biografia do artista);baixa;FILE;;;;;45.508867;-73.554242;100.0;;;;;;;"festival recente indica que vive e trabalha em Leiden; sem evidência de óbito.";
Matthew Williamson;United Kingdom;Central Saint Martins;51.535555555556;-125;Chorlton-cum-Hardy;;;male;;;;Wikidata;alta;FILE;;;;;53.437935839;-2.269066458;100.0;;;;;;;"site oficial recente registra atuação profissional e prêmio de 2024; sem evidência de óbito.";
Matthieu Cherubini;Switzerland;University of Applied Sciences of Western Switzerland> Geneva University of Art and Design (HEAD – Genève)> Royal College of Art;47.361332> 46.2089;7.345858> 6.14132;Switzerland;;;male;https://www.fact.co.uk/artist/matthieu-cherubini> https://archive.file.org.br/participantes/matthieu-cherubini/;alta;FILE explicita “País de Origem: Suíça”> preenchido em nível de país.;FILE Festival (País de Origem);alta;FILE;;;;;46.818188;8.227512;;;;;;;;"site oficial recente indica base em Tóquio e projetos em 2026; sem evidência de óbito.";
Mattia Moreni;Italy;Universidade de Turim;45.069444444444;7.6888888888889;Pavia;;Brisighella;male;https://it.wikipedia.org/wiki/Mattia_Moreni;;instituição identificada> datas não localizadas com precisão;Wikidata;alta;MAC USP;Turim, Itália;;;media;45.1858877;9.1565627;100.0;44.2228774;11.7717285;100.0;Treccani;Treccani;Treccani;"local de morte auditado; Treccani registra Brisighella.";alta
Mauricio Jabur;Brazil;ETEC Lauro Gomes;-23.69;-46.54;Brazil;;;male;https://www.escavador.com/sobre/840464017/mauricio-aurelio-jabur;baixa;FILE explicita “País de Origem: Brasil”> preenchido em nível de país.;FILE Festival (País de Origem);alta;FILE;;;;;-10.769946429;-53.073466889;100.0;;;;;;;"site oficial recente indica atividade profissional; sem evidência de óbito.";
Mauricio Sáenz;Mexico;Universitat Politècnica de València;39.48088957948802;-0.3411099306510339;Matamoros, México;;;male;https://archive.file.org.br/participantes/mauricio-saenz/> https://proyector.info/en/profile/mauricio-saenz/;média;;Casa Tomada;médio;FILE;;;;;25.879723;-97.504257;;;;;;;;"biografia de festival registra nomeações recentes; sem evidência de óbito.";
Maurício Chades;Brazil;Universidade de Brasília> School of the Art Institute of Chicago;-15.761388888888888> 41.879444444444;-47.86638888888889> -87.623888888889;Gilbués, Piauí, Brasil;;;male;https://www.mauriciochades.com/> https://www.premiopipa.com/mauricio-chades/;alta;;site oficial do artista;alto;FILE;;;;;-10.769946429;-53.073466889;;;;;;;;"site oficial e Prêmio PIPA 2024 indicam atividade; sem evidência de óbito.";
Maurício Nogueira Lima;Brazil;Instituto de Belas Artes da UFRGS> Instituto de Arte Contemporânea do MASP;-30.033611111111> -23.56111111111111;-51.219166666667> -46.65583333333333;Recife;;Campinas;male;https://www.escritoriodearte.com/artista/mauricio-nogueira-lima;;na volta a São Paulo frequenta cursos de comunicação visual, desenho industrial e propaganda no IAC/MASP;Wikidata;alta;MAC USP;Porto Alegre, Brasil> São Paulo, Brasil;1947–1950> 1951;https://www.escritoriodearte.com/artista/mauricio-nogueira-lima;alta;-8.0551894;-34.871176;100.0;-22.9073702;-47.0628996;100.0;MAC USP;MAC USP;MAC USP;"local de morte auditado; fonte museológica registra Campinas (São Paulo).";alta
Max Björverud;Sweden;;;;Sweden;;;male;;;FILE explicita “País de Origem: Suécia”> preenchido em nível de país.;FILE Festival (País de Origem);alta;FILE;;;;;64.712585547;17.260487956;100.0;;;;;;;"canal e site autorais recentes indicam atividade; sem evidência de óbito.";
Max Cooper;United Kingdom;University of Nottingham;52.93888888888889;-1.1969444444444444;Belfast;;;male;;;;Wikidata;alta;FILE;;;;;54.5972686;-5.9301088;100.0;;;;;;;"site oficial recente indica lançamentos e projetos em curso; sem evidência de óbito.";
Max Ernst;Cuba;University of Bonn> Universidade de Bonn;50.733888888889> 50.733888888889;7.1022222222222> 7.1022222222222;Brühl;Crématorium-columbarium du Père-Lachaise;Paris;male;Britannica> biografia institucional;;estudos universitários antes da consolidação artística;Wikidata;alta;MAC USP;Bonn, Alemanha;1909–1914;Britannica> biografia institucional;alta;50.829489999;6.902458;100.0;48.856372814;2.352529617;83.21;Britannica;Britannica;Britannica;"registro anterior normalizado de 7th arrondissement of Paris para Paris; Britannica registra Paris.";alta
Max Hilsamer;Germany;Universität der Künste Berlin> Parsons The New School for Design;52.50916666666667;13.32694444444444;;;;male;https://archive.file.org.br/participantes/max-hilsamer/> https://screen-sharing.net/Max-Hilsamer;média;Lote 8 pesquisado> sem fonte auditável suficiente para local de nascimento.;;;FILE;;;;;;;;;;;;;;"site oficial vigente indica atividade profissional; sem evidência de óbito.";
Max Porter;United States;Netherlands Institute for Animated Film> Rhode Island School of Design;52.36666666666667;4.883333333333333;New York City;;;male;CV de Max Porter — Baker Artist Portfolio;alto;;Wikidata;alta;FILE;;;;;40.7130466;-74.0072301;100.0;;;;;;;"perfil docente recente indica atividade profissional; sem evidência de óbito.";
Max van der Ree;Kingdom of the Netherlands;HKU University of the Arts Utrecht> Utrecht University;52.09303055555556;5.121088888888889;Netherlands;;;male;https://ercsynergy-resilience.eu/max-van-der-ree/> https://archive.file.org.br/participantes/max-van-der-ree/;alta;FILE explicita “País de Origem: Países Baixos / Holanda”> preenchido em nível de país.;FILE Festival (País de Origem);alta;FILE;;;;;52.249375293;5.616126398;100.0;;;;;;;"perfil institucional recente indica vínculo acadêmico; sem evidência de óbito.";
Maxim Zhestkov;Russia;Ulyanovsk State University;54.311623;48.389972;Ulyanovsk, Russia;;;male;FILE Festival | Artsy;médio;;Wikipedia;médio;FILE;;;;;54.3187042;48.3976353;100.0;;;;;;;"site oficial recente e publicação de 2026 indicam atividade; sem evidência de óbito.";
Maxime Archambault;Canada;;;;Montreal, Canada;;;male;;;Fonte institucional usa formulação de origem (“de Montreal, Canadá”), sem afirmar nascimento. | evidência explícita por pronomes em depoimento publicado no site oficial;FILE Festival (biografia do artista);baixa;FILE;;;;;45.508867;-73.554242;100.0;;;;;;;"portfólio recente indica atividade profissional; sem evidência de óbito.";
Maximiliano Scholze;Brazil;formação acadêmica alemã> instituição não identificada na fonte aberta consultada;> ;> ;;;;male;https://www.wikidata.org/wiki/Q116444293;;Registro conservador com fonte aberta estruturada, sem detalhe cronológico suficiente.;;;Museu Paulista;Alemanha;;;baixa;;;;;;;;;;fontes abertas confirmam autoria e datas vitais, mas não local de morte auditável.;
Maya Puig;Germany;;;;West Berlin, Germany;;;female;;;;site oficial da artista;alto;FILE;;;;;52.517037;13.38886;;;;;;;;"site oficial recente indica atividade como coach e facilitadora; sem evidência de óbito.";
Mehdi Aouichaoui;France;Supinfocom Rubika;50.35805555555555;3.523333333333333;;;;male;https://rubika-edu.com/blog/mehdi-aouichaoui-diplome-2015-interviewe-par-allocine-pour-dragon-balsuper-broly/> https://www.allocine.fr/article/fichearticle_gen_carticle=18681154.html;alta;Lote 8 pesquisado> sem fonte auditável suficiente para local de nascimento.;;;FILE;;;;;;;;;;;;;;"fonte institucional recente e agenda pública de 2026 indicam atividade; sem evidência de óbito.";
Meike Redeker;Germany;Braunschweig University of Art> Institut Teknologi Bandung;-6.889852;107.609968;Germany;;;female;https://meikeredeker.info/About> https://www.goethe.de/ins/in/en/sta/ban/ueb/bar/red.html;alta;FILE explicita “País de Origem: Alemanha”> preenchido em nível de país.;FILE Festival (País de Origem);alta;FILE;;;;;51.110631049;10.392277932;100.0;;;;;;;"site oficial recente indica atividade artística e docente; sem evidência de óbito.";
Mengjing Yang;;Supinfocom – RUBIKA;50.35805555555555;3.523333333333333;;;;;FILE Festival;médio;Lote 8 pesquisado> sem fonte auditável suficiente para local de nascimento.;;;FILE;;;;;;;;;;;;;;"registro profissional recente consultado não informa óbito; local de morte não localizado.";
Mentalla Sayed;United Arab Emirates;American University of Sharjah;25.309722;55.490556;United Arab Emirates;;;female;https://archive.file.org.br/participantes/mentalla-sayed/> https://www.middleeastarchitect.com/insight/tashkeel-presents-four-emerging-uae-based-designers;média;FILE explicita “País de Origem: Emirados Árabes Unidos”> preenchido em nível de país.;FILE Festival (País de Origem);alta;FILE;;;;;23.424076;53.847818;;;;;;;;"site institucional recente indica atuação em Dubai; sem evidência de óbito.";
Merlin Flügel;Germany;University of Art and Design Offenbach;50.1075;8.76472222;Naila, Germany;;;male;FILE Festival;médio;;FILE Festival / Folkwang Universität;alto;FILE;;;;;50.330342999;11.706880999;100.0;;;;;;;"site oficial recente indica atividade artística e docente; sem evidência de óbito.";
Mestre da Família Artés;;oficina catalã medieval;41.3825;2.1769444444444;;;;male;https://www.museodelprado.es/;;Trata-se de nome de convenção histórica, não de artista civil identificado> registrei apenas a tradição/oficina.;;;MASP;Catalunha;;;baixa;;;;;;;;;;"artista anônimo; identidade não individualizada, sem local de morte verificável.";
Miao Jing;People's Republic of China;Peking University;39.989722222222;116.30527777778;Chongqing, China;;;male;;;;site oficial do artista / A4 Art Museum;alto;FILE;;;;;29.56026;106.55771;100.0;;;;;;;"biografia institucional recente indica atuação entre Xangai, Pequim e Nova York; sem evidência de óbito.";
Michael Grotenhoff;;;;;Ahaus, Westphalia, Germany;;;male;;;;ApolloFilm;alto;FILE;;;;;52.076849;7.010692;;;;;;;;"biografia institucional vigente registra atuação profissional; sem evidência de óbito.";
Michael Lee;;;;;Singapore;;;male;;;;4A Centre for Contemporary Asian Art;alto;FILE;;;;;1.352083;103.819836;;;;;;;;"galeria recente indica atuação entre Berlim e Singapura; sem evidência de óbito.";
Michael Marczewski;United Kingdom;;;;United Kingdom;;;male;;;FILE explicita “País de Origem: Reino Unido”> preenchido em nível de país.;FILE Festival (País de Origem);alta;FILE;;;;;53.408386605;-1.969559544;100.0;;;;;;;"site oficial recente indica atividade como diretor e animador; sem evidência de óbito.";
Michael Takeo Magruder;United States;University of Virginia;38.035555555555554;-78.50333333333333;United States;;;male;CV oficial / FILE Festival;alto;;CV oficial / Ben Uri Research Unit;médio;FILE;;;;;39.398703156;-99.41461919;100.0;;;;;;;"site oficial recente registra projetos e produção continuada; sem evidência de óbito.";
Michael Trikosko;United States;Ringling College of Art and Design;27.3607;-82.5481;Estados Unidos;;;male;https://zerply.com/MTrikosko> https://vimeo.com/175738725;média;Ficha FILE explicita País de Origem.;FILE Archive — ficha de participante;alta;FILE;;;;alta;39.398703156;-99.41461919;;;;;;;;"currículo profissional recente indica atividade em Vancouver; sem evidência de óbito.";
Michaela Čopíková;Slovakia;Academy of Performing Arts in Bratislava;48.14388889;17.10972222;Bratislava, Eslováquia;;;female;https://archiv.anifilm.cz/2020/en/program/jury-programme/non-competitive-sections/jury-programme-michaela-copikova-ove-pictures/;média;Biografia diz “artista ... da Bratislava”> local usado com base em formulação equivalente a “é de”.;FILE Archive — biografia de participante;baixa;FILE;;;;baixa;48.151699;17.109306;;;;;;;;"site oficial do estúdio indica atividade contínua; sem evidência de óbito.";
Michaël Verlinden;;Ghent Royal Conservatory;51.03319;3.742218;;;;male;https://ap-arts.be/en/person/michael-verlinden;alta;local de nascimento não localizado em fonte auditável;;;FILE;;;;;;;;;;;;;;"perfil institucional recente indica atuação como compositor e produtor; sem evidência de óbito.";
Michele Rocca;Republic of Venice;formação com Pietro da Cortona;44.8078212> 41.893055555556;10.3296266> 12.482777777778;Parma;;Venice;male;https://en.wikipedia.org/wiki/Michele_Rocca;;Registro mantido de forma conservadora por escassez de cronologia detalhada.;Wikidata;alta;MASP;Parma> Roma;;;baixa;44.8078212;10.3296266;100.0;45.434608;12.338913;100.0;MASP;MASP;MASP;"local de morte auditado; MASP registra Veneza.";alta
Mick Carnicelli;;Mackenzie College> Accademia di Belle Arti di Venezia> estudos com Ettore Tito;-23.54564;-46.652302;Agropoli, Campania, Itália;;São Paulo;male;https://enciclopedia.itaucultural.org.br/pessoas/7380-mick-carnicelli | https://www.escritoriodearte.com/artista/michele-carnicelli-sobrinho;;A fonte menciona curso comercial no Mackenzie e estudos de pintura em Veneza.;https://acervo.mac.usp.br/acervo/index.php/Detail/entities/5198;alta;MAC USP;São Paulo (SP)> Veneza (Itália);1909;https://www.escritoriodearte.com/artista/michele-carnicelli-sobrinho;alta;42.83333;12.83333;;-23.5486657;-46.6382522;;MAC USP;MAC USP;MAC USP;"local de morte auditado; fonte museológica registra São Paulo.";alta
Mick Lorusso;United States;Colorado College> San Francisco Art Institute;38.848611> 37.8035;-104.825> -122.417;United States;;;male;UCLA Art | Sci Center + Lab;alto;fonte biográfica identifica apenas o país> preenchimento mantido em nível de país.;ARTTEXTUM;médio;FILE;;;;;39.398703156;-99.41461919;100.0;;;;;;;"site oficial recente indica atividade artística e docente; sem evidência de óbito.";
Miguel Angel Ferreira;;Escuela Nacional de Bellas Artes Manuel Belgrano;-34.63486827098634;-58.37169270382104;Buenos Aires, Argentina;;;;https://artedelaargentina.com/disciplinas/artista/pintura/miguel-angel-ferreira | https://www.arteinformado.com/guia/f/miguel-angel-ferreira-48197;;As fontes confirmam a escola, mas não trazem cronologia detalhada.;Arte de la Argentina;médio;MAC USP;Buenos Aires;sem data exata na fonte;;media;-34.6090264;-58.3732215;100.0;;;;;;;"plataforma de artista atualizada em 2026 registra docência e exposições; sem evidência de óbito.";
Miguel Melcon;;;;;Buenos Aires, Argentina;;;male;;;biografia localizada> formação não localizada com segurança;Arte de la Argentina / Blanton Museum;médio;MAC USP;;;;;-34.6090264;-58.3732215;100.0;;;;;;;;
Miguel Navarro Cañizares;Spain;Reial Acadèmia de Belles Arts de Sant Carles de València> Escola de Belas Artes de São Carlos de Valência> Escola de São Fernando> ateliê de Federico de Madrazo y Kuntz;39.47> 40.4178;-0.3763888888888889> -3.7007;Valencia;;Rio de Janeiro;male;https://pt.wikipedia.org/wiki/Miguel_Navarro_Ca%C3%B1izares;;;Wikidata;alta;Museu Histórico Nacional;Valência> Madri;;;alta;39.4702393;-0.3768049;100.0;-22.9014475;-43.1789159;100.0;Museo del Prado;Museo del Prado;Museo del Prado;"local de morte auditado; fonte museológica registra Rio de Janeiro.";alta
Miguel Ângelo Lupi;Kingdom of Portugal;Academia de Belas-Artes de Lisboa;38.708042;-9.139016;Lisbon;;Lisbon;male;https://pt.wikipedia.org/wiki/Miguel_Lupi | https://www.infopedia.pt/artigos/%24miguel-angelo-lupi;;;Wikidata;alta;Museu Nacional de Belas Artes;Lisboa;1841-1848;https://pt.wikipedia.org/wiki/Miguel_Lupi | https://www.infopedia.pt/artigos/%24miguel-angelo-lupi;alta;38.7070085;-9.1356407;100.0;38.7070085;-9.1356407;100.0;ArqNet;ArqNet;ArqNet;"local de morte auditado; fonte biográfica registra Lisboa.";alta
Miguelzinho Dutra;Brazil;;;;Itu;;Piracicaba;male;https://pt.wikipedia.org/wiki/Miguel_Arcanjo_Ben%C3%ADcio_de_Assun%C3%A7%C3%A3o_Dutra | https://enciclopedia.itaucultural.org.br/pessoas/2334-miguelzinho-dutra;;As fontes consultadas descrevem a formação como autodidata.;Wikidata;alta;Pinacoteca de São Paulo;Formação autodidata;;;media;-23.265697;-47.299124;100.0;-22.724976;-47.6476;100.0;USP;USP;USP;"local de morte auditado; fonte acadêmica registra Piracicaba.";alta
Mike Celona;;Syracuse University;43.037638888889;-76.134;Rochester, New York, USA;;;male;https://mikecelona.net/bio-cv/> https://archive.file.org.br/participantes/mike-celona/;alta;;VIP interview / site oficial do artista;alto;FILE;;;;;43.157285;-77.615214;;;;;;;;"site oficial recente indica atividade artística e tecnológica; sem evidência de óbito.";
Mike Gao (Musician);;University of Southern California> Stanford University> University of California San Diego;32.88111111111111;-117.2380555555556;Los Angeles, United States;;;male;https://musicgrad.ucsd.edu/~mmgao/> https://asianamericanmusics17.wordpress.com/2017/05/01/mike-gao-ivory-tower-education-dtla-beats/;média;fonte descreve o artista como “from Los Angeles”> usado com baixa confiança.;site oficial do artista;baixa;FILE;;;;;34.053691;-118.242766;;;;;;;;"site oficial recente indica atividade profissional na música e tecnologia; sem evidência de óbito.";
Mike Pelletier;Canada;Piet Zwart Institute;51.95;4.4166666666667;Prince Albert, Saskatchewan, Canada;;;male;site oficial de Mike Pelletier | FILE Festival;alto;;Highlike / site oficial do artista;médio;FILE;;;;;53.20335;-105.75307;;;;;;;;"site oficial recente indica atividade artística; sem evidência de óbito.";
Mike Rijnierse;Netherlands;ArtScience Interfaculty> Royal Academy of Art, The Hague> Royal Conservatoire, The Hague;52.08;4.31;Haarlem, Netherlands;;;male;highlike — Mike Rijnierse;médio;;Highlike / CV do artista;médio;FILE;;;;;52.381044553;4.642828229;;;;;;;;"site oficial recente indica atividade profissional e mentoria; sem evidência de óbito.";
Mike von Rotz;Netherlands;Utrecht University of the Arts (HKU);52.085277777777776;5.175;;;;male;FILE Festival — Mike von Rotz;alto;local de nascimento não localizado em fonte auditável;;;FILE;;;;;;;;;;;;;;"registro profissional recente indica atividade em efeitos visuais; sem evidência de óbito.";
Miki Del Prete;Italy;;;;Bari;;;male;;;;Wikidata;alta;FILE;;;;;41.1259135;16.8721133;100.0;;;;;;;não localizei fonte institucional ou biográfica robusta que confirme local de morte.;
Mikkel Vedel;Kingdom of Denmark;The Animation Workshop;56.4561;9.40611;Odense, Denmark;;;male;blog/showreel de Mikkel Vedel;médio;;IMDb;médio;FILE;;;;;55.403756;10.40237;;;;;;;;"biografia de festival identifica atividade artística/estudantil; sem evidência de óbito.";
Milan Zulic;Serbia;;;;Sombor, Serbia;;;male;;;;FILE Festival;médio;FILE;;;;;45.773313;19.11311;;;;;;;;"site oficial recente registra exposições em 2025; sem evidência de óbito.";
Milton Dacosta;Brazil;ateliê de August Hantv> Escola Nacional de Belas Artes (curso livre de Marques Júnior);-22.8625055;-43.2256622;Niterói;;Rio de Janeiro;male;Itaú Cultural> Guia das Artes;;Frequenta por cerca de três meses o curso livre da Enba em 1930.;Wikidata;alta;MAC USP;Niterói, Brasil> Rio de Janeiro, Brasil;1929> 1930;Itaú Cultural;alta;-22.8898227;-43.1220775;100.0;-22.9014475;-43.1789159;100.0;Itaú Cultural;Itaú Cultural;Itaú Cultural;"local de morte auditado; fonte institucional registra Rio de Janeiro.";alta
Min Liu;;National Taiwan University> School of Visual Arts;25.016> 40.73861111;121.536> -73.98222222;Taiwan;;;female;site oficial da artista | FILE Festival;médio;fonte biográfica identifica apenas o país> preenchimento mantido em nível de país.;FILE Festival;médio;FILE;;;;;23.69781;120.960515;;;;;;;;"site oficial recente indica atividade profissional em animação e direção de arte; sem evidência de óbito.";
Minoru Kawabata;Japan;Tokyo University of the Arts> Tokyo Academy of Fine Arts;35.68944444444445;139.6916666666667;Tokyo;;;male;https://www.alisonbradleyprojects.com/artists/41-minoru-kawabata/biography/;;;Wikidata;alta;MAC USP;Tóquio, Japão;até 1934;https://www.alisonbradleyprojects.com/artists/41-minoru-kawabata/biography/;alta;35.68945633;139.69171609;100.0;;;;;;;instituição consultada confirma o ano de falecimento, mas não localizei local de morte em fonte robusta.;
Mira Schendel;Brazil;Universidade Católica de Milão> escola de arte não especificada;45.466944444444;9.19;Zurich;;São Paulo;female;https://enciclopedia.itaucultural.org.br/pessoas/708-mira-schendel> https://pt.wikipedia.org/wiki/Mira_Schendel;;instituição artística em Milão não especificada na fonte consultada;Wikidata;alta;MAC USP;Milão, Itália;c. 1930s> 1936–;https://enciclopedia.itaucultural.org.br/pessoas/708-mira-schendel> https://pt.wikipedia.org/wiki/Mira_Schendel;baixa;47.38454096;8.529927493;100.0;-23.5486657;-46.6382522;100.0;Itaú Cultural;Itaú Cultural;Itaú Cultural;"local de morte auditado; fonte institucional registra São Paulo.";alta
Mirjam Weder;Switzerland;Universität Zürich> Universität Basel;47.374722222222> 47.55852;8.5483333333333> 7.58346;Suíça;;;female;Universität Basel — perfil de Mirjam Weder;alto;Ficha FILE explicita País de Origem.;FILE Archive — ficha de participante;alta;FILE;;;;alta;46.818188;8.227512;;;;;;;;"página universitária recente indica atividade docente; sem evidência de óbito.";
Miro Soares;Brazil;École Supérieure d’Art de Grenoble> Université Paris 1 Panthéon-Sorbonne;45.1867;5.72657;Mantena, Minas Gerais, Brazil;;;male;perfil acadêmico de Miro Soares (UFES/Academia.edu);médio;;FILE Festival;alta;FILE;;;;;-18.7767;-40.9869;;;;;;;;registros profissionais consultados não permitem confirmar local de morte com segurança.;
Mladen Srbinović;Yugoslavia;Academy of Fine Arts, Belgrade;44.819524;20.453494;Sushica;Belgrade New Cemetery;Belgrade;male;fontes biográficas de referência;;;Wikidata;alta;MAC USP;Belgrado, Sérvia;c. 1940s–1950s;fontes biográficas de referência;media;57.6175411;31.0548933;100.0;44.80401;20.46513;;SANU;SANU;SANU;"local de morte auditado; fonte institucional registra Belgrado.";alta
Mme. A. Deharmel;;;;;;;;female;;;;;;Museu Histórico Nacional;;;;;;;;;;;;;;registro de autoridade identifica a autora, mas não traz dados biográficos suficientes para auditar local de morte.;
Moacyr de Vicentis Rocha;;Estúdio Gravura, escola de Lívio Abramo;-23.550394444444;-46.633947222222;São Paulo, SP, Brasil;;;;https://revistas.belasartes.br/revistabelasartes/article/view/263 | https://livrozilla.com/doc/412295/zita-viana-de-barros-e-moacyr-de-vicentis-rocha | https://www.academia.edu/26758427/ZITA_VIANA_DE_BARROS_E_MOACYR_DE_VICENTIS_ROCHA_A_PRODU%C3%87%C3%83O_SOB_A_INFLU%C3%8ANCIA_DE_L%C3%8DVIO_ABRAMO;;;MAC USP;alta;MAC USP;São Paulo;1960-1962;https://revistas.belasartes.br/revistabelasartes/article/view/263 | https://livrozilla.com/doc/412295/zita-viana-de-barros-e-moacyr-de-vicentis-rocha;alta;-23.5486657;-46.6382522;;;;;;;;fontes consultadas confirmam a data de falecimento, mas não localizei local de morte auditável.;
Modesto Brocos Gómez;Spain;Academia de Belas Artes da Corunha> cursos livres da Academia Imperial de Belas Artes;43.37385694021591;-8.400027032341967;Santiago de Compostela;;Rio de Janeiro;male;https://pt.wikipedia.org/wiki/Modesto_Brocos | https://www.catalogodasartes.com.br/artista/Modesto%20Brocos%20-%20Modesto%20Brocos%20y%20Gomez/;;A formação inicial inclui desenho com o irmão Isidoro Brocos y Gómez.;Wikidata;alta;Museu Nacional de Belas Artes;Corunha> Rio de Janeiro;até cerca dos 18 anos> a partir de 1875;https://www.catalogodasartes.com.br/artista/Modesto%20Brocos%20-%20Modesto%20Brocos%20y%20Gomez/;alta;42.8806228;-8.5466071;100.0;-22.9014475;-43.1789159;100.0;Itaú Cultural;Itaú Cultural;Itaú Cultural;"local de morte auditado; fonte institucional registra Rio de Janeiro.";alta
Modesto Cuixart;Spain;Acadèmia Lliure de Pintura de Barcelona> universidade em Paris;41.3825> 48.85666666666667;2.1769444444444> 2.352222222222222;Barcelona;Palafrugell Cemetery;Palafrugell;male;https://es.wikipedia.org/wiki/Modest_Cuixart;;Biografia confirma academia livre em Barcelona e frequência universitária em Paris, sem detalhar a instituição parisiense.;Wikidata;alta;MAC USP;Barcelona, Espanha> Paris, França;c. 1940s> c. 1950;https://es.wikipedia.org/wiki/Modest_Cuixart;baixa;41.387917;2.1699187;100.0;41.91738;3.1631;100.0;Fundació Cuixart;Fundació Cuixart;Fundació Cuixart;"local de morte auditado; fundação do artista registra Palafrugell; registro anterior em Palamós foi corrigido.";media
Moisés Patrício;Brazil;Escola de Comunicações e Artes da Universidade de São Paulo (ECA-USP);-23.55833333;-46.72694444;São Paulo, São Paulo, Brazil;;;male;https://galeriaestacao.com.br/documents/portfolio_100_df714-portfolio-moises-patricio-%28portugues%29-.pdf | https://amlatina.contemporaryand.com/pt/people/moises-patricio/0/ | https://acervo.macrs.rs.gov.br/artistas-macrs/moises-patricio/;;As fontes consultadas confirmam a formação na ECA-USP, mas não trazem cronologia detalhada.;https://enciclopedia.itaucultural.org.br/pessoas/37362-moises-patricio;alta;MAC USP;São Paulo;;;alta;-23.5486657;-46.6382522;;;;;;;;"fontes institucionais recentes indicam atividade artística; sem evidência de óbito.";
Monica Manalo;United States;School of Visual Arts;40.73861111;-73.98222222;;;;female;currículo de Monica Manalo;alto;local de nascimento não localizado em fonte auditável;;;FILE;Nova York, EUA;;;;;;;;;;;;;"site oficial recente indica atividade artística; sem evidência de óbito.";
Montez Magno;Brazil;;;;Timbaúba, Pernambuco, Brazil;;Recife;male;https://www.guiadasartes.com.br/montez-magno-de-oliveira/biografia;;a fonte registra estudos de desenho e pintura, mas não nomeia com segurança a instituição;https://galatea.art/artists/24?language=pt;media;MAC USP;Recife, Brasil;1953–1966;https://www.guiadasartes.com.br/montez-magno-de-oliveira/biografia;media;-7.5051;-35.3182;;-8.0538888889;-34.8808333333;;Itaú Cultural;Itaú Cultural;Itaú Cultural;"local de morte auditado; fonte institucional registra Recife.";alta
Morehshin Allahyari;Iran;University of Tehran> University of Denver> University of North Texas;35.70333333333333> 39.678333> 33.21095;51.419444444444444> -104.962222> -97.146958333333;Tehran;;;female;CV da artista;médio;;Wikidata;alta;FILE;;;;;35.6863968;51.4328575;100.0;;;;;;;"página universitária recente indica atividade docente e artística; sem evidência de óbito.";
Morgane Stricot;France;École Supérieure d’Art d’Avignon> University of Maine;43.948611111111;4.8083333333333;França;;;female;MAPS | BORN DIGITAL — Morgane Stricot;médio;Ficha FILE explicita País de Origem.;FILE Archive — ficha de participante;alta;FILE;;;;alta;46.559417044;2.550539953;;;;;;;;"fontes institucionais recentes indicam atividade profissional em conservação; sem evidência de óbito.";
Moritz Reichartz;Germany;Academy of Fine Arts Stuttgart;48.7775;9.18;Germany;;;male;FILE Festival;médio;;FILE Festival (País de Origem);alto;FILE;;;;;51.110631049;10.392277932;100.0;;;;;;;"portfólio e biografia recentes indicam atividade profissional; sem evidência de óbito.";
Morris Graves;United States;;;;Fox;;Loleta;male;fontes biográficas de referência;;artista geralmente descrito como autodidata> sem escola formal localizada;Wikidata;alta;MAC USP;Seattle, EUA;;;media;41.623184;-88.49519;100.0;40.640741;-124.226367;100.0;Seattle Art Museum;Seattle Art Museum;Seattle Art Museum;"local de morte auditado; fonte museológica registra Loleta, Califórnia.";alta
Moshe Castel;Israel;École du Louvre> Bezalel Art School> estúdio de Yitzhak Frenkel> Académie Julian;31.78116666666667;35.22361111111111;Jerusalem;Kiryat Shaul Cemetery;Tel-Aviv;male;https://castelmuseum.co.il/en/moshe-castel-artist/moshe-castel;;O museu do artista documenta a sequência completa de formação em Jerusalém, Tel Aviv e Paris.;Wikidata;alta;MAC USP;Jerusalém, Israel> Tel Aviv, Israel> Paris, França> Paris, França;1922–1925> 1925–1927> 1927> 1927;https://castelmuseum.co.il/en/moshe-castel-artist/moshe-castel;alta;31.7890222;35.2010767;100.0;32.0735802;34.7880511;100.0;El País;El País;El País;"local de morte auditado; obituário de fonte reputada registra Tel Aviv.";media
Moussia Pinto Alves;Brazil;;;;Sevastopol;;São Paulo;female;fontes biográficas de referência;;formação não institucional claramente localizada> mantido local de estudo/atividade;Wikidata;alta;MAC USP;Rio de Janeiro, Brasil;s.d.;fontes biográficas de referência;baixa;44.550653;33.5389528;100.0;-23.5486657;-46.6382522;;MASP;MASP;MASP;"local de morte auditado; fonte museológica registra São Paulo.";alta
Murat Saygıner;Czech Republic;autodidata;50.071199678;14.450977012;Prague;;;male;FILE Festival — Murat Saygıner | IMDb / FilmFreeway;médio;autodidata> coordenadas atribuídas à cidade biográfica associada no início da trajetória;Wikidata;alta;FILE;Prague;;;baixa;50.071199678;14.450977012;100.0;;;;;;;não localizei fonte robusta que confirme local de morte.;
Muriel Montini;France;Paris VIII University;48.944722222222;2.3633333333333;França;;;female;Szczecin Film Festival;médio;Ficha FILE explicita País de Origem.;FILE Archive — ficha de participante;alta;FILE;;;;alta;46.559417044;2.550539953;;;;;;;;"biografia recente indica atividade profissional em desenvolvimento de projetos; sem evidência de óbito.";
Muriel Paraboni;Brazil;Universidade Federal de Santa Maria (UFSM)> Universidade do Vale do Rio dos Sinos (Unisinos)> Pontifícia Universidade Católica do Rio Grande do Sul (PUC-RS)> Escuela Internacional de Cine y TV (EICTV)> Universidade Federal do Rio Grande do Sul (UFRGS);22.917735> -30.033611111111;-82.540882> -51.219166666667;Southern Brazil;;;male;brCRIS/IBICT;médio;fonte explicita apenas “born in Southern Brazil”, sem cidade ou estado.;site oficial do artista;media;FILE;;;;;-27.5935;-51.889;;;;;;;;"site oficial recente indica atividade artística e acadêmica; sem evidência de óbito.";
Mustashrik;England;Surrey Institute of Art & Design;51.216;-806;Dhaka, Bangladesh;;;male;IMDb;médio;;Paul Gravett;médio;FILE;;;;;23.810333;90.412521;;;;;;;;"currículo e biografia recentes indicam atividade profissional; sem evidência de óbito.";
Mário Bueno;;;;;Guadalajara;;Campinas;male;https://www4.iar.unicamp.br/gaia/a-galeria/exposicoes-anteriores/2005-2/mario-bueno-in-memoriam-pinturas-desenhos-e-monotipias-de-1952-a-1993/;;A fonte consultada qualifica a trajetória como autodidata.;Wikidata;alta;MAC USP;Formação autodidata;começou a pintar por volta dos 30 anos;https://www4.iar.unicamp.br/gaia/a-galeria/exposicoes-anteriores/2005-2/mario-bueno-in-memoriam-pinturas-desenhos-e-monotipias-de-1952-a-1993/;media;20.674161223;-103.336727247;100.0;-22.9073702;-47.0628996;;Unicamp;Unicamp;Unicamp;"local de morte auditado; fonte acadêmica registra Campinas.";alta
Mário Navarro da Costa;Brazil;Accademia di Belle Arti;45.47222222;9.18888889;Rio de Janeiro;;Florence;male;https://portalartes.com.br/hist%C3%B3ria/biografias/pintores-modernos/m%C3%A1rio-navarro-da-costa.html;;a fonte também registra estudo com José Maria de Medeiros e Rodolfo Amoedo e frequência a ateliês em Nápoles;Wikidata;alta;Museu Nacional de Belas Artes;Nápoles, Itália;1914;https://portalartes.com.br/hist%C3%B3ria/biografias/pintores-modernos/m%C3%A1rio-navarro-da-costa.html;media;-22.9014475;-43.1789159;100.0;43.7686976;11.2569291;100.0;Itaú Cultural;Itaú Cultural;Itaú Cultural;"local de morte auditado; fonte institucional registra Florença.";alta
Mário Villares Barbosa;Brazil;Liceu de Artes e Ofícios> Academia Julian> Escola Superior de Belas Artes;41.15;-8.610833333333334;Campinas;;Madrid;male;https://www.catalogodasartes.com.br/artista/Mario%20Villares%20Barbosa%20-%20Mario%20Barbosa/ | https://www.guiadasartes.com.br/mario-villares-barbosa/obras-e-biografia> https://www.catalogodasartes.com.br/artista/Mario%20Villares%20Barbosa%20-%20Mario%20Barbosa/;;As mesmas fontes informam aprendizagem inicial com Oscar Pereira da Silva.;Wikidata;alta;Pinacoteca de São Paulo;São Paulo> Paris;c.1901> 1905;https://www.catalogodasartes.com.br/artista/Mario%20Villares%20Barbosa%20-%20Mario%20Barbosa/;alta;-22.9073702;-47.0628996;100.0;40.4166909;-3.7003454;100.0;Itaú Cultural;Itaú Cultural;Itaú Cultural;"local de morte auditado; fonte institucional registra Madri.";alta
Mário Zanini;Brazil;Escola Profissional Masculina do Brás> Liceu de Artes e Ofícios de São Paulo;-23.54504> -23.5331446;-46.61634> -46.6267577;São Paulo;;São Paulo;male;Escritório de Arte> Guia das Artes;;;Wikidata;alta;MAC USP;São Paulo, Brasil> São Paulo, Brasil;1920–1922> 1924–1926;Escritório de Arte> Guia das Artes;alta;-23.5486657;-46.6382522;100.0;-23.5486657;-46.6382522;100.0;Itaú Cultural;Itaú Cultural;Itaú Cultural;"local de morte auditado; fonte institucional registra São Paulo.";alta
Mélanie Courtinat;France;ECAL / École cantonale d'art de Lausanne;46.536742;6.588525;Paris, France;;;female;ECAL;alto;;Wikipédia FR;médio;FILE;;;;;48.856372814;2.352529617;100.0;;;;;;;"site oficial recente indica atividade artística e docente; sem evidência de óbito.";
Mélanie Lopez;France;L'Atelier de Sèvres> Supinfocom Rubika School;> ;> ;;;;female;FILE Festival;médio;local de nascimento não localizado em fonte auditável;;;FILE;;;;;;;;;;;;;;"site oficial recente indica atividade artística; sem evidência de óbito.";
Míriam Chiaverini;;Escola de Belas Artes da Universidade da Bahia;-12.990785;-38.524427;São Paulo, SP, Brazil;;;female;https://coleccionfemsa.com/artistas/miriam-chiaverini/ | https://enciclopedia.itaucultural.org.br/pessoas/6125-miriam-chiaverini;;;MASC;alto;MAC USP;Salvador;;;media;-23.5486657;-46.6382522;;;;;;;;verbete institucional consultado não informa local de morte.;
Mónica Rikić;Spain;University of Barcelona> Universitat Pompeu Fabra> Universitat Oberta de Catalunya;41.379166666667> 41.406594;2.1795083333333> 2.194429;Barcelona;;;female;FILE Festival;médio;;Wikidata;alta;FILE;;;;;41.387917;2.1699187;100.0;;;;;;;"site oficial recente indica atividade artística e acadêmica; sem evidência de óbito.";
Mônica Nador;Brazil;Fundação Armando Alvares Penteado> Fundação Armando Álvares Penteado (FAAP)> Escola de Comunicações e Artes da USP;-23.55833333;-46.72694444;Ribeirão Preto;;;female;https://www.guiadasartes.com.br/monica-nador/obras-e-biografia;;na ECA/USP frequenta curso de gravura planográfica com Regina Silveira;Wikidata;alta;MAC USP;São Paulo, Brasil> São Paulo, Brasil;1983> 1985;https://www.guiadasartes.com.br/monica-nador/obras-e-biografia;alta;-21.1766308;-47.8208378;100.0;;;;;;;"verbete institucional recente apresenta a artista sem informação de óbito; não localizei local de morte auditável.";
Nada Al Dash;Jordan;International College of Cyprus;35;33;;;;female;site oficial da artista;médio;local de nascimento não localizado em fonte auditável | fonte reputada e compatível com a trajetória/formação do registro;;;FILE;;;;;;;;;;;;;;"registro profissional recente indica atividade em design e mídia; sem evidência de óbito.";
Naeem Murdic;United States;Pratt Institute;40.691111;-73.963889;;;;;site oficial do artista;médio;local de nascimento não localizado em fonte auditável;;;FILE;;;;;;;;;;;;;;"portfólio profissional recente indica atividade em motion design; sem evidência de óbito.";
Nahil Ali Memon;United States;;;;New York City, United States;;;female;;;;FILE Festival;alta;FILE;;;;;40.7130466;-74.0072301;;;;;;;;"registro profissional recente indica atividade em arte e tecnologia; sem evidência de óbito.";
Nata Metlukh;United States;Vancouver Film School> Estonian Academy of Arts;49.26083333333333> 59;-123.1138888888889> 26;Ukraine;;;female;site oficial da artista;alto;fonte identifica apenas o país de nascimento;site oficial da artista;médio;FILE;;;;;49.026898375;31.374926053;100.0;;;;;;;"fontes recentes indicam atividade em animação e ilustração; sem evidência de óbito.";
Natalie Labarre;United States;School of Visual Arts;40.73861111;-73.98222222;New York, United States;;;female;Mountainfilm / Hornet;médio;fonte descreve a artista como “born and bred New Yorker”> usado com baixa confiança.;Mountainfilm;baixa;FILE;Nova York, EUA;;;;40.712728;-74.006015;;;;;;;;"site profissional recente indica atividade em direção de animação; sem evidência de óbito.";
Nathalie Lawhead;United States;;;;;;;non-binary;;;local de nascimento não localizado em fonte auditável;;;FILE;;;;;;;;;;;;;;"site oficial recente indica atividade em arte digital e games; sem evidência de óbito.";
Nathan Jurevicius;Australia;University of South Australia;-34.9205;138.607;Bordertown, South Australia, Australia;;;male;entrevista/artigo de perfil (Alison Peters> XLR8R);baixa;;AustLit / Vinyl Creep;médio;FILE;;;;;-36.310601001;140.773263075;100.0;;;;;;;"site oficial recente indica atividade profissional internacional; sem evidência de óbito.";
Nelson Leirner;Brazil;Lowell Technological Institute> aulas de pintura com Joan Ponç> Ateliê Abstração / Samson Flexor;42.6539;-71.3257;São Paulo;;Rio de Janeiro;male;https://www.saudeemmovimento.com.br/sites/nelsonleirner/portu/biografia.asp;;curso de engenharia têxtil não concluído> formação artística complementar com Joan Ponç e Samson Flexor;Wikidata;alta;MAC USP;Massachusetts, EUA> São Paulo, Brasil> São Paulo, Brasil;1947–1952> 1956> 1958;https://www.saudeemmovimento.com.br/sites/nelsonleirner/portu/biografia.asp;alta;-23.5486657;-46.6382522;100.0;-22.9014475;-43.1789159;100.0;Itaú Cultural;Itaú Cultural;Itaú Cultural;"local de morte auditado; fonte institucional registra Rio de Janeiro.";alta
Nelson Ramos;Uruguay;Escuela Nacional de Bellas Artes> Taller Torres-García;14.09871944444444;-87.20715833333334;Soriano Department;;Montevideo;male;fontes biográficas de referência;;;Wikidata;alta;MAC USP;Montevidéu, Uruguai> Montevidéu, Uruguai;s.d.> c. 1940s;fontes biográficas de referência;media;-37.9782182;-57.5871152;100.0;-34.9055557;-56.1852505;100.0;MAC USP;MAC USP;MAC USP;"local de morte auditado; fonte museológica registra Montevidéu.";alta
Nelton Pellenz;Brazil;Universidade Federal de Santa Maria (UFSM)> Universidade Luterana do Brasil (ULBRA)> Universidade Federal do Rio Grande do Sul (UFRGS);-29.8872> -30.033611111111;-51.1629> -51.219166666667;São Paulo das Missões, Rio Grande do Sul, Brasil;;;male;CV oficial do artista;médio;;CV do artista;alto;FILE;;;;;-10.769946429;-53.073466889;;;;;;;;"biografia institucional recente informa que vive e trabalha em Porto Alegre; sem evidência de óbito.";
Nemesio Antúnez;Chile;Colegio de los Sagrados Corazones de Santiago> Pontificia Universidad Católica de Chile (arquitetura)> Atelier 17;-33.441148;-70.640694;Santiago;;Santiago;male;biografia institucional do artista> fontes de referência;;formação combina universidade e aperfeiçoamento em ateliê;Wikidata;alta;MAC USP;Santiago, Chile> Nova York, EUA;1938–1941> c. 1947–1949;biografia institucional do artista> fontes de referência;media;-33.4459946;-70.6670569;100.0;-33.4459946;-70.6670569;100.0;Fundación Nemesio Antúnez;Fundación Nemesio Antúnez;Fundación Nemesio Antúnez;"local de morte auditado; fundação do artista registra Santiago, Chile.";alta
Neryth Yamile Manrique Mendoza;Colombia;Universidad Industrial de Santander;43.466666666667;-3.8;Bucaramanga, Colombia;;;female;FILE Festival;médio;;portfólio da artista;alto;FILE;;;;;7.1311813;-73.1250327;100.0;;;;;;;"portfólio recente indica atividade artística; sem evidência de óbito.";
Nick Ladd;Canada;Dawson College> Sheridan College;45.489374> 43.46888888888889;-73.588298> -79.7;Montreal, Canada;;;male;ArtStation / Museum of Other Realities;médio;fonte biográfica informa origem em Montreal.;Museum of Other Realities / site oficial do artista;médio;FILE;;;;;45.508867;-73.554242;100.0;;;;;;;"site profissional recente indica atividade em arte em VR; sem evidência de óbito.";
Nick Luchkiv;Russia;Academy of Architecture and Arts, Southern Federal University;47.22250;39.71000;Karaganda, URSS;;;male;FILE Festival;médio;;FILE Festival;alto;FILE;;;;;49.802815;73.087749;;;;;;;;"biografia profissional consultada indica atividade em motion design; sem evidência de óbito.";
Nicola Antonio Facchinetti;Brazil;Escola de Desenho de Bassano> Regia Accademia di Belle Arti di Venezia;45.76666666666667;11.73416666666667;Treviso;;Rio de Janeiro;male;https://www.guiadasartes.com.br/nicolau-antonio-facchinetti/obras-e-biografia | https://pt.wikipedia.org/wiki/Nicola_Antonio_Facchinetti;;A biografia cita curso em Bassano e premiações na academia de Veneza em 1842 e 1843.;Wikidata;alta;Pinacoteca de São Paulo;Bassano del Grappa> Veneza;até 1843;https://www.guiadasartes.com.br/nicolau-antonio-facchinetti/obras-e-biografia;alta;45.6662855;12.242072;100.0;-22.9014475;-43.1789159;100.0;Itaú Cultural;Itaú Cultural;Itaú Cultural;"local de morte auditado; fonte institucional registra Rio de Janeiro.";alta
Nicola Gastaldi;;;;;Itália;;;male;;;Ficha FILE explicita País de Origem.;FILE Archive — ficha de participante;alta;FILE;;;;alta;42.83333;12.83333;;;;;;;;"biografia profissional recente indica atividade em design e direção de animação; sem evidência de óbito.";
Nicola Giannini;Italy;University of Pisa;43.716508333333;10.398458333333;Italy;;;male;;;;FILE Festival (País de Origem);alto;FILE;;;;;42.83333;12.83333;100.0;;;;;;;"site oficial recente indica atividade em composição e arte sonora; sem evidência de óbito.";
Nicolas Fong;;École nationale supérieure des arts visuels de La Cambre;50.818888888889;4.3741666666667;Paris, France;;;male;ALOA / Vimeo;médio;;Japan Media Arts Festival;alto;FILE;Bruxelas, Bélgica;;;;48.856372814;2.352529617;100.0;;;;;;;"biografias profissionais consultadas indicam atividade em animação e cinema; sem evidência de óbito.";
Nicolas Hermansen;Belgium;Università di Bologna> Institut del Teatre / Universitat Autònoma de Barcelona / Universitat Pompeu Fabra;44.493888888889> 41.379166666667;11.342777777778> 2.1795083333333;Belgium;;;male;In-Sonora;médio;fonte biográfica identifica apenas o país> preenchimento mantido em nível de país.;FILE Festival;médio;FILE;;;;;50.833333;4.0;;;;;;;;"biografias profissionais consultadas indicam atividade artística e performática; sem evidência de óbito.";
Nicolas Poussin;;;;;Les Andelys, Normandia, França;;Rome;male;;;;Britannica;alta;;;;;;46.559417044;2.550539953;;41.8930555556;12.4827777778;100.0;Britannica;Britannica;Britannica;"local de morte auditado; enciclopédia registra Roma.";alta
Nicolas Rubió;Spain;Escuela de Arquitectura de Barcelona;41.3842;2.1139;Barcelona;;Buenos Aires;male;https://es.wikipedia.org/wiki/Nicol%C3%A1s_Mar%C3%ADa_Rubi%C3%B3_Tudur%C3%AD | https://www.urbipedia.org/hoja/Nicol%C3%A1s_Rubi%C3%B3_Tudur%C3%AD;;A correspondência adotada foi com Nicolás Maria Rubió Tudurí.;Wikidata;alta;MAC USP;Barcelona (Espanha);1915;https://es.wikipedia.org/wiki/Nicol%C3%A1s_Mar%C3%ADa_Rubi%C3%B3_Tudur%C3%AD | https://www.urbipedia.org/hoja/Nicol%C3%A1s_Rubi%C3%B3_Tudur%C3%AD;alta;41.387917;2.1699187;100.0;-34.6090264;-58.3732215;100.0;Arte de la Argentina;Arte de la Argentina;Arte de la Argentina;"local de morte auditado; base de arte argentina registra Buenos Aires em 2024.";media
Nicolas Vlavianos;Brazil;Athens School of Fine Arts;37.9620098;23.6881821;Athens;;São Paulo;male;fontes biográficas de referência;;instituição identificada em biografias sumárias;Wikidata;alta;MAC USP;Atenas, Grécia;s.d.;fontes biográficas de referência;baixa;37.9753357;23.7361497;100.0;-23.5486657;-46.6382522;100.0;Bel Galeria;Bel Galeria;Bel Galeria;"local de morte auditado; biografia galerística registra São Paulo, Brasil, em 2022.";media
Nicolas-Antoine Taunay;France;Beaux-Arts de Paris> Estudos com François Bernard Lépicié e Nicolas Guy Brenet> aperfeiçoamento na Academia Francesa de Roma;41.893055555556;12.482777777778;Paris;;Paris;male;https://pt.wikipedia.org/wiki/Nicolas-Antoine_Taunay;;Há mestres nomeados e aperfeiçoamento em Roma> mantida síntese conservadora.;Wikidata;alta;Museu Nacional de Belas Artes;Paris> Roma;desde 1768> estadia em Roma a partir de 1770s (sem data única sintetizada na fonte);https://pt.wikipedia.org/wiki/Nicolas-Antoine_Taunay;media;48.856372814;2.352529617;100.0;48.856372814;2.352529617;100.0;Itaú Cultural;Itaú Cultural;Itaú Cultural;"local de morte auditado; fonte institucional registra Paris.";alta
Nicolas-Louis-Albert Delerive;France;formação com Heinsius> estudos com o conde de Neuville> escola de Francesco Casanova> Academia de Lille;50.631944444444;3.0575;Lille;;Lisbon;male;https://eviterbo.fcsh.unl.pt/wiki/Nicolas_Delerive | https://lusojornal.com/nicolas-delerive-pintor-da-familia-real-portuguesa-ignorado-em-franca/;;;Wikidata;alta;Museu Histórico Nacional;Lille> Artois> Paris;1776-1778> depois de 1778 em Paris;https://eviterbo.fcsh.unl.pt/wiki/Nicolas_Delerive | https://lusojornal.com/nicolas-delerive-pintor-da-familia-real-portuguesa-ignorado-em-franca/;media;50.6304582;3.071339915;100.0;38.7070085;-9.1356407;100.0;eViterbo;eViterbo;eViterbo;"local de morte auditado; enciclopédia de arte registra Lisboa em 1818.";alta
Nicolau Del Negro;Brazil;Escola Nacional de Belas Artes (Enba);-22.90879805555556;-43.17573111111111;Rio de Janeiro, RJ, Brasil;;;male;https://www.catalogodasartes.com.br/artista/Nicolau%20Del%20Negro/;;A fonte identifica a ENBA e as aulas de Lucílio de Albuquerque, Rodolfo Chambelland e Rodolfo Amoedo, mas não fornece intervalo cronológico.;Enciclopédia Itaú Cultural;alta;Museu Histórico Nacional;Rio de Janeiro;;;alta;-22.9014475;-43.1789159;;;;;;;;não localizei fonte institucional ou biográfica robusta que confirme local de morte.;
Nicolette Daskalakis;United States;Institut supérieur des arts et du design de Toulouse> University of Southern California, School of Cinematic Arts> University of Southern California, Roski School of Art & Design;43.6008;1.44043;San Francisco, USA;;;female;CV oficial da artista;alto;;site oficial da artista;alto;FILE;;;;;37.7800771;-122.4201615;;;;;;;;"site profissional recente indica atividade artística em Paris; sem evidência de óbito.";
Nicolás Alcalá;Spain;;;;;;;male;;;local de nascimento não localizado em fonte auditável;;;FILE;;;;;;;;;;;;;;"biografia profissional consultada não informa local de morte com robustez; sem evidência de óbito.";
Nienke Deutz;Kingdom of the Netherlands;Maastricht Academy of Fine Arts> KASK / School of Arts;50.848736111111>;5.6830416666667>;Netherlands;;;female;Animafest / Batavierhuis;médio;fonte biográfica identifica apenas o país> preenchimento mantido em nível de país.;FILE Festival;médio;FILE;;;;;52.249375293;5.616126398;100.0;;;;;;;"site oficial recente indica atividade em cinema de animação; sem evidência de óbito.";
Nikita Diakur;Russia;Royal College of Art;51.501388888889;-0.17888888888889;Russia;;;male;FILE Festival;médio;;FILE Festival / Re-Imagine Europe;alto;FILE;;;;;61.989526183;96.805371534;100.0;;;;;;;"site oficial recente indica atividade em cinema e animação; sem evidência de óbito.";
Nilda Neves;;curso de contabilidade (instituição não identificada na fonte);-14.203611111111112;-41.66527777777778;;;;female;https://www.catalogodasartes.com.br/artista/Nilda%20Neves/ | https://www.centralgaleria.com/exposicoes/nildaneves-visagens> https://www.catalogodasartes.com.br/artista/Nilda%20Neves/;;A fonte confirma estudo de contabilidade, mas não informa a instituição. | fontes divergentes sobre o local de nascimento (Botuporã/BA e Camanducaia/MG)> campo não preenchido.;;;MAC USP;Brumado (BA);sem data precisa;;baixa;;;;;;;;;;"fontes institucionais recentes indicam atividade artística; sem evidência de óbito.";
Niobe Xandó;Brazil;ateliê de Raphael Galvez;-23.5331446;-46.6267577;Campos Novos Paulista, São Paulo, Brazil;;São Paulo;female;https://pt.wikipedia.org/wiki/Niobe_Xand%C3%B3;;artista frequentemente descrita como autodidata> registro mantido apenas para o estudo em ateliê explicitado na fonte;Guia das Artes;médio;MAC USP;São Paulo, Brasil;1947;https://pt.wikipedia.org/wiki/Niobe_Xand%C3%B3;media;-22.6029;-50.0163;;-23.5486657;-46.6382522;100.0;Itaú Cultural;Itaú Cultural;Itaú Cultural;"local de morte auditado; fonte institucional registra São Paulo.";alta
Niura Bellavinha;Brazil;Escola Guignard> Universidade Federal de Minas Gerais (UFMG)> Parsons School of Design;-19.9552> -19.8690878;-43.9202> -43.9663841;Belo Horizonte;;;female;https://www.niurabellavinha.com.br/biografia | https://pt.wikipedia.org/wiki/Niura_Bellavinha;;As fontes também registram oficinas e orientação de Amílcar de Castro.;Wikidata;alta;MAC USP;Belo Horizonte (MG)> Nova York (EUA);1976-1977> 1982-1984;https://www.niurabellavinha.com.br/biografia | https://pt.wikipedia.org/wiki/Niura_Bellavinha;alta;-19.9181771;-43.9370534;100.0;;;;;;;"site oficial recente indica exposição em 2024; sem evidência de óbito.";
Noha Eid;Egypt;Alexandria University;31.20194;29.90528;Alexandria, Egypt;;;female;East-West Dialogue / Racotis Art;médio;;East-West Dialogue;alto;FILE;;;;;31.199005;29.894378;;;;;;;;"biografias profissionais consultadas indicam atividade em design e direção de arte; sem evidência de óbito.";
Nonnnon;United States;;;;Salt Lake City, Utah, United States;;;male;;;nome artístico vinculado no FILE a Dave Madden, descrito como “de Salt Lake City”.;FILE Festival;baixa;FILE;;;;;40.759619;-111.886798;;;;;;;;"registro FILE remete a pseudônimo/projeto coletivo; sem fonte biográfica robusta que confirme local de morte.";
Norha Beltran;;Academia de Belas Artes (Viena) e outras academias de belas-artes na Bolívia, Áustria, Espanha e Brasil> estudos de Museologia e Psicologia no Brasil;48.20833333333334;16.3725;La Paz, Bolivia;;La Paz;female;https://www.catalogodasartes.com.br/artista/Norha%20Beltr%EF%BF%BDn/ | https://www.museonacionaldearte.gob.bo/2023/10/11/norah-beltran/> https://www.catalogodasartes.com.br/artista/Norha%20Beltr%EF%BF%BDn/ | https://www.museonacionaldearte.gob.bo/2023/10/11/norah-beltran/ | https://www.guiadasartes.com.br/norha-beltran/obras-principais;;As fontes confirmam formação em várias academias, mas sem cronologia fina> mantida formulação prudente.;Museo Nacional de Arte (Bolívia);alto;MAC USP;Europa> Brasil> Viena;sem datas exatas> referência específica a Viena;;baixa;-16.4977871;-68.1258403;;-16.4977871;-68.1258403;100.0;Museo Nacional de Arte;Museo Nacional de Arte;Museo Nacional de Arte;"local de morte auditado; museu registra La Paz, Bolívia, em 2016.";alta
Nuno Ramos;Brazil;Faculdade de Filosofia, Letras e Ciências Humanas da USP;-23.5613991;-46.7307891;São Paulo;;;male;https://pt.wikipedia.org/wiki/Nuno_Ramos;;formação em filosofia> passa a integrar a Casa 7 em 1984;Wikidata;alta;MAC USP;São Paulo, Brasil;1978–1982;https://pt.wikipedia.org/wiki/Nuno_Ramos;alta;-23.5486657;-46.6382522;100.0;;;;;;;"site oficial recente indica atividade artística e editorial; sem evidência de óbito.";
Nury Iyem;;Istanbul State Academy of Fine Arts> Higher Department of Painting;41.01;28.960277777778;;;Istanbul;;fontes biográficas de referência;;possível variante gráfica de Nuri İyem> sem desambiguação segura;;;MAC USP;Istambul, Turquia> Istambul, Turquia;1933–1937> 1940;fontes biográficas de referência;alta;;;;41.01;28.9602777778;;"Kültür Portalı; Vikipedi tr";Wikidata: Istanbul (Q406);Wikidata: Istanbul (Q406);"Grafia do nome no arquivo diverge de Nuri İyem; local de morte convergente em Istanbul.";media
Não identificada;;;;;;;;;;;autoria não identificada;;;Museu do Diamante;;;;;;;;;;;;;;"Identificação incompleta; não desambiguada com segurança.";
Não identificado;;;;;;;;;;;autoria não identificada;;;Museu Regional do Caeté;;;;;;;;;;;;;;"Identificação incompleta; não desambiguada com segurança.";
O. Brieu;;;;;;;;male;;;assinatura abreviada> não foi possível desambiguar com segurança;;;Pinacoteca de São Paulo;;;;;;;;;;;;;;"Assinatura abreviada; identidade não desambiguada com segurança.";
Octave Tassaert;France;Beaux-Arts de Paris> aprendizado de gravura com Alexis-François Girard> École royale des beaux-arts de Paris;48.85680555555555> > 48.85680555555555;2.333277777777778> > 2.333277777777778;Paris;;Paris;male;https://fr.wikipedia.org/wiki/Octave_Tassaert;;;Wikidata;alta;Museu Nacional de Belas Artes;Paris, França> Paris, França;1816> 1817–1825;https://fr.wikipedia.org/wiki/Octave_Tassaert;media;48.856372814;2.352529617;100.0;48.8566666667;2.3522222222;100.0;Wikipedia fr;Wikidata: Paris (Q90);Wikidata: Paris (Q90);Local de morte normalizado de arrondissement para a cidade de Paris com base em fonte biográfica secundária.;media
Odilla Mestriner;Brazil;Escola Municipal de Belas Artes de Ribeirão Preto;-21.1776315;-47.8100983;Ribeirão Preto;;Ribeirão Preto;female;https://enciclopedia.itaucultural.org.br/pessoas/2074-odilla-mestriner;;aluna de Domenico Lazzarini;Wikidata;alta;MAC USP;Ribeirão Preto, Brasil;1955–1956;https://enciclopedia.itaucultural.org.br/pessoas/2074-odilla-mestriner;alta;-21.1766308;-47.8208378;100.0;-21.1776315;-47.8100983056;;MAC USP;Wikidata: Ribeirão Preto (Q188892);Wikidata: Ribeirão Preto (Q188892);;alta
Oliver Grau;Germany;Humboldt-Universität zu Berlin;52.518055555555556;13.393333333333333;Germany;;;male;ZKM;médio;fonte biográfica identifica apenas o país> preenchimento mantido em nível de país.;ISEA Symposium Archives / Wikipedia;médio;FILE;;;;;51.110631049;10.392277932;100.0;;;;;;;"perfil institucional recente do ZKM; sem óbito identificado";
Olle Bærtling;Sweden;escola de Otte Sköld> Académie André Lhote;48.85666666666667;2.352222222222222;Halmstad;;Stockholm;male;fontes biográficas de referência;;formação combinando ateliê e academia;Wikidata;alta;MAC USP;Estocolmo, Suécia> Paris, França;1934> c. 1948;fontes biográficas de referência;media;56.6735868;12.8571404;100.0;59.3327881;18.0644881;100.0;"Wikipedia sv; Moderna Museet";Wikidata: Stockholm;Wikidata: Stockholm;"Local de morte auditado por fonte secundária; biografia institucional confirma o óbito em 1981.";media
Omar Rayo;Colombia;;;;Roldanillo;;Palmira;male;;;;https://www.wikidata.org/wiki/Q2741987;alta;;;;;alta;4.4125;-76.1547;;3.5347222222;-76.2955555556;;Wikipedia es;Wikidata: Palmira (Q989858);Wikidata: Palmira (Q989858);Local de morte preenchido com base em fonte secundária convergente.;media
Or Kantor;Israel;autodidata;32.05043;34.75224;;;;male;site oficial do artista;alto;local de nascimento não localizado em fonte auditável> autodidata> coordenadas atribuídas ao estúdio em Jaffa mencionado na biografia oficial;;;FILE;Jaffa;;;media;;;;;;;;;;"site oficial recente; sem óbito identificado";
Oreste Sercelli;Kingdom of Italy;Escola Profissional de Artes Industriais e Decorativas de Florença;43.771388888889;11.254166666667;Florence;;São Paulo;male;https://pt.wikipedia.org/wiki/Oreste_Sercelli;;A fonte também o descreve como professor de artes decorativas ao chegar ao Brasil.;Wikidata;alta;Museu Paulista;Florença;;;alta;43.7686976;11.2569291;100.0;-23.5503944444;-46.6339472222;100.0;Wikipedia pt;Wikidata: São Paulo (Q174);Wikidata: São Paulo (Q174);"Local de morte mantido; fonte secundária biográfica.";media
Oscar Dominguez;France;Instituto de La Laguna;25.535249;-103.434875;San Cristóbal de La Laguna;Montparnasse Cemetery;Paris;male;https://oliviermalingue.com/artists/53-oscar-dominguez/biography/;;A biografia confirma estudos no Instituto de La Laguna, mas sem datas precisas no trecho consultado.;Wikidata;alta;MAC USP;San Cristóbal de La Laguna, Espanha;;;media;28.4881163;-16.3147761;100.0;48.8566666667;2.3522222222;100.0;Fundación MAPFRE;Wikidata: Paris (Q90);Wikidata: Paris (Q90);;alta
Oscar Garcia Reino;Uruguay;Círculo de Bellas Artes> Escuela Taller de Artes Plásticas> cursos de composição de Cecilia Marcovich> Gobelins> Escuela Superior de Bellas Artes de Bruselas;40.418307> 50.84666666666666;-3.696575> 4.351666666666667;Montevideo, Uruguay;;Montevideo;male;https://www.askart.com/bio/Oscar_Garcia_Reino/11102130/oscar-garcia-reino | https://www.lmda.uy/garcia-reino;;;MAC USP;alto;MAC USP;Montevidéu> Bruxelas/França;1956-1958 para Gobelins/Bruxelas> sem datas exatas para a formação inicial;https://www.lmda.uy/garcia-reino;media;-34.9055557;-56.1852505;100.0;-34.9058333333;-56.1913888889;;MNAV Uruguai;Wikidata: Montevideo (Q1335);Wikidata: Montevideo (Q1335);;alta
Oscar Pereira da Silva;Brazil;Academia Imperial de Belas Artes;-22.91111111111111;-43.20555555555556;São Fidélis;;São Paulo;male;Wikipédia> Guia das Artes;;em Paris estudou com Léon Bonnat e Jean-Léon Gérôme;Wikidata;alta;Museu Casa de Benjamin Constant;Rio de Janeiro> Paris, França;1882–1887> 1889–1896;Wikipédia> Guia das Artes;media;-21.6460048;-41.7531245;100.0;-23.5503944444;-46.6339472222;100.0;Enciclopédia Itaú Cultural;Wikidata: São Paulo (Q174);Wikidata: São Paulo (Q174);;alta
Osvaldo Carvalho;;EAV-Parque Lage> Oficina de Escultura do Museu do Ingá> ECA-USP;-22.903722222222> -23.55833333;-43.125416666667> -46.72694444;Rio de Janeiro, RJ, Brasil;;;male;https://www.catalogodasartes.com.br/artista/Osvaldo%20Carvalho/ | https://zbgaleriadearte.com.br/artista/osvaldo-carvalho/ | https://galeriadearte.acervos.ufsc.br/os-artistas/osvaldo-carvalho/;;As fontes convergem em estudos no Parque Lage e Museu do Ingá, além do título de mestre em Poéticas Visuais pela ECA-USP. | conflito anterior sobre local/ano de nascimento resolvido por registro do MAC USP.;MAC USP;alta;MAC USP;Rio de Janeiro> Niterói> São Paulo;sem datas exatas nas fontes> mestrado concluído antes da atuação documentada em 2000;https://www.catalogodasartes.com.br/artista/Osvaldo%20Carvalho/ | https://zbgaleriadearte.com.br/artista/osvaldo-carvalho/;alta;-22.9014475;-43.1789159;;;;;;;;Não localizei fonte auditável suficiente sobre local de morte nesta rodada.;
Osvaldo Cibils;Uruguay;;;;Montevideo, Uruguay;;;male;;;;PROYECTOR;alta;FILE;;;;;-34.9055557;-56.1852505;100.0;;;;;;;"perfil recente no Videobrasil; sem óbito identificado";
Osvaldo Oliveira Cunha;;Faculdade de Belas Artes de São Paulo> oficinas do Museu Lasar Segall e da Pinacoteca> estudos com Michinori Inagaki;-23.583688> -23.5947;-46.633917> -46.6356;;;;male;https://www.newbarbizonartgallery.com/osvaldo-oliveira-personal-art-gallery | https://www.guapufrn.com/0001/osvaldo-oliveira> https://www.newbarbizonartgallery.com/osvaldo-oliveira-personal-art-gallery | https://hotmart.com/pt-br/marketplace/produtos/osvaldo-oliveira/V75861961W;;As fontes abertas usam 'Osvaldo Oliveira'> mantive associação ao creator 'Osvaldo Oliveira Cunha' com confiança média.;;;MAC USP;São Paulo;anos 1980;https://www.newbarbizonartgallery.com/osvaldo-oliveira-personal-art-gallery;media;;;;;;;;;;Não localizei fonte auditável suficiente sobre local de morte nesta rodada.;
Oswald de Andrade Filho;Brazil;Estudos na Suíça> aulas com Candido Portinari, Anita Malfatti e Lasar Segall;46.798562;8.231973;São Paulo, SP, Brazil;;Guarujá;male;https://enciclopedia.itaucultural.org.br/pessoas/3397-oswald-de-andrade-filho | https://www.guiadasartes.com.br/oswald-de-andrade-filho/obras-e-biografia;;;Enciclopédia Itaú Cultural;alto;MAC USP;São Paulo> Europa/Suíça;c. 1924-1929> 1931-1936;https://enciclopedia.itaucultural.org.br/pessoas/3397-oswald-de-andrade-filho | https://www.guiadasartes.com.br/oswald-de-andrade-filho/obras-e-biografia;media;-23.5486657;-46.6382522;;-23.9936111111;-46.2563888889;;Enciclopédia Itaú Cultural;Wikidata: Guarujá (Q271374);Wikidata: Guarujá (Q271374);;alta
Oswaldo Goeldi;Brazil;Escola Nacional de Belas Artes> Escola Politécnica de Zurique> École des Arts et Métiers;47.37645> 48.85666666666667;8.54785> 2.352222222222222;Rio de Janeiro;;Rio de Janeiro;male;https://pt.wikipedia.org/wiki/Oswaldo_Goeldi;;abandona engenharia e passa por seis meses na Escola de Artes e Ofícios de Genebra;Wikidata;alta;MAC USP;Zurique, Suíça> Genebra, Suíça;1914–1917> 1917;https://pt.wikipedia.org/wiki/Oswaldo_Goeldi;alta;-22.9014475;-43.1789159;100.0;-22.9111111111;-43.2055555556;100.0;Enciclopédia Itaú Cultural;Wikidata: Rio de Janeiro (Q8678);Wikidata: Rio de Janeiro (Q8678);;alta
Oswaldo Teixeira;Brazil;National School of Fine Arts> Liceu de Artes e Ofícios do Rio de Janeiro> Escola Nacional de Belas Artes (Enba);-22.91111111111111> -22.90879805555556;-43.20555555555556> -43.17573111111111;Rio de Janeiro;;Rio de Janeiro;male;https://www.oswaldoteixeira.art.br/ | https://www.guiadasartes.com.br/oswaldo-teixeira-do-amaral/biografia;;As fontes citam também os mestres Argemiro Cunha, Eurico Moreira Alves, Rodolfo Chambelland e Baptista da Costa.;Wikidata;alta;Museu Paulista;Rio de Janeiro;;;alta;-22.9014475;-43.1789159;100.0;-22.9111111111;-43.2055555556;100.0;Instituto Oswaldo Teixeira;Wikidata: Rio de Janeiro (Q8678);Wikidata: Rio de Janeiro (Q8678);;alta
Ottaviano Nelli;;provável formação com o pai Martino Nelli> tradição local umbriana;> ;> ;Gubbio;;;male;https://en.wikipedia.org/wiki/Ottaviano_Nelli;;Registro prudente por escassez de documentação formativa detalhada.;Wikidata;alta;MASP;Gubbio;;;baixa;43.3554814;12.5734444;100.0;;;100.0;;;;"Morte registrada como presumida em 1444; local não confirmado em fonte auditável.";
Ottone Rosai;Italy;Accademia di Belle Arti di Firenze> School of Engraving (com Celestino Celestini);43.776907;11.258475;Florence;Cimitero delle Porte Sante;Ivrea;male;Estorick Collection> Collezione Giuseppe Iannaccone;;expulso da academia> continuidade dos estudos em gravura;Wikidata;alta;MAC USP;Florença, Itália> Florença, Itália;até 1912> c. 1913;Estorick Collection> Collezione Giuseppe Iannaccone;media;43.7686976;11.2569291;100.0;45.4673788889;7.8747969444;100.0;"Wikipedia pt; Biografia Ottone Rosai";Wikidata: Ivrea (Q9409);Wikidata: Ivrea (Q9409);Local de morte mantido com base em fonte biográfica secundária.;media
Ottone Zorlini;Brazil;Academia de Belas Artes de Veneza;45.431078;12.328139;Province of Treviso;;São Paulo;male;https://www.guiadasartes.com.br/ottone-zorlini;;os dados de formação na Itália são descritos como incertos, mas a entrada na academia é explicitada;Wikidata;alta;MAC USP;Veneza, Itália;1905–1906;https://www.guiadasartes.com.br/ottone-zorlini;media;45.83333;12.21667;100.0;-23.5503944444;-46.6339472222;;Enciclopédia Itaú Cultural;Wikidata: São Paulo (Q174);Wikidata: São Paulo (Q174);;alta
P. Meytre;;;;;;;;;;;assinatura abreviada> não foi possível desambiguar com segurança;;;Museu da Inconfidência;;;;;;;;;;;;;;"Assinatura abreviada; identidade não desambiguada com segurança.";
Pablo Bounous;Uruguay;;;;;;;male;;;local de nascimento não localizado em fonte auditável;;;FILE;;;;;;;;;;;;;;Não localizei fonte auditável suficiente sobre local de morte nesta rodada.;
Pablo Gobira;Brazil;Universidade Federal de Minas Gerais;-19.8690878;-43.9663841;;;;female;Escavador/Lattes;alto;local de nascimento não localizado em fonte auditável;;;FILE;;;;;;;;;;;;;;"perfil institucional recente (LabFront/UEMG); sem óbito identificado";
Pablo Picasso;Spain;Royal Academy of Fine Arts of San Fernando> School of Fine Arts of La Lonja> Real Academia de San Fernando;-34.4549738> 40.4178;-58.8421679> -3.7007;Málaga;Château of Vauvenargues;Mougins;male;https://www.museepicassoparis.fr/en/picasso-timeline> https://www.museepicassoparis.fr/en/picassos-training;;Treinado também pelo pai, professor de desenho, mas o preenchimento privilegia instituições formais.;Wikidata;alta;MAC USP;Barcelona, Espanha> Madrid, Espanha;1895–1900> 1897–1898;https://www.museepicassoparis.fr/en/picasso-timeline > https://www.museepicassoparis.fr/en/picassos-training;alta;36.7196292;-4.4200007;100.0;43.6;6.9947222222;95.24;Britannica;Wikidata: Mougins (Q220673);Wikidata: Mougins (Q220673);Local de morte normalizado do imóvel Mas Notre-Dame-de-Vie para a comuna de Mougins.;alta
Pablo-Martín Córdoba;Argentina;autodidata;48.856372814;2.352529617;;;;male;PROYECTOR | site oficial / FILE Festival;médio;local de nascimento não localizado em fonte auditável> autodidata> coordenadas atribuídas à cidade onde vive e trabalha, usada como proxy de formação inicial;;;FILE;Paris;;;baixa;;;;;;;;;;Não localizei fonte auditável suficiente sobre local de morte nesta rodada.;
Paolo Rissone;;Accademia di Brera;45.47222222;9.18888889;Reggio Calabria, Italy;;;male;fontes biográficas de referência;;;Enciclopédia Itaú Cultural;alto;MAC USP;Milão, Itália;s.d.;fontes biográficas de referência;baixa;38.111227;15.647649;;;;;;;;Não localizei fonte auditável suficiente sobre local de morte nesta rodada.;
Paolo Serafini;;formação com o pai Serafino Serafini> trabalho formativo ao lado de Simone dei Crocefissi;> ;> ;Módena, Itália;;;male;https://pt.wikipedia.org/wiki/Paolo_Serafini_da_Modena;;A formação é reconstruída por vínculos familiares e de oficina, não por academia formal.;Antiqua nuova serie;media;MASP;Módena> Bolonha;antes de 1371> documentado em 1371 em San Domenico, Bolonha;https://pt.wikipedia.org/wiki/Paolo_Serafini_da_Modena;media;42.83333;12.83333;;;;;;;;"artista histórico; não localizei fonte auditável suficiente sobre local de morte nesta rodada.";
Paris Bordone;Republic of Venice;ateliê de Ticiano;45.431078;12.328139;Treviso;;Venice;male;https://en.wikipedia.org/wiki/Paris_Bordone | https://www.britannica.com/biography/Paris-Bordone;;Formação em oficina/atelier.;Wikidata;alta;MASP;Veneza;;;media;45.6662855;12.242072;100.0;45.434608;12.338913;100.0;Britannica;Wikidata: Venice (Q641);Wikidata: Venice (Q641);;alta
Paris Mavroidis;United States;Brown University> Pratt Institute;41.82611111111111> 40.691111;-71.40305555555555> -73.963889;;;;male;FILE Festival;médio;local de nascimento não localizado em fonte auditável;;;FILE;;;;;;;;;;;;;;Não localizei fonte auditável suficiente sobre local de morte nesta rodada.;
Patakk;Croatia;Faculty of Electrical Engineering and Computing, University of Zagreb> Universidad Politécnica de Madrid;40.448655555556;-3.7088805555556;Zagreb, Croatia;;;male;galeria Ragnar Digital;médio;;Ragnar Digital;alto;FILE;;;;;45.815916177;15.980642745;100.0;;;;;;;"site oficial recente; sem óbito identificado";
Patricio Ballesteros Ledesma;Argentina;Universidad de Buenos Aires (UBA);-34.599722222222;-58.373055555556;Buenos Aires;;;male;CV / Video Art World;alto;;Wikidata;alta;FILE;;;;;-34.6090264;-58.3732215;100.0;;;;;;;Não localizei fonte auditável suficiente sobre local de morte nesta rodada.;
Patricio Gonzalez Vivo;Argentina;Parsons The New School;40.73534;-73.99704;Buenos Aires, Argentina;;;male;site oficial do artista;alto;;Eyeo Festival;alto;FILE;;;;;-34.6090264;-58.3732215;100.0;;;;;;;"site oficial recente; sem óbito identificado";
Paul Clement;France;Athénée de Luxembourg> École des Beaux-Arts;49.60388889> 48.85666666666667;6.11083333> 2.333611111111112;Aix-en-Provence, France;;;male;https://de.wikipedia.org/wiki/Paul_Clement_(Maler);;;Montmartre Montparnasse;médio;MAC USP;Luxemburgo> Paris, França;s.d.> s.d.;https://de.wikipedia.org/wiki/Paul_Clement_(Maler);media;43.529850239;5.447376271;;;;;;;;Não localizei fonte auditável suficiente sobre local de morte nesta rodada.;
Paul Cézanne;France;Aix-Marseille University> Aix-Marseille University (curso de direito)> Académie Suisse;43.29349444444444> 43.29349444444444> 48.8545;5.357841666666666> 5.357841666666666> 2.3446;Aix-en-Provence;Saint-Pierre Cemetery;Aix-en-Provence;male;https://en.wikipedia.org/wiki/Paul_C%C3%A9zanne | https://www.worldhistory.org/Paul_Cezanne/;;A fonte também menciona aulas de desenho com Joseph Gibert antes da ida a Paris.;Wikidata;alta;MASP;Aix-en-Provence> Paris;1856-1858> 1861-1862;https://www.worldhistory.org/Paul_Cezanne/ | https://en.wikipedia.org/wiki/Paul_C%C3%A9zanne;alta;43.529850239;5.447376271;100.0;43.529850239;5.447376271;100.0;Britannica;Wikidata: Aix-en-Provence (Q47465);Wikidata: Aix-en-Provence (Q47465);;alta
Paul de Geslin;France;École des Beaux-Arts / ateliê de Jean-Auguste-Dominique Ingres;48.85666666666667;2.333611111111112;Rennes;Cemetery of Saint-Louis, Versailles;Versailles;male;https://fr.wikipedia.org/wiki/Paul_de_Geslin;;registro combina ingresso na escola e formação em ateliê;Wikidata;alta;Museu do Diamante;Paris, França;1828;https://fr.wikipedia.org/wiki/Paul_de_Geslin;media;48.111582472;-1.68005409;100.0;48.8047472;2.1205122;100.0;Wikipedia fr;Wikidata: Versailles (Q621);Wikidata: Versailles (Q621);Local de morte auditado por fonte secundária biográfica.;media
Paul Gauguin;France;lycée Pothier> Petit Séminaire de La Chapelle-Saint-Mesmin> Loriol Institute> Lycée Jeanne d'Arc> formação artística autodidata e informal com mentoria de Camille Pissarro;47.8822> 45.7769;1.839> 3.09487;Paris;Calvary Cemetery;Atuona;male;https://en.wikipedia.org/wiki/Paul_Gauguin;;A formação artística é explicitamente descrita como largely self-taught and informal.;Wikidata;alta;MASP;Orléans> Paris;antes de 1865> formação artística sem data escolar precisa;https://en.wikipedia.org/wiki/Paul_Gauguin;media;48.856372814;2.352529617;100.0;-9.8030555556;-139.0397222222;100.0;Musée d’Orsay;Wikidata: Atuona (Q2178729);Wikidata: Atuona (Q2178729);;alta
Paul Jenkins;United States;Art Students League of New York> Kansas Art Institute> Cleveland Play House;39.0463> 41.49916666666667;-94.5831> -81.69472222222223;Kansas City;;New York City;male;https://en.wikipedia.org/wiki/Paul_Jenkins_%28painter%29;;na Art Students League estuda com Yasuo Kuniyoshi;Wikidata;alta;MAC USP;Kansas City, EUA> Cleveland, EUA> Nova York, EUA;1937–1942> s.d.> 1948–1952;https://en.wikipedia.org/wiki/Paul_Jenkins_%28painter%29;media;39.099792;-94.578559;100.0;40.7127777778;-74.0061111111;100.0;"New York Times/Legacy; Wikipedia en";Wikidata: New York City (Q60);Wikidata: New York City (Q60);Local de morte auditado por obituário e fonte biográfica secundária.;media
Paul Émile Chabas;France;lycée Georges-Clemenceau> Académie Julian;47.2189> 48.871111111111;-1.545> 2.3416666666667;Nantes;;Paris;male;https://pt.wikipedia.org/wiki/Paul_Chabas | https://myopenmuseum.com/en/artist/paul-emile-chabas-964791;;A fonte também cita formação com William-Adolphe Bouguereau e Tony Robert-Fleury.;Wikidata;alta;MASP;Paris, França;antes de 1890> sem datas exatas adicionais na fonte;https://pt.wikipedia.org/wiki/Paul_Chabas;alta;47.21838348;-1.554317317;100.0;48.856372814;2.352529617;100.0;Musée d’Orsay;Wikidata: Paris (Q90);Wikidata: Paris (Q90);;alta
Paula Perissinotto;Brazil;Fundação Armando Alvares Penteado (FAAP)> Escola de Comunicações e Artes da Universidade de São Paulo> MECAD / ESDI;-23.5450155> -23.55833333>;-46.6630802> -46.72694444>;São Paulo, São Paulo, Brasil;;;female;Biblioteca Virtual da FAPESP;alto;;Currículo Lattes (espelho USP/Academia.edu);médio;FILE;;;;;-23.5486657;-46.6382522;;;;;;;;"Perfil institucional recente; sem óbito identificado.";
Paulina Rutman;Chile;School of the Art Institute of Chicago> The Edit Center;40.65083333333333;-73.94972222222222;Chile;;;female;FILE Festival;médio;fonte biográfica identifica apenas o país> preenchimento mantido em nível de país.;FILE Festival;médio;FILE;;;;;-35.675147;-71.542969;;;;;;;;"Perfil recente no FILE; sem óbito identificado.";
Pauline Le Bris;France;Supinfocom Valenciennes;50.35805555555555;3.523333333333333;France;;;female;portfólio / CV da artista;médio;FILE explicita “País de Origem”> preenchido em nível de país.;FILE Festival (País de Origem);alto;FILE;;;;;46.559417044;2.550539953;100.0;;;;;;;"CV/perfil recente; sem óbito identificado.";
Paulo Almeida;Portugal;Imperial College London;51.498308;-0.176882;São Paulo, Brazil;;;male;FILE Festival;médio;;Galeria Leme;alta;FILE;;;;;-23.5486657;-46.6382522;100.0;;;;;;;"Perfil recente no FILE; sem óbito identificado.";
Paulo Becker;;Universidade Federal do Rio de Janeiro (UFRJ)> formação com Turíbio Santos, Marco Pereira, Léo Soares e Nícolas Barros;-22.8625;-43.223888888889;Santa Cruz do Sul, RS, Brazil;;;male;https://acervo.casadochoro.com.br/cards/view/1641 | https://www.revistaprosaversoearte.com/casa-do-choro-ze-paulo-becker-e-fernando-leitzke/> https://acervo.casadochoro.com.br/cards/view/1641 | https://dicionariompb.com.br/artista/ze-paulo-becker/;;;MARGS / Guia das Artes;alto;MAC USP;Rio de Janeiro (RJ);violão clássico por 12 anos> sem datas exatas na fonte;https://acervo.casadochoro.com.br/cards/view/1641;media;-29.7175;-52.4259;;;;;;;;"Site oficial recente; sem óbito identificado.";
Paulo Franco;;Faculdade de Belas Artes de São Paulo;-23.583688;-46.633917;;;;male;fontes biográficas de referência;;datas aproximadas;;;Museu de Arte Religiosa e Tradicional;São Paulo, Brasil;1980s;fontes biográficas de referência;baixa;;;;;;;;;;Homônimo não desambiguado com segurança.;
Paulo Monteiro;Brazil;Faculdade de Belas Artes de São Paulo;-23.583688;-46.633917;São Paulo;;;male;https://www.guiadasartes.com.br/paulo-bacellar-monteiro;;;Wikidata;alta;MAC USP;São Paulo, Brasil;1980;https://www.guiadasartes.com.br/paulo-bacellar-monteiro;alta;-23.5486657;-46.6382522;100.0;;;;;;;"Atividade expositiva recente; sem óbito identificado.";
Paulo Pasta;Brazil;Fundação Armando Álvares Penteado (FAAP);-23.5450155;-46.6630802;Ariranha, São Paulo, Brazil;;;male;fontes biográficas de referência;;;Iberê Camargo;alto;MAC USP;São Paulo, Brasil;1977–1982;fontes biográficas de referência;alta;-21.1874;-48.7867;;;;;;;;"Verbete recente; sem óbito identificado.";
Paulo Renato Gaiad;Brazil;Florianópolis> Universidade do Estado de Santa Catarina;-27.593280555556> -27.60111111;-48.553047222222> -48.52;Piracicaba;;Florianópolis;male;fontes biográficas de referência;;datas aproximadas;Wikidata;alta;Museu Victor Meirelles;Florianópolis, Brasil;1970s;fontes biográficas de referência;media;-22.724976;-47.6476;100.0;-27.5969123;-48.5495751;100.0;Itaú Cultural;Wikidata: Florianópolis;Wikidata: Florianópolis;;alta
Paulo Rossi Osir;Brazil;Accademia di Belle Arti di Bologna;44.497811111111;11.353188888889;São Paulo;;São Paulo;male;biografia institucional do artista> fontes de referência;;datas aproximadas;Wikidata;alta;MAC USP;Bolonha, Itália;c. 1910s;biografia institucional do artista> fontes de referência;media;-23.5486657;-46.6382522;100.0;-23.5503944444;-46.6339472222;100.0;MAC USP;Wikidata: São Paulo (Q174);Wikidata: São Paulo (Q174);;alta
Paulo Whitaker;Brazil;Universidade para o Desenvolvimento do Estado de Santa Catarina (Udesc/SC);-27.593280555556;-48.553047222222;São Paulo, São Paulo, Brazil;;;male;https://enciclopedia.itaucultural.org.br/pessoas/2240-paulo-whitaker | https://www.referenciagaleria.com.br/artista/paulo-whitaker/;;;AM Galeria;médio;MAC USP;Santa Catarina;formação concluída em 1984;https://enciclopedia.itaucultural.org.br/pessoas/2240-paulo-whitaker | https://www.referenciagaleria.com.br/artista/paulo-whitaker/;alta;-23.5486657;-46.6382522;;;;;;;;"Verbete recente; sem óbito identificado.";
Pedro Alexandrino Borges;Brazil;aprendizado com Claude-Paul Barandier> Academia Imperial de Belas Artes / Escola Nacional de Belas Artes;-22.91111111111111;-43.20555555555556;São Paulo;;São Paulo;male;https://pt.wikipedia.org/wiki/Pedro_Alexandrino_Borges | https://www.escritoriodearte.com/artista/pedro-alexandrino | https://pt.wikipedia.org/wiki/Pedro_Alexandrino_Borges> https://pt.wikipedia.org/wiki/Pedro_Alexandrino_Borges | https://www.escritoriodearte.com/artista/pedro-alexandrino;;Fonte adicional aberta informa mestres José Maria Medeiros e Zeferino da Costa no Rio.;Wikidata;alta;Pinacoteca de São Paulo;Campinas> Rio de Janeiro;desde 1867> 1890-1892;https://pt.wikipedia.org/wiki/Pedro_Alexandrino_Borges | https://pt.wikipedia.org/wiki/Pedro_Alexandrino_Borges;alta;-23.5486657;-46.6382522;100.0;-23.5503944444;-46.6339472222;100.0;Itaú Cultural;Wikidata: São Paulo (Q174);Wikidata: São Paulo (Q174);;alta
Pedro Américo;Brazil;Beaux-Arts de Paris> Academia Imperial de Belas Artes> École des Beaux-Arts> Université libre de Bruxelles;-22.91111111111111> 48.85666666666667> 50.811667;-43.20555555555556> 2.333611111111112> 4.381111;Areia;Rio de Janeiro;Florence;male;fontes biográficas de referência;;formação artística e acadêmica mais ampla;Wikidata;alta;Museu Paulista;Rio de Janeiro, Brasil> Paris, França> Bruxelas, Bélgica;1855–1859> 1860s> 1868;fontes biográficas de referência;alta;-6.9660876;-35.6899708;100.0;43.7686976;11.2569291;100.0;Itaú Cultural;Wikidata: Florence;Wikidata: Florence;;alta
Pedro Augusto Simões Pires;;Escola Nacional de Belas Artes;-22.8625055;-43.2256622;São Paulo, SP, Brasil;;;male;fontes biográficas de referência;;datas aproximadas;MASC (FCC/SC);alta;Museu Victor Meirelles;Rio de Janeiro, Brasil;1930s;fontes biográficas de referência;baixa;-23.5486657;-46.6382522;;;;;;;;"Site oficial recente; sem óbito identificado.";
Pedro Bruno;Brazil;Conservatório de Nápoles> Conservatório de Roma> Academia Inglesa (curso de pintura, em Roma)> Escola Nacional de Belas Artes;40.84944444> 41.893055555556> 41.893055555556;14.2525> 12.482777777778> 12.482777777778;Paquetá Island;;Rio de Janeiro;male;https://pt.wikipedia.org/wiki/Pedro_Bruno | https://pintorpedrobruno.com.br/biografia-pedro-bruno/;;A trajetória combina formação musical e posterior aperfeiçoamento em pintura.;Wikidata;alta;Museu Histórico Nacional;Nápoles> Roma> Rio de Janeiro;1905 em diante> 1918> 1918-1922;https://pt.wikipedia.org/wiki/Pedro_Bruno | https://pintorpedrobruno.com.br/biografia-pedro-bruno/;media;14.37611;123.0525;93.69;-22.9111111111;-43.2055555556;100.0;Itaú Cultural;Wikidata: Rio de Janeiro (Q8678);Wikidata: Rio de Janeiro (Q8678);;alta
Pedro Correia de Araújo;;Liceu de Artes e Ofícios de Pernambuco;-8.06127;-34.879077;Paris;;Rio de Janeiro;male;fontes biográficas de referência;;datas aproximadas;Wikidata;alta;Museu da Inconfidência;Recife, Brasil;fim do século XIX;fontes biográficas de referência;baixa;48.856372814;2.352529617;100.0;-22.9111111111;-43.2055555556;100.0;Itaú Cultural;Wikidata: Rio de Janeiro (Q8678);Wikidata: Rio de Janeiro (Q8678);Nome completo na fonte: Pedro Luiz Correia de Araújo.;alta
Pedro Galbiati;;formação escultórica ítalo-brasileira> instituição não identificada na fonte aberta consultada;> ;> ;;;;male;https://www.catalogodasartes.com.br/artista/Pedro%20Galbiati/;;A fonte disponível é insuficiente para nomear escola específica> registro mantido cauteloso.;;;Museu Paulista;Brasil> Itália;;;baixa;;;;;;;;;;Não localizei fonte auditável suficiente sobre local de morte nesta rodada.;
Pedro Ivo Carvalho;Brazil;The Animation Workshop;56.4561;9.40611;Niterói, Brazil;;;male;FILE Festival | blog pessoal;alto;;FILE Festival;alta;FILE;;;;;-22.8898227;-43.1220775;;;;;;;;"Perfil recente no FILE; sem óbito identificado.";
Pedro José Pinto Peres;;Liceu de Artes e Ofícios do Rio de Janeiro> Academia Imperial de Belas Artes;-22.91111111111111> -22.91111111111111;-43.20555555555556> -43.20555555555556;Lisboa, Portugal;;Rio de Janeiro;male;Catálogo das Artes> Escritório de Arte> Wikipédia;;chegou ao Brasil ainda criança e realizou sua formação artística no Rio de Janeiro;Enciclopédia Itaú Cultural;alta;Museu Victor Meirelles;Rio de Janeiro;c. 1865> 1868;Catálogo das Artes> Escritório de Arte> Wikipédia;alta;38.7070085;-9.1356407;;-22.9111111111;-43.2055555556;100.0;Itaú Cultural;Wikidata: Rio de Janeiro (Q8678);Wikidata: Rio de Janeiro (Q8678);;alta
Pedro Riva;Argentina;Universidad de Buenos Aires> University of Bergen> Kuvataideakatemia / University of the Arts Helsinki;-34.599722222222;-58.373055555556;;;;male;NOBA;médio;local de nascimento não localizado em fonte auditável;;;FILE;;;;;;;;;;;;;;"Perfil recente; sem óbito identificado.";
Pedro Veneroso;Brazil;Universidade Federal de Minas Gerais (UFMG);-19.8690878;-43.9663841;Belo Horizonte, Minas Gerais, Brasil;;;male;Lab|Front / currículo;alto;;GAL;alto;FILE;;;;;-19.9181771;-43.9370534;;;;;;;;"Atividade acadêmica recente; sem óbito identificado.";
Pedro Weingärtner;Brazil;Académie Julian> Liceu de Artes e Ofícios de Hamburgo> Academia Grão-ducal de Arte de Baden> Real Academia de Artes da Prússia;53.55> 47.47291> 52.516666666667;10> 8.30799> 13.383333333333;Porto Alegre;;Porto Alegre;male;https://pt.wikipedia.org/wiki/Pedro_Weing%C3%A4rtner | https://www.arrematearte.com.br/artistas/pedro-weingartner-1853;;;Wikidata;alta;Museu Nacional de Belas Artes;Hamburgo> Karlsruhe> Berlim> Paris;1878> 1880> sem data exata para Académie Julian na fonte recuperada;https://pt.wikipedia.org/wiki/Pedro_Weing%C3%A4rtner | https://www.arrematearte.com.br/artistas/pedro-weingartner-1853;alta;-30.027679;-51.2286404;100.0;-30.0328305556;-51.2301888889;100.0;Itaú Cultural;Wikidata: Porto Alegre (Q40269);Wikidata: Porto Alegre (Q40269);;alta
Pereira, A.J.;;;;;;;;;;;;;;Museu Histórico Nacional;;;;;;;;;;;;;;"Identificação incompleta; não desambiguada com segurança.";
Pete Burkeet;United States;The University of Akron;41.0752;-81.5115;;;;male;site da artista | fellowship.xyz;médio;local de nascimento não localizado em fonte auditável;;;FILE;;;;;;;;;;;;;;"Site oficial recente; sem óbito identificado.";
Peter Burr;United States;Carnegie Mellon University;40.4425;-79.94333333333333;Brooklyn;;;male;CV do artista;alto;;Wikidata;alta;FILE;;;;;40.692529;-73.990996;100.0;;;;;;;"Site oficial recente; sem óbito identificado.";
Peter Lubarda;;School of Fine Arts / Academy in Belgrade;44.819524;20.453494;Ljubotin, Montenegro;;Belgrade;male;biografia institucional do artista> fontes de referência;;denominação institucional varia entre fontes | fonte usa a grafia Petar Lubarda.;Museum of Contemporary Art Skopje;alto;MAC USP;Belgrado, Sérvia;1925–1929;biografia institucional do artista> fontes de referência;media;42.4463;19.1338;;44.8177777778;20.4569444444;100.0;Centre Pompidou;Wikidata: Belgrade (Q3711);Wikidata: Belgrade (Q3711);"Grafia do nome no arquivo diverge de Petar Lubarda; local de morte convergente em Belgrade.";media
Peter Paul Rubens;Spanish Netherlands;University of Cambridge> aprendiz com Tobias Verhaecht, Adam van Noort e Otto van Veen;52.205355979757925>;0.11315726963968827>;Siegen;St. James' Church, Antwerp;Antwerp;male;https://en.wikipedia.org/wiki/Peter_Paul_Rubens | https://www.britannica.com/biography/Peter-Paul-Rubens;;;Wikidata;alta;MASP;Antuérpia;c.1591-1598;https://en.wikipedia.org/wiki/Peter_Paul_Rubens;alta;50.874558999;8.024625;100.0;51.25942418;4.371799938;100.0;"Rubenshuis; MuseumTV";Wikidata: Antwerp (Q12892);Wikidata: Antwerp (Q12892);Local de morte mantido com base em fonte museológica e fonte secundária convergente.;media
Peter Sussmann;;Colegio Nacional Manuel Belgrano;-34.599722222222;-58.381944444444;Berlin, Germany;;Buenos Aires;male;https://artedelaargentina.com.ar/disciplinas/artista/pintura/peter-sussmann;;fonte confirma egresso do colegio> não localizei escola de arte formal;Arte de la Argentina;médio;MAC USP;Buenos Aires, Argentina;até 1944;https://artedelaargentina.com.ar/disciplinas/artista/pintura/peter-sussmann;media;52.517669999;13.405537999;;-34.6090264;-58.3732215;100.0;Arte de la Argentina;Wikidata: Buenos Aires;Wikidata: Buenos Aires;Local de morte preenchido com base em fonte secundária artística.;media
Peter Whittenberger;United States;University of Montana> University of Nevada, Reno;46.86> 39.545833333333;-113.98527777778> -119.81666666667;St. Louis, Missouri, USA;;;male;CV do artista;alto;;Saatchi Art;médio;FILE;;;;;38.635355;-90.2009855;;;;;;;;"Site oficial recente; sem óbito identificado.";
Peter William Holden;Germany;;;;Burnley, United Kingdom;;;male;;;;site oficial do artista;alto;FILE;;;;;53.789287;-2.240503;;;;;;;;"Site/CV recente; sem óbito identificado.";
Petros Vrellis;Greece;University of Patras> University of Ioannina;38.286666666667> 39.62;21.786388888889> 20.84;Greece;;;male;Saatchi Art;médio;fonte identifica apenas o país de nascimento;bio do artista;médio;FILE;;;;;39.0;22.0;100.0;;;;;;;"Perfil recente no FILE; sem óbito identificado.";
Philipp Artus;Germany;École des Beaux Arts in Nantes> Academy of Media Arts Cologne;47.206475;-1.560904;Bremen;;;male;site oficial do artista;alto;;Wikidata;alta;FILE;;;;;53.075605999;8.809338;100.0;;;;;;;"Site oficial recente; sem óbito identificado.";
Philippe Lamy;France;École nationale supérieure des beaux-arts de Toulouse;45.768055555556;4.8172222222222;Casablanca, Morocco;;;male;site oficial do artista;alto;;site oficial do artista;alto;FILE;;;;;33.57311;-7.589843;;;;;;;;"Biografia recente; sem óbito identificado.";
Piero di Cosimo;;aprendiz de Cosimo Rosselli;43.776907;11.258475;Florence;;Florence;male;https://en.wikipedia.org/wiki/Piero_di_Cosimo | https://www.britannica.com/biography/Piero-di-Cosimo;;;Wikidata;alta;MASP;Florença;;;media;43.7686976;11.2569291;100.0;43.7686976;11.2569291;100.0;Uffizi Firenze;Wikidata: Florence;Wikidata: Florence;;alta
Piero Marussig;Kingdom of Italy;;;;Trieste;;Pavia;male;;;;https://www.wikidata.org/wiki/Q1680724;alta;;;;;alta;45.6535974;13.7785154;100.0;45.1858877;9.1565627;100.0;MAC USP;Wikidata: Pavia (Q6259);Wikidata: Pavia (Q6259);;alta
Pierre Alechinsky;France;École nationale supérieure des arts visuels de La Cambre;50.818888888889;4.3741666666667;Brussels;;;male;place_of_birth_tiered_dataset.csv;;dados recuperados de base auxiliar> datas não localizadas;Wikidata;alta;MAC USP;Bruxelas, Bélgica;;;alta;50.89806471;4.406264339;100.0;;;;;;;"Atividade expositiva recente; sem óbito identificado.";
Pierre Chaumont;Canada;Université du Québec à Montréal (UQAM)> Campus ADN;45.513888888889>;-73.560277777778>;Libourne;;;male;CV do artista;alto;;Wikidata;alta;FILE;;;;;44.914458002;-0.245192324;100.0;;;;;;;"CV recente; sem óbito identificado.";
Pierre Depaz;France;Sorbonne Nouvelle-Paris 3;48.84488888888889;2.396988888888889;Bordeaux, France;;;male;Cosyll / AI Fictions;médio;fonte biográfica informa origem em Bordeaux.;site oficial do artista;médio;FILE;;;;;44.837898313;-0.579380299;;;;;;;;"Perfil acadêmico recente; sem óbito identificado.";
Pierre F. K.;;;;;;;;male;;;;;;Museu Paulista;;;;;;;;;;;;;;"Identificação incompleta; não desambiguada com segurança.";
Pierre Gobert;France;estudos com Pierre Mignard> Académie Royale de Peinture et de Sculpture;> 48.85722222222222;> 2.3369444444444443;Fontainebleau;;Paris;male;https://en.wikipedia.org/wiki/Pierre_Gobert;;;Wikidata;alta;MASP;Paris;;;media;48.404740851;2.701648778;100.0;48.856372814;2.352529617;100.0;Museo del Prado;Wikidata: Paris;Wikidata: Paris;;alta
Pierre Soulages;France;Montpellier Fine Arts School;43.61755318089179;3.8841390694349522;Rodez;Montparnasse Cemetery;Nîmes;male;place_of_birth_tiered_dataset.csv;;dados recuperados de base auxiliar> datas não localizadas;Wikidata;alta;MAC USP;Montpellier, França;;;alta;44.349408655;2.576021508;100.0;43.83665;4.35788;100.0;Centre Pompidou;Wikidata: Nîmes;Wikidata: Nîmes;Local normalizado do hospital para a cidade.;alta
Pierre-Auguste Renoir;France;Beaux-Arts de Paris> École des Beaux-Arts de Paris> atelier de Charles Gleyre;48.85680555555555> 48.85680555555555>;2.333277777777778> 2.333277777777778>;Limoges;Essoyes;Cagnes-sur-Mer;male;https://sammlung.staedelmuseum.de/en/person/renoir-auguste;;;Wikidata;alta;MASP;Paris, França> Paris, França;1862–1864> 1861–1864;https://sammlung.staedelmuseum.de/en/person/renoir-auguste;alta;45.826337539;1.260531636;100.0;43.663746502;7.148767541;100.0;"Musée Renoir; Britannica";Wikidata: Cagnes-sur-Mer;Wikidata: Cagnes-sur-Mer;;alta
Pierre-Jean Le Moël;France;;;;France;;;male;;;fonte biográfica identifica apenas o país> preenchimento mantido em nível de país.;Vimeo;médio;FILE;;;;;46.559417044;2.550539953;100.0;;;;;;;"Perfil recente no FILE; sem óbito identificado.";
Pieter Tjabbes;Netherlands;Leiden University;52.15694444444444;4.485277777777778;Netherlands;;;male;FILE Festival;médio;fonte biográfica identifica apenas o país> preenchimento mantido em nível de país.;Itaú Cultural / FILE Festival;médio;FILE;;;;;52.249375293;5.616126398;100.0;;;;;;;"Atuação curatorial recente; sem óbito identificado.";
Pietro Perugino;Italy;oficina de Andrea del Verrocchio;43.11194444444445> 43.776907;12.38861111111111> 11.258475;Città della Pieve;;Fontignano;male;https://en.wikipedia.org/wiki/Perugino | https://www.britannica.com/biography/Perugino;;As fontes também mencionam formação inicial em Perugia antes da ida a Florença.;Wikidata;alta;MASP;Perugia> Florença;c.1470s;https://en.wikipedia.org/wiki/Perugino;media;42.953051;12.003567;100.0;43.0262392;12.1913319;100.0;Treccani;Wikidata: Fontignano;Wikidata: Fontignano;;alta
Pio Semeghini;Italy;Accademia di Belle Arti di Modena> Accademia di Belle Arti di Firenze> Académie Julian;44.64445277777778> 43.776907;10.92485277777778> 11.258475;Quistello;;Verona;male;https://it.wikipedia.org/wiki/Pio_Semeghini> https://piosemeghini.it/biografia.php;;As fontes convergem sobre a formação nas academias de Modena e Florença e a frequência à Académie Julian em Paris, mas sem datas precisas localizadas.;Wikidata;alta;MAC USP;Modena, Itália> Florença, Itália> Paris, França;;;media;45.006574;10.9834629;100.0;45.4383527;10.9917125;100.0;Treccani;Wikidata: Verona;Wikidata: Verona;;alta
Pola Rezende;;Escola de Belas Artes da UFMG;-19.8690878;-43.9663841;;;São Paulo;female;fontes biográficas de referência;;fontes divergentes sobre local de nascimento (Rússia/Polônia);;;MAC USP;Belo Horizonte, Brasil;s.d.;fontes biográficas de referência;baixa;;;;-23.5503944444;-46.6339472222;100.0;MAC USP;Wikidata: São Paulo (Q174);Wikidata: São Paulo (Q174);;alta
Prisciliano Silva;Brazil;Federal University of Bahia> Escola de Belas Artes da Bahia> Liceu de Artes e Ofícios> Académie Julian;-12.990785;-38.524427;Salvador;;Rio de Janeiro;male;https://pt.wikipedia.org/wiki/Prisciliano_Silva | https://www.escritoriodearte.com/artista/presciliano-silva;;As fontes também citam aulas particulares com Manoel Lopes Rodrigues.;Wikidata;alta;Museu Histórico Nacional;Salvador> Paris;matrícula em 1896> temporada em Paris de 1905 a 1908;https://pt.wikipedia.org/wiki/Prisciliano_Silva | https://www.escritoriodearte.com/artista/presciliano-silva;alta;-12.9641527;-38.5058208;100.0;-22.9111111111;-43.2055555556;100.0;Itaú Cultural;Wikidata: Rio de Janeiro (Q8678);Wikidata: Rio de Janeiro (Q8678);Fonte usa a grafia Presciliano Silva.;alta
Przemek Wegrzyn;Poland;University of Wroclaw> Academy of Fine Arts in Wroclaw;51.11361111111111> 51.111944;17.03333333333333> 17.008611;Nowy Sącz, Poland;;;male;FILE Festival;médio;;currículo do artista;alto;FILE;;;;;49.624944;20.697464;;;;;;;;"CV/biografia recente; sem óbito identificado.";
Q10288297;;;;;;;;;;;;;;;;;;;;;;;;;;;;"Identificação insuficiente; creator registrado apenas como QID.";
Quba Michalski;Poland;;;;Poland;;;male;;;fonte identifica apenas o país de nascimento;FILE Festival;médio;FILE;;;;;52.123790154;19.398768986;100.0;;;;;;;"CV recente; sem óbito identificado.";
Quentin Pointillart;;Supinfocom> BTS communication visuelle> Reims Management School> Tomas Bata University in Zlín;50.35805555555555;3.523333333333333;;;;male;Zerply;médio;local de nascimento não localizado em fonte auditável;;;FILE;;;;;;;;;;;;;;"Perfil profissional recente; sem óbito identificado.";
Quinten Metsys;Duchy of Brabant;formação inicial em Leuven> provável aprendizagem em oficinas da família Bouts> Guilda de São Lucas de Antuérpia;50.8775> 51.22111111111112;4.704444> 4.399722222222223;Leuven;Onze-Lieve-Vrouwekathedraal;Antwerp;male;https://en.wikipedia.org/wiki/Quentin_Matsys | https://www.wikiart.org/en/quentin-matsys | https://thekleschcollection.com/selected-works/quinten-metsys-christ-blessing/> https://en.wikipedia.org/wiki/Quentin_Matsys | https://thekleschcollection.com/selected-works/quinten-metsys-christ-blessing/;;A formação inicial é reconstruída por historiadores> registros de guilda em Leuven não foram preservados.;Wikidata;alta;MASP;Leuven> Antuérpia;antes de 1491> mestre em Antuérpia em 1491;https://en.wikipedia.org/wiki/Quentin_Matsys;baixa;50.882173608;4.705906182;100.0;51.25942418;4.371799938;100.0;Britannica;Wikidata: Antwerp (Q12892);Wikidata: Antwerp (Q12892);;alta
Quirino da Silva;Brazil;Liceu de Artes e Ofícios de São Paulo;-23.5331446;-46.6267577;Rio de Janeiro;;São Paulo;male;fontes biográficas de referência;;instituição identificada> datas aproximadas;Wikidata;alta;MAC USP;São Paulo, Brasil;c. 1910s;fontes biográficas de referência;media;-22.9014475;-43.1789159;100.0;-23.5503944444;-46.6339472222;100.0;Itaú Cultural;Wikidata: São Paulo (Q174);Wikidata: São Paulo (Q174);;alta
Rafael Frederico;Brazil;Academia Imperial de Belas Artes (Aiba);-22.91111111111111;-43.20555555555556;Rio de Janeiro;;Rio de Janeiro;male;https://enciclopedia.itaucultural.org.br/pessoas/7385-rafael-frederico | https://www.catalogodasartes.com.br/artista/Rafael%20Frederico/;;A fonte aberta também informa depois atuação como assistente de Zeferino da Costa.;Wikidata;alta;Museu Nacional de Belas Artes;Rio de Janeiro;1877 em diante;https://enciclopedia.itaucultural.org.br/pessoas/7385-rafael-frederico;alta;-22.9014475;-43.1789159;100.0;-22.9111111111;-43.2055555556;100.0;Itaú Cultural;Wikidata: Rio de Janeiro (Q8678);Wikidata: Rio de Janeiro (Q8678);Fonte usa a grafia Raphael Frederico.;alta
Raheed Allaf;United Arab Emirates;American University of Sharjah;25.309722;55.490556;Saudi Arabia;;;female;site oficial da artista;alto;fonte descreve a artista como “storyteller from Saudi Arabia”> usado com baixa confiança.;FILE Festival;baixa;FILE;;;;;23.885942;45.079162;;;;;;;;"Perfil recente no FILE; sem óbito identificado.";
Raimundo de Oliveira;Brazil;seminário de Feira de Santana> Escola de Belas Artes da Universidade da Bahia> cursos com Maria Célia Amado;-12.266944444444;-38.966944444444;Feira de Santana, BA, Brasil;;Salvador;male;https://galeriadearte.art.br/artista/raimundo-de-oliveira/ | https://www.guiadasartes.com.br/raimundo-de-oliveira/vida | https://enciclopedia.itaucultural.org.br/pessoas/2741-raimundo-de-oliveira> https://www.guiadasartes.com.br/raimundo-de-oliveira/vida | https://galeriadearte.art.br/artista/raimundo-de-oliveira/;;A formação inicial aparece por influência da mãe e pela passagem pelo seminário> em 1947 a fonte menciona cursos regulares de pintura na Universidade da Bahia.;MAC USP;alta;MAC USP;Feira de Santana> Salvador;1942-1943> 1947 em diante;https://galeriadearte.art.br/artista/raimundo-de-oliveira/ | https://www.guiadasartes.com.br/raimundo-de-oliveira/vida;alta;-10.769946429;-53.073466889;;-12.9641527;-38.5058208;100.0;Itaú Cultural;Wikidata: Salvador;Wikidata: Salvador;;alta
Raj Jeshang;Tanzania;Savannah College of Art and Design;32.073;-81.0961;Dar es Salaam, Tanzania;;;male;The AOI | Graphic Days;médio;;FILE Festival;alto;FILE;;;;;-6.792354;39.208328;;;;;;;;"Perfil profissional recente; sem óbito identificado.";
Ralph Du Casse;United States;University of Cincinnati> University of California, Berkeley> estudos com Hans Hofmann> California College of Arts and Crafts;37.775;-122.4194444444444;Paducah;;San Francisco;male;https://fostergwin.com/artist-bios/ralph-ducasse/ | https://www.carlsonartprojects.com/ralph-ducasse;;;Wikidata;alta;MAC USP;Cincinnati> Berkeley> Nova York> Oakland;B.A. 1940> M.A. 1948> M.F.A. 1950;https://fostergwin.com/artist-bios/ralph-ducasse/ | https://www.carlsonartprojects.com/ralph-ducasse;alta;37.07639;-88.633016;100.0;37.7800771;-122.4201615;100.0;SFGate;Wikidata: San Francisco;Wikidata: San Francisco;Local de morte sustentado por obituário jornalístico.;media
Raman Djafari;Germany;Hamburg University of Applied Sciences (HAW);53.55627;10.02196;Alemanha;;;male;FILE Festival;médio;Ficha FILE explicita País de Origem.;FILE Archive — ficha de participante;alta;FILE;;;;alta;51.110631049;10.392277932;;;;;;;;"Site/portfólio recente; sem óbito identificado.";
Ramiro AMK Fernández;Argentina;;;;Buenos Aires, Argentina;;;male;;;;Mundos Digitales;alto;FILE;;;;;-34.6090264;-58.3732215;100.0;;;;;;;"Atuação profissional recente; sem óbito identificado.";
Ramon Vergara Grez;Chile;Escuela de Bellas Artes de la Universidad de Chile;-33.44454888888889;-70.65095388888889;Mejillones;;Santiago;male;fontes biográficas de referência;;instituição identificada> datas aproximadas;Wikidata;alta;MAC USP;Santiago, Chile;c. 1940s;fontes biográficas de referência;baixa;-18.990488501803;-68.69463918794;100.0;-33.4459946;-70.6670569;100.0;Academia Chilena de Bellas Artes;Wikidata: Santiago;Wikidata: Santiago;;alta
Raoul Dufy;France;École supérieure d'art du Havre> École des Beaux-Arts du Havre> École Nationale supérieure des Beaux-Arts;49.494166666667;0.10805555555556;Le Havre;Cimetière de Cimiez;Forcalquier;male;Wikipedia> Britannica;;;Wikidata;alta;MAC USP;Le Havre, França> Paris, França;1895–1900> 1900;Wikipedia> Britannica;alta;49.494261098;0.107801459;100.0;43.960133439;5.780591181;100.0;Britannica;Wikidata: Forcalquier;Wikidata: Forcalquier;;alta
Raphael;Holy Roman Empire;Liceu de Artes e Ofícios de São Paulo;-23.5331446;-46.6267577;Urbino;Pantheon;Rome;male;fontes biográficas de referência;;instituição identificada em biografias sumárias;Wikidata;alta;;São Paulo, Brasil;s.d.;fontes biográficas de referência;baixa;43.7247469;12.6366847;100.0;41.8930555556;12.4827777778;100.0;Britannica;Wikidata: Rome (Q220);Wikidata: Rome (Q220);;alta
Raphael Galvez;Brazil;Liceu de Artes e Ofícios de São Paulo;-23.5331446;-46.6267577;São Paulo;;São Paulo;male;fontes biográficas de referência;;instituição identificada em biografias sumárias;Wikidata;alta;MASP;São Paulo, Brasil;s.d.;fontes biográficas de referência;baixa;-23.5486657;-46.6382522;100.0;-23.5503944444;-46.6339472222;100.0;Itaú Cultural;Wikidata: São Paulo (Q174);Wikidata: São Paulo (Q174);Nome completo na fonte: Raphael Dazzani Galvez.;alta
Raphaël Collin;France;Beaux-Arts de Paris> École des Beaux-Arts de Paris (atelier de Cabanel);48.85680555555555> 48.85680555555555;2.333277777777778> 2.333277777777778;Rue Louise-Émilie-de-La-Tour-d'Auvergne;Cemetery of Fontenay-aux-Roses;Brionne;male;https://cths.fr/an/savant.php?id=125219;;;Wikidata;alta;Museu Nacional de Belas Artes;Paris, França;1869–1873;https://cths.fr/an/savant.php?id=125219;alta;45.53389;2.68917;81.21;49.193448918;0.721791538;100.0;Musée d’Orsay;Wikidata: Brionne;Wikidata: Brionne;;alta
Raquel Fukuda;Brazil;Faculdade Santa Marcelina;-23.550394444444;-46.633947222222;São Paulo;;;female;Escavador / Lattes;médio;;Wikidata;alta;FILE;;;;;-23.5486657;-46.6382522;100.0;;;;;;;"Atuação profissional recente; sem óbito identificado.";
Raquel Piantino;Brazil;Universidade de Brasília (UnB)> The University of Texas at Dallas;-15.76138888888889;-47.86638888888889;Brasília;;;female;FILE Festival | UIVO Filmes;médio;;Wikidata;alta;FILE;;;;;-15.7793842;-47.9257379;100.0;;;;;;;"Biografia recente no FILE; sem óbito identificado.";
Raul Milian;Cuba;Academia de San Alejandro;23.087472;-82.426917;Havana;;Havana;male;fontes biográficas de referência;;instituição identificada> datas não localizadas com precisão;Wikidata;alta;MAC USP;Havana, Cuba;s.d.;fontes biográficas de referência;baixa;23.1281371;-82.3897195;100.0;23.1281371;-82.3897195;100.0;Museo Nacional de Bellas Artes de Cuba;Wikidata: Havana;Wikidata: Havana;;alta
Raul Porto;;;;;Dois Córregos, SP, Brazil;;Campinas;male;https://www.catalogodasartes.com.br/artista/Raul%20Porto/;;;Galeria Berenice Arvani / Catálogo das Artes;alto;MAC USP;Campinas (SP);;;baixa;-22.3677;-48.3814;;-22.900833333;-47.057222222;100.0;"Galeria Berenice Arvani; Catálogo das Artes";Wikidata: Campinas;Wikidata: Campinas;Local de morte preenchido com base em fontes secundárias convergentes.;media
Ravana;India;;;;New Delhi, India;;;male;;;;FILE Festival;alto;FILE;;;;;28.613939;77.209021;;;;;;;;Pseudônimo/nome artístico não desambiguado com segurança.;
Raven Kwok;United States;Shanghai Institute of Visual Art> Rensselaer Polytechnic Institute;31.048> 42.729014;121.202> -73.676728;Shanghai, China;;;male;site oficial / CV do artista;alto;;site oficial do artista;alto;FILE;;;;;31.22222;121.45806;100.0;;;;;;;"Site/portfólio recente; sem óbito identificado.";
Ray Gropius;Italy;autodidata;;;Netherlands;;;male;FILE Festival;médio;fonte identifica apenas o país de nascimento> autodidata mantido sem coordenadas> fontes localizadas informam apenas Países Baixos, sem cidade auditável;site oficial do artista;médio;FILE;;;;;52.249375293;5.616126398;100.0;;;;;;;"Site oficial recente; sem óbito identificado.";
Regina Silveira;Brazil;Arts Institute of Federal University of Rio Grande do Sul> Instituto de Artes da UFRGS> Escola de Comunicações e Artes da USP;-30.0292> -23.55833333;-51.2233> -46.72694444;Porto Alegre;;;female;https://reginasilveira.c2midia.com.br/sobre-a-artista/;;graduação na UFRGS> depois mestrado e doutorado na ECA/USP;Wikidata;alta;MAC USP;Porto Alegre, Brasil> São Paulo, Brasil;1959> 1980–1984;https://reginasilveira.c2midia.com.br/sobre-a-artista/;alta;-30.027679;-51.2286404;100.0;;;;;;;"Verbete recente; sem óbito identificado.";
Regina Veiga;Brazil;Académie Julian> estudos com Rodolfo Amoedo> Academia Julian> formação com o pintor Heilmann;48.871111111111> > 48.871111111111>;2.3416666666667> > 2.3416666666667>;;;Rio de Janeiro;female;https://pt.wikipedia.org/wiki/Regina_Veiga | https://aterraeredonda.com.br/regina-veiga/;;Mantive a cronologia de forma conservadora porque a fonte não detalha todos os anos de estudo na Europa.;;;Museu Histórico Nacional;Rio de Janeiro> Paris> Munique;antes de 1916> sem cronologia fina completa nas fontes;https://pt.wikipedia.org/wiki/Regina_Veiga;media;;;;-22.9111111111;-43.2055555556;100.0;Itaú Cultural;Wikidata: Rio de Janeiro (Q8678);Wikidata: Rio de Janeiro (Q8678);;alta
Rei Souza;Brazil;autodidata;-16.32667;-48.95278;Bragança Paulista;;;male;FILE Festival | Mais Goiás / FILE Festival;médio;autodidata> coordenadas atribuídas à cidade de moradia e atuação explicitada em fontes;Wikidata;alta;FILE;Anápolis;;;media;-22.9517005;-46.5406666;100.0;;;;;;;"Biografia recente; sem óbito identificado.";
Rejane Cantoni;Brazil;Pontifícia Universidade Católica de São Paulo (PUC-SP)> University of Geneva> Universidade de São Paulo (USP);-23.5613991;-46.7307891;São Paulo;;;female;Itaú Cultural | site oficial;alto;;Wikidata;alta;FILE;;;;;-23.5486657;-46.6382522;100.0;;;100.0;;;;Nome artístico/pseudônimo não desambiguado com segurança.;
Rek;Canada;;;;;;;female;;;local de nascimento não localizado em fonte auditável;;;FILE;;;;;;;;;;;;;;"Biografia recente; sem óbito identificado.";
Rembrandt;Dutch Republic;Leiden University> aprendizagem com Jacob van Swanenburgh> estudos com Pieter Lastman;52.15694444444444> >;4.485277777777778> >;Leiden;Westerkerk;Amsterdam;male;https://www.ebiografia.com/rembrandt/ | https://pt.wikipedia.org/wiki/Rembrandt;;A formação aparece em oficinas e mestres, não em academia formal.;Wikidata;alta;MASP;Leiden> Amsterdã;c.1620-1623;https://www.ebiografia.com/rembrandt/;alta;52.158170179;4.48755174;100.0;52.361524688;4.890870311;100.0;Britannica;Wikidata: Amsterdam;Wikidata: Amsterdam;;alta
Renata Barros;;Faculty of Nutrition and Food Science of the University of Porto> Fundação Armando Álvares Penteado (FAAP)> Atelier des Beaux Arts;41.14666667> -23.5450155>;-8.61555556> -46.6630802>;São Paulo, SP, Brasil;;;female;https://enciclopedia.itaucultural.org.br/pessoas/5195-renata-barros> https://mapa.pacodasartes.org.br/page.php?id=85905463-b0a1-481d-ae03-7671a882f149&name=artistas&op=detalhe;;também estuda com Vick Machado, Carlos Fajardo e outros em ateliê;MAC USP;alta;MAC USP;São Paulo, Brasil> Paris, França;1981> c. 1982–1984;https://enciclopedia.itaucultural.org.br/pessoas/5195-renata-barros > https://mapa.pacodasartes.org.br/page.php?id=85905463-b0a1-481d-ae03-7671a882f149&name=artistas&op=detalhe;alta;-23.5486657;-46.6382522;;;;;;;;"Biografia recente; sem óbito identificado.";
Renata de Andrade;;Gerrit Rietveld Academie;52.3413;4.86;;;;female;Museu Victor Meirelles> Germina;;formou-se em pintura na Academia Rietveld> começou a estudar arte aos 29 anos, já na Holanda;;;Museu Victor Meirelles;Amsterdã, Holanda;;;media;;;;;;;;;;"Verbete recente; sem óbito identificado.";
Renata Pedrosa;Brazil;European Ceramics Work Center> Pontifícia Universidade Católica de São Paulo (PUC-SP)> Escola de Comunicações e Artes da Universidade de São Paulo (ECA-USP);51.5833;5.2;Tremembé, SP, Brasil;;;female;https://www.escavador.com/sobre/3341664/renata-pedrosa | https://teresaberlinck.com.br/curriculo/> https://www.escavador.com/sobre/3341664/renata-pedrosa;;A fonte recuperada é de currículo acadêmico> informação artística complementar não especifica outras formações.;MAC USP;alta;MAC USP;São Paulo;2004> 2011 (qualificação de doutorado em Poéticas Visuais);https://www.escavador.com/sobre/3341664/renata-pedrosa;media;-10.769946429;-53.073466889;;;;;;;;"Site oficial/biografia recente; sem óbito identificado.";
Renato Birolli;Kingdom of Italy;Accademia Cignaroli;45.43479753250506;10.9929983708197;Verona;monumental cemetery of Milan;Milan;male;https://galleriadelloscudo.com/en/artist/renato-birolli-biography-artworks-exhibitions/;;Biografia de arquivo informa estudos na Accademia Cignaroli, da qual foi expulso> não localizei datas exatas nesta passada.;Wikidata;alta;MAC USP;Verona, Itália;;;media;45.4383527;10.9917125;100.0;45.4636183;9.1881156;100.0;Fondazione Renato Birolli;Wikidata: Milan;Wikidata: Milan;;alta
Renato Guttuso;Italy;University of Palermo> Universidade de Palermo;38.11768> 38.11768;13.370131> 13.370131;Bagheria;Museo Guttuso;Rome;male;https://en.wikipedia.org/wiki/Renato_Guttuso;;Também frequentou o ateliê de Pippo Rizzo> preenchimento institucional mantido apenas para a universidade.;Wikidata;alta;MAC USP;Palermo, Itália;c. 1930;https://en.wikipedia.org/wiki/Renato_Guttuso;media;38.0783238;13.5069548;100.0;41.8905568;12.4942679;100.0;Archivi Guttuso;Wikidata: Rome;Wikidata: Rome;;alta
Renzo Filinich;Chile;University of Chile> University of Valparaíso;-33.44454888888889> -33.0407143;-70.65095388888889> -71.6254608;Chile;;;male;site oficial do artista;médio;FILE explicita “País de Origem”> preenchido em nível de país.;FILE Festival (País de Origem);alto;FILE;;;;;-35.675147;-71.542969;;;;;;;;"Site oficial recente; sem óbito identificado.";
Renzo Vespignani;Italy;;;;Rome;;Rome;male;fontes biográficas de referência;;artista geralmente descrito como autodidata> mantido apenas local de formação;Wikidata;alta;MAC USP;Roma, Itália;c. 1940s;fontes biográficas de referência;media;41.8905568;12.4942679;100.0;41.8905568;12.4942679;100.0;Quadriennale di Roma;Wikidata: Rome;Wikidata: Rome;;alta
René Bauer;Switzerland;University of Zurich;47.374722222222;8.5483333333333;Suíça;;;male;FILE Festival;médio;Ficha FILE explicita País de Origem.;FILE Archive — ficha de participante;alta;FILE;;;;alta;46.818188;8.227512;;;;;;;;"Perfil institucional recente; sem óbito identificado.";
René Guiette;Belgium;Royal Academy of Fine Arts, Antwerp;51.2234;4.4069;Antwerp;;Wilrijk;male;https://en.wikipedia.org/wiki/Ren%C3%A9_Guiette;;datas aproximadas;Wikidata;alta;MAC USP;Antuérpia, Bélgica;1910s;https://en.wikipedia.org/wiki/Ren%C3%A9_Guiette;media;51.25942418;4.371799938;100.0;51.16734;4.39513;100.0;"Galerie AB; Wikipédia (fr)";Wikidata: Wilrijk;Wikidata: Wilrijk;Local de morte preenchido com base em fontes secundárias convergentes.;media
René Portocarrero;Cuba;Academia de San Alejandro;23.087472;-82.426917;Cerro;;Havana;male;Wikipedia / fontes biográficas de referência;;artista amplamente descrito como majoritariamente autodidata;Wikidata;alta;MAC USP;Havana, Cuba;breve frequência, s.d.;Wikipedia / fontes biográficas de referência;media;23.1157488;-82.3775869;100.0;23.1281371;-82.3897195;100.0;"EcuRed; Wikipedia";Wikidata: Havana;Wikidata: Havana;Local de morte preenchido com base em fontes secundárias convergentes.;media
Renée Lefèvre;Brazil;estudos com Pedro Alexandrino Borges> Académie Julian> Académie de La Grande Chaumière;> 48.871111111111> 48.8422;> 2.3416666666667> 2.3304;São Paulo;;São Paulo;male;https://pt.wikipedia.org/wiki/Ren%C3%A9e_Lef%C3%A8vre | https://enciclopedia.itaucultural.org.br/pessoas/259-renee-lefevre> https://pt.wikipedia.org/wiki/Ren%C3%A9e_Lef%C3%A8vre | https://enciclopedia.itaucultural.org.br/pessoas/259-renee-lefevre | https://www.escritoriodearte.com/artista/renee-lefevre;;;Wikidata;alta;MAC USP;São Paulo> Paris;década de 1940 em Paris> sem data exata do estudo com Pedro Alexandrino;https://enciclopedia.itaucultural.org.br/pessoas/259-renee-lefevre;media;-23.5486657;-46.6382522;100.0;-23.5486657;-46.6382522;100.0;Itaú Cultural;Wikidata: São Paulo (Q174);Wikidata: São Paulo (Q174);;alta
Ricardo Barreto;Brazil;Faculdade de Belas Artes de São Paulo> Faculdade de Filosofia, Letras e Ciências Humanas da Universidade de São Paulo (FFLCH-USP);-23.583688> -23.5613991;-46.633917> -46.7307891;Rio de Janeiro;;;male;Enciclopédia Itaú Cultural;alto;;Wikidata;alta;FILE;;;;;-22.9014475;-43.1789159;100.0;;;;;;;"Biografia recente; sem óbito identificado.";
Ricardo Dal Farra;Argentina;Université du Québec à Montréal;45.513888888889;-73.560277777778;Buenos Aires;;;male;Daniel Langlois Foundation;alto;;Wikidata;alta;FILE;;;;;-34.6090264;-58.3732215;100.0;;;;;;;"Perfil institucional recente; sem óbito identificado.";
Ricardo de Armas;Argentina;Vicentina de la Torre Arts Academy> Instituto Superior de Arte;21.378611111111;-77.918611111111;Buenos Aires;;;male;site oficial do artista;médio;;Wikidata;alta;FILE;;;;;-34.6090264;-58.3732215;100.0;;;;;;;"Site oficial recente; sem óbito identificado.";
Ricardo Martínez;Mexico;Escuela Nacional de Artes Plásticas;19.43305556;-99.12888889;Mexico City;;Mexico City;male;fontes biográficas de referência;;instituição identificada> datas aproximadas;Wikidata;alta;MAC USP;Cidade do México, México;c. 1930s;fontes biográficas de referência;media;19.430457906;-99.141684761;100.0;19.430457906;-99.141684761;100.0;"Vanguardia MX; Fundación Ricardo Martínez";Wikidata: Mexico City;Wikidata: Mexico City;Local de morte preenchido com base em fontes convergentes.;media
Richard Mortensen;Kingdom of Denmark;Royal Danish Academy of Fine Arts;55.680277777777775;12.587222222222222;Ejby;;Ejby;male;https://www.britannica.com/biography/Richard-Mortensen;;Britannica informa que deixou a academia após dois anos para trabalhar de forma independente.;Wikidata;alta;MAC USP;Copenhague, Dinamarca;1931–1932;https://www.britannica.com/biography/Richard-Mortensen;alta;55.6982617;12.4119032;100.0;55.6888888889;11.845;100.0;"gravsted.dk; Wikipedia";Wikidata: Ejby;Wikidata: Ejby;Corrigido de Copenhagen para Ejby com base em fontes convergentes.;media
Richard Paul Lohse;Switzerland;Kunstgewerbeschule Zürich;47.38295;8.5358;Zurich;Cemetery Sihlfeld;Zurich;male;biografia institucional do artista> fontes de referência;;datas aproximadas;Wikidata;alta;MAC USP;Zurique, Suíça;c. 1918–1922;biografia institucional do artista> fontes de referência;media;47.38454096;8.529927493;100.0;47.38454096;8.529927493;100.0;Richard Paul Lohse / Biography;Wikidata: Zurich;Wikidata: Zurich;;alta
Rino Stefano Tagliafierro;Italy;ISIA Urbino> IED – European Institute of Design, Milan;45.466944444444;9.19;Piacenza, Italy;;;male;site oficial do artista;alto;;biografia pública / página profissional;médio;FILE;;;;;45.0537735;9.6951421;100.0;;;;;;;"Site oficial recente; sem óbito identificado.";
Robert Becker;;École des arts décoratifs de Strasbourg> Académie Européenne d’Art de Trèves;48.5825> 45.539444444444;7.7591> 4.6761111111111;Sarreguemines, Lorraine, France;;;male;arts-direct;médio;;arts-direct.com;médio;FILE;;;;;49.109707574;7.070491816;100.0;;;;;;;"Site oficial recente; sem óbito identificado.";
Robert Gwathmey;United States;Pennsylvania Academy of the Fine Arts> Art Students League of New York;39.955683> 40.766083333333;-75.163217> -73.980861111111;Manchester;;Southampton, New York;male;fontes biográficas de referência;;;Wikidata;alta;MAC USP;Nova York, EUA> Filadélfia, EUA;c. 1926> 1929–1932;fontes biográficas de referência;alta;53.478956243;-2.245275766;100.0;40.8852777778;-72.3952777778;100.0;"Wikipedia; Find a Grave";Wikidata: Southampton, New York;Wikidata: Southampton, New York;Coordenadas corrigidas para Southampton, Nova York.;media
Robert Wallace;;;;;New Zealand;;;male;;;fonte biográfica identifica apenas o país> preenchimento mantido em nível de país.;FILE Festival;médio;FILE;;;;;-40.900557;174.885971;;;;;;;;"Biografia recente; sem óbito identificado.";
Roberto Burle Marx;Brazil;Escola Nacional de Belas Artes> ateliê de Degner Klemn;-22.8625055>;-43.2256622>;São Paulo;;Rio de Janeiro;male;Itaú Cultural> Wikipédia;;Formação em pintura e arquitetura confirmada> ateliê anterior em Berlim.;Wikidata;alta;MAC USP;Berlim, Alemanha> Rio de Janeiro, Brasil;1929> 1930–1934;Itaú Cultural;alta;-23.5486657;-46.6382522;100.0;-22.9014475;-43.1789159;100.0;MASC;Wikidata: Rio de Janeiro (Q8678);Wikidata: Rio de Janeiro (Q8678);;alta
Roberto Castellanos;Uruguay;Academia de Bellas Artes de Florencia;43.776907;11.258475;Montevideo;;Montevideo;male;https://es.wikipedia.org/wiki/Roberto_Castellanos;;estuda pintura em Florença com bolsa de estudos;Wikidata;alta;Museu Histórico Nacional;Florença, Itália;1891;https://es.wikipedia.org/wiki/Roberto_Castellanos;media;-34.9055557;-56.1852505;100.0;-34.9055557;-56.1852505;100.0;Museo Nacional de Artes Visuales;Wikidata: Montevideo;Wikidata: Montevideo;;alta
Roberto Mertig;;formação artística brasileira> instituição não identificada na fonte aberta consultada;> ;> ;;;;male;https://www.catalogodasartes.com.br/;;Sem base aberta detalhada suficiente.;;;Museu Paulista;Brasil;;;baixa;;;;;;;;;;Homônimo/identidade insuficiente para individualização segura.;
Roberto Okinaka;;Fundação Armando Álvares Penteado (FAAP)> estudos em Osaka;34.68633333333333;135.5198611111111;São Paulo, SP, Brasil;;;male;https://www.smartgallery.com.br/categoria/arte-japonesa-no-brasil/roberto-okinaka/;;fonte secundária recente> informa formação na FAAP e complementação de estudos em Osaka, sem datas;MAC USP;alta;MAC USP;São Paulo, Brasil> Osaka, Japão;;;media;-23.5486657;-46.6382522;;;;;;;;"Verbete recente; sem óbito identificado.";
Roberto Sambonet;Kingdom of Italy;Manzoni> Brera Academy> Polytechnic University of Milan;45.45994722;9.17774167;Vercelli;monumental cemetery of Milan;Milan;male;MAC_consolidado_normalized.csv / nationality_applied_dataset.csv;;dados recuperados de base auxiliar> datas não localizadas;Wikidata;alta;MAC USP;Milão, Itália> Milão, Itália> Milão, Itália;;;media;45.3211114;8.4262359;100.0;45.4636183;9.1881156;100.0;Itaú Cultural;Wikidata: Milan;Wikidata: Milan;;alta
Roberto Santaguida;Canada;Concordia University;45.496944444444445;-73.57805555555555;Montreal, Canada;;;male;Art Souterrain;médio;;Akademie Schloss Solitude;alta;FILE;;;;;45.508867;-73.554242;100.0;;;;;;;"Biografia recente; sem óbito identificado.";
Robin Baumgarten;Germany;Imperial College London;51.498308;-0.176882;Alemanha;;;male;site oficial do artista;médio;Ficha FILE explicita País de Origem.;FILE Archive — ficha de participante;alta;FILE;;;;alta;51.110631049;10.392277932;;;;;;;;"Site oficial recente; sem óbito identificado.";
Rocío Cano Valiño;Argentina;Conservatoire National Supérieur Musique et Danse de Lyon (CNSMD Lyon)> Conservatoire à Rayonnement Régional de Lyon (CRR de Lyon)> Universität für Musik und darstellende Kunst Graz;45.76915> 45.761> 47.0725;4.81262> 4.82234> 15.4503;Buenos Aires;;;female;site oficial da artista;alto;;Wikidata;alta;FILE;;;;;-34.6090264;-58.3732215;100.0;;;;;;;"Perfil profissional recente; sem óbito identificado.";
Rodolfo Abularach;Guatemala;Escuela Nacional de Artes Plásticas;19.43305556;-99.12888889;Guatemala City;;Guatemala City;male;biografia institucional do artista> fontes de referência;;datas aproximadas;Wikidata;alta;MAC USP;Cidade da Guatemala, Guatemala;c. 1940s–1950s;biografia institucional do artista> fontes de referência;media;14.64198;-90.51324;100.0;14.6416666667;-90.5133333333;100.0;"David Nolan Gallery; AGN";Wikidata: Guatemala City;Wikidata: Guatemala City;;alta
Rodolfo Amoedo;Brazil;Beaux-Arts de Paris> Liceu de Artes e Ofícios do Rio de Janeiro> Academia Julian> École des Beaux-Arts;-22.91111111111111> 48.85666666666667;-43.20555555555556> 2.333611111111112;Salvador;;Rio de Janeiro;male;https://pt.wikipedia.org/wiki/Rodolfo_Amoedo | https://www.guiadasartes.com.br/rodolfo-amoedo/obras-e-biografia;;;Wikidata;alta;Pinacoteca de São Paulo;Rio de Janeiro> Paris;1873> 1879-1880;https://pt.wikipedia.org/wiki/Rodolfo_Amoedo | https://www.guiadasartes.com.br/rodolfo-amoedo/obras-e-biografia;alta;-12.9641527;-38.5058208;100.0;-22.9014475;-43.1789159;100.0;Itaú Cultural;Wikidata: Rio de Janeiro (Q8678);Wikidata: Rio de Janeiro (Q8678);;alta
Rodolfo Bernardelli;Mexico;Academia Imperial de Belas Artes> estudos com Giulio Monteverde e Achilles Monteverde;-22.91111111111111;-43.20555555555556;Guadalajara;;Rio de Janeiro;male;https://pt.wikipedia.org/wiki/Rodolfo_Bernardelli;;A fonte também indica aulas informais com Francisco Manuel Chaves Pinheiro.;Wikidata;alta;Museu Histórico Nacional;Rio de Janeiro> Roma;antes de 1876> desde 1876 na Itália;https://pt.wikipedia.org/wiki/Rodolfo_Bernardelli;alta;20.674161223;-103.336727247;100.0;-22.9014475;-43.1789159;100.0;Itaú Cultural;Wikidata: Rio de Janeiro (Q8678);Wikidata: Rio de Janeiro (Q8678);;alta
Rodolfo Chambelland;Brazil;Académie Julian> Liceu de Artes e Ofícios> Escola Nacional de Belas Artes> Academia Julian;48.871111111111> > -22.8625055> 48.871111111111;2.3416666666667> > -43.2256622> 2.3416666666667;Rio de Janeiro;;Rio de Janeiro;male;https://pt.wikipedia.org/wiki/Rodolfo_Chambelland;;;Wikidata;alta;Museu Histórico Nacional;Rio de Janeiro> Paris;1901 em diante> 1906 em diante;https://pt.wikipedia.org/wiki/Rodolfo_Chambelland;alta;-22.9014475;-43.1789159;100.0;-22.9014475;-43.1789159;100.0;Itaú Cultural;Wikidata: Rio de Janeiro (Q8678);Wikidata: Rio de Janeiro (Q8678);;alta
Rodrigo Bivar;;Fundação Armando Álvares Penteado (FAAP);-23.5450155;-46.6630802;Brasília, DF, Brasil;;;male;https://www.premiopipa.com/pag/artistas/rodrigo-bivar/;;A fonte informa graduação em artes plásticas pela FAAP, sem detalhar as datas.;MAC USP;alta;MAC USP;São Paulo;;;alta;-15.7793842;-47.9257379;;;;;;;;"Biografia recente; sem óbito identificado.";
Rodrigo Faustini;Brazil;Universidade Estadual de Campinas (UNICAMP)> Universidade de São Paulo (USP)> Goldsmiths College, University of London;-22.817222222222> -23.5613991> 51.47426944444445;-47.069444444444> -46.7307891> -0.0354111111111111;São Paulo, Brazil;;;male;USP | FAPESP | Academia.edu;médio;;PROYECTOR;alta;FILE;;;;;-23.5486657;-46.6382522;100.0;;;;;;;"Biografia recente; sem óbito identificado.";
Rodrigo Rezende;Brazil;Faculdade Impacta de Tecnologia> Universidade Estadual Paulista Júlio de Mesquita Filho (Unesp);-23.550394444444;-46.633947222222;Brazil;;;male;site oficial do artista;médio;;FILE Festival (País de Origem);alto;FILE;;;;;-10.769946429;-53.073466889;100.0;;;;;;;"Site oficial/produção recente; sem óbito identificado.";
Rogelio Meléndez;Mexico;;;;Reynosa, México;;;male;;;Biografia explicita local e ano de nascimento.;FILE Archive — biografia de participante;alta;FILE;;;;alta;26.092178;-98.277793;;;;;;;;"CV/biografia recente; sem óbito identificado.";
Roger Chastel;France;Beaux-Arts de Paris> Académie de La Palette;48.85666666666667;2.352222222222222;9th arrondissement of Paris;Saint Germain-en-Laye Old Communal Cemetery;Saint-Germain-en-Laye;male;nationality_applied_dataset.csv;;dados recuperados de base auxiliar> datas não localizadas;Wikidata;alta;MAC USP;Paris, França> Paris, França;;;alta;45.779098566223;4.804366932758;97.02;48.898970617;2.093804863;100.0;Centre Pompidou;Wikidata: Saint-Germain-en-Laye;Wikidata: Saint-Germain-en-Laye;;alta
Roger Dudant;Belgium;Academy of Arts of Tournai> La Cambre;50.60555555555555> 50.818888888889;3.388055555555556> 4.3741666666667;Brunehaut;;Péruwelz;male;Artsy biography;;;Wikidata;alta;MAC USP;Tournai, Bélgica> Bruxelas, Bélgica;até 1949> 1950–1953;Artsy biography;media;50.527149348;3.395107839;100.0;50.52945214;3.563871239;100.0;"Wikimedia Commons; Wikipédia (fr)";Wikidata: Péruwelz;Wikidata: Péruwelz;Local de morte preenchido com base em fontes secundárias convergentes.;media
Rogério Bedim;;;;;;;;male;https://www.youtube.com/watch?v=r6Zl0AAsKPw;;A referência recuperada descreve o artista como autodidata.;;;Museu de Arte Religiosa e Tradicional;Formação autodidata;;;baixa;;;;;;;;;;Fontes localizadas, mas sem óbito auditável.;
Rolf van Boxmeer;Netherlands;;;;;;;male;;;local de nascimento não localizado em fonte auditável;;;FILE;;;;;;;;;;;;;;"perfil recente; sem óbito identificado.";
Romane Granger;France;ENSAD / École nationale supérieure des Arts Décoratifs;48.85666666666667;2.333611111111112;;;;female;Animafest | Vimeo;médio;local de nascimento não localizado em fonte auditável;;;FILE;;;;;;;;;;;;;;"biografia recente; sem óbito identificado.";
Romano Vicente (atribuição);;;;;;;;;;;autoria atribuída/incerta> formação não localizada com segurança;;;Museu da Inconfidência;;;;;;;;;;;;;;"atribuição; autor não individualizado.";
Romero Britto;Brazil;;;;Recife;;;male;https://www.siennafineart.com/romero-britto-biography;;biografias consultadas enfatizam trajetória autodidata> sem escola formal confirmada;Wikidata;alta;MAC USP;Recife, Brasil;;;media;-8.0551894;-34.871176;100.0;;;;;;;"site oficial recente; sem óbito identificado.";
Ronald van der Meijs;Kingdom of the Netherlands;AKV> St.Joost Academy of Fine Arts and Design / Avans University of Applied Sciences;51.58888888888889;4.775833333333333;Tilburg;;;male;FILE Festival;médio;;Wikidata;alta;FILE;;;;;51.566279732;5.062871894;100.0;;;;;;;"biografia recente; sem óbito identificado.";
Ronchi;;;;;;;;;;;identificação incompleta> não foi possível desambiguar com segurança;;;Museu Casa de Benjamin Constant;;;;;;;;;;;;;;identidade insuficiente para desambiguação.;
Rora Blue;United States;San Francisco Art Institute> University of Nevada, Reno;37.8035> 39.545833333333;-122.417> -119.81666666667;California, United States;;;female;site oficial do artista;alto;preenchido a partir de fonte secundária auditável> sem fonte institucional localizada no lote.;Wikipedia;media;FILE;;;;;36.778261;-119.417932;;;;;;;;"site oficial recente; sem óbito identificado.";
Rosina Becker do Valle;Brazil;Instituto de Artes da UFRGS;-30.0292;-51.2233;Rio de Janeiro;;Rio de Janeiro;female;fontes biográficas de referência;;instituição identificada> datas não localizadas com precisão;Wikidata;alta;MAC USP;Porto Alegre, Brasil;s.d.;fontes biográficas de referência;baixa;-22.9014475;-43.1789159;100.0;-22.9111111111;-43.2055555556;100.0;MAC USP;Wikidata: Rio de Janeiro;Wikidata: Rio de Janeiro;;alta
Ru Kuwahata;Japan;Parsons The New School for Design;40.73534;-73.99704;Japan;;;female;site oficial / Parsons;alto;;Wikidata;alta;FILE;;;;;36.655226998;139.271495;100.0;;;;;;;"biografia recente; sem óbito identificado.";
Rubem Valentim;Brazil;Federal University of Bahia> Universidade Federal da Bahia> Faculdade de Filosofia e Ciências Humanas da Universidade Federal da Bahia;-13.00527777777778;-38.51361111111111;Maceió;;São Paulo;male;Governo da Bahia> Wikipédia;;na pintura, autodidata;Wikidata;alta;MAC USP;Salvador, Brasil> Salvador, Brasil;1946> 1953;Governo da Bahia> Wikipédia;media;-9.6652281;-35.7357217;100.0;-23.5503944444;-46.6339472222;100.0;Itaú Cultural;Wikidata: São Paulo;Wikidata: São Paulo;;alta
Rubens Gerchman;Brazil;Escola Nacional de Belas Artes> Liceu de Artes e Ofícios do Rio de Janeiro;-22.91111111111111;-43.20555555555556;Rio de Janeiro;;São Paulo;male;https://pt.wikipedia.org/wiki/Rubens_Gerchman;;na Escola Nacional de Belas Artes estuda xilogravura com Adir Botelho;Wikidata;alta;MAC USP;Rio de Janeiro, Brasil> Rio de Janeiro, Brasil;1957–1958> 1960–1961;https://pt.wikipedia.org/wiki/Rubens_Gerchman;alta;-22.9014475;-43.1789159;100.0;-23.5503944444;-46.6339472222;100.0;Itaú Cultural;Wikidata: São Paulo;Wikidata: São Paulo;;alta
Rune Spaans;Norway;;;;Norway;;;male;;;;FILE Festival (País de Origem);alto;FILE;;;;;62.0;10.0;100.0;;;;;;;;
Ruth Gibson;United Kingdom;Royal Melbourne Institute of Technology (RMIT University);-37.80777777777778;144.96333333333334;;;;female;Triarchy Press;médio;local de nascimento não localizado em fonte auditável;;;FILE;;;;;;;;;;;;;;"perfil institucional recente; sem óbito identificado.";
Ryan Seslow;United States;;;;;;;male;;;local de nascimento não localizado em fonte auditável;;;FILE;;;;;;;;;;;;;;"site oficial recente; sem óbito identificado.";
Ryoya Usuha;Japan;Graduate School of Film and New Media, Tokyo University of the Arts;35.7195782;139.7726862;Saitama Prefecture, Japan;;;male;Tokyo TDC | FILE Festival;médio;;Tokyo TDC;alta;FILE;;;;;35.996251;139.446601;;;;;;;;;
S. Rosenthal;United Kingdom;;;;;;;male;;;;;;Museu Histórico Nacional;;;;;;;;;;;;;;"nome abreviado; identidade insuficiente para desambiguação.";
S4RA;;;;;;;;non-binary;;;local de nascimento não localizado em fonte auditável;;;FILE;;;;;;;;;;;;;;pseudônimo não desambiguado.;
Saad Moosajee;United States;Rhode Island School of Design;41.825833333333;-71.407777777778;;;;female;The Talks | shots Awards;médio;local de nascimento não localizado em fonte auditável;;;FILE;;;;;;;;;;;;;;;
Sabato Visconti;Brazil;Amherst College;42.370833333333;-72.516944444444;São Paulo;;;male;FILE Festival;médio;;Wikidata;alta;FILE;;;;;-23.5486657;-46.6382522;100.0;;;;;;;"site/portfólio recente; sem óbito identificado.";
Sada Yazima;;;;;;;;female;;;formação não localizada com segurança;;;MAC USP;;;;;;;;;;;;;;;
Salar Niknafs;Iran;University of Wollongong;-34.406166666667;150.87953611111;;;;male;University of Wollongong | site oficial;alto;local de nascimento não localizado em fonte auditável;;;FILE;;;;;;;;;;;;;;;
Salomon van Ruysdael;Dutch Republic;aluno de Esaias van de Velde;52.376609;4.633598;Naarden;Grote Kerk;Haarlem;male;https://en.wikipedia.org/wiki/Salomon_van_Ruysdael | https://www.britannica.com/biography/Salomon-van-Ruysdael;;;Wikidata;alta;MASP;Haarlem;;;media;52.29240476;5.157403567;100.0;52.3802777778;4.6405555556;100.0;Wikipedia (en);Wikidata: Haarlem;Wikidata: Haarlem;;media
Salomé Chatriot;France;École nationale supérieure d’art de Paris-Cergy> Swiss University of Arts and Design in Lausanne;49.0364> 46.533333333333;2.07763> 6.6333333333333;Paris, France;;;female;Reiffers Art Initiatives;médio;;Volery Gallery;alta;FILE;;;;;48.856372814;2.352529617;100.0;;;;;;;;
Salvador Escolá Arimany;Spain;Academia de Belas Artes de Barcelona;41.38240278;2.18358611;Barcelona;;Madrid;male;https://pt.wikipedia.org/wiki/Salvador_Escol%C3%A1_Arimany | https://www.salvadorescola.org/;;A escola de Barcelona é nomeada> a etapa romana aparece como complemento de formação, sem academia identificada na fonte aberta.;Wikidata;alta;Museu Paulista;Barcelona> Roma;antes de 1876> ida posterior a Roma para completar a formação;https://pt.wikipedia.org/wiki/Salvador_Escol%C3%A1_Arimany | https://www.salvadorescola.org/;media;41.387917;2.1699187;100.0;40.4166909;-3.7003454;100.0;site oficial Salvador Escolá;Wikidata: Madrid;Wikidata: Madrid;;alta
Salvatore Insana;Italy;Università degli Studi Roma Tre> Accademia di Belle Arti di Napoli;41.8625> 40.8516;12.47888888888889> 14.2512;Oppido Mamertina, Calabria, Italy;;;male;GAI - Giovani Artisti Italiani> fontes biográficas de referência;médio;;CARMA / biografia pública;alto;FILE;Nápoles, Itália;s.d.;fontes biográficas de referência;media;38.29323;15.98666;;;;;;;;"biografia recente; sem óbito identificado.";
Sam Twidale;England;Liverpool University;53.406;-2.967;Hereford, United Kingdom;;;male;CCCB | FILE Festival;médio;;FILE Festival;alto;FILE;;;;;52.056736;-2.714413;;;;;;;;"site/biografia recente; sem óbito identificado.";
Samson Flexor;Brazil;Académie Royale des Beaux-Arts - École supérieure des Arts de la Ville de Bruxelles> Académie Royale des Beaux-Arts> École Nationale Supérieure des Beaux-Arts> Sorbonne;50.844> 50.844> 48.84861111111111;4.3477> 4.3477> 2.343611111111111;Soroca;;São Paulo;male;Enciclopédia Itaú Cultural;;fontes secundárias mencionam ainda academias Ranson e La Grande Chaumière, não consolidadas aqui para manter concisão;Wikidata;alta;MAC USP;Bruxelas, Bélgica> Paris, França> Paris, França;1922–1924> desde 1924> desde 1924;Enciclopédia Itaú Cultural;alta;48.138362008203;28.19432030475;100.0;-23.5503944444;-46.6339472222;100.0;Itaú Cultural;Wikidata: São Paulo;Wikidata: São Paulo;;alta
Samuel Fouracre;United Kingdom;Royal College of Art;51.501388888889;-0.17888888888889;United Kingdom;;;male;FILE Festival;médio;;FILE Festival / IMDb;alto;FILE;;;;;53.408386605;-1.969559544;100.0;;;;;;;;
Samuel Walters;United Kingdom of Great Britain and Ireland;Liverpool Academy> formação inicial com o pai Miles Walters;53.401862;-2.983605;London;;Liverpool;male;https://www.askart.com/bio/Samuel_Walters/9000406/Samuel_Walters | https://en.wikipedia.org/wiki/Samuel_Walters_%28artist%29;;A Wikipedia também o descreve como amplamente autodidata após ensino paterno.;Wikidata;alta;Coleção Brasiliana Itaú;Liverpool;;;media;51.50740836;-0.127698693;100.0;53.409366791;-2.978494817;100.0;"Artnet; Wikipedia (en)";Wikidata: Liverpool;Wikidata: Liverpool;;media
Sandra Crisp;United Kingdom;Wimbledon School of Art;51.41343;-0.211466;Cheshire, United Kingdom;;;female;FILE Festival;médio;;FILE Festival;alta;FILE;;;;;53.1926;-2.8894;;;;;;;;;
Sandrine Deumier;France;;;;;;;female;;;local de nascimento não localizado em fonte auditável;;;FILE;;;;;;;;;;;;;;;
Sandro Botticelli;Italy;aprendiz no ateliê de Fra Filippo Lippi;43.776907> 43.88;11.258475> 11.09833;Florence;Ognissanti Church;Florence;male;https://en.wikipedia.org/wiki/Sandro_Botticelli;;Fontes abertas recuperadas não confirmam outra oficina com o mesmo grau de certeza.;Wikidata;alta;MASP;Florença> Prato;c.1461/1462-c.1467;https://en.wikipedia.org/wiki/Sandro_Botticelli;alta;43.7686976;11.2569291;100.0;43.7686976;11.2569291;100.0;Britannica;Wikidata: Florence;Wikidata: Florence;;alta
Sandro Miccoli;Brazil;Universidade Federal de Minas Gerais (UFMG);-19.8690878;-43.9663841;Belo Horizonte, Minas Gerais, Brazil;;;male;FILE Festival;médio;fonte descreve o artista como “natural de Belo Horizonte”> usado com baixa confiança.;FILE Festival;baixa;FILE;;;;;-19.9181771;-43.9370534;100.0;;;;;;;;
Sangjun Yoo;;University of Ulsan College of Medicine;35.52;129.429;Seoul, South Korea;;;male;;;;about.me / SEA Foundation;médio;FILE;;;;;37.566;126.9784;100.0;;;;;;;;
Santiago Echeverry;Colombia;New York University;40.73;-73.995;Bogotá, Colombia;;;male;FILE Festival;médio;;FilmFreeway / biografia pública;alto;FILE;;;;;4.6068824;-74.071837;100.0;;;;;;;;
Sara Kolster;Kingdom of the Netherlands;Design Academy Eindhoven;51.439825;5.474695;Netherlands;;;female;FILE Festival;médio;;Wikidata;alta;FILE;;;;;52.249375293;5.616126398;100.0;;;;;;;;
Sara Ávila;;Escola de Belas Artes de Belo Horizonte / atual Escola Guignard-UEMG;-19.8690878;-43.9663841;;;Belo Horizonte;female;https://www.guiadasartes.com.br/sara-avila-de-oliveira/artista | https://www.escritoriodearte.com/artista/sara-avila-de-oliveira;;Também aparecem aulas com Guignard, Franz Weissmann, Anna Letycia e Quaglia.;;;MAC USP;Belo Horizonte;1953-1955;https://www.guiadasartes.com.br/sara-avila-de-oliveira/artista | https://www.escritoriodearte.com/artista/sara-avila-de-oliveira;alta;;;;-19.9280555556;-43.9419444444;100.0;"SECULT MG; Hoje em Dia";Wikidata: Belo Horizonte;Wikidata: Belo Horizonte;;alta
Sarah Ouazzani;France;Conservatoire National de Marseille;43.2959;5.38358;;;;female;In-Sonora;médio;local de nascimento não localizado em fonte auditável;;;FILE;;;;;;;;;;;;;;;
Saul;United Kingdom;autodidata;51.453132471;-2.600983373;;;;male;FILE Festival | Sulkybunny / NERD Productions;médio;local de nascimento não localizado em fonte auditável> autodidata> coordenadas atribuídas à cidade-base do estúdio e da residência atual;;;FILE;Bristol;;;baixa;;;;;;;;;;nome insuficiente para desambiguação.;
Saurabh Datta;India;;;;;;;male;;;local de nascimento não localizado em fonte auditável;;;FILE;;;;;;;;;;;;;;;
Scant Intone;Canada;;;;;;;male;;;local de nascimento não localizado em fonte auditável;;;FILE;;;;;;;;;;;;;;"site oficial recente; sem óbito identificado.";
Scipione;Kingdom of Italy;Scuola Libera di Nudo, Accademia di Belle Arti di Roma;41.893055555556;12.482777777778;Macerata;;Arco;male;https://en.wikipedia.org/wiki/Scipione_(Gino_Bonichi);;instituição confirmada> data de ingresso não localizada com precisão na fonte consultada;Wikidata;alta;MAC USP;Roma, Itália;;;media;43.3007462;13.456262;100.0;45.9166666667;10.8833333333;100.0;Treccani;Wikidata: Arco (Q138473);Wikidata: Arco (Q138473);;alta
Scipião Mandira;;;;;;;;;fontes biográficas de referência;;artista autodidata> sem escola formal localizada;;;MAC USP;Salvador, Brasil;s.d.;fontes biográficas de referência;baixa;;;;;;;;;;identidade insuficiente para desambiguação.;
Sebastian Gatz;Kingdom of Denmark;The Royal Danish Academy of Fine Arts> HDK-Valand Academy of Art and Design, University of Gothenburg> Konstfack University of Arts, Crafts and Design;59.29861111;17.99583333;;;;male;FILE Festival / site do artista;médio;local de nascimento não localizado em fonte auditável;;;FILE;;;;;;;;;;;;;;"site/biografia recente; sem óbito identificado.";
Sebastian Tedesco;Argentina;Universidad de Buenos Aires> Universidad Nacional de Tres de Febrero;-34.599722222222> -34.60166667;-58.373055555556> -58.52777778;Buenos Aires;;;male;CV do artista;médio;;Wikidata;alta;FILE;;;;;-34.6090264;-58.3732215;100.0;;;;;;;"site/CV recente; sem óbito identificado.";
Serge Poliakoff;Russian Empire;Académie de la Grande Chaumière> Moscow School of Painting, Sculpture and Architecture;55.76416131;37.63523324;Moscow;Sainte-Geneviève-des-Bois Russian Cemetery;Paris;male;https://en.wikipedia.org/wiki/Serge_Poliakoff;;Fonte confirma formação em Moscou antes do exílio e matrícula na Grande Chaumière em Paris em 1929.;Wikidata;alta;MAC USP;Moscou, Rússia> Paris, França;até 1918> 1929;https://en.wikipedia.org/wiki/Serge_Poliakoff;media;55.7565408;37.6149202;100.0;48.8566666667;2.3522222222;100.0;Centre Pompidou;Wikidata: Paris (Q90);Wikidata: Paris (Q90);;alta
Sergio Mantilla;Colombia;Universidad de los Andes> Fundação Armando Álvares Penteado (FAAP);-33.404007> -23.5450155;-70.507468> -46.6630802;;;;male;site do artista;médio;local de nascimento não localizado em fonte auditável;;;FILE;;;;;;;;;;;;;;"site oficial recente; sem óbito identificado.";
Sergio Niculitcheff;;Instituto de Artes e Decoração (IADÊ)> Ateliê de Gravura da Escola de Comunicações e Artes da USP;-23.550394444444> -23.55833333;-46.633947222222> -46.72694444;São Paulo, SP, Brasil;;;male;https://enciclopedia.itaucultural.org.br/pessoas/3078-niculitcheff;;;MAC USP / MAC Encontra os Artistas;alta;MAC USP;São Paulo, Brasil> São Paulo, Brasil;1975–1977> 1978;https://enciclopedia.itaucultural.org.br/pessoas/3078-niculitcheff;alta;-23.5486657;-46.6382522;;;;;;;;"biografia recente; sem óbito identificado.";
Servando Barreiro;Spain;;;;Santiago de Compostela, Spain;;;male;;;;Art Meets Radical Openness;alta;FILE;;;;;42.8806228;-8.5466071;100.0;;;;;;;"perfil/site recente; sem óbito identificado.";
Seymor Lipton;;Brooklyn Polytechnic Institute> City College of New York> Columbia University (DDS);40.65083333333333> 40.8194;-73.94972222222222> -73.95;Nova York, Nova York, Estados Unidos;;Glen Cove;male;https://michaelrosenfeld.com/storage/app/media/Artist/CV/Seymour%20Lipton%20CV.pdf | https://www.britannica.com/biography/Seymour-Lipton> https://michaelrosenfeld.com/storage/app/media/Artist/CV/Seymour%20Lipton%20CV.pdf | https://findingaids.archives.newschool.edu/repositories/3/resources/98;;"creator grafado como 'Seymor'; fonte biográfica usa 'Seymour Lipton'";Saint Louis Art Museum;media;MAC USP;Nova York (EUA);1923-1927;https://michaelrosenfeld.com/storage/app/media/Artist/CV/Seymour%20Lipton%20CV.pdf;alta;40.7130466;-74.0072301;;40.8672222222;-73.6277777778;;Smithsonian American Art Museum;Wikidata: Glen Cove (Q1006668);Wikidata: Glen Cove (Q1006668);"registro auditado como Seymour Lipton; grafia divergente em creator.";alta
Sheila Brannigan;;ateliers de André Lhote e Henry Goetz> Académie de La Grande Chaumière;> 48.8422;> 2.3304;;;London;female;https://www.catalogodasartes.com.br/artista/Sheila%20Brannigan/;;A fonte indica início da pintura na Suíça e posterior formação em Paris.;;;MAC USP;Suíça> Paris, França;antes de 1957> sem datas exatas na fonte;https://www.catalogodasartes.com.br/artista/Sheila%20Brannigan/;alta;;;;51.5072222222;-0.1275;;MAC USP;Wikidata: London (Q84);Wikidata: London (Q84);;alta
Shenuka Corea;Pakistan;New York University Abu Dhabi> School of Visual Arts;24.5239> 40.73861111;54.4346> -73.98222222;;;;female;NYU Abu Dhabi / School of Visual Arts;alto;local de nascimento não localizado em fonte auditável;;;FILE;;;;;;;;;;;;;;"site/portfólio recente; sem óbito identificado.";
Shinzo Adachi;;Tokyo School of Fine Arts;35.68944444444445;139.6916666666667;;;;;fontes biográficas de referência;;instituição identificada em fontes sumárias;;;MAC USP;Tóquio, Japão;s.d.;fontes biográficas de referência;baixa;;;;;;;;;;sem fonte auditável de local de morte.;
Shirin Abedinirad;Iran;Shariaty Technical College> Michigan State University;35.62037376586496> 42.7018637482531;51.399823250684136> -84.48216117291386;Tabriz;;;female;FILE Festival | site oficial da artista;alto;;Wikidata;alta;FILE;;;;;38.08;46.2919;100.0;;;;;;;"site oficial recente; sem óbito identificado.";
Shirley Paes Leme;Brazil;University of California, Berkeley;37.871944444444445;-122.25833333333334;Cachoeira Dourada, GO, Brasil;;;female;MAC_consolidado_normalized.csv / nationality_refined_dataset.csv;;dados recuperados de base auxiliar> datas não localizadas;MACRS;alta;MAC USP;Berkeley, Califórnia, EUA;;;alta;-10.769946429;-53.073466889;;;;;;;;"exposição recente; sem óbito identificado.";
Shoichiro Mori;Japan;Waseda University;35.709202777778;139.71933333333;Amagasaki;;;male;Enciclopédia Itaú Cultural / bases auxiliares;;;Wikidata;alta;MAC USP;Tóquio, Japão;s.d.;Enciclopédia Itaú Cultural / bases auxiliares;alta;34.73377489;135.40636455;100.0;;;;;;;sem fonte auditável de local de morte.;
Sigrun Höllrigl;Austria;University of Vienna;48.213055555555556;16.35972222222222;Innsbruck, Austria;;;female;site da artista;médio;;site oficial da artista;alto;FILE;;;;;47.26543;11.392768;;;;;;;;"perfil/atividade recente; sem óbito identificado.";
Silvano Bozzolini;Italy;Accademia di Belle Arti di Firenze> École des Beaux-Arts;43.776907> 48.85666666666667;11.258475> 2.333611111111112;Fiesole;;Poggibonsi;male;Hanina Fine Arts biography> gallery Champetier;;;Wikidata;alta;MAC USP;Florença, Itália> Paris, França;anos 1930> 1947;Hanina Fine Arts biography> gallery Champetier;media;43.8069331;11.2927658;100.0;43.4666694444;11.15;100.0;MAC USP;Wikidata: Poggibonsi (Q91350);Wikidata: Poggibonsi (Q91350);corrigido de Paris para Poggibonsi conforme MAC USP.;alta
Silvano Vescovi;;Accademia di Belle Arti di Venezia;45.4286;12.3305;;;;;fontes biográficas de referência;;instituição identificada> datas não localizadas com precisão;;;MAC USP;Veneza, Itália;s.d.;fontes biográficas de referência;media;;;;;;;;;;sem fonte auditável de local de morte.;
Silvia De Gennaro;Italy;;;;Siena, Italy;;;female;;;;galeria / biografia pública;médio;FILE;;;;;43.318809;11.330757;;;;;;;;"exposição/biografia recente; sem óbito identificado.";
Silvia Laurentiz;Brazil;Fundação Armando Álvares Penteado (FAAP);-23.5450155;-46.6630802;;;;female;BV FAPESP / Currículo Lattes;alto;local de nascimento não localizado em fonte auditável;;;FILE;;;;;;;;;;;;;;"perfil institucional recente; sem óbito identificado.";
Silvia Ruzanka;Peru;Smith College> School of the Art Institute of Chicago;42.3175> 41.879444444444;-72.6375> -87.623888888889;Cuzco, Peru;;;female;site da artista;médio;;FILE Festival;alta;FILE;;;;;-13.53195;-71.967463;;;;;;;;"perfil institucional recente; sem óbito identificado.";
Simon Boucly;France;Supinfocom Rubika School;50.357856469;3.524197715;;;;male;FILE Festival;médio;local de nascimento não localizado em fonte auditável;;;FILE;;;;;;;;;;;;;;"perfil/filmografia recente; sem óbito identificado.";
Simon Christoph Krenn;Austria;University of Innsbruck> University of Arts and Industrial Design Linz;48.3066;14.2857;Feldkirch, Austria;;;male;Art Meets Radical Openness;médio;;Art Meets Radical Openness;alta;FILE;;;;;47.239443;9.59886;;;;;;;;"perfil/biografia recente; sem óbito identificado.";
Simon Scheiber;Austria;;;;Austria;;;male;;;fonte consultada informa nascimento apenas em nível de país;site oficial do artista / Zippy Frames;médio;FILE;;;;;47.585810005;14.137076948;100.0;;;;;;;"site oficial recente; sem óbito identificado.";
Simone Rebaudengo;Italy;Delft University of Technology> Polytechnic University of Turin;52.001666666667> 45.063094444444;4.3725> 7.661075;;;;male;ThingsCon;médio;local de nascimento não localizado em fonte auditável;;;FILE;;;;;;;;;;;;;;"site oficial recente; sem óbito identificado.";
Simplício Rodrigues de Sá;Kingdom of Portugal;inicia-se no ofício de artista em Lisboa> aproxima-se da Missão Artística Francesa> formação com Jean-Baptiste Debret;38.708042;-9.139016;São Nicolau Tolentino;;Rio de Janeiro;male;https://pt.wikipedia.org/wiki/Simpl%C3%ADcio_Rodrigues_de_S%C3%A1 | https://enciclopedia.itaucultural.org.br/pessoas/7754-simplicio-de-sa;;Sem escola formal nomeada nas fontes recuperadas.;Wikidata;alta;Pinacoteca de São Paulo;Lisboa> Rio de Janeiro;antes de 1809> sem data exata na fonte;;media;15.01279;-23.57054;100.0;-22.9111111111;-43.2055555556;100.0;Itaú Cultural;Wikidata: Rio de Janeiro (Q8678);Wikidata: Rio de Janeiro (Q8678);;alta
Sir Henry Chamberlain, 2nd Baronet;Brazil;formação militar e diplomática britânica> estudos de desenho topográfico no contexto do serviço exterior;> ;> ;London;;Bermuda;male;https://pt.wikipedia.org/wiki/Henry_Chamberlain;;As fontes biográficas abertas enfatizam carreira diplomática e prática de desenho, sem escola formal claramente identificada.;Wikidata;alta;MASP;Londres;fim do séc. XVIII;;baixa;51.50740836;-0.127698693;100.0;32.32;-64.74;100.0;Itaú Cultural;Wikidata: Bermuda (Q23635);Wikidata: Bermuda (Q23635);;alta
Sofia Pardillo;United States;Pratt Institute;40.691111;-73.963889;;;;female;FILE Festival;médio;local de nascimento não localizado em fonte auditável;;;FILE;;;;;;;;;;;;;;"perfil recente; sem óbito identificado.";
Sofia Pashaei;Sweden;The Animation Workshop;56.4561;9.40611;Sweden;;;female;FILE Festival;médio;;Willow Art Space;alto;FILE;;;;;64.712585547;17.260487956;100.0;;;;;;;"galeria recente; sem óbito identificado.";
Sofie Kampmark;Kingdom of Denmark;The Animation Workshop, Viborg, Denmark;56.4561;9.40611;Copenhagen, Denmark;;;female;Danish Film Institute;alto;declaração em entrevista da própria artista.;Genevieve Clee Gallery;media;FILE;;;;;55.675757;12.5690233;;;;;;;;"site/biografia recente; sem óbito identificado.";
Sofía Bertomeu;Spain;;;;Benidorm, Spain;;;female;;;;site oficial da artista;alto;FILE;;;;;38.541056;-0.122494;;;;;;;;"site oficial recente; sem óbito identificado.";
Solimán López;Spain;University of Córdoba;37.8847;-4.78833;Burgos;;;male;nota de imprensa / Paris College of Art;médio;;Wikidata;alta;FILE;;;;;42.3408923;-3.6997623;100.0;;;;;;;"atividade recente; sem óbito identificado.";
Sonia Li;Taiwan;New York University Tisch School of the Arts;40.72922222;-73.99377778;Taiwan;;;female;site da artista / NYU Tisch;médio;;CreativeMornings;alta;FILE;;;;;23.69781;120.960515;;;;;;;;"site oficial recente; sem óbito identificado.";
Sonia Paço-Rocchia;Canada;Université de Montréal;45.50414;-73.61433;Montreal;;;female;;;;Wikidata;alta;FILE;;;;;45.508867;-73.554242;100.0;;;;;;;"site/biografia recente; sem óbito identificado.";
Sonia von Brüsky;Brazil;Museu de Arte Moderna do Rio de Janeiro (MAM-RJ)> ateliê de Ivan Serpa> Escola de Artes Visuais do Parque Lage (EAV-Parque Lage);-22.91111111111111> -22.9606;-43.20555555555556> -43.212;Rio de Janeiro;;;female;https://enciclopedia.itaucultural.org.br/pessoas/177-sonia-von-brusky | https://acervo.macrs.rs.gov.br/artistas-macrs/sonia-von-brusky/;;As fontes indicam formação inicial no Rio e aperfeiçoamento posterior na Europa.;Wikidata;alta;MAC USP;Rio de Janeiro (RJ)> Bruxelas> Munique;1967> 1974;https://enciclopedia.itaucultural.org.br/pessoas/177-sonia-von-brusky | https://acervo.macrs.rs.gov.br/artistas-macrs/sonia-von-brusky/;alta;-22.9014475;-43.1789159;100.0;;;;;;;verbete atualizado sem registro de óbito.;
Sophie Taeuber-Arp;Switzerland;Gewerbeschule / School of Applied Arts> Debschitz-Schule> Kunstgewerbeschule Hamburg;48.1375> 53.56757;11.575> 10.03132;Davos;;Zurich;female;https://en.wikipedia.org/wiki/Sophie_Taeuber-Arp;;As fontes permitem reconstituir a sequência de formação em St. Gallen, Munique e Hamburgo antes do retorno à Suíça em 1914.;Wikidata;alta;MAC USP;St. Gallen, Suíça> Munique, Alemanha> Hamburgo, Alemanha> Munique, Alemanha;1906–1910> 1911> 1912–1913> 1913–1914;https://www.fondazionearp.ch/de/sophie-taeuber-arp;alta;46.790561747;9.822948957;100.0;47.3744444444;8.5411111111;100.0;Stiftung Arp e.V.;Wikidata: Zurich (Q72);Wikidata: Zurich (Q72);;alta
Soran Ahmed;Iraq;Universität der Künste Berlin;52.50916666666667;13.32694444444444;;;;male;site pessoal do artista;médio;local de nascimento não localizado em fonte auditável;;;FILE;;;;;;;;;;;;;;"site/biografia recente; sem óbito identificado.";
Stavros Didakis;Greece;University of Plymouth> Queen's University Belfast> London Metropolitan University;50.374121> 54.584166666667> 51.551574;-4.138512> -5.9347222222222> -0.110687;;;;male;NYU Shanghai | CV do artista;alto;local de nascimento não localizado em fonte auditável;;;FILE;;;;;;;;;;;;;;"perfil institucional recente; sem óbito identificado.";
Stefano Delle Monache;Italy;Catholic University of Milan> IUAV University of Venice> Conservatory of Como;45.4631> 45.81025;9.1769111111111> 9.0861388888889;Padua;;;male;FILE Festival;médio;;Wikidata;alta;FILE;;;;;45.4095409;11.8765508;100.0;;;;;;;"publicação/perfil recente; sem óbito identificado.";
Stefano Miraglia;Spain;Università degli Studi Roma Tre> École Normale Supérieure de Lyon;41.8625> 45.729734;12.47888888888889> 4.826875;Málaga;;;male;bio do artista;médio;;Wikidata;alta;FILE;;;;;36.7196292;-4.4200007;100.0;;;;;;;"biografia/perfil recente; sem óbito identificado.";
Stella Speziali;Switzerland;École cantonale d’art de Lausanne (ECAL)> Zürcher Hochschule der Künste (ZHdK);47.38295;8.5358;;;;female;ZHdK | CV da artista;alto;local de nascimento não localizado em fonte auditável;;;FILE;;;;;;;;;;;;;;"perfil profissional recente; sem óbito identificado.";
Stephan Kessler;;formação com o pai Georg Kessler, pintor;48.719138999;10.777945;Donauwörth;;Brixen;male;https://de.wikipedia.org/wiki/Stephan_Kessler_%28Maler%29 | https://www.dorotheum.com/en/l/6534426/;;As fontes abertas recuperadas não indicam academia formal> a formação foi registrada de modo conservador pela tradição familiar/oficina.;Wikidata;alta;Pinacoteca de São Paulo;Donauwörth;;;baixa;48.719138999;10.777945;100.0;46.7165488889;11.6578511111;100.0;Wikidata;Wikidata: Brixen (Q185541);Wikidata: Brixen (Q185541);;media
Stuart Pound;United Kingdom;Nottingham Trent University;52.9564;-1.15203;London, England, United Kingdom;;;male;Experimental Cinema;médio;;FilmFreeway / IMDb;médio;FILE;;;;;51.50740836;-0.127698693;;;;;;;;"site/biografia recente; sem óbito identificado.";
Susana Wald;Chile;Escuela de Bellas Artes de la Universidad de Chile;-33.44454888888889;-70.65095388888889;Budapest;;;female;fontes biográficas de referência;;instituição identificada em biografias sumárias;Wikidata;alta;MAC USP;Santiago, Chile;s.d.;fontes biográficas de referência;baixa;47.4981441;19.0405528;100.0;;;;;;;"biografia institucional recente; sem óbito identificado.";
Susanna Flock;Austria;University of Art and Design Linz> Academy of Fine Arts Vienna;48.3066> 48.201388888889;14.2857> 16.365277777778;Graz;;;female;FILE Festival;médio;;Wikidata;alta;FILE;;;;;47.0695512;15.4381829;100.0;;;;;;;"perfil/biografia recente; sem óbito identificado.";
Susanne Slavick;United States;Yale University> Jagiellonian University> Tyler School of Art;41.311111111111> 50.06166666666667> 39.9832;-72.926666666667> 19.933888888888887> -75.1536;;;;female;Carnegie Mellon University;alto;local de nascimento não localizado em fonte auditável;;;FILE;;;;;;;;;;;;;;"perfil institucional recente; sem óbito identificado.";
Susanne Wiegner;Germany;Akademie der Bildenden Künste München> Pratt Institute;48.1531959202723;11.5803123911292;Germany;;;female;Haus der Kunst | ADAF;médio;FILE explicita “País de Origem: Alemanha”> preenchido em nível de país.;FILE Festival (País de Origem);alta;FILE;;;;alta;51.110631049;10.392277932;100.0;;;;;;;"site/CV recente; sem óbito identificado.";
Suzanne Valadon;France;sem formação formal> aprendizado com artistas do meio parisiense e orientação de Edgar Degas;> ;> ;Bessines-sur-Gartempe;Saint-Ouen Cemetery;Paris;female;https://nmwa.org/art/artists/suzanne-valadon/ | https://pt.wikipedia.org/wiki/Suzanne_Valadon> https://nmwa.org/art/artists/suzanne-valadon/;;As fontes indicam explicitamente ausência de aulas formais de arte.;Wikidata;alta;MASP;Paris;c.1880-1893;https://nmwa.org/art/artists/suzanne-valadon/;media;46.108999393;1.369008025;100.0;48.8566666667;2.3522222222;100.0;Musée d’Orsay;Wikidata: Paris (Q90);Wikidata: Paris (Q90);"fonte indica Paris/Paris 16e; local normalizado para Paris.";alta
Svend Wiig Hansen;Kingdom of Denmark;The Royal Danish Academy of Fine Arts School of Visual Arts;55.6801;12.5874;Møgeltønder;;Helsingør;male;;;;Wikidata;alta;;;;;;54.9405144;8.8039655;100.0;56.0358333333;12.6105555556;100.0;Den Store Danske;Wikidata: Helsingør (Q26881);Wikidata: Helsingør (Q26881);;alta
Sydenham Edwards;Wales;estudos de ilustração botânica com William Curtis;51.50740836;-0.127698693;Usk;;;male;https://artcollection.dcms.gov.uk/person/edwards-sydenham-teast/ | https://en.wikipedia.org/wiki/Sydenham_Edwards;;As fontes descrevem formação com William Curtis, sem instituição formal nomeada.;Wikidata;alta;Coleção Brasiliana Itaú;Grã-Bretanha;antes de 1787;https://en.wikipedia.org/wiki/Sydenham_Edwards;media;51.701047166;-2.902065141;100.0;;;;;;;"fontes divergentes entre Brompton/Queen’s Elms e Chelsea; campo não preenchido.";
Sylvain Souklaye;France;autodidata;45.767634724;4.835037488;France;;;male;FILE Festival | Prospect Art | Prospect Art / In-Sonora;médio;FILE explicita “País de Origem: França”> preenchido em nível de país.> autodidata> fonte explicita início da prática performática em Lyon;FILE Festival (País de Origem);alta;FILE;Lyon;;;alta;46.559417044;2.550539953;100.0;;;;;;;"site/atividade recente; sem óbito identificado.";
Sérgio Ferro;Brazil;Faculdade de Arquitetura e Urbanismo da Universidade de São Paulo (FAU-USP)> Mackenzie> pós-graduação em museologia e evolução urbana na FAU-USP;-23.56012> -23.547> -23.56012;-46.72985> -46.652> -46.72985;Curitiba;;;male;https://www.escritoriodearte.com/artista/sergio-ferro | https://pt.wikipedia.org/wiki/S%C3%A9rgio_Ferro;;Mantida a identificação completa do artista como Sérgio Ferro Pereira.;Wikidata;alta;MAC USP;São Paulo (SP);formação concluída em 1962> pós-graduação concluída em 1965;https://www.escritoriodearte.com/artista/sergio-ferro | https://pt.wikipedia.org/wiki/S%C3%A9rgio_Ferro;alta;-25.4283563;-49.2732515;100.0;;;;;;;"entrevista/exposição recente; sem óbito identificado.";
Sérgio Ferro Pereira;;Faculdade de Arquitetura e Urbanismo da Universidade de São Paulo (FAU-USP)> Mackenzie> pós-graduação em museologia e evolução urbana na FAU-USP;-23.56012> -23.547> -23.56012;-46.72985> -46.652> -46.72985;Curitiba, PR, Brasil;;;male;https://www.escritoriodearte.com/artista/sergio-ferro | https://pt.wikipedia.org/wiki/S%C3%A9rgio_Ferro;;Mantida a identificação completa do artista como Sérgio Ferro Pereira.;Enciclopédia Itaú Cultural;alta;;São Paulo (SP);formação concluída em 1962> pós-graduação concluída em 1965;https://www.escritoriodearte.com/artista/sergio-ferro | https://pt.wikipedia.org/wiki/S%C3%A9rgio_Ferro;alta;-25.4283563;-49.2732515;;;;;;;;"registro com nome expandido; atividade recente; sem óbito identificado.";
Sérgio Fingermann;Brazil;Faculty of Architecture and Urbanism of the University of São Paulo> Fundação Armando Álvares Penteado (FAAP);-23.56012> -23.5450155;-46.72985> -46.6630802;São Paulo;;;male;fontes biográficas de referência;;datas aproximadas;Wikidata;alta;MAC USP;São Paulo, Brasil;1970s;fontes biográficas de referência;media;-23.5486657;-46.6382522;100.0;;;;;;;"site oficial recente; sem óbito identificado.";
Sérgio Luís de Castro Bonson;Brazil;Universidade Federal de Santa Catarina (História);-27.6011;-48.52;Florianópolis, SC, Brasil;;Florianópolis;male;Quadrinhopédia> Museu Victor Meirelles;;graduado em História pela UFSC> fontes o descrevem como artista plástico autodidata;MASC;alta;Museu Victor Meirelles;Florianópolis, SC;1973;Quadrinhopédia;media;-27.5969123;-48.5495751;;-27.5969123;-48.5495751;100.0;MASC;Wikidata: Florianópolis;Wikidata: Florianópolis;;alta
Sérgio Milliet;Brazil;University of Bern> Universidade de Genebra;46.19899;6.14446;São Paulo;;São Paulo;male;fontes biográficas de referência;;formação em ciências sociais/letras, não em escola de arte;Wikidata;alta;MAC USP;Genebra, Suíça;1912–1918;fontes biográficas de referência;alta;-23.5486657;-46.6382522;100.0;-23.5503944444;-46.6339472222;100.0;Itaú Cultural;Wikidata: São Paulo (Q174);Wikidata: São Paulo (Q174);;alta
Sérgio Sister;Brazil;Fundação Armando Álvares Penteado (FAAP)> ateliê de Ernestina Karman;-23.5450155>;-46.6630802>;São Paulo, SP, Brasil;;;male;https://enciclopedia.itaucultural.org.br/pessoas/1045-sergio-sister;;;Enciclopédia Itaú Cultural;alta;MAC USP;São Paulo, Brasil> São Paulo, Brasil;1964–1967> 1965–1967;https://enciclopedia.itaucultural.org.br/pessoas/1045-sergio-sister;alta;-23.5486657;-46.6382522;;;;;;;;"site/atividade recente; sem óbito identificado.";
Sérvulo Esmeraldo;Brazil;École Nationale Supérieure des Beaux-Arts;45.768055555556;4.8172222222222;Crato;;Fortaleza;male;https://www.guiadasartes.com.br/servulo-esmeraldo/obras-e-biografia;;estuda litografia em Paris> datas precisas não localizadas na fonte consultada;Wikidata;alta;MAC USP;Paris, França;;;media;-7.2370585;-39.4160774;100.0;-3.7275;-38.5275;100.0;MAC USP;Wikidata: Fortaleza (Q43463);Wikidata: Fortaleza (Q43463);;alta
Tadahiro Ono;Japan;Ritsumeikan University;35.032579;135.724041;Aomori, Aomori, Japão;;Fukui;male;place_of_birth_tiered_dataset.csv;;dados recuperados de base auxiliar> datas não localizadas;MAC USP;alta;MAC USP;Kyoto, Japão;;;alta;40.822072;140.747365;;36.0640555556;136.2195833333;100.0;The National Museum of Art, Osaka;Wikidata: Fukui (Q201618);Wikidata: Fukui (Q201618);;alta
Tadashi Kaminagai;Japan;;;;Hiroshima;;Paris;male;https://pt.wikipedia.org/wiki/Tadashi_Kaminagai;;muda-se para Paris e é orientado na pintura por Tsuguharu Foujita> não foi localizada instituição formal;Wikidata;alta;MAC USP;Paris, França;1927;https://pt.wikipedia.org/wiki/Tadashi_Kaminagai;media;34.38524389;132.45534115;100.0;48.8566666667;2.3522222222;100.0;MARGS;Wikidata: Paris (Q90);Wikidata: Paris (Q90);"fonte indica Paris, França; local normalizado para Paris.";alta
Takashi Fukushima;;Muso School of Fine Arts;42.406949;-71.11982;São Paulo, SP, Brasil;;;male;Enciclopédia Itaú Cultural / fontes biográficas de referência;;;MAC USP;alta;MAC USP;Tóquio, Japão;1940;Enciclopédia Itaú Cultural / fontes biográficas de referência;alta;-23.5486657;-46.6382522;;;;;;;;"verbete atualizado; sem óbito identificado.";
Takuji Narumi;Japan;The University of Tokyo;35.71339;139.76232;Japan;;;male;The University of Tokyo;alto;FILE explicita “País de Origem: Japão”> preenchido em nível de país.;FILE Festival (País de Origem);alta;FILE;;;;alta;36.655226998;139.271495;100.0;;;;;;;"perfil institucional recente; sem óbito identificado.";
Tamiko Thiel;United States;Stanford University> Massachusetts Institute of Technology> Academy of Fine Arts, Munich;37.4275> 42.359722222222224> 48.1531959202723;-122.17> -71.09194444444445> 11.5803123911292;Oakland;;;female;CV oficial da artista;alto;;Wikidata;alta;FILE;;;;;37.804828;-122.27248;100.0;;;;;;;"site/atividade recente; sem óbito identificado.";
Tania Aedo;Mexico;Escuela Superior de Artes de Yucatán> Escuela Nacional de Artes Visuales, Universidad Nacional Autónoma de México;21> 19.353773;-89.6> -99.13589;Mexico;;;female;ZKM | FILE Festival;alto;FILE explicita “País de Origem: México”> preenchido em nível de país.;FILE Festival (País de Origem);alta;FILE;;;;alta;23.634501;-102.552784;;;;;;;;"perfil institucional recente; sem óbito identificado.";
Tarcizo;;;;;;;;;;;identificação incompleta> não foi possível desambiguar com segurança;;;MAC USP;;;;;;;;;;;;;;identidade insuficiente para desambiguação.;
Tarsila do Amaral;Brazil;Académie Julian> Colégio Sion;-23.541253;-46.66059;Capivari;Consolação Cemetery;São Paulo;female;site oficial Tarsila do Amaral;;também estudou com Pedro Alexandrino, Fernand Léger, André Lhote e Albert Gleizes;Wikidata;alta;MAC USP;São Paulo> Barcelona, Espanha> Paris, França;1904> 1920;site oficial Tarsila do Amaral;alta;-22.9993972;-47.5026334;100.0;-23.5503944444;-46.6339472222;100.0;MAC USP;Wikidata: São Paulo (Q174);Wikidata: São Paulo (Q174);;alta
Tatiana Blass;Brazil;São Paulo State University> Universidade Estadual Paulista (UNESP);-22.8172;-47.0694;São Paulo;;;female;https://pt.wikipedia.org/wiki/Tatiana_Blass;;;Wikidata;alta;MAC USP;São Paulo, Brasil;1998–2001;https://pt.wikipedia.org/wiki/Tatiana_Blass;alta;-23.5486657;-46.6382522;100.0;;;;;;;"site oficial recente; sem óbito identificado.";
Tatsuo Arai;;Tokyo School of Fine Arts;35.68944444444445;139.6916666666667;Nakatsu, Ōita, Japão;;;male;fontes biográficas de referência;;instituição identificada em fontes secundárias;MAC USP;alta;MAC USP;Tóquio, Japão;s.d.;fontes biográficas de referência;baixa;33.5982;131.1883;;;;;;;;sem fonte auditável de local de morte.;
Tatsuoki Nambata;Japan;Tokyo School of Fine Arts;35.68944444444445;139.6916666666667;Asahikawa;;Tokyo;male;fontes biográficas de referência;;instituição identificada em fontes sumárias;Wikidata;alta;MAC USP;Tóquio, Japão;s.d.;fontes biográficas de referência;baixa;43.77149871;142.36532907;100.0;35.6894444444;139.6916666667;100.0;The National Museum of Art, Osaka;Wikidata: Tokyo (Q1490);Wikidata: Tokyo (Q1490);;alta
Teodoro Braga;Brazil;Académie Julian> Faculdade de Direito do Recife> Escola Nacional de Belas Artes> Academia Julian;48.871111111111> -8.0595839> -22.8625055> 48.871111111111;2.3416666666667> -34.882675> -43.2256622> 2.3416666666667;Belém;;São Paulo;male;https://pt.wikipedia.org/wiki/Teodoro_Braga | https://obrasraras.fcp.pa.gov.br/book-author/theodoro-jose-da-silva-braga-1872-1953/ | https://fcp.pa.gov.br/galeriasfcp/pagina/209;;As fontes citam Jean-Paul Laurens e Benjamin Constant como mestres em Paris.;Wikidata;alta;Museu Paulista;Recife> Rio de Janeiro> Paris;bacharel em 1893> 1900-1905 em Paris;https://pt.wikipedia.org/wiki/Teodoro_Braga | https://fcp.pa.gov.br/galeriasfcp/pagina/209;alta;-1.4549817;-48.502273;100.0;-23.5503944444;-46.6339472222;100.0;Itaú Cultural;Wikidata: São Paulo (Q174);Wikidata: São Paulo (Q174);;alta
Teresa Berlinck;;Faculdade Santa Marcelina (FASM);-23.550394444444;-46.633947222222;;;;female;https://teresaberlinck.com.br/curriculo/;;A página consultada só explicita o mestrado em Produção, Teoria e Crítica em Artes Visuais.;;;MAC USP;São Paulo;mestrado concluído em 2006;https://teresaberlinck.com.br/curriculo/;media;;;;;;;;;;"site/CV recente; sem óbito identificado.";
Teresa Viana;Brazil;Escola de Artes Visuais do Parque Lage;-22.9606;-43.212;Rio de Janeiro, RJ, Brasil;;;female;place_of_birth_tiered_dataset.csv;;dados recuperados de base auxiliar> datas não localizadas;site oficial da artista;alta;MAC USP;Rio de Janeiro, Brasil;;;alta;-22.9014475;-43.1789159;;;;;;;;"site oficial recente; sem óbito identificado.";
Terezinha Veloso;Brazil;Federal University of Minas Gerais> Escola de Belas Artes da UFMG;-19.8690878;-43.9663841;Espinosa, MG, Brasil;;Belo Horizonte;female;https://pt.wikipedia.org/wiki/Terezinha_Veloso;;a fonte indica que se formou em artes plásticas na EBA/UFMG;Enciclopédia Itaú Cultural;alta;MAC USP;Belo Horizonte, Brasil;;;media;-10.769946429;-53.073466889;;-19.9280555556;-43.9419444444;100.0;Itaú Cultural;Wikidata: Belo Horizonte (Q31859976);Wikidata: Belo Horizonte (Q31859976);;alta
Tess Adams;United States;Pratt Institute;40.691111;-73.963889;United States;;;female;Pratt Institute | FILE Festival;alto;FILE explicita “País de Origem: Estados Unidos”> preenchido em nível de país.;FILE Festival (País de Origem);alta;FILE;;;;alta;39.398703156;-99.41461919;100.0;;;;;;;"site/biografia recente; sem óbito identificado.";
Tessa Peters;Netherlands;Winchester School of Art> Middlesex University;51.066> 51.5893495;-1.309> -0.2282466;Netherlands;;;female;University of Westminster;alto;FILE explicita “País de Origem: Países Baixos”> preenchido em nível de país.;FILE Festival (País de Origem);alta;FILE;;;;alta;52.249375293;5.616126398;100.0;;;;;;;"site/biografia recente; sem óbito identificado.";
Teun Vonk;Kingdom of the Netherlands;Royal Academy of Art;52.08161111111111;4.319166666666667;Uden;;;male;Lab for the Unstable Media;médio;;Wikidata;alta;FILE;;;;;51.659797218;5.621042999;100.0;;;;;;;"site/biografia recente; sem óbito identificado.";
Thais Weiller;Brazil;University of São Paulo> Centro Universitário de Maringá;-23.425;-51.938888888889;Brazil;;;female;ORCID | site da artista;médio;FILE explicita “País de Origem: Brasil”> preenchido em nível de país.;FILE Festival (País de Origem);alta;FILE;;;;alta;-10.769946429;-53.073466889;100.0;;;;;;;"perfil/atividade recente; sem óbito identificado.";
Theodor Werner;Germany;Stuttgarter Akademie> atelier de Charles Guérin;48.7775;9.18;Itzehoe;;Munich;male;https://de.wikipedia.org/wiki/Theodor_Werner_(Maler);;formação artística paralela à atividade como professor;Wikidata;alta;MAC USP;Stuttgart, Alemanha> Paris, França;1908–1909> 1909–1914;https://de.wikipedia.org/wiki/Theodor_Werner_(Maler);media;53.920549999;9.515569;100.0;48.143438999;11.573599;100.0;Stadt München;Wikidata: Munich (Q1726);Wikidata: Munich (Q1726);;alta
Thiago Cóser;Brazil;Universidade Estadual de Campinas;-22.817222222222;-47.069444444444;Brazil;;;male;FILE Festival;alto;FILE explicita “País de Origem: Brasil”> preenchido em nível de país.;FILE Festival (País de Origem);alta;FILE;;;;alta;-10.769946429;-53.073466889;100.0;;;;;;;"atividade profissional recente; sem óbito identificado.";
Thiago Sacramento;Brazil;Universidade Federal de Juiz de Fora> Faculdade Angel Vianna;-21.7747> -22.9396151;-43.3683> -43.1805362;Nova Iguaçu, Brazil;;;male;FILE Festival;médio;Biografia do FILE explicita nascimento em Nova Iguaçu.;FILE Festival (biografia do artista);alta;FILE;;;;alta;-22.7597835;-43.45151;;;;;;;;"perfil FILE recente; sem óbito identificado.";
Thoka Maer;Germany;Universität der Künste Berlin;52.50916666666667;13.32694444444444;Germany;;;female;site pessoal da artista | Goethe-Institut;alto;FILE explicita “País de Origem: Alemanha”> preenchido em nível de país.;FILE Festival (País de Origem);alta;FILE;;;;alta;51.110631049;10.392277932;100.0;;;;;;;"site autoral/Behance recentes; sem óbito identificado.";
Thomas Ender;Austrian Empire;Academy of Fine Arts Vienna;48.201388888889;16.365277777778;Vienna;;Vienna;male;https://en.wikipedia.org/wiki/Thomas_Ender | https://enciclopedia.itaucultural.org.br/pessoas/3910-thomas-ender;;As fontes citam estudo com Hubert Maurer, Laurenz Janscha e Joseph Mössmer.;Wikidata;alta;MASP;Viena;desde 1806;https://enciclopedia.itaucultural.org.br/pessoas/3910-thomas-ender | https://en.wikipedia.org/wiki/Thomas_Ender;alta;48.2092062;16.3727778;100.0;48.2092062;16.3727778;100.0;Wikipedia;Wikidata (Vienna);Wikidata (Vienna);"fontes adicionadas em auditoria; coordenadas auditadas para a cidade.";media
Thomas Gainsborough;United Kingdom;Sudbury Grammar School> St Martin's Lane Academy> estudos com Hubert Gravelot e Francis Hayman;51.5117;-0.127333;Sudbury;St Anne's Church, Kew;London;male;https://en.wikipedia.org/wiki/Thomas_Gainsborough | https://www.britannica.com/biography/Thomas-Gainsborough;;;Wikidata;alta;MASP;Londres;a partir de c.1740;https://en.wikipedia.org/wiki/Thomas_Gainsborough;alta;52.039223856;0.731878053;100.0;51.50722;-0.1275;100.0;National Galleries of Scotland;Wikipedia (London);Wikipedia (London);"fontes adicionadas em auditoria; coordenadas auditadas para a cidade.";alta
Thomas Lawrence;United Kingdom of Great Britain and Ireland;Royal Academy of Arts> formação artística em grande parte autodidata, com orientação do pai;51.509166666667>;-0.13944444444444>;Bristol;St Paul's Cathedral;London;male;https://en.wikipedia.org/wiki/Thomas_Lawrence;;As fontes não sustentam escola formal clara> mantido como autodidata/orientação familiar.;Wikidata;alta;MASP;Inglaterra;;;baixa;51.453132471;-2.600983373;100.0;51.50722;-0.1275;100.0;Wikipedia;Wikipedia (London);Wikipedia (London);"fontes adicionadas em auditoria; coordenadas auditadas para a cidade.";media
Thomas Lyde Hornbrook;Kingdom of Great Britain;formação militar britânica e prática de desenho topográfico;;;;;;male;https://www.brasilianaiconografica.art.br/autores/20146/thomas-lyde-hornbrook;;A fonte aberta consultada não nomeia instituição específica.;;;Coleção Brasiliana Itaú;Inglaterra;;;baixa;;;;;;;;;;óbito localizado, mas local de morte não confirmado com fonte robusta.;
Thy Nguyen;United Kingdom;Bournemouth University;50.7432;-1.8969;United Kingdom;;;female;FILE Festival;alto;FILE explicita “País de Origem: Reino Unido”> preenchido em nível de país.;FILE Festival (País de Origem);alta;FILE;;;;alta;53.408386605;-1.969559544;100.0;;;;;;;"perfil/atividade recente; sem óbito identificado.";
Tikashi Fukushima;Japan;aprendizado/assistência com Tadashi Kaminagai;-22.8625055;-43.2256622;Sōma-shi;;São Paulo;male;Enciclopédia Itaú Cultural;;instituição formal não localizada com segurança nesta passada;Wikidata;alta;MAC USP;Rio de Janeiro, Brasil;1946;Enciclopédia Itaú Cultural;media;37.79733207;140.91896953;100.0;-23.5503944444;-46.6339472222;100.0;Enciclopédia Itaú Cultural;Wikidata: São Paulo (Q174);Wikidata: São Paulo (Q174);"fontes adicionadas em auditoria; coordenadas auditadas para o município de São Paulo.";alta
Timothy Weaver;United States;University of Colorado Boulder> Purdue University;40.006666666667> 40.425;-105.26722222222> -86.92305555555555;United States;;;male;University of Denver;alto;FILE explicita “País de Origem: Estados Unidos”> preenchido em nível de país.;FILE Festival (País de Origem);alta;FILE;;;;alta;39.398703156;-99.41461919;100.0;;;;;;;óbito confirmado em fonte institucional, mas local de morte não explicitado.;
Titian;Republic of Venice;aprendizagem com Sebastiano Zuccato> oficina de Gentile Bellini> oficina de Giovanni Bellini;> > ;> > ;Pieve di Cadore;Santa Maria Gloriosa dei Frari;Venice;male;https://www.britannica.com/biography/Titian | https://en.wikipedia.org/wiki/Titian;;Formação descrita por mestres e oficinas venezianas.;Wikidata;alta;MASP;Veneza;c.1490s;https://www.britannica.com/biography/Titian | https://en.wikipedia.org/wiki/Titian;alta;46.4285225;12.3740656;100.0;45.434608;12.338913;100.0;Wikipedia;Wikidata: Venice;Wikidata: Venice;"fontes adicionadas em auditoria; coordenadas auditadas para a cidade.";media
Tivon Rice;Netherlands;University of Colorado Boulder> University of Washington;40.006666666667> 47.65416666666667;-105.26722222222> -122.30805555555555;;;;male;DXARTS | Artist Trust;alto;local de nascimento não localizado em fonte auditável;;;FILE;;;;;;;;;;;;;;"perfil universitário recente; sem óbito identificado.";
Tom Morris;;;;;;;;male;;;local de nascimento não localizado em fonte auditável;;;FILE;;;;;;;;;;;;;;homônimo não desambiguado com segurança.;
Tomek Jarolim;France;École supérieure d'art d'Aix-en-Provence> School of the Art Institute of Chicago;43.5307;5.44105;Aix-en-Provence;;;male;FILE Festival;médio;;Wikidata;alta;FILE;;;;;43.529850239;5.447376271;100.0;;;;;;;"site/biografia recente; sem óbito identificado.";
Tomie Ohtake;Brazil;Doshisha University> estudos com Keisuke Sugano;35.029737>;135.760725>;Kyoto;;São Paulo;female;https://pt.wikipedia.org/wiki/Tomie_Ohtake;;formação localizada por mestre/ateliê, sem instituição formal identificada;Wikidata;alta;MAC USP;São Paulo, Brasil;1952;https://pt.wikipedia.org/wiki/Tomie_Ohtake;media;35.01169705;135.76816161;100.0;-23.5503944444;-46.6339472222;100.0;Universidade de São Paulo / IEA;Wikidata: São Paulo (Q174);Wikidata: São Paulo (Q174);"fontes adicionadas em auditoria; coordenadas auditadas para o município de São Paulo.";alta
Tommaso Minardi;Kingdom of Italy;Accademia del Regno italico> Accademia di San Luca> Accademia di Belle Arti di Bologna;41.893055555556> 41.90166> 44.497811111111;12.482777777778> 12.483586> 11.353188888889;Faenza;Campo Verano;Rome;male;Wikipedia> Aberystwyth University;;também foi aluno de Giuseppe Zauli e estudou no ateliê de Vincenzo Camuccini;Wikidata;alta;Museu Victor Meirelles;Faenza> Roma> Bolonha> Perugia;1803–1810> c. 1810;Wikipedia;media;44.2853477;11.8829895;100.0;41.8930555556;12.4827777778;100.0;Spencer Museum of Art;Wikidata: Rome (Q220);Wikidata: Rome (Q220);"fontes adicionadas em auditoria; coordenadas auditadas para a cidade.";alta
Tommy Becker;United States;San Francisco Art Institute> California College of the Arts;37.8035> 37.8359;-122.417> -122.25;United States;;;male;FILE Festival | Canyon Cinema;alto;FILE explicita “País de Origem: Estados Unidos”> preenchido em nível de país.;FILE Festival (País de Origem);alta;FILE;;;;alta;39.398703156;-99.41461919;100.0;;;;;;;"site oficial/FILE recentes; sem óbito identificado.";
Tomoshige Kusuno;;Tokyo School of Fine Arts;35.68944444444445;139.6916666666667;Yūbari, Hokkaidō, Japão;;;male;fontes biográficas de referência;;instituição identificada em fontes secundárias;MAC USP;alta;MAC USP;Tóquio, Japão;s.d.;fontes biográficas de referência;baixa;43.03707;141.95718;;;;;;;;"verbete institucional recente; sem óbito identificado.";
Toni Mitjanit;Spain;Universitat de les Illes Balears> Universitat Oberta de Catalunya> Escola Superior de Disseny de Palma;39.63805555555555> 41.406594> 39.57730555555555;2.648055555555556> 2.194429> 2.645638888888889;Manacor, Spain;;;male;Technarte | FILE Festival;médio;;FILE Festival (biografia do artista);alta;FILE;;;;alta;39.569637;3.209618;;;;;;;;"perfil/atividade recente; sem óbito identificado.";
Traugott Spiess;Switzerland;estudos com Johannes Itten;;;;;;male;https://www.espacel.net/maill-seau/;;Fonte consultada identifica apenas formação com Johannes Itten, sem instituição explicitada.;;;MAC USP;Suíça;;;baixa;;;;;;;;;;data de óbito localizada, mas local de morte não confirmado.;
Tuneu;;Fundação Armando Álvares Penteado (FAAP);-23.5450155;-46.6630802;São Paulo, SP, Brasil;;;male;fontes biográficas de referência;;datas aproximadas;Centro Cultural UFG;alta;;São Paulo, Brasil;1970s;fontes biográficas de referência;media;-23.5486657;-46.6382522;;;;;;;;"site/biografia recente; sem óbito identificado.";
Tzu-Hsin (Cindy) Yang;Taiwan;Taipei National University of the Arts> California Institute of the Arts;25.13406> 34.393055555556;121.47038> -118.56694444444;Taichung;;;female;FILE Festival | site da artista;alto;;Wikidata;alta;FILE;;;;;24.1634888;120.6467399;100.0;;;;;;;"perfil/atividade recente; sem óbito identificado.";
Tânia Rodrigues;Brazil;Faculdade de Ciências Humanas e Sociais da Universidade do Algarve;37.0224;-7.92764;Brazil;;;female;ORCID | Ciência Iscte;médio;FILE explicita “País de Origem: Brasil”> preenchido em nível de país.;FILE Festival (País de Origem);alta;FILE;;;;alta;-10.769946429;-53.073466889;100.0;;;;;;;"perfil acadêmico recente; sem óbito identificado.";
Ubirajara Ribeiro;Brazil;Universidade Mackenzie> curso livre de gravura na Escola de Belas Artes da Universidade da Bahia> estudos com Vicente Mecozzi, Pedro Corona, João Rossi e Waldemar da Costa;-23.547> -12.9928637;-46.652> -38.5205973;São Paulo, SP, Brasil;;São Paulo;male;https://www.escritoriodearte.com/artista/ubirajara-ribeiro | https://www.glatt.com.br/artistas/ubirajara-ribeiro> https://www.escritoriodearte.com/artista/ubirajara-ribeiro | https://www.glatt.com.br/artistas/ubirajara-ribeiro | https://fvcb.com.br/acervo/artista/ubirajara-ribeiro/;;A formação combina estudos com artistas, graduação em arquitetura e curso livre de gravura.;Fundação Vera Chaves Barcellos;alta;MAC USP;São Paulo> Salvador> Paris;1948> 1952-1954> 1954> 1956> bolsa em 1960;https://www.escritoriodearte.com/artista/ubirajara-ribeiro | https://www.glatt.com.br/artistas/ubirajara-ribeiro | https://fvcb.com.br/acervo/artista/ubirajara-ribeiro/;alta;-23.5486657;-46.6382522;;-23.5503944444;-46.6339472222;100.0;MAC USP;Wikidata: São Paulo (Q174);Wikidata: São Paulo (Q174);;alta
Ulpiano Checa;Spain;Royal Academy of Fine Arts of San Fernando> Escuela de Bellas Artes y Oficios> Real Academia de Bellas Artes de San Fernando> Academia Española de Bellas Artes de Roma;4> 40.4178> 41.893055555556;-73.25> -3.7007> 12.482777777778;Colmenar de Oreja;Colmenar de Oreja;Dax;male;https://es.wikipedia.org/wiki/Ulpiano_Checa | https://museoulpianocheca.com/ulpiano-checa-pintor.html;;;Wikidata;alta;Museu Histórico Nacional;Madri> Roma;1873-1880> depois de 1880 como pensionista em Roma;https://es.wikipedia.org/wiki/Ulpiano_Checa | https://museoulpianocheca.com/ulpiano-checa-pintor.html;alta;40.107583;-3.387693;100.0;43.7069444444;-1.0513888889;100.0;Wikipedia;Wikidata (Dax);Wikidata (Dax);"fontes adicionadas em auditoria; coordenadas auditadas para a comuna de Dax.";media
Ulrich Steffen;Switzerland;formação técnica e artística alemã> instituição não identificada na fonte aberta consultada;> ;> ;;;;male;https://www.wikidata.org/wiki/Q24989942;;Sem documentação aberta suficiente para detalhar instituição e datas nesta rodada.;;;Museu Histórico Nacional;Alemanha;;;baixa;;;;;;;;;;trajetória localizada, mas local de morte não confirmado com segurança.;
Umberto Lilloni;Italy;Brera Academy> Società Umanitaria> Accademia di Brera;45.47222222;9.18888889;Milan;monumental cemetery of Milan;Milan;male;https://www.treccani.it/enciclopedia/umberto-lilloni_(Dizionario-Biografico)/;;interrompe os estudos em 1917 para servir na guerra;Wikidata;alta;MAC USP;Milão, Itália> Milão, Itália;até 1915> 1915–1917;https://www.treccani.it/enciclopedia/umberto-lilloni_(Dizionario-Biografico)/;alta;45.4636183;9.1881156;100.0;45.4636183;9.1881156;100.0;Wikidata;Wikidata: Milan;Wikidata: Milan;;media
unknown;;;;;;;;;;;creator registrado como 'unknown';;;Museu Paulista;;;;;;;;;;;;;;"autoria indicada como unknown; sem identificação biográfica auditável.";
Uwe Heine Debrodt;Mexico;Facultad de Química, Universidad Nacional Autónoma de México;19.33191;-99.18193;Mexico;;;male;Miami New Media Festival;médio;FILE explicita “País de Origem: México”> preenchido em nível de país.;FILE Festival (País de Origem);alta;FILE;;;;alta;23.634501;-102.552784;;;;;;;;"perfil/atividade recente; sem óbito identificado.";
V. F. Leite;;;;;;;;;;;;;;Museu Histórico Nacional;;;;;;;;;;;;;;"assinatura abreviada; identidade não desambiguada com segurança.";
Vadinho Santa Rosa (atribuído);;;;;;;;;;;autoria atribuída/incerta> formação não localizada com segurança;;;Museu de Arte Religiosa e Tradicional;;;;;;;;;;;;;;"registro em atribuição; identidade não confirmada para preenchimento do óbito.";
Valdeir Maciel;;;;;Bacabal, MA, Brasil;;São Paulo;male;https://blombo.com/artistas/valdir-maciel | https://www.al.sp.gov.br/noticia/?id=264828;;Também grafado Valdir/Waldeir em fontes secundárias.;Museu de Arte do Parlamento de São Paulo;alta;MAC USP;formação autodidata;sem data exata na fonte;;alta;-10.769946429;-53.073466889;;-23.5503944444;-46.6339472222;100.0;Museu de Arte do Parlamento de São Paulo;Wikidata: São Paulo (Q174);Wikidata: São Paulo (Q174);;media
Valentina Besegher;Italy;;;;Italy;;;female;;;FILE explicita “País de Origem: Itália”> preenchido em nível de país.;FILE Festival (País de Origem);alta;FILE;;;;alta;42.83333;12.83333;100.0;;;;;;;"site/biografia recente; sem óbito identificado.";
Valerie LeBlanc;Canada;Alberta College of Art + Design> School of the Art Institute of Chicago> University of Sydney;51.062;-114.091;Halifax, Nova Scotia, Canada;;;female;site da artista | Vtape;médio;;site oficial / FILE Festival;médio;FILE;;;;;44.648881;-63.575312;100.0;;;;;;;"site/biografia recente; sem óbito identificado.";
Valério Vieira;Brazil;Academia Imperial de Belas Artes (aluno ouvinte);-22.91111111111111;-43.20555555555556;Angra dos Reis, RJ, Brasil;;São Paulo;male;https://enciclopedia.itaucultural.org.br/pessoas/6241-valerio-vieira | https://pt.wikipedia.org/wiki/Val%C3%A9rio_Vieira> https://enciclopedia.itaucultural.org.br/pessoas/6241-valerio-vieira;;;Enciclopédia Itaú Cultural;alta;Museu Paulista;Rio de Janeiro;a partir de 1875;https://enciclopedia.itaucultural.org.br/pessoas/6241-valerio-vieira;alta;-10.769946429;-53.073466889;;-23.5503944444;-46.6339472222;100.0;Enciclopédia Itaú Cultural;Wikidata: São Paulo (Q174);Wikidata: São Paulo (Q174);;alta
Veneta Androva;Bulgaria;Weißensee Academy of Art Berlin> Humboldt-Universität zu Berlin> Bezalel Academy of Arts and Design;52.5581> 52.518055555555556> 31.781166666666667;13.4393> 13.393333333333333> 35.22361111111111;Sofia, Bulgaria;;;female;site da artista;alto;;FILE Festival (biografia do artista);alta;FILE;;;;alta;42.6964917;23.3260106;100.0;;;;;;;"site/biografia recente; sem óbito identificado.";
Vera Sebert;Germany;University of Fine Arts Braunschweig> Academy of Fine Arts Vienna;52.2575;10.50166667;Freiburg im Breisgau, Germany;;;female;esc medien kunst labor;alto;;Arts Foundation BW;alto;FILE;;;;;47.994785999;7.849876999;100.0;;;;;;;"site/biografia recente; sem óbito identificado.";
Veronika Obertová;Slovakia;Academy of Fine Arts and Design in Bratislava;48.1416;17.1072;Bratislava, Slovakia;;;female;Animafest;médio;Biografia a apresenta como artista de Bratislava> usado com baixa.;FILE Festival (biografia do artista);baixa;FILE;;;;baixa;48.151699;17.109306;;;;;;;;"site/biografia recente; sem óbito identificado.";
Vicente do Rego Monteiro;Brazil;Académie Julian> Escola Nacional de Belas Artes> Academia Julian;48.871111111111> -22.8625055> 48.871111111111;2.3416666666667> -43.2256622> 2.3416666666667;Recife;;Recife;male;Wikipédia;;fontes secundárias mencionam também Académie Colarossi e Académie de la Grande Chaumière;Wikidata;alta;MAC USP;Rio de Janeiro, Brasil> Paris, França;1908> 1911–1914;Wikipédia;media;-8.0551894;-34.871176;100.0;-8.0538888889;-34.8808333333;100.0;Enciclopédia Itaú Cultural;Wikidata (Recife);Wikidata (Recife);"fontes adicionadas em auditoria; coordenadas auditadas para a cidade.";alta
Vicente José de Micolta (atribuição);;;;;;;;;;;autoria atribuída/incerta> formação não localizada com segurança;;;Museu da Inconfidência;;;;;;;;;;;;;;"registro em atribuição; identidade não confirmada para preenchimento do óbito.";
Vicente Mallio;Portugal;;;;Azores;;;male;;;;Wikidata;alta;Museu Histórico Nacional;;;;;37.74058;-25.67282;100.0;;;;;;;homônimo não desambiguado com segurança.;
Victor Barrat;;formação artística francesa> instituição não identificada na fonte aberta consultada;> ;> ;;;;male;https://www.brasilianaiconografica.art.br/;;Registro prudente por carência de detalhe aberto.;;;Coleção Brasiliana Itaú;França;;;baixa;;;;;;;;;;identidade insuficiente para localizar óbito com segurança.;
Victor Brecheret;Brazil;Liceu de Artes e Ofícios de São Paulo> aprendizado com Arturo Dazzi;-23.5331446;-46.6267577;Farnese;;São Paulo;male;https://enciclopedia.itaucultural.org.br/pessoas/522-victor-brecheret> https://pt.wikipedia.org/wiki/Victor_Brecheret;;;Wikidata;alta;MAC USP;São Paulo, Brasil> Roma, Itália;1912> 1914;https://enciclopedia.itaucultural.org.br/pessoas/522-victor-brecheret> https://pt.wikipedia.org/wiki/Victor_Brecheret;media;42.5504814;11.7267407;100.0;-23.5503944444;-46.6339472222;100.0;Wikipedia;Wikidata: São Paulo (Q174);Wikidata: São Paulo (Q174);"fontes adicionadas em auditoria; coordenadas auditadas para o município de São Paulo.";alta
Victor Meirelles;Brazil;Academia Imperial de Belas Artes;-22.91111111111111;-43.20555555555556;Florianópolis;;Rio de Janeiro;male;Museu Victor Meirelles> Wikipédia;;;Wikidata;alta;Museu Nacional de Belas Artes;Rio de Janeiro> Itália> França;c. 1847–1852> 1853–1861> 1853–1861;Museu Victor Meirelles;media;-27.5969123;-48.5495751;100.0;-22.9111111111;-43.2055555556;100.0;Enciclopédia Itaú Cultural;https://www.wikidata.org/wiki/Q8678;https://www.wikidata.org/wiki/Q8678;"fontes adicionadas em auditoria; coordenadas auditadas para a cidade.";alta
Victor Meirelles de Lima;Brazil;Academia Imperial de Belas Artes;-22.91111111111111;-43.20555555555556;Florianópolis;;Rio de Janeiro;male;Museu Victor Meirelles> Wikipédia;;;Wikidata;alta;Museu Nacional de Belas Artes;Rio de Janeiro> Itália> França;c. 1847–1852> 1853–1861> 1853–1861;Museu Victor Meirelles;media;-27.5969123;-48.5495751;100.0;-22.9111111111;-43.2055555556;100.0;Enciclopédia Itaú Cultural;https://www.wikidata.org/wiki/Q8678;https://www.wikidata.org/wiki/Q8678;"fontes adicionadas em auditoria; coordenadas auditadas para a cidade.";alta
Victor Pinto;;Escola Nacional de Belas Artes;-22.8625055;-43.2256622;;;;;fontes biográficas de referência;;datas aproximadas;;;Museu da Inconfidência;Rio de Janeiro, Brasil;1940s;fontes biográficas de referência;baixa;;;;;;;;;;identidade insuficiente para localizar óbito com segurança.;
Victor Ribeiro;;Ar.Co;41.15;-8.610833333333334;Porto, Portugal;;;male;https://www.fundacaoplmj.com/pt/colecao/artistas/vitor-ribeiro/1017/ | https://dev.cps.pt/pt/artistas/vitor-ribeiro;;A base usa Victor Ribeiro> as fontes consultadas usam Vitor Ribeiro.;Clube Português de Artes e Ideias (CPS);media;MAC USP;Porto (Portugal);formação em escultura concluída em 1985;https://www.fundacaoplmj.com/pt/colecao/artistas/vitor-ribeiro/1017/;alta;41.1501526;-8.610318;;;;;;;;"perfil/atividade recente; sem óbito identificado.";
Victor Vasarely;Hungary;Eötvös Loránd University> University of Budapest> Podolini-Volkmann Academy> Muhely;47.4906> 47.498333333333;19.0585> 19.040833333333;Pécs;;16th arrondissement of Paris;male;https://www.fondationvasarely.org/architectonic-center/victor-vasarely/> https://www.fairheadfineart.com/biographies/victor-vasarely;;Muhely é frequentemente descrita como a Bauhaus de Budapeste.;Wikidata;alta;MAC USP;Budapeste, Hungria> Budapeste, Hungria> Budapeste, Hungria;1925–1927> 1927> 1929;https://www.fondationvasarely.org/architectonic-center/victor-vasarely/ > https://www.fairheadfineart.com/biographies/victor-vasarely;media;46.0713012;18.2331371;100.0;48.86361;2.27639;100.0;Wikipedia;Wikipedia (16th arrondissement of Paris);Wikipedia (16th arrondissement of Paris);"fontes adicionadas em auditoria; coordenadas auditadas para o arrondissement.";media
Vienot et Morissete;;;;;;;;;;;;;;Museu Histórico Nacional;;;;;;;;;;;;;;"entrada não individual/não desambiguada; sem preenchimento do óbito.";
Vilma Pasqualini;;Escuela Nacional de Bellas Artes;14.09871944444444;-87.20715833333334;Rio de Janeiro, RJ, Brasil;;Rio de Janeiro;female;fontes biográficas de referência;;instituição identificada> datas não localizadas com precisão;MAC USP;alta;MAC USP;Buenos Aires, Argentina;s.d.;fontes biográficas de referência;baixa;-22.9014475;-43.1789159;;-22.9111111111;-43.2055555556;100.0;Enciclopédia Itaú Cultural;https://www.wikidata.org/wiki/Q8678;https://www.wikidata.org/wiki/Q8678;;alta
Vilma Teresa Rodrigues de Carvalho;Brazil;formação artística brasileira> instituição não identificada na fonte aberta consultada;> ;> ;;;;female;https://www.catalogodasartes.com.br/;;Não localizei escola formal aberta confiável nesta rodada.;;;Museu Histórico Nacional;Brasil;;;baixa;;;;;;;;;;sem fonte auditável de local de morte.;
Vincent Gallut;France;;;;France;;;male;;;FILE explicita “País de Origem: França”> preenchido em nível de país.;FILE Festival (País de Origem);alta;FILE;;;;alta;46.559417044;2.550539953;100.0;;;;;;;"site/biografia recente; sem óbito identificado.";
Vincent Houzé;France;;;;France;;;male;;;FILE explicita “País de Origem: França”> preenchido em nível de país.;FILE Festival (País de Origem);alta;FILE;;;;alta;46.559417044;2.550539953;100.0;;;;;;;"site/biografia recente; sem óbito identificado.";
Vincent van Gogh;Kingdom of the Netherlands;Royal Academy of Fine Arts> Academy of Fine Arts, Antwerp> ateliê de Fernand Cormon;51.2234;4.4069;Zundert;Auvers-Sur-Oise Communal Cemetery;Auvers-sur-Oise;male;fontes biográficas de referência;;;Wikidata;alta;MASP;Antuérpia, Bélgica> Paris, França;1886> 1886–1887;fontes biográficas de referência;alta;51.470497894;4.659364233;100.0;49.0716666667;2.1741666667;100.0;Wikipedia;Wikidata (Auvers-sur-Oise);Wikidata (Auvers-sur-Oise);"fontes adicionadas em auditoria; coordenadas auditadas para a comuna.";media
Vincenzo Lodigiani;Italy;;;;;;Rome;male;;;local de nascimento não localizado em fonte auditável;;;FILE;;;;;;;;41.8930555556;12.4827777778;100.0;Wikipedia (it);Wikidata: Rome (Q220);Wikidata: Rome (Q220);;media
Virgilio Guidi;Italy;Scuola Libera di Pittura> Accademia di Belle Arti di Roma;41.9075;12.4756;Rome;Cemetery of San Michele;Venice;male;https://en.wikipedia.org/wiki/Virgilio_Guidi;;Fontes apontam formação inicial na escola livre de pintura e continuidade dos estudos na Academia de Belas Artes de Roma.;Wikidata;alta;MAC USP;Roma, Itália> Roma, Itália;c. 1904–1908> c. 1908–1910s;https://en.wikipedia.org/wiki/Virgilio_Guidi;media;41.8905568;12.4942679;100.0;45.434608;12.338913;100.0;MAC USP;Wikidata: Venice (Q641);Wikidata: Venice (Q641);"fontes adicionadas em auditoria; coordenadas auditadas para a cidade.";alta
Virgílio Lopes Rodrigues;Brazil;colônia agrícola Frei Caneca, dirigida por religiosos> tentativa de matrícula no Colégio Militar;-8.8027777777778;-35.828888888889;;;;male;https://www.guiadasartes.com.br/virgilio-lopes-rodrigues/resumo | https://www.saladearte.com.br/virgilio-lopes-rodrigues> https://www.guiadasartes.com.br/virgilio-lopes-rodrigues/resumo;;O dado recuperado refere-se à educação geral/documentada> as fontes consultadas não sustentam formação artística formal posterior.;;;Museu Histórico Nacional;Pernambuco> Rio de Janeiro;antes dos 20 anos> sem datas exatas;;baixa;;;;;;;;;;óbito datado em fontes secundárias, mas local de morte não confirmado.;
Virgílio Maurício;Brazil;formação artística com Rosalvo Ribeiro> frequência a diversos ateliês em Paris;48.85666666666667;2.352222222222222;Lagoa da Canoa;;Belo Horizonte;male;https://pt.wikipedia.org/wiki/Virg%C3%ADlio_Maur%C3%ADcio | https://wp.historiadealagoas.com.br/virgilio-mauricio-genial-e-polemico.html> https://pt.wikipedia.org/wiki/Virg%C3%ADlio_Maur%C3%ADcio;;A fonte indica que era estudante de medicina e que frequentou ateliês na França> sem instituição única identificada.;Wikidata;alta;Pinacoteca de São Paulo;Brasil> Paris;até 1914;https://pt.wikipedia.org/wiki/Virg%C3%ADlio_Maur%C3%ADcio | https://wp.historiadealagoas.com.br/virgilio-mauricio-genial-e-polemico.html;media;-9.8292288;-36.7373101;100.0;-19.9280555556;-43.9419444444;100.0;Wikipedia;Wikidata (Belo Horizonte);Wikidata (Belo Horizonte);"fontes adicionadas em auditoria; coordenadas auditadas para a cidade.";media
Vittorio Gobbis;Brazil;Accademia di Belle Arti di Venezia;45.4286;12.3305;Motta di Livenza, Itália;;São Paulo;male;fontes biográficas de referência;;"instituição identificada> datas não localizadas com precisão; fontes biográficas convergem para a localidade, com variação de grafia do topônimo";"Enciclopédia Itaú Cultural; Escritório de Arte";media;MAC USP;Veneza, Itália;s.d.;fontes biográficas de referência;media;42.83333;12.83333;;-23.5503944444;-46.6339472222;100.0;MAC USP;Wikidata: São Paulo (Q174);Wikidata: São Paulo (Q174);;alta
Vj Iluminous (Manolo Fraga);Brazil;Universidade Federal do Paraná;-25.428888888889;-49.2675;Rio de Janeiro, Brazil;;;male;FILE Festival;médio;Biografia o qualifica como “carioca”> usado com baixa.;FILE Festival (biografia do artista);baixa;FILE;;;;baixa;-22.9014475;-43.1789159;;;;;;;;"perfil/atividade recente; sem óbito identificado.";
Vladimir Leschiov;Latvia;J. Rosenthal Riga Art School> Konstfack University College of Arts, Crafts and Design;56.9475> 59.29861111;24.106944444444> 17.99583333;Daugavpils;;;male;FILE Festival | Animation World Network;médio;;Wikidata;alta;FILE;;;;;55.874818283;26.536061783;100.0;;;;;;;"perfil institucional recente; sem óbito identificado.";
Vânia Mignone;;UNICAMP> PUC-Campinas;-22.817222222222> -22.8346;-47.069444444444> -47.0476;Campinas, SP, Brasil;;;female;https://www.guiadasartes.com.br/vania-mignone/obras-e-biografia;;A fonte informa Artes Plásticas na UNICAMP e Publicidade na PUC-Campinas.;Enciclopédia Itaú Cultural;alta;MAC USP;Campinas (SP);formação concluída em 1989;https://www.guiadasartes.com.br/vania-mignone/obras-e-biografia;alta;-22.9073702;-47.0628996;;;;;;;;"site/biografia recente; sem óbito identificado.";
Waichi Tsutaka;Japan;Nakanoshima Yōga Kenkyūjo;34.69389;135.50222;Naniwa-ku;;Nishinomiya;male;https://en.wikipedia.org/wiki/Waichi_Tsutaka;;escola privada de pintura ocidental;Wikidata;alta;MAC USP;Osaka, Japão;1939;https://en.wikipedia.org/wiki/Waichi_Tsutaka;media;34.6594048;135.49954261;100.0;34.737607;135.34172987;100.0;Art Platform Japan;Wikidata (Nishinomiya);Wikidata (Nishinomiya);"MAC USP indica Kobe; Art Platform Japan indica Nishinomiya; mantido Nishinomiya por fonte de autoridade japonesa.";media
Waldemar Cordeiro;Italy;Liceo Tasso> Accademia di Belle Arti di Roma;41.91> 41.9075;12.49583333> 12.4756;Rome;;São Paulo;male;https://pt.wikipedia.org/wiki/Waldemar_Cordeiro;;formação artística identificada> datas precisas não localizadas;Wikidata;alta;MAC USP;Roma, Itália> Roma, Itália;;;media;41.8905568;12.4942679;100.0;-23.5503944444;-46.6339472222;100.0;Arquivo Waldemar Cordeiro / ARQ;Wikidata: São Paulo (Q174);Wikidata: São Paulo (Q174);"fontes adicionadas em auditoria; coordenadas auditadas para o município de São Paulo.";alta
Walter Jonas;Switzerland;Kunstgewerbeschule Stuttgart;48.7775;9.18;Oberursel (Taunus);;Zurich;male;fontes biográficas de referência;;instituição identificada> datas não localizadas com precisão;Wikidata;alta;MAC USP;Stuttgart, Alemanha;s.d.;fontes biográficas de referência;media;50.200587999;8.582282;100.0;47.3744444444;8.5411111111;100.0;Walter A. Bechtler Stiftung;Wikidata: Zurich (Q72);Wikidata: Zurich (Q72);"fontes adicionadas em auditoria; coordenadas auditadas para a cidade.";alta
Walter Lewy;Brazil;Escola de Artes e Ofícios de Dortmund;51.513888888889;7.4652777777778;Bad Oldesloe;;São Paulo;male;https://pt.wikipedia.org/wiki/Walter_Lewy;;;Wikidata;alta;MAC USP;Dortmund, Alemanha;1923–1927;https://pt.wikipedia.org/wiki/Walter_Lewy;alta;53.810045999;10.373196001;100.0;-23.5503944444;-46.6339472222;100.0;Enciclopédia Itaú Cultural;Wikidata: São Paulo (Q174);Wikidata: São Paulo (Q174);"fontes adicionadas em auditoria; coordenadas auditadas para o município de São Paulo.";alta
Wani Soruku;;;;;;;;male;;;formação não localizada com segurança> fonte usa variante Soroku Wani;;;MAC USP;;;;;;;;;;;;;;trajetória localizada, mas local de óbito não confirmado com segurança.;
Wassily Kandinsky;Russian Empire;Academy of Fine Arts, Munich> Universidade de Moscou> escola particular de Anton Ažbe;55.7025;37.530555555556;Moscow;Neuilly-sur-Seine New Communal Cemetery;Neuilly-sur-Seine;male;https://www.wassily-kandinsky.org/Biography.jsp> https://municharttogo.zikg.eu/items/show/141> https://www.tate.org.uk/art/artists/wassily-kandinsky-1382;;;Wikidata;alta;MAC USP;Moscou, Rússia> Munique, Alemanha> Munique, Alemanha;1886–1892> 1897–1899> 1900;https://www.wassily-kandinsky.org/Biography.jsp> https://municharttogo.zikg.eu/items/show/141;alta;55.7565408;37.6149202;100.0;48.884828024;2.269704778;100.0;Wikipedia;Wikidata (Neuilly-sur-Seine);Wikidata (Neuilly-sur-Seine);"fontes adicionadas em auditoria; coordenadas auditadas para a comuna.";media
Wayne Kirby;United States;Juilliard School> Yale University> New York University;40.773871> 41.311111111111> 40.73;-73.983178> -72.926666666667> -73.995;United States;;;male;site pessoal | FILE Festival;médio;FILE explicita “País de Origem: Estados Unidos”> preenchido em nível de país.;FILE Festival (País de Origem);alta;FILE;;;;alta;39.398703156;-99.41461919;100.0;;;;;;;"perfil/atividade recente; sem óbito identificado.";
Wega Nery;Brazil;Escola de Belas Artes de São Paulo> Atelier-Abstração de Samson Flexor;> ;> ;Corumbá;;Guarujá;female;https://www.guiadasartes.com.br/wega-nery-gomes-pinto/obras-e-biografia;;;Wikidata;alta;MAC USP;São Paulo, Brasil> São Paulo, Brasil;1946–1949> s.d.;https://www.guiadasartes.com.br/wega-nery-gomes-pinto/obras-e-biografia;media;-19.0095613;-57.6524928;100.0;-23.9936111111;-46.2563888889;100.0;Guia das Artes / Instituto Wega Nery;Wikidata (Guarujá);Wikidata (Guarujá);"fontes adicionadas em auditoria; coordenadas auditadas para o município.";media
Wesley Duke Lee;Brazil;Académie de la Grande Chaumière> curso de desenho livre do MASP> Parsons School of Design> American Institute of Graphic Arts;-23.56111111111111> 43;-46.65583333333333> -75;São Paulo;;São Paulo;male;https://pt.wikipedia.org/wiki/Wesley_Duke_Lee> https://enciclopedia.itaucultural.org.br/pessoas/892-wesley-duke-lee;;formação em Paris identificada sem data precisa localizada;Wikidata;alta;MAC USP;São Paulo, Brasil> Nova York, EUA> Nova York, EUA> Paris, França;1951> 1952–1955> 1952–1955>;https://pt.wikipedia.org/wiki/Wesley_Duke_Lee;media;-23.5486657;-46.6382522;100.0;-23.5503944444;-46.6339472222;100.0;MAC USP;Wikidata: São Paulo (Q174);Wikidata: São Paulo (Q174);"fontes adicionadas em auditoria; coordenadas auditadas para o município de São Paulo.";alta
Whanki Kim;South Korea;Nihon University> Avant-Garde Western Painting Institute;35.691>;139.73760833>;Zenra-nan Prefecture;;New York City;male;https://en.wikipedia.org/wiki/Whanki_Kim;;ingressa no programa de artes da Nihon University e, no segundo ano, junta-se ao instituto de pintura de vanguarda;Wikidata;alta;MAC USP;Tóquio, Japão> Tóquio, Japão;1933–1936> c. 1934–1936;https://en.wikipedia.org/wiki/Whanki_Kim;media;38.05511004;140.1483323;87.11;40.7127777778;-74.0061111111;100.0;Wikipedia;Wikidata: New York City (Q60);Wikidata: New York City (Q60);"fontes adicionadas em auditoria; coordenadas auditadas para a cidade.";media
Will Luers;United States;Columbia University> University of Pennsylvania;40.8075> 39.95388888888889;-73.961944444444> -75.19305555555556;United States;;;male;CV do artista;alto;FILE explicita “País de Origem: Estados Unidos”> preenchido em nível de país.;FILE Festival (País de Origem);alta;FILE;;;;alta;39.398703156;-99.41461919;100.0;;;;;;;"perfil universitário recente; sem óbito identificado.";
Willem Roelofs;Kingdom of the Netherlands;Academy for Visual Arts> ateliê de Hendrik van de Sande Bakhuyzen;46;15;Amsterdam;;Berchem;male;https://en.wikipedia.org/wiki/Willem_Roelofs | https://alazraki.com/artworks/artists/roelofs-willem/;;A fonte também registra aulas anteriores com Abraham Hendrik Winter.;Wikidata;alta;Pinacoteca de São Paulo;Haia;a partir de 1839;https://en.wikipedia.org/wiki/Willem_Roelofs;alta;52.361524688;4.890870311;100.0;51.1930555556;4.4211111111;100.0;Wikipedia;Wikidata (Berchem);Wikidata (Berchem);"fontes adicionadas em auditoria; coordenadas auditadas para o distrito.";media
Willi Baumeister;Germany;Friedrich-Eugens-Gymnasium Stuttgart> Königlich Württembergische Akademie / Stuttgart Art Academy> classe de Adolf Hölzel na Stuttgart Art Academy;48.7775;9.18;Stuttgart;Pragfriedhof Stuttgart;Stuttgart;male;https://en.wikipedia.org/wiki/Willi_Baumeister;;A biografia explicita estudos na academia de Stuttgart e, depois, na classe de composição de Adolf Hölzel.;Wikidata;alta;MAC USP;Stuttgart, Alemanha> Stuttgart, Alemanha;1905–1906> 1908–1912;https://en.wikipedia.org/wiki/Willi_Baumeister;alta;48.775816999;9.177734;100.0;48.775816999;9.177734;100.0;Willi Baumeister Foundation;Wikidata (Stuttgart);Wikidata (Stuttgart);"fontes adicionadas em auditoria; coordenadas auditadas para a cidade.";alta
William A. Brown;United States;University of Florida> Emory University;29.6475> 33.791111111111;-82.345> -84.323333333333;;;;male;Vimeo do artista;médio;local de nascimento não localizado em fonte auditável;;;FILE;;;;;;;;;;;;;;"site/atividade recente; sem óbito identificado.";
William Gore Ouseley;;Trinity College Dublin;53.3444;-6.2577;Londres, Inglaterra;;London;male;https://en.wikipedia.org/wiki/William_Gore_Ouseley;;A fonte aberta documenta formação universitária, não artística.;historia-brasil.com;media;Pinacoteca de São Paulo;Trinity College, Dublin;;;alta;51.507446;-0.127765;;51.5072222222;-0.1275;100.0;Wikidata;Wikidata: London (Q84);Wikidata: London (Q84);;media
William Loew;France;;;;France;;;male;;;FILE explicita “País de Origem: França”> preenchido em nível de país.;FILE Festival (País de Origem);alta;FILE;;;;alta;46.559417044;2.550539953;100.0;;;;;;;"perfil/atividade recente; sem óbito identificado.";
William Scott;United Kingdom;Ulster University> Belfast College of Art> Royal Academy Schools;54.60383341944372> 51.507222222222;-5.9288864017592> -0.1275;Greenock;Berlin;Coleford;male;Tate> biografia institucional;;datas aproximadas em parte;Wikidata;alta;MAC USP;Belfast, Reino Unido> Londres, Reino Unido;c. 1931> c. 1935–1938;Tate> biografia institucional;media;55.948493719;-4.757131636;100.0;51.2441666667;-2.4519444444;100.0;Wikipedia;Wikidata (Coleford);Wikidata (Coleford);"place of death corrigido em auditoria; coordenadas auditadas para a vila.";media
Willys de Castro;Brazil;Colégio Marista> estudo com João Pereira Gomes;-19.538888888889;-40.630833333333;Uberlândia;;São Paulo;male;Enciclopédia Itaú Cultural / fontes biográficas de referência;;formação combinando ensino geral e estudo artístico com mestre;Wikidata;alta;MAC USP;Uberlândia, Brasil> São Paulo, Brasil;até 1941> 1940s;Enciclopédia Itaú Cultural / fontes biográficas de referência;media;-18.9097091;-48.2619157;100.0;-23.5503944444;-46.6339472222;100.0;Enciclopédia Itaú Cultural;Wikidata: São Paulo (Q174);Wikidata: São Paulo (Q174);"fontes adicionadas em auditoria; coordenadas auditadas para o município de São Paulo.";alta
Wilson Alves;;Escola Guignard;-19.9552;-43.9202;;;;;fontes biográficas de referência;;datas aproximadas;;;Museu de Arte Religiosa e Tradicional;Belo Horizonte, Brasil;1970s;fontes biográficas de referência;baixa;;;;;;;;;;identidade insuficiente para localizar óbito com segurança.;
Wim van der Plas;Netherlands;Erasmus University Rotterdam;51.918061111111;4.5258305555556;Netherlands;;;male;ACM SIGGRAPH History Archives;alto;FILE explicita “País de Origem: Países Baixos”> preenchido em nível de país.;FILE Festival (País de Origem);alta;FILE;;;;alta;52.249375293;5.616126398;100.0;;;;;;;"perfil/atividade recente; sem óbito identificado.";
Xabier Monreal;Spain;Escola Massana;41.380944;2.169583;Spain;;;male;FILE Festival;médio;FILE explicita “País de Origem: Espanha”> preenchido em nível de país.;FILE Festival (País de Origem);alta;FILE;;;;alta;40.22794966;-3.646063105;100.0;;;;;;;"site/biografia recente; sem óbito identificado.";
Xavier Boissarie;France;Université Paris 8> Villa Arson> École supérieure d'art d'Aix-en-Provence;48.944722222222> 43.5307;2.3633333333333> 5.44105;France;;;male;site da Orbe;alto;FILE explicita “País de Origem: França”> preenchido em nível de país.;FILE Festival (País de Origem);alta;FILE;;;;alta;46.559417044;2.550539953;100.0;;;;;;;"perfil/atividade recente; sem óbito identificado.";
Xaviera Lopez;Chile;;;;Santiago, Chile;;;female;;;;FILE Festival (biografia do artista);alta;FILE;;;;alta;-33.4459946;-70.6670569;;;;;;;;"site oficial recente; sem óbito identificado.";
XXIIVV;Canada;;;;;;;male;;;local de nascimento não localizado em fonte auditável;;;FILE;;;;;;;;;;;;;;"site/atividade recente; sem óbito identificado.";
Yali Herbet;Israel;Bezalel Academy of Arts and Design;31.781166666666667;35.22361111111111;Israel;;;female;FILE Festival | Animafest;alto;FILE explicita “País de Origem: Israel”> preenchido em nível de país.;FILE Festival (País de Origem);alta;FILE;Jerusalém, Israel;;;alta;31.977711512;34.979217692;100.0;;;;;;;"site/atividade recente; sem óbito identificado.";
Yasmin Salama;Palestine;;;;Palestine;;;female;;;fonte secundária explícita> fonte institucional direta não localizada nesta rodada;Wikidata;alta;FILE;;;;;31.912719787;35.204684057;100.0;;;;;;;"perfil localizado; sem óbito identificado.";
Yiannis Kranidiotis;Greece;University of Patras> University of Essex> National and Kapodistrian University of Athens;38.286666666667> 51.87845> 37.969166666666666;21.786388888889> 0.94942> 23.780833333333334;Greece;;;male;site do artista | Onassis Foundation;alto;FILE explicita “País de Origem: Grécia”> preenchido em nível de país.;FILE Festival (País de Origem);alta;FILE;;;;alta;39.0;22.0;100.0;;;;;;;"site/atividade recente; sem óbito identificado.";
Yo Yoshitome;Japan;Escola de Navegação> Escola de Belas Artes de Tóquio;35.68944444444445;139.6916666666667;Shimane Prefecture;;;female;https://enciclopedia.itaucultural.org.br/pessoas/6124-yo-yoshitome;;;Wikidata;alta;MAC USP;Tóquio, Japão> Tóquio, Japão;década de 1940> década de 1940;https://enciclopedia.itaucultural.org.br/pessoas/6124-yo-yoshitome;alta;35.47229492;133.05050166;100.0;;;;;;;fontes consultadas registram a trajetória, mas não localizam o lugar de morte.;
Yola Cintra;;;;;;;;female;;;formação não localizada com segurança;;;MAC USP;;;;;;;;;;;;;;identidade insuficiente para localizar óbito com segurança.;
Yolanda Mohalyi;Brazil;Real Academia de Belas-Artes;38.708042;-9.139016;Cluj-Napoca;;São Paulo;female;Wikipédia;;em 1935 estuda com Lasar Segall em São Paulo> datas da formação acadêmica não localizadas com precisão;Wikidata;alta;MAC USP;Budapeste, Hungria;;;media;46.7709185;23.5899178;100.0;-23.5503944444;-46.6339472222;100.0;Wikipedia;Wikidata: São Paulo (Q174);Wikidata: São Paulo (Q174);"fontes adicionadas em auditoria; coordenadas auditadas para o município de São Paulo.";media
Yuki Ban;Japan;The University of Tokyo;35.71339;139.76232;Kanagawa, Japan;;;male;Universidade de Tóquio (perfil institucional);alto;;Universidade de Tóquio (página do projeto Unlimited Corridor);alto;FILE;;;;;35.447754;139.642514;;;;;;;;"perfil acadêmico recente; sem óbito identificado.";
Yukun Wang;United Kingdom;West China Hospital;30.643222;104.061097;China;;;female;;;;SAIC Fashion Show / site pessoal;médio;FILE;;;;;36.567348398;103.930027033;100.0;;;;;;;"perfil/atividade recente; sem óbito identificado.";
Yutaka Toyota;Japan;Universidade de Arte de Tóquio;35.7195782;139.7726862;Tendo, Japão;;;male;https://www.escritoriodearte.com/artista/yutaka-toyota;;;Enciclopédia Itaú Cultural;alta;MAC USP;Tóquio, Japão;início da década de 1950;https://www.escritoriodearte.com/artista/yutaka-toyota;alta;38.362143;140.377671;;;;;;;;"site/atividade recente; sem óbito identificado.";
Yōhei Yanase;Japan;Seikei University;35.71123;139.573145;Setagaya;;;male;;;;Wikidata;alta;FILE;;;;;35.6465436;139.65322156;100.0;;;;;;;"perfil/atividade recente; sem óbito identificado.";
Zac Cooper;;University of Washington;47.65416666666667;-122.30805555555555;;;;male;University of Washington;alto;local de nascimento não localizado em fonte auditável;;;FILE;;;;;;;;;;;;;;"site/atividade recente; sem óbito identificado.";
Zbigniew Makowski;Poland;Academy of Fine Arts, Warsaw> Academy of Fine Arts in Warsaw;52.239444444444445> 52.239444444444445;21.015833333333333> 21.015833333333333;Warsaw;Northern Communal Cemetery in Warsaw;Warsaw;male;https://en.wikipedia.org/wiki/Zbigniew_Makowski;;;Wikidata;alta;MAC USP;Varsóvia, Polônia;1950–1956;https://en.wikipedia.org/wiki/Zbigniew_Makowski;media;52.229827082;21.011731518;100.0;52.229827082;21.011731518;100.0;Wikipedia (pl);Wikidata (Warsaw);Wikidata (Warsaw);"fontes adicionadas em auditoria; coordenadas auditadas para a cidade.";media
Zed Nesti;;Fundação Armando Álvares Penteado (FAAP);-23.5450155;-46.6630802;Rio de Janeiro, RJ, Brasil;;;male;https://www.youtube.com/zednestistudio/videos;;fonte pública de perfil do artista informa curso na FAAP> datas não localizadas;MAC USP;alta;MAC USP;São Paulo, Brasil;s.d.;https://www.youtube.com/zednestistudio/videos;media;-22.9014475;-43.1789159;;;;;;;;"site/atividade recente; sem óbito identificado.";
Zeno van den Broek;Kingdom of the Netherlands;TU Delft;52.001666666667;4.3725;Rotterdam, Netherlands;;;male;CV oficial do artista;médio;;site oficial do artista;alto;FILE;;;;;51.918323034;4.493749988;100.0;;;;;;;"site/atividade recente; sem óbito identificado.";
Zlatan Filipović;Bosnia and Herzegovina;Alfred University, New York State College of Ceramics;42.253261;-77.787486;Sarajevo;;;male;American University of Sharjah;alto;;Wikidata;alta;FILE;;;;;43.8581843;18.4123422;100.0;;;;;;;"perfil acadêmico recente; sem óbito identificado.";
Zlatko Prica;Hungary;Academy of Fine Arts, University of Zagreb> Academy of Fine Arts, Zagreb;45.8121;15.9624;Pécs;Samobor City Cemetery;Rijeka;male;fontes biográficas de referência;;instituição identificada em biografias sumárias;Wikidata;alta;MAC USP;Zagreb, Croácia;s.d.;fontes biográficas de referência;media;46.0713012;18.2331371;100.0;45.3333333333;14.4333333333;100.0;Hrvatska enciklopedija;Wikidata (Rijeka);Wikidata (Rijeka);"fontes adicionadas em auditoria; coordenadas auditadas para a cidade.";alta
Zoran Dragelj;Croatia;Emily Carr Institute of Art and Design (ECIAD);49.26083333333333;-123.1138888888889;Split;;;male;FILE Festival | bauform.it;médio;;Wikidata;alta;FILE;;;;;43.512822779;16.458086061;100.0;;;;;;;"artista em atividade em fonte recente; sem óbito identificado";
Zuza Banasinska;Poland;Jagiellonian University> Academy of Fine Arts in Kraków> Universität der Künste Berlin> Sandberg Instituut;52.50916666666667;13.32694444444444;Warsaw;;;female;FILE Festival | Berlinale;médio;;Wikidata;alta;FILE;;;;;52.229827082;21.011731518;100.0;;;;;;;"artista em atividade em fonte recente; sem óbito identificado";
Édouard Manet;France;Collège-lycée Jacques-Decour> Collège Rollin> curso especial de desenho> estudos com Thomas Couture> Académie Suisse;28.5915;-81.3484;former 10th arrondissement of Paris;Passy Cemetery;8th arrondissement of Paris;male;https://en.wikipedia.org/wiki/%C3%89douard_Manet;;Priorizados os dados formativos explicitamente visíveis no snippet de busca.;Wikidata;alta;MASP;Paris;1844-1848> 1845> 1850-1856;https://en.wikipedia.org/wiki/%C3%89douard_Manet;alta;19.69973;-72.35832;78.35;48.8741666667;2.3111111111;83.21;Saint Louis Art Museum;Wikipedia (8th arrondissement of Paris);Wikipedia (8th arrondissement of Paris);"fontes adicionadas em auditoria; coordenadas corrigidas para o 8th arrondissement.";alta
Édouard Viénot;France;Beaux-Arts de Paris> École des Beaux-Arts> discípulo de Louis Hersent e Paulin Guérin;48.85666666666667;2.333611111111112;Fontainebleau;;Brussels;male;https://pt.wikipedia.org/wiki/%C3%89douard_Vi%C3%A9not | https://artsandculture.google.com/entity/%C3%89douard-vi%C3%A9not/m05c3q8;;;Wikidata;alta;Museu Paulista;Paris;ingresso em 4 out. 1822;https://pt.wikipedia.org/wiki/%C3%89douard_Vi%C3%A9not | https://artsandculture.google.com/entity/%C3%89douard-vi%C3%A9not/m05c3q8;alta;48.404740851;2.701648778;100.0;50.8466666667;4.3516666667;78.78;Wikipédia (fr);Wikidata (Brussels);Wikidata (Brussels);"fontes adicionadas em auditoria; local ajustado para Brussels e coordenadas corrigidas.";media
Érica Azzellini;Brazil;Faculdade Cásper Líbero;-23.56552983;-46.651333;Brazil;;;female;FAPESP;alto;FILE explicita “País de Origem: Brasil”> preenchido em nível de país.;FILE Festival (País de Origem);alta;FILE;;;;alta;-10.769946429;-53.073466889;100.0;;;;;;;"perfil oficial/FILE recente; sem óbito identificado";
Özge Samancı;Turkey;Georgia Institute of Technology;33.77580555555556;-84.39469444444444;İzmir;;;female;site da artista | Northwestern University;alto;;Wikidata;alta;FILE;;;;;38.418724;27.129601;100.0;;;;;;;"perfil institucional recente; sem óbito identificado";
‡Starvingpoet§;United States;autodidata;44.97997;-93.26384;;;;non-binary;FILE Festival | site da artista | Discogs / Mixcloud / SoundCloud;alto;local de nascimento não localizado em fonte auditável> autodidata> coordenadas atribuídas à cidade biográfica recorrente nas fontes localizadas;;;FILE;Minneapolis;;;baixa;;;;;;;;;;"perfil autoral recente; sem óbito identificado";
